id,brand,name,address,postal_code,city,lat,lng,import_category,coord_source,geocode_status,geocode_display,geocode_reasons
es_6fb1a76699,Altafit,Altafit Albacete Mariana Pineda,"Av. Guardia Civil, 12",02005,Albacete,38.999196,-1.858096,READY_TO_IMPORT,nominatim,ok,"12, Avenida de la Guardia Civil, Industria, Distrito 4, Albacete, Castilla-La Mancha, 02005, España",postal_exact|city_ok|road_match|house_number_match
es_a56fdead23,Altafit,Altafit General Ricardos,"Calle General Ricardos, 36",28019,Madrid,40.395768,-3.720011,READY_TO_IMPORT,nominatim,ok,"36, Calle del General Ricardos, Opañel, Carabanchel, Madrid, Comunidad de Madrid, 28019, España",postal_exact|city_ok|road_match|house_number_match|building_or_amenity
es_8679583a18,Altafit,Altafit Las Rozas,"Vicente Aleixandre, 3",28232,Las Rozas,40.517203,-3.896222,READY_TO_IMPORT,nominatim,ok,"AltaFit, 3, Calle Vicente Aleixandre, La Dehesa de Navalcarbón, Las Rozas de Madrid, Comunidad de Madrid, 28232, España",postal_exact|city_ok|road_match|house_number_match|building_or_amenity
es_954b7bfbdd,Altafit,Altafit Puerta de Toledo,"Calle de las Cigarreras, 3",28005,Madrid,40.405018,-3.707559,READY_TO_IMPORT,nominatim,ok,"Calle de las Cigarreras, Las Acacias, Arganzuela, Madrid, Comunidad de Madrid, 28005, España",postal_exact|city_ok|road_match
es_b671e14d70,Altafit,Altafit Talavera,"Santa Sabina, 3",45600,Talavera de la Reina,39.966127,-4.828959,READY_TO_IMPORT,nominatim,ok,"3, Calle de Santa Sabina, La Piedad, El Carmen, Talavera de la Reina, Toledo, Castilla-La Mancha, 45600, España",postal_exact|city_ok|road_match|house_number_match|building_or_amenity
es_4ef3ac23ac,Basic-Fit,Basic-Fit Gym A Coruña Avd. Salvador de Madariaga A Coruna,"Avda. Salvador de Madariaga, 7",15008,A Coruna,43.344195,-8.40663,READY_TO_IMPORT,nominatim,ok,"Avenida Salvador de Madariaga, 1ª fase de Elviña, Matogrande, A Coruña, Galicia, 15071, España",postal_soft|city_ok|road_match
es_27c4c5b93d,Basic-Fit,Basic-Fit Gym Rúa Alcalde Marchesi A Coruña,Rúa Alcalde Marchesi 21,15006,A Coruña,43.355823,-8.403187,READY_TO_IMPORT,nominatim,ok,"21, Rúa Alcalde Marchesi, Santa Lucía, Catro Camiños, A Coruña, Galicia, 15006, España",postal_exact|city_ok|road_match|house_number_match
es_972bef600c,Basic-Fit,Basic-Fit Gym Calle San Juan 33 Albacete,Calle San Juan 33,02006,Albacete,38.982198,-1.856346,READY_TO_IMPORT,nominatim,ok,"Calle San Juan, Parque Sur, Distrito 3, Albacete, Castilla-La Mancha, 02006, España",postal_exact|city_ok|road_match
es_9a3d8ed170,Basic-Fit,Basic-Fit Gym Calle Tesifonte Gallego Albacete,Calle Tesifonte Gallego 20,02002,Albacete,38.991475,-1.856143,READY_TO_IMPORT,nominatim,ok,"Stradivarius, 20, Calle Tesifonte Gallego, Villacerrada-Centro, Distrito 1, Albacete, Castilla-La Mancha, 02002, España",postal_exact|city_ok|road_match|house_number_match|building_or_amenity
es_31b75e38af,Basic-Fit,Basic-Fit Gym Conangla Albacete,Calle Alcalde Conangla 9,02008,Albacete,38.992302,-1.847292,READY_TO_IMPORT,nominatim,ok,"9, Calle Alcalde Conangla, La Pajarita, Distrito 1, Albacete, Castilla-La Mancha, 02008, España",postal_exact|city_ok|road_match|house_number_match
es_80dad9dc20,Basic-Fit,Basic-Fit Gym Federico Garcia Lorca C.C. Vialia Albacete,"C/ Federico Garcia Lorca, 1, Centro Comercial Vialia",02001,Albacete,38.999363,-1.848035,READY_TO_IMPORT,nominatim,ok,"Basic-Fit, Calle Federico García Lorca, Polígono de San Antón, Distrito 4, Albacete, Castilla-La Mancha, 02001, España",postal_exact|city_ok|road_match|named_gym_poi
es_f3bce1938d,Basic-Fit,Basic-Fit Gym Paseo Circunvalación 75 Albacete,Paseo Circunvalación 75,02004,Albacete,38.988174,-1.866836,READY_TO_IMPORT,nominatim,ok,"75, Paseo Circunvalación, Santa Teresa, Distrito 2, Albacete, Castilla-La Mancha, 02004, España",postal_exact|city_ok|road_match|house_number_match
es_dd63a1e154,Basic-Fit,Basic-Fit Gym Paseo Serra d'Espadá Alboraya,Paseo Serra d 'Espadá 2,46120,Alboraya,39.485129,-0.329031,READY_TO_IMPORT,nominatim,ok,"2, Passeig de la Serra d'Espadà, la Patacona, Vera, Alboraia / Alboraya, l'Horta Nord, València / Valencia, Comunitat Valenciana, 46011, España",city_ok|road_match|house_number_match
es_add3645b58,Basic-Fit,Basic-Fit Gym Avenida Principe de Asturias Alcalá de Guadaira,Avenida Príncipe de Asturias 1,41500,Alcalá de Guadaira,,,NEEDS_COORDINATES,,failed,,
es_09381c827f,Basic-Fit,Basic-Fit Gym Alcala de Henares C. Federico Garcia Lorca Alcalá de Henares,Calle Federico García Lorca,28806,Alcalá de Henares,40.50579,-3.366837,READY_TO_IMPORT,nominatim,ok,"Calle de Federico García Lorca, Espartales Sur, Espartales, Distrito IV, Alcalá de Henares, Comunidad de Madrid, 28806, España",postal_exact|city_ok|road_match
es_7daf60fe50,Basic-Fit,Basic-Fit Gym Bretón Alcalá de Henares,Calle Bretón 2,28806,Alcalá de Henares,40.48918,-3.378601,READY_TO_IMPORT,nominatim,ok,"Calle Tomás Bretón, El Chorrillo, Distrito III, Alcalá de Henares, Comunidad de Madrid, 28806, España",postal_exact|city_ok|road_match
es_adfcdaefa6,Basic-Fit,Basic-Fit Gym Calle Azucena Alcalá de Henares,Calle Azucena 3,28805,Alcalá de Henares,40.483234,-3.358156,READY_TO_IMPORT,nominatim,ok,"Calle Azucena, San Isidro, Distrito I, Alcalá de Henares, Comunidad de Madrid, 28801, España",postal_soft|city_ok|road_match
es_ca7ba94c5e,Basic-Fit,Basic-Fit Gym Salvador Allende 24/7 Alcobendas,Bulevar de Salvador Allende 11,28108,Alcobendas,40.537669,-3.634416,READY_TO_IMPORT,nominatim,ok,"Bulevar de Salvador Allende, Valdelasfuentes, Alcobendas, Comunidad de Madrid, 28108, España",postal_exact|city_ok|road_match
es_2f6c8d8454,Basic-Fit,Basic-Fit Gym Avenida Portugal Alcorcón,Avenida Portugal 23,28921,Alcorcón,40.348993,-3.830039,READY_TO_IMPORT,nominatim,ok,"Avenida de Portugal, Casco Antiguo, Alcorcón, Comunidad de Madrid, 28921, España",postal_exact|city_ok|road_match
es_fd4afb7a1e,Basic-Fit,Basic-Fit Gym CC Tres Aguas Alcorcón,Avenida San Martín de Valdeiglesias 20,28922,Alcorcón,40.356645,-3.852184,READY_TO_IMPORT,nominatim,ok,"Avenida San Martín de Valdeiglesias, Carretera de San Martín, Norte, Alcorcón, Comunidad de Madrid, 28922, España",postal_exact|city_ok|road_match
es_2975180079,Basic-Fit,Basic-Fit Gym Avenida Alameda Camilo Sesto 51 Alcoy,Avenida Alameda Camilo Sesto 51,03803,Alcoy,38.70209,-0.477407,READY_TO_IMPORT,nominatim,ok,"Basic-Fit, Carrer Góngora, l'Eixample, Alcoi / Alcoy, l'Alcoià, Alacant / Alicante, Comunitat Valenciana, 03803, España",postal_exact|city_ok|named_gym_poi
es_0373a583ca,Basic-Fit,Basic-Fit Gym Avenida Virgen del Carmen Algeciras,Avenida Virgen del Carmen 36,11204,Algeciras,36.140835,-5.45458,READY_TO_IMPORT,nominatim,ok,"Avenida Virgen del Carmen, Urbanización Parque Bolonia, La Granja, Algeciras, Campo de Gibraltar, Cádiz, Andalucía, 11204, España",postal_exact|city_ok|road_match
es_e5fc8219fc,Basic-Fit,Basic-Fit Gym Avd. Doctor Jimenez Diaz C.C. Isla Corfu Alicante,"Avda. Doctor Jimenez Diaz, 19 C.C. Isla Corfu",03005,Alicante,38.70209,-0.477407,DUPLICATE,nominatim,ok,"Basic-Fit, Carrer Góngora, l'Eixample, Alcoi / Alcoy, l'Alcoià, Alacant / Alicante, Comunitat Valenciana, 03803, España",city_ok|named_gym_poi
es_9c4fa31241,DIR,BDiR Alcudia,"Alcúdia, 66",08016,Barcelona,41.4366,2.174981,READY_TO_IMPORT,nominatim,ok,"BDiR Alcúdia, 66, Carrer d'Alcúdia, Porta, Nou Barris, Barcelona, Barcelonès, Barcelona, Catalunya, 08016, España",postal_exact|city_ok|road_match|house_number_match|building_or_amenity
es_1eeaeef7bd,DIR,BDiR Calvet,"Del Mestre Nicolau, 23",08021,Barcelona,41.394412,2.143145,READY_TO_IMPORT,nominatim,ok,"23, Carrer del Mestre Nicolau, Galvany, Sant Gervasi - Galvany, Sarrià - Sant Gervasi, Barcelona, Barcelonès, Barcelona, Catalunya, 08021, España",postal_exact|city_ok|road_match|house_number_match
es_ebb09a98c8,DIR,BDiR Granados,"Mallorca, 207",08036,Barcelona,41.39049,2.157934,READY_TO_IMPORT,nominatim,ok,"207, Carrer de Mallorca, l'Antiga Esquerra de l'Eixample, l'Eixample, Barcelona, Barcelonès, Barcelona, Catalunya, 08036, España",postal_exact|city_ok|road_match|house_number_match
es_7ff181ca1a,DIR,BDiR Lesseps,"Travessera de Dalt, 4-6",08024,Barcelona,41.407945,2.151668,READY_TO_IMPORT,nominatim,ok,"BDiR Lesseps, 4-6, Travessera de Dalt, la Vila de Gràcia, Gràcia, Barcelona, Barcelonès, Barcelona, Catalunya, 08012, España",postal_soft|city_ok|road_match|building_or_amenity
es_5395e5eb7d,DIR,BDiR Llúria,"Avinguda Diagonal, 426",08037,Barcelona,41.397441,2.162159,READY_TO_IMPORT,nominatim,ok,"BDiR Llúria, 426, Avinguda Diagonal (lateral muntanya), la Dreta de l'Eixample, l'Eixample, Barcelona, Barcelonès, Barcelona, Catalunya, 08037, España",postal_exact|city_ok|road_match|house_number_match|building_or_amenity
es_8e8a766059,DIR,BDiR Mallorca,"Mallorca, 146-148",08036,Barcelona,41.387597,2.154465,READY_TO_IMPORT,nominatim,ok,"BDiR Mallorca, 146-148, Carrer de Mallorca, l'Antiga Esquerra de l'Eixample, l'Eixample, Barcelona, Barcelonès, Barcelona, Catalunya, 08036, España",postal_exact|city_ok|road_match|building_or_amenity
es_fe5b4c93ee,DIR,BDiR Putxet,"Hurtado, 5",08023,Barcelona,41.410117,2.141216,READY_TO_IMPORT,nominatim,ok,"3-5, Carrer d'Hurtado, el Putxet, el Putxet i el Farró, Sarrià - Sant Gervasi, Barcelona, Barcelonès, Barcelona, Catalunya, 08023, España",postal_exact|city_ok|road_match
es_9fe14b59bd,DIR,DiR Av. Madrid,"Av. Madrid, 170-174",08028,Barcelona,41.380362,2.131584,READY_TO_IMPORT,nominatim,ok,"DiR Avinguda Madrid, 170-174, Avinguda de Madrid, Sants, Sants-Montjuïc, Barcelona, Barcelonès, Barcelona, Catalunya, 08028, España",postal_exact|city_ok|road_match|building_or_amenity
es_469e7dc302,DIR,DiR Campus,"Dr. Gregorio Marañón, 17",08028,Barcelona,41.813828,2.097312,READY_TO_IMPORT,nominatim,ok,"Carrer de Doctor Gregorio Marañón, Moià, Moianès, Barcelona, Catalunya, 08180, España",city_ok|road_match
es_d0f563007c,DIR,DiR Castillejos,"Castillejos, 388",08025,Barcelona,41.412422,2.170818,READY_TO_IMPORT,nominatim,ok,"DiR Castillejos, 388, Carrer de los Castillejos, el Baix Guinardó, Horta-Guinardó, Barcelona, Barcelonès, Barcelona, Catalunya, 08025, España",postal_exact|city_ok|road_match|house_number_match|building_or_amenity
es_a6839cd693,DIR,DiR Claret,"St. Antoni Maria Claret, 84-86",08025,Barcelona,41.406323,2.168032,READY_TO_IMPORT,nominatim,ok,"Dir Claret, 84,86, Carrer de Sant Antoni Maria Claret, el Camp d'en Grassot, el Camp d'en Grassot i Gràcia Nova, Gràcia, Barcelona, Barcelonès, Barcelona, Catalunya, 08025, España",postal_exact|city_ok|road_match|named_gym_poi
es_253f3061af,DIR,DiR Claris,"Casp, 34",08010,Barcelona,41.390052,2.171801,READY_TO_IMPORT,nominatim,ok,"34, Carrer de Casp, la Dreta de l'Eixample, l'Eixample, Barcelona, Barcelonès, Barcelona, Catalunya, 08010, España",postal_exact|city_ok|house_number_match
es_61c11379b8,DIR,DiR Gràcia,"Gran de Gràcia, 37",08012,Barcelona,41.398897,2.156465,READY_TO_IMPORT,nominatim,ok,"37, Carrer Gran de Gràcia, la Vila de Gràcia, Gràcia, Barcelona, Barcelonès, Barcelona, Catalunya, 08012, España",postal_exact|city_ok|road_match|house_number_match
es_f4e5101616,DIR,DiR Hispà,"Jorge Manrique, 15-19",08035,Barcelona,41.430735,2.149714,READY_TO_IMPORT,nominatim,ok,"Club esportiu Hispano Francès, 15-19, Carrer de Jorge Manrique, la Vall d'Hebron, Horta-Guinardó, Barcelona, Barcelonès, Barcelona, Catalunya, 08035, España",postal_exact|city_ok|road_match|building_or_amenity
es_615db5633c,DIR,DiR Maragall,"St. Antoni Maria Claret, 362",08041,Barcelona,41.416637,2.181802,READY_TO_IMPORT,nominatim,ok,"Dir Maragall, 362, Carrer de Sant Antoni Maria Claret, el Camp de l'Arpa del Clot, Sant Martí, Barcelona, Barcelonès, Barcelona, Catalunya, 08041, España",postal_exact|city_ok|road_match|house_number_match|building_or_amenity
es_348556bc43,DIR,DiR Tarragona,"Tarragona, 108-110",08015,Barcelona,41.380261,2.144078,READY_TO_IMPORT,nominatim,ok,"Dir, Tarragona, 108-110, Carrer de Tarragona, la Nova Esquerra de l'Eixample, l'Eixample, Barcelona, Barcelonès, Barcelona, Catalunya, 08015, España",postal_exact|city_ok|road_match|building_or_amenity
es_b74502a71d,DIR,Diagonal DiR,"Ganduxer, 25-27",08021,Barcelona,41.393556,2.136652,READY_TO_IMPORT,nominatim,ok,"DIR Diagonal, Carrer de Bori i Fontestà, Galvany, Sant Gervasi - Galvany, Sarrià - Sant Gervasi, Barcelona, Barcelonès, Barcelona, Catalunya, 08021, España",postal_exact|city_ok|named_gym_poi
es_eff3e4e3fb,DIR,Jambox Eixample,"Compte Borrell, 238",08029,Barcelona,41.387178,2.149918,READY_TO_IMPORT,nominatim,ok,"Jambox, Carrer del Comte Borrell, la Nova Esquerra de l'Eixample, l'Eixample, Barcelona, Barcelonès, Barcelona, Catalunya, 08029, España",postal_exact|city_ok|road_match|named_gym_poi
es_4b2e879d70,DIR,Tres Torres DiR,"Vergós, 4",08017,Barcelona,41.3998,2.131085,READY_TO_IMPORT,nominatim,ok,"4, Carrer dels Vergós, les Tres Torres, Sarrià - Sant Gervasi, Barcelona, Barcelonès, Barcelona, Catalunya, 08022, España",postal_soft|city_ok|road_match|house_number_match
es_0bfa23b540,DIR,Tuset DiR,"Aribau, 230-240",08006,Barcelona,41.395542,2.1502,READY_TO_IMPORT,nominatim,ok,"Dir Tuset, 230-240, Carrer d'Aribau, Galvany, Sant Gervasi - Galvany, Sarrià - Sant Gervasi, Barcelona, Barcelonès, Barcelona, Catalunya, 08006, España",postal_exact|city_ok|road_match|building_or_amenity
es_3e27a7fa26,DIR,Up&Down DiR,"Flos i Calcat, 22-24",08034,Barcelona,41.390383,2.131333,READY_TO_IMPORT,nominatim,ok,"DiRzen Up&Down, 22-24, Carrer de Flos i Calcat, les Corts, Barcelona, Barcelonès, Barcelona, Catalunya, 08034, España",postal_exact|city_ok|road_match|building_or_amenity
es_470d2e02c8,DIR,DiR Esportiu Rocafort,"Floridablanca, 41",08015,Barcelona,41.380261,2.144078,DUPLICATE,nominatim,ok,"Dir, Tarragona, 108-110, Carrer de Tarragona, la Nova Esquerra de l'Eixample, l'Eixample, Barcelona, Barcelonès, Barcelona, Catalunya, 08015, España",postal_exact|city_ok|named_gym_poi
es_0cdc11183c,DIR,DiR Sant Cugat,"Rbla. del Celler, 63",08172,Sant Cugat del Vallès,41.470809,2.084005,READY_TO_IMPORT,nominatim,ok,"Rambla del Celler, Eix comercial Centre Vila, Sant Cugat del Vallès, Vallès Occidental, Barcelona, Catalunya, 08172, España",postal_exact|city_ok|road_match
es_56d37e7f3f,Synergym,Synergym Mallorca Camp Serralta,"Carrer Batle Emili Darder, 53",07012,Palma de Mallorca,39.576794,2.636996,READY_TO_IMPORT,nominatim,ok,"53, Carrer d'Emili Darder, batle, Ponent, Camp d'en Serralta, Districte de Ponent, Palma, Illes Balears, 07012, España",road_match|house_number_match
es_fe76b9dbc0,Synergym,Synergym Catarroja Universitat,"Av. Diputació, 20",46470,Catarroja,39.403719,-0.411244,READY_TO_IMPORT,nominatim,ok,"20, Avinguda de la Diputació Provincial, Urbanització Vil·la Carme, Hort de Ferris, Catarroja, l'Horta Sud, València / Valencia, Comunitat Valenciana, 46470, España",city_ok|road_match|house_number_match
es_f903474f79,Synergym,Synergym Ponferrada Castillo,"C. Ortega y Gasset, 1",23008,Ponferrada,37.778183,-3.787654,READY_TO_IMPORT,nominatim_named_gym_poi,ok,"Synergym, 1, Calle Padre Grass, Las Protegidas, Jaén, Andalucía, 23008, España",named_gym_poi_match|score_3
es_301ef8ab3d,Synergym,Synergym Vecindario El Doctoral,"Av. de las Tirajanas, 225",,Vecindario,,,NEEDS_COORDINATES,,failed,,
es_af3874c2cf,Synergym,Synergym Andújar,"Pl. del Camping, s/n",23740,Andújar,38.037983,-4.051019,READY_TO_IMPORT,nominatim,ok,"Plaza del Camping, Barriada Virgen de la Cabeza, Huertas y Extramuros, Andújar, Jaén, Andalucía, 23740, España",city_ok|road_match
es_3ff4fd8ffe,Synergym,Synergym Reus Carrillet,"Carrer de Ramon J. Sender, 6",43205,Reus,41.149939,1.112084,READY_TO_IMPORT,nominatim,ok,"Carrer de Ramón J. Sender, Carrilet, carrilet, Reus, Baix Camp, Tarragona, Catalunya, 43205, España",city_ok|road_match
es_8ed236418f,Synergym,Synergym Reus Niloga,"Carrer de Castellvell, 7",43203,Reus,41.160678,1.103686,READY_TO_IMPORT,nominatim,ok,"Carrer de Castellvell, Barri Ample, Ample, Reus, Baix Camp, Tarragona, Catalunya, 43203, España",city_ok|road_match
es_51ba2fcff5,Synergym,Synergym Tarragona Forum,"Calle Cardenal Cervantes, 37",43001,Tarragona,41.11521,1.248093,READY_TO_IMPORT,nominatim_named_gym_poi,ok,"SynerGym, 37, Carrer del Cardenal Cervantes, Eixample, Tarragona, Tarragonès, Tarragona, Catalunya, 43001, España",named_gym_poi_match|score_6
es_18e9ec760b,Synergym,Synergym Alcobendas Gran Manzana,Plaza Mayor,28701,Alcobendas,40.547303,-3.641369,READY_TO_IMPORT,nominatim,ok,"Plaza Mayor, Valdelasfuentes, Alcobendas, Comunidad de Madrid, 28701, España",city_ok|road_match
es_2fad56b7a9,Synergym,Synergym Getafe Buenavista,"Av. Lluis Companys, 7",28905,Getafe,40.300269,-3.756854,READY_TO_IMPORT,nominatim,ok,"Avenida Lluis Companys, Buenavista, Sector III, Getafe, Comunidad de Madrid, 28905, España",city_ok|road_match
es_648449b05a,Synergym,Synergym Fuenlabrada,"Parque EuropaCalle Mirasierra, 13",25001,Fuenlabrada,41.610931,0.630527,READY_TO_IMPORT,nominatim_named_gym_poi,ok,"Synergym, 13, Carrer de la Doctora Castells, Cappont, Lleida, Segrià, Lleida, Catalunya, 25001, España",named_gym_poi_match|score_3
es_77046978d3,Synergym,Synergym Madrid Almagro,"C. de Rafael Calvo, 15",28010,Madrid,40.433978,-3.693553,READY_TO_IMPORT,nominatim,ok,"Calle de Rafael Calvo, Almagro, Chamberí, Madrid, Comunidad de Madrid, 28010, España",city_ok|road_match
es_aca4fbbb11,Synergym,Synergym Madrid Prosperidad,"Calle de Sta Hortensia, 23",28002,Madrid,40.444447,-3.668214,READY_TO_IMPORT,nominatim,ok,"23, Calle de Santa Hortensia, Prosperidad, Chamartín, Madrid, Comunidad de Madrid, 28002, España",city_ok|road_match|house_number_match
es_18c72ab10f,Synergym,Synergym Madrid Retiro,"Av. de Nazaret, 9",28007,Madrid,40.411584,-3.670612,READY_TO_IMPORT,nominatim,ok,"9, Avenida de Nazaret, Niño Jesús, Retiro, Madrid, Comunidad de Madrid, 28007, España",city_ok|road_match|house_number_match
es_401e26e022,Synergym,Synergym Torrejón Soto de Henares,"Av. Joan Miró, 1",28850,Torrejón de Ardoz,40.459084,-3.447046,READY_TO_IMPORT,nominatim,ok,"Sinergym Torrejón, 1, Avenida de Joan Miró, Barrio de Soto del Henares, Torrejón de Ardoz, Comunidad de Madrid, 28850, España",city_ok|road_match|house_number_match|building_or_amenity
es_7283d0fb93,Synergym,Synergym Alicante Benalúa,"Calle Foglietti, 4",03003,Alicante,38.340773,-0.496891,READY_TO_IMPORT,nominatim_strict_address,ok,"Carrer de Foglietti, Benalua i els Antigons, Alacant / Alicante, l'Alacantí, Alacant / Alicante, Comunitat Valenciana, 03003, España",city_ok|road_match|same_road_cluster_475m
es_1dea05a6a2,Synergym,Synergym Benidorm Carrascos,"Avenida de Ruzafa, 18",03501,Benidorm,38.540067,-0.130295,READY_TO_IMPORT,nominatim,ok,"Pick a Pizza, 18, Avenida de Ruzafa, el Calvari, Benidorm, la Marina Baixa, Alacant / Alicante, Comunitat Valenciana, 03501, España",city_ok|road_match|house_number_match|building_or_amenity
es_54289c463b,Synergym,Synergym Elche Aljub,Plaza Crevillent,03204,Elche,38.26288,-0.707633,READY_TO_IMPORT,nominatim_strict_address,ok,"Plaça Crevillent, Carrer Concepción Arenal, el Pla de Sant Josep, Elx / Elche, el Baix Vinalopó, Alacant / Alicante, Comunitat Valenciana, 03204, España",city_ok|road_match
es_0d09e45445,Synergym,Synergym Elche Altabix,"Carrer Felipe Moya, 11",03202,Elche,38.27006,-0.684877,READY_TO_IMPORT,nominatim,ok,"11, carrer Felipe Moya, Altabix, Urbanització Les Atzavares, Elx / Elche, el Baix Vinalopó, Alacant / Alicante, Comunitat Valenciana, 03202, España",city_ok|road_match|house_number_match
es_d0d9ee0924,Synergym,Synergym San Vicente Universidad,"C/Méndez Núñez, 17",03690,Sant Vicent del Raspeig,38.391941,-0.521493,READY_TO_IMPORT,nominatim_strict_address,ok,"Carrer Méndez Núñez, Velódormo, Sant Vicent del Raspeig / San Vicente del Raspeig, l'Alacantí, Alacant / Alicante, Comunitat Valenciana, 03690, España",city_ok|road_match|same_road_cluster_246m
es_bfa384ed17,Synergym,Synergym Castellón,"Av. de Valencia, 108",,Castellón de la Plana,,,NEEDS_COORDINATES,,failed,,
es_a4b853ecf0,Synergym,Synergym Castellón Parc Ribalta,"P.º Ribalta, 18",12001,Castellón de la Plana,39.988554,-0.043922,READY_TO_IMPORT,nominatim_strict_address,ok,"Passeig de Ribalta, Castelló de la Plana / Castellón de la Plana, la Plana Alta, Castelló / Castellón, Comunitat Valenciana, 12001, España",city_ok|road_match|same_road_cluster_272m
es_6381ddb351,Synergym,Synergym Valencia Abastos,"Avinguda de Pérez Galdós, 68",46008,Valencia,39.467854,-0.390458,READY_TO_IMPORT,nominatim,ok,"Synergym Valencia Abastos, 68, Avinguda de Pérez Galdós, Extramurs, València, Comarca de València, València / Valencia, Comunitat Valenciana, 46008, España",city_ok|road_match|house_number_match|building_or_amenity
es_29d00e26a3,Synergym,Synergym Valencia Constitución,"Avenida de la Constitución, 91",46019,Valencia,39.493192,-0.373281,READY_TO_IMPORT,nominatim,ok,"Avinguda de la Constitució, els Orriols, Rascanya, València, Comarca de València, València / Valencia, Comunitat Valenciana, 46019, España",city_ok|road_match
es_492a4bde69,Synergym,Synergym Valencia Gran Vía,"Carrer de l'Almirall Cadarso, 27",46005,Valencia,39.464277,-0.367179,READY_TO_IMPORT,nominatim,ok,"27, Carrer de l'Almirall Cadarso, Gran Via, l'Eixample, València, Comarca de València, València / Valencia, Comunitat Valenciana, 46005, España",city_ok|road_match|house_number_match
es_b54f7b36b2,Synergym,Synergym Valencia Peset,"Carrer de Jerónima Galés, 47",46017,Valencia,39.451765,-0.39129,READY_TO_IMPORT,nominatim,ok,"47, Carrer de Jerónima Galés (Impressora), l'Hort de Senabre, Jesús, València, Comarca de València, València / Valencia, Comunitat Valenciana, 46017, España",city_ok|road_match|house_number_match
es_8b8476e745,Synergym,Synergym Valencia Puerto,"Avinguda del Port, 248",46023,Valencia,39.461805,-0.340328,READY_TO_IMPORT,nominatim,ok,"248, Avinguda del Port, la Creu del Grau, Camins al Grau, València, Comarca de València, València / Valencia, Comunitat Valenciana, 46023, España",city_ok|road_match|house_number_match|building_or_amenity
es_fac11f80c0,Synergym,Synergym Benetússer,"Av. Camí Nou, 99",46910,Benetússer,39.42116,-0.39599,READY_TO_IMPORT,nominatim,ok,"99, Avinguda del Camí Nou, la Florida, Benetússer, l'Horta Sud, València / Valencia, Comunitat Valenciana, 46910, España",city_ok|house_number_match|building_or_amenity
es_eb38fdb0bb,Synergym,Synergym A Coruña Matadero,"Avenida de Pedro Barrié de la Maza, 3",,La Coruña,,,NEEDS_COORDINATES,,failed,,
es_ceb3503c47,Synergym,Synergym A Coruña Riazor,"C. José Luis Pérez Cepeda, 5",15004,La Coruña,43.365287,-8.41211,READY_TO_IMPORT,nominatim,ok,"5, Rúa José Luis Pérez Cepeda, Paseo das Pontes, A Coruña, Galicia, 15004, España",road_match|house_number_match
es_3e47e5f7f6,Synergym,Synergym Ourense Progreso,"Rúa do Progreso, 125",,Ourense,,,NEEDS_COORDINATES,,failed,,
es_992f13163c,Synergym,Synergym Ourense Universidad,"Rúa Noriega Varela, 10",32003,Ourense,42.342824,-7.858727,READY_TO_IMPORT,nominatim,ok,"Rúa Noriega Varela, As Lagoas, Ourense, Galicia, 32003, España",city_ok|road_match
es_a092a93a80,Synergym,Synergym Lugo Muralla,"Ronda da Muralla, 66",27001,Lugo,43.013877,-7.556009,READY_TO_IMPORT,nominatim,ok,"66;67, Ronda da Muralla, Casco Vello, Lugo, Galicia, 27001, España",city_ok|road_match
es_347149f29e,Synergym,Synergym Vigo Pizarro,Rúa de Pizarro,36208,Vigo,42.22545,-8.734711,DUPLICATE,nominatim_named_gym_poi,ok,"Synergym Vigo Torrecedeira, 9, Rúa de Elio Antonio de Nebrija, A Seara, As Travesas, Vigo, Pontevedra, Galicia, 36208, España",city_ok|named_gym_poi
es_d7ba5c5547,Synergym,Synergym Vigo Torrecedeira,"Rúa Elio Antonio de Nebrija, 9",36208,Vigo,42.22545,-8.734711,READY_TO_IMPORT,nominatim_named_gym_poi,ok,"Synergym Vigo Torrecedeira, 9, Rúa de Elio Antonio de Nebrija, A Seara, As Travesas, Vigo, Pontevedra, Galicia, 36208, España",named_gym_poi_match|score_8
es_6f79933387,Synergym,"Synergym Logroño ConservatorioMarques de Murrieta, 62, Logroño, La Rioja",,,Logroño,,,NEEDS_REVIEW,,incomplete_address,,
es_fd59eb0818,Synergym,Synergym Logroño Ribera,Calle manzanera nº 2,48920,Logroño,43.319071,-3.022016,READY_TO_IMPORT,nominatim_named_gym_poi,ok,"Synergym Portugalete, 2, Calle Simón Bolívar kalea, Los Llanos, La Florida, Kanpanzar, Portugalete, Bizkaia, Euskadi, 48920, España",named_gym_poi_match|score_4
es_d514057187,Synergym,Synergym Murcia,Calle Sta. Teresa,,Murcia,,,NEEDS_COORDINATES,,failed,,
es_2c67cb6107,Synergym,Synergym Murcia Ranero,"Calle Cisne, 4",,Murcia,,,NEEDS_COORDINATES,,failed,,
es_e8f9e6e586,Synergym,Synergym Murcia Río Segura,Avenida Rio Segura 8,09007,Murcia,42.351471,-3.67055,READY_TO_IMPORT,nominatim_named_gym_poi,ok,"Synergym, 8, Calle Francisco Grandmontagne, Bernardillas, Barriada Juan XXIII, Gamonal, Distrito Este, Burgos, Castilla y León, 09007, España",named_gym_poi_match|score_3
es_32f3b204b3,Synergym,Synergym Lorca Juan Carlos I,"Av. Juan Carlos I, 22",46950,Lorca,39.464035,-0.432332,READY_TO_IMPORT,nominatim_named_gym_poi,ok,"Synergym Xirivella, Plaça de Federico García Lorca, Montealegre, Alquería de Moret Nova, Xirivella, l'Horta Sud, València / Valencia, Comunitat Valenciana, 46950, España",named_gym_poi_match|score_2
es_36173751c5,Synergym,Synergym Cartagena Colón,"Avenida de Colón, 28",30204,Cartagena,37.620045,-0.997429,READY_TO_IMPORT,nominatim_strict_address,ok,"Avenida de Colón, San Antonio Abad, Barriada Cuatro Santos, El Plan, Cartagena, Campo de Cartagena y Mar Menor, Región de Murcia, 30204, España",city_ok|road_match|same_road_cluster_467m
es_383ca702a6,Synergym,Synergym Pamplona Buztintxuri,"Av. de Guipúzcoa, 20",,Pamplona,,,NEEDS_COORDINATES,,failed,,
es_6f48fe1f29,Synergym,Synergym Pamplona Ensanche,"Calle Tudela, 20",31003,Pamplona,42.811605,-1.643844,READY_TO_IMPORT,nominatim,ok,"20, Calle Tudela / Tutera kalea, Zitadela / Ciudadela, Zabalguneak, Segundo Ensanche, Pamplona / Iruña, Iruñerria, Navarra, Navarra / Nafarroa, 31003, España",city_ok|road_match|house_number_match
es_3cc2b3739e,Synergym,Synergym Bilbao IndautxuEgia Generaleran,"Callea, 38",,Bilbao,,,NEEDS_COORDINATES,,failed,,
es_1d258ba15f,Synergym,Synergym Getxo,"Av. Algortako Etorbidea, 74",48993,Getxo,43.34757,-3.010191,READY_TO_IMPORT,nominatim_named_gym_poi,ok,"Synergym Getxo, Algortako etorbidea, Aiboa, Algorta, Getxo, Bizkaia, Euskadi, 48993, España",named_gym_poi_match|score_3
es_dd87188b81,Synergym,Synergym Almería Puerta de Purchena,"C. Granada, 13",04770,Almería,36.748584,-3.018034,READY_TO_IMPORT,nominatim,ok,"13, Calle Granada, Adra, Almería, Andalucía, 04770, España",city_ok|road_match|house_number_match|building_or_amenity
es_7769450636,Synergym,Synergym Algeciras,"Av. Virgen del Carmen, 4",,Algeciras,,,NEEDS_COORDINATES,,failed,,
es_7195a3f82f,Synergym,Synergym Granada Campus,"Calle Halcón, s/n",18014,Granada,37.184824,-3.609609,READY_TO_IMPORT,nominatim_named_gym_poi,ok,"Synergym Granada Campus, Calle Halcón, Pajaritos, Beiro, Granada, Comarca de la Vega de Granada, Granada, Andalucía, 18014, España",named_gym_poi_match|score_4
es_dfdadc5eba,Synergym,Synergym Granada Norte,C. Luis Buñuel,18014,Granada,37.184824,-3.609609,DUPLICATE,nominatim,ok,"Synergym Granada Campus, Calle Halcón, Pajaritos, Beiro, Granada, Comarca de la Vega de Granada, Granada, Andalucía, 18014, España",city_ok|road_match|named_gym_poi
es_f847c782e0,Synergym,Synergym Jaén,"BoulevardC. Padre Grass, 1",23008,Jaén,37.778183,-3.787654,DUPLICATE,nominatim_named_gym_poi,ok,"Synergym, 1, Calle Padre Grass, Las Protegidas, Jaén, Andalucía, 23008, España",named_gym_poi_match|score_6
es_938d487dfa,Synergym,Synergym Estepona,"Av. de los Reales, 39",09007,Estepona,42.360522,-3.667594,READY_TO_IMPORT,nominatim_named_gym_poi,ok,"Synergym, 39, Calle Esteban Sáez Alvarado, Barriada de Zurbarán, Barriada de la Inmaculada, Gamonal, Distrito Este, Burgos, Castilla y León, 09007, España",named_gym_poi_match|score_3
es_36a60f4b04,Synergym,Synergym Marbella,"C. Juan Ramón Jiménez, 8",29670,Marbella,36.485402,-4.98833,READY_TO_IMPORT,nominatim,ok,"Calle Juan Ramón Jiménez, Salto del Agua, San Pedro Alcántara, Marbella, Costa del Sol Occidental, Málaga, Andalucía, 29670, España",city_ok|road_match
es_63d6a3b60e,Synergym,Synergym Sevilla Este,"Av. Emilio Lemos, 51",41020,Sevilla,37.40554,-5.915318,READY_TO_IMPORT,nominatim,ok,"Synergym, 51, Avenida de Emilio Lemos, Sevilla Este, Distrito Este-Alcosa-Torreblanca, Sevilla, Andalucía, 41020, España",city_ok|road_match|house_number_match|building_or_amenity
es_e31a1ca89b,Synergym,Synergym Sevilla Rosaleda,"Ctra. de Carmona, 40",41007,Sevilla,37.401005,-5.974108,READY_TO_IMPORT,nominatim,ok,"40, Carretera de Carmona, Las Huertas, Distrito San Pablo-Santa Justa, Sevilla, Andalucía, 41007, España",city_ok|road_match|house_number_match|building_or_amenity
es_57e461a178,Synergym,Synergym Sevilla Nervión,"C. Benito Mas y Prat, 8",41018,Sevilla,37.386301,-5.971002,READY_TO_IMPORT,nominatim,ok,"Calle Benito Mas y Prat, La Buhaira, Nervión, Sevilla, Andalucía, 41018, España",city_ok|road_match
es_2e20fa753c,Synergym,Synergym Sevilla Triana Salado,"C. Salado, 2",41010,Sevilla,37.379853,-5.999686,READY_TO_IMPORT,nominatim,ok,"Mercadona, 2, Calle Salado, Triana Este, Triana, Sevilla, Andalucía, 41010, España",city_ok|road_match|house_number_match|building_or_amenity
es_e62fbdb428,Synergym,Synergym Zaragoza El Pilar,"C. de Santiago, 24",50193,Zaragoza,41.760542,-0.799713,READY_TO_IMPORT,nominatim,ok,"24, Calle de Santiago, Urbanización el Soto, Peñaflor, Distrito Rural, Zaragoza, Aragón, 50193, España",city_ok|road_match|house_number_match
es_3a06675bde,Synergym,Synergym Zaragoza Las Fuentes,"C. de Florentino Ballesteros, 21",,Zaragoza,,,NEEDS_COORDINATES,,failed,,
es_e167962acd,Synergym,Synergym Zaragoza,"Parque MirafloresC. de Francisco de Vitoria, 28",50008,Zaragoza,41.64476,-0.879014,READY_TO_IMPORT,nominatim_named_gym_poi,ok,"SynerGym, Calle de Francisco de Vitoria, Centro, Zaragoza, Aragón, 50008, España",named_gym_poi_match|score_3
es_37e760ef9e,Synergym,Synergym Zaragoza Universidad,"C. de San Antonio María Claret, 27",50009,Zaragoza,41.644582,-0.895173,READY_TO_IMPORT,nominatim,ok,"27, Calle de San Antonio María Claret, Romareda, Universidad, Zaragoza, Aragón, 50009, España",city_ok|road_match|house_number_match
es_3e10fd8f47,Synergym,Synergym Gijón Pumarín,"C. Soria, 5",33208,Gijón,43.529716,-5.670796,READY_TO_IMPORT,nominatim,ok,"5, Calle Soria, Pumarín, Gijón / Xixón, Gijón, Asturias / Asturies, 33208, España",city_ok|road_match|house_number_match
es_1be2511007,Synergym,Synergym Oviedo la Lila,"C. la Lila, 10",33002,Oviedo,43.365684,-5.847625,READY_TO_IMPORT,nominatim,ok,"Synergym La Lila, 10, Calle La Lila, Foncalada, Centro Norte, Oviedo / Uviéu, Oviedo, Asturias / Asturies, 33002, España",city_ok|road_match|house_number_match|building_or_amenity
es_ca53296417,Synergym,Synergym Oviedo Montecerrao,"Calle Celestino Álvarez, 13",33006,Oviedo,43.353555,-5.86367,READY_TO_IMPORT,nominatim,ok,"13, Calle Celestino Álvarez, Monte Cerráu, Oviedo / Uviéu, Oviedo, Asturias / Asturies, 33006, España",city_ok|road_match|house_number_match
es_a08c18bf47,Synergym,Synergym Oviedo San Miguel,"Pl. San Miguel, 1",33007,Oviedo,43.357876,-5.847874,READY_TO_IMPORT,nominatim,ok,"Synergym Oviedo San Miguel, 1, Plaza San Miguel, El Fresno, Centro Sur, Oviedo / Uviéu, Oviedo, Asturias / Asturies, 33007, España",city_ok|road_match|house_number_match|building_or_amenity
es_8d6ca144ba,Synergym,Synergym Mallorca Escorxador,"C/ de Joan Massanet i Moragues, 12",07003,Palma de Mallorca,39.583582,2.647107,READY_TO_IMPORT,nominatim,ok,"Synergym Escorxador, 12, Carrer de Joan Massanet i Moragues, Bons Aires, Districte Nord, Palma, Illes Balears, 07003, España",road_match|house_number_match|building_or_amenity
es_cb50829c45,Synergym,Synergym Mallorca Les Estacions,"C/ Joaquim Maria Bover, 3",07005,Palma de Mallorca,39.576372,2.659074,READY_TO_IMPORT,nominatim,ok,"3, Carrer Joaquim Maria Bover, Llevant, Pere Garau, Districte de Llevant, Palma, Illes Balears, 07005, España",road_match|house_number_match
es_66a257a404,Synergym,Synergym Albacete la Cuba,"P.º de la Cuba, 12",02005,Albacete,38.998078,-1.854446,READY_TO_IMPORT,nominatim,ok,"12, Paseo de la Cuba, Polígono de San Antón, Distrito 4, Albacete, Castilla-La Mancha, 02005, España",city_ok|house_number_match|building_or_amenity
es_3d4be172d1,Synergym,Synergym Albacete La Tamos,"C. de Granada, 66",02630,Albacete,39.204783,-2.16074,READY_TO_IMPORT,nominatim,ok,"Calle Puerta de Granada, La Roda, Albacete, Castilla-La Mancha, 02630, España",city_ok|road_match
es_ffba6bd99d,Synergym,Synergym Albacete Universidad,"C. Hellín, 12",15701,Albacete,42.871633,-8.548884,READY_TO_IMPORT,nominatim_named_gym_poi,ok,"Synergym, 12, Rúa de Fernando III o Santo, A Rosaleda, O Ensanche, Santiago de Compostela, Santiago, A Coruña, Galicia, 15701, España",named_gym_poi_match|score_3
es_f9446c1c76,Synergym,Synergym Guadalajara la Llanilla,"C. de la Virgen de la Soledad, 26",19002,Guadalajara,40.626895,-3.16515,READY_TO_IMPORT,nominatim,ok,"26, Calle de la Virgen de la Soledad, Amistad, Guadalajara, Castilla-La Mancha, 19002, España",city_ok|road_match|house_number_match|building_or_amenity
es_3a032e0de9,Synergym,Synergym Burgos Gamonal,"C. Francisco Grandmontagne, 6",09007,Burgos,42.351619,-3.670659,READY_TO_IMPORT,nominatim,ok,"Sergent Major, 6, Calle Francisco Grandmontagne, Bernardillas, Barriada Juan XXIII, Gamonal, Distrito Este, Burgos, Castilla y León, 09007, España",city_ok|road_match|house_number_match|building_or_amenity
es_369f7cc0b5,Synergym,Synergym Leon Auditorio,"Av. Suero de Quiñones, 24",24071,León,42.60196,-5.578406,READY_TO_IMPORT,nominatim,ok,"Synergym Auditorio, 24, Avenida Suero de Quiñones, Centro, León, Castilla y León, 24071, España",city_ok|road_match|house_number_match|building_or_amenity
es_49f7ebae54,Synergym,Synergym Leon Universidad,"C. los Robles, 5",24007,León,42.605513,-5.565888,READY_TO_IMPORT,nominatim_named_gym_poi,ok,"Synergym León Universidad, Calle los Robles, San Lorenzo - La Palomera - San Mamés, León, Castilla y León, 24007, España",named_gym_poi_match|score_3
es_b1b0c75508,Synergym,Synergym Ponferrada la Rosaleda,"C. Matilde Conesa, 1",23008,Ponferrada,37.778183,-3.787654,DUPLICATE,nominatim_named_gym_poi,ok,"Synergym, 1, Calle Padre Grass, Las Protegidas, Jaén, Andalucía, 23008, España",named_gym_poi_match|score_3
es_87760f391c,Synergym,Synergym Valladolid,"PlazaC. San Luis, 9",36208,Valladolid,42.22545,-8.734711,DUPLICATE,nominatim_named_gym_poi,ok,"Synergym Vigo Torrecedeira, 9, Rúa de Elio Antonio de Nebrija, A Seara, As Travesas, Vigo, Pontevedra, Galicia, 36208, España",named_gym_poi_match|score_3
es_a4b870775f,Synergym,Synergym Barcelona el Clot,"C/ de Mallorca, 673",,Barcelona,,,NEEDS_COORDINATES,,failed,,
es_8072ca6486,Synergym,Synergym Barcelona las Arenas,"C/ de la Diputació, 16",08100,Barcelona,41.536785,2.208631,READY_TO_IMPORT,nominatim_strict_address,ok,"16, Carrer de la Diputació, Estació del Nord, Mollet del Vallès, Vallès Oriental, Barcelona, Catalunya, 08100, España",city_ok|road_match|house_number_match
es_fcc492ccf5,Synergym,Synergym Barcelona Maragall,"Carrer de Ramon Albó, 50",08016,Barcelona,41.425877,2.17743,READY_TO_IMPORT,nominatim,ok,"52-50, Carrer de Ramon Albó, Vilapicina, el Congrés i els Indians, Sant Andreu, Barcelona, Barcelonès, Barcelona, Catalunya, 08016, España",city_ok|road_match
es_2830ff0408,Synergym,Synergym Barcelona,"Plaza CosmosPlaça Cosmos, 1",23008,Barcelona,37.778183,-3.787654,DUPLICATE,nominatim_named_gym_poi,ok,"Synergym, 1, Calle Padre Grass, Las Protegidas, Jaén, Andalucía, 23008, España",named_gym_poi_match|score_3
es_11a3d06feb,Synergym,Synergym Cornellà Centre,"Carrer de Joan Maragall, 25",08940,Cornellà de Llobregat,41.35884,2.071011,READY_TO_IMPORT,nominatim,ok,"25, Carrer de Joan Maragall, la Gavarra, Cornellà de Llobregat, Baix Llobregat, Barcelona, Catalunya, 08940, España",city_ok|road_match|house_number_match|building_or_amenity
es_c019133b10,Synergym,Synergym Mataró Pepeta,"Carrer Pepeta Moreu, 32",08302,Mataró,41.532983,2.436724,READY_TO_IMPORT,nominatim,ok,"Carrer de Pepeta Moreu, Pla d'en Boet, Mataró, Maresme, Barcelona, Catalunya, 08302, España",city_ok|road_match
es_a99fbbf296,Synergym,Synergym Sabadell Paddock,"Av. de Francesc Macià, 46",08208,Sabadell,41.553485,2.098269,READY_TO_IMPORT,nominatim,ok,"McDonald's, 46, Avinguda de Francesc Macià, la Creu Alta, Sabadell, Vallès Occidental, Barcelona, Catalunya, 08208, España",city_ok|road_match|house_number_match|building_or_amenity
es_916bb2831e,Synergym,Synergym Girona Devesa,Carrer Bonastruc de Porta,17001,33,41.983438,2.818632,READY_TO_IMPORT,nominatim,ok,"33, Carrer de Bonastruc de Porta, la Devesa, Eixample, Girona, Gironès, Girona, Catalunya, 17001, España",city_ok|road_match
es_6cbe6a312d,Synergym,Synergym Lleida Castells,Carrer de la Dra. Castells,11100,11,36.450372,-6.213709,READY_TO_IMPORT,nominatim_named_gym_poi,ok,"Synergym, Calle Panamá, Carretera de la Carraca, San Fernando, Bahía de Cádiz, Cádiz, Andalucía, 11100, España",named_gym_poi_match|score_2
es_59cc38007e,Synergym,Synergym Lleida Clot,Av. Prat de la Riba,25004,82,41.622433,0.627856,READY_TO_IMPORT,nominatim_named_gym_poi,ok,"Synergym, 82, Avinguda de Prat de la Riba, Príncep de Viana - Clot, Lleida, Segrià, Lleida, Catalunya, 25004, España",named_gym_poi_match|score_4
es_7dbe9a3124,Synergym,Synergym Torrevieja,"Calle San Pascual, 235",03182,Torrevieja,37.980604,-0.676902,READY_TO_IMPORT,nominatim,ok,"Lavandería Autoservicio, 235, Calle San Pascual, El Palmeral, Torrevieja, el Baix Segura / La Vega Baja, Alacant / Alicante, Comunitat Valenciana, 03182, España",city_ok|road_match|house_number_match|building_or_amenity
es_f6f984a041,Synergym,Synergym Sabadell Parc Tauli,"Carrer de Vilarrubias, 132",08201,Sabadell,41.553053,2.109817,READY_TO_IMPORT,nominatim,ok,"Carrer de Vilarrúbias, el Centre, Sabadell, Vallès Occidental, Barcelona, Catalunya, 08201, España",city_ok|road_match
es_4f7b920822,Synergym,Synergym Pontevedra Gorgullón,"Rúa de Ponte Boleira, 3",36208,Pontevedra,42.22545,-8.734711,DUPLICATE,nominatim_named_gym_poi,ok,"Synergym Vigo Torrecedeira, 9, Rúa de Elio Antonio de Nebrija, A Seara, As Travesas, Vigo, Pontevedra, Galicia, 36208, España",named_gym_poi_match|score_2
es_72a3196ed9,Synergym,Synergym Logroño Las Gaunas,"Calle Huesca, 17",,Logroño,,,NEEDS_COORDINATES,,failed,,
es_e2c2b9e37f,Synergym,Synergym Vitoria Borinbizkarra,"Calle Océano Pacífico, 31-33",01010,Vitoria-Gasteiz,42.849881,-2.702923,READY_TO_IMPORT,nominatim_named_gym_poi,ok,"Synergym Borinbizkarra, 31, Ozeano Barearen kalea, Elejalde, Zabalgana, Ali / Ehari, Vitoria-Gasteiz, Gasteizko kuadrilla, Araba / Álava, Euskadi, 01010, España",named_gym_poi_match|score_5
es_21c52813be,Synergym,Synergym Guadalajara Las Cañas,"Boulevard Clara Campoamor, 22",,Guadalajara,,,NEEDS_COORDINATES,,failed,,
es_9954fd14f8,Synergym,Synergym Zaragoza Aljafería,Av. de Madrid 21,,Zaragoza,,,NEEDS_COORDINATES,,failed,,
es_09a4c863af,Synergym,Synergym Gijón Calzada,"Calle Bolivia, 20",33212,Gijón,43.538692,-5.692993,READY_TO_IMPORT,nominatim,ok,"Calle Bolivia, La Calzada, Gijón / Xixón, Gijón, Asturias / Asturies, 33212, España",city_ok|road_match
es_7468833f00,Synergym,Synergym Gáldar,"P.º de los Guanartemes, 26",35450,Gáldar,28.145313,-15.643793,READY_TO_IMPORT,nominatim,ok,"Paseo de Los Guanartemes, Marmolejos, Gáldar, Las Palmas, Canarias, 35450, España",city_ok|road_match
es_e8593cff82,Synergym,Synergym Motril Sur,Av. Doctor Norman Bethune,,230 Motril-Granada,,,NEEDS_COORDINATES,,failed,,
es_689d50f270,Synergym,Synergym Valdepeñas,"Av. Primero de Julio, nº 68",13300,Valdepeñas,38.758213,-3.386757,READY_TO_IMPORT,nominatim,ok,"Avenida Primero de Julio, Valdepeñas, Ciudad Real, Castilla-La Mancha, 13300, España",city_ok|road_match
es_d1ff128598,Synergym,Synergym Roquetas de Mar,"Av. Roquetas, 4",04740,Roquetas de Mar,36.765383,-2.614133,READY_TO_IMPORT,nominatim,ok,"4, Avenida de Roquetas de Mar, Los Depósitos, Roquetas de Mar, Almería, Andalucía, 04740, España",city_ok|road_match|house_number_match|building_or_amenity
es_5b577320cc,Synergym,Synergym Puerto del Rosario,"Av. Juan de Bethencourt, 41",,Puerto del Rosario,,,NEEDS_COORDINATES,,failed,,
es_3f97ca80fb,Synergym,Synergym Alcàsser,"Av. Cortes Valencianas, 50",,Alcàsser,,,NEEDS_COORDINATES,,failed,,
es_03118ef834,Synergym,Synergym Girona Migdia,Carrer de la Creu,08172,2,41.473539,2.086827,READY_TO_IMPORT,nominatim,ok,"Solé Reparació de l'Automòbil, 2, Carrer de la Creu, Monestir, Sant Cugat del Vallès, Vallès Occidental, Barcelona, Catalunya, 08172, España",city_ok|road_match|building_or_amenity
es_8d0e6b59ae,Synergym,Synergym Valladolid,"C. de Hernando de Acuña, 61",47014,Valladolid,41.637922,-4.763395,READY_TO_IMPORT,nominatim_strict_address,ok,"61, Calle de Hernando de Acuña, Parquesol, Valladolid, Castilla y León, 47014, España",city_ok|road_match|house_number_match
es_fab6499352,Synergym,Synergym Hospitalet La Farga,Av. de Josep Tarradellas i Joan,41020,168,37.40554,-5.915318,DUPLICATE,nominatim,ok,"Synergym, 51, Avenida de Emilio Lemos, Sevilla Este, Distrito Este-Alcosa-Torreblanca, Sevilla, Andalucía, 41020, España",road_match|named_gym_poi
es_cb563ef22e,Synergym,Synergym Segovia Santo Tomás,C. Santo Tomás,,Segovia,,,NEEDS_COORDINATES,,failed,,
es_2acf4ff038,Synergym,Synergym Sevilla Triana Tejares,"Ronda de los Tejares, 29",41020,Sevilla,37.40554,-5.915318,DUPLICATE,nominatim,ok,"Synergym, 51, Avenida de Emilio Lemos, Sevilla Este, Distrito Este-Alcosa-Torreblanca, Sevilla, Andalucía, 41020, España",city_ok|named_gym_poi
es_2d550ddf32,Synergym,Synergym Vitoria Zaramaga,"C/ Reyes de Navarra, 31",01010,Vitoria,42.849881,-2.702923,DUPLICATE,nominatim_named_gym_poi,ok,"Synergym Borinbizkarra, 31, Ozeano Barearen kalea, Elejalde, Zabalgana, Ali / Ehari, Vitoria-Gasteiz, Gasteizko kuadrilla, Araba / Álava, Euskadi, 01010, España",named_gym_poi_match|score_4
es_0070d77a58,Synergym,Synergym Almería Vega de Acá,"C/Antonio Muñoz Zamora, 1",23008,Almería,37.778183,-3.787654,DUPLICATE,nominatim_named_gym_poi,ok,"Synergym, 1, Calle Padre Grass, Las Protegidas, Jaén, Andalucía, 23008, España",named_gym_poi_match|score_3
es_c070d2beb9,Synergym,Synergym Pamplona Olite,"Calle de Olite, 40",,Pamplona,,,NEEDS_COORDINATES,,failed,,
es_2a36835b49,Synergym,Synergym Ciudad Real Quijote,"Ronda Ciruela, 5",13004,Ciudad Real,38.979789,-3.930932,READY_TO_IMPORT,nominatim,ok,"Synergym Ciudad Real Quijote, 5, Ronda de Ciruela, Los Ángeles, Ciudad Real, Castilla-La Mancha, 13004, España",city_ok|road_match|house_number_match|building_or_amenity
es_62086bc3a3,Synergym,Synergym Zamora Universidad,"Calle Pablo Morillo, 23",49013,Zamora,41.510061,-5.740015,READY_TO_IMPORT,nominatim,ok,"23, Calle de Pablo Morillo, Las Viñas, Zamora, Castilla y León, 49013, España",city_ok|road_match|house_number_match|building_or_amenity
es_7ed0dbddda,Synergym,Synergym Las Palmas Tamaraceite,"C. Isabel Macario Brito Soprano, 1",35018,Las Palmas de Gran Canaria,28.100745,-15.478848,READY_TO_IMPORT,nominatim,ok,"Calle Isabel Macario Brito (Soprano), La Galera, Tamaraceite, Las Palmas de Gran Canaria, Las Palmas, Canarias, 35018, España",city_ok|road_match
es_ea84f9b524,Synergym,Synergym Gandía,"C. Nou d’octubre, 17",,Gandía,,,NEEDS_COORDINATES,,failed,,
es_98f1d33bbe,Synergym,Synergym Valladolid,"P.º de Zorrilla, 135",47008,Valladolid,41.627532,-4.74342,READY_TO_IMPORT,nominatim_strict_address,ok,"135, Paseo de Zorrilla, La Rubia, Valladolid, Castilla y León, 47008, España",city_ok|road_match|house_number_match
es_fb8631155f,Synergym,Synergym Alcoy Nord,"C. València, 3",03804,Alcoy,38.713741,-0.464822,READY_TO_IMPORT,nominatim_strict_address,ok,"Carrer València, Alcoi / Alcoy, l'Alcoià, Alacant / Alicante, Comunitat Valenciana, 03804, España",city_ok|road_match|same_road_cluster_196m
es_964cccf94c,Synergym,Synergym Miranda de Ebro,"Av. Comuneros de Castilla, 26",09200,Miranda de Ebro,42.685993,-2.942238,READY_TO_IMPORT,nominatim,ok,"26, Avenida Comuneros de Castilla, La Charca, Allende, Miranda de Ebro, Burgos, Castilla y León, 09200, España",city_ok|road_match|house_number_match
es_2d36242281,Synergym,Synergym Pontevedra Pasarela,"Rúa Estrada, 18",36210,Pontevedra,42.219803,-8.738062,READY_TO_IMPORT,nominatim,ok,"Rúa Estrada, Os Catro Camiños, As Travesas, Vigo, Pontevedra, Galicia, 36210, España",city_ok|road_match
es_0cba331fde,Synergym,Synergym Cáceres,C. León Leal,10002,Cáceres,39.469231,-6.376328,READY_TO_IMPORT,nominatim_strict_address,ok,"Calle León Leal, Cánovas, Cáceres, Extremadura, 10002, España",city_ok|road_match|same_road_cluster_117m
es_b18a765cc1,Synergym,Synergym Bilbao Sarriko,"C. Islas Canarias, 4",,Bilbao,,,NEEDS_COORDINATES,,failed,,
es_5feefca6fa,Synergym,Synergym Soria Los Royales,Av. Europa,42004,28,41.7573,-2.48103,READY_TO_IMPORT,nominatim,ok,"Gasolinera Más B Energías, 28, Avenida Europa, Soria, Castilla y León, 42004, España",city_ok|road_match|building_or_amenity
es_12266bd52d,Synergym,Synergym Zaragoza Rosales,"C. de Ludwig van Beethoven, 66",,Zaragoza,,,NEEDS_COORDINATES,,failed,,
es_be47bdda64,Synergym,Synergym Gijón Laviada,"C. Pola de Siero, 8",33207,Gijón,43.539207,-5.669658,READY_TO_IMPORT,nominatim,ok,"8, Calle Pola de Siero / Cai La Pola Siero, Laviada, Gijón / Xixón, Gijón, Asturias / Asturies, 33207, España",city_ok|road_match|house_number_match
es_a4a1656fb0,Synergym,Synergym Castellón Universidad,"C. Botanico Cavanilles, 16",12006,Castellón de la Plana,39.991907,-0.060871,READY_TO_IMPORT,nominatim_strict_address,ok,"Carrer del Botànic Cavanilles, Grup de la Macarena, Castelló de la Plana / Castellón de la Plana, la Plana Alta, Castelló / Castellón, Comunitat Valenciana, 12006, España",city_ok|road_match|same_road_cluster_542m
es_23c09d4d76,Synergym,Synergym Palencia Catedral,Av. Castilla,28850,31,40.45487,-3.495422,READY_TO_IMPORT,nominatim,ok,"31, Avenida de Castilla, Polígono de San Fernando de Henares, San Fernando de Henares, Comunidad de Madrid, 28850, España",city_ok|road_match|building_or_amenity
es_e22b7e59b4,Synergym,Synergym Sevilla Bellavista,C. Jardín de la Primavera,43001,37,41.11521,1.248093,DUPLICATE,nominatim_named_gym_poi,ok,"SynerGym, 37, Carrer del Cardenal Cervantes, Eixample, Tarragona, Tarragonès, Tarragona, Catalunya, 43001, España",named_gym_poi_match|score_2
es_4598964f3c,Synergym,Synergym Massanassa,"C. de Torrente, 24",50003,Massanassa,41.655229,-0.878498,READY_TO_IMPORT,nominatim_named_gym_poi,ok,"Synergym, 24, Calle Santiago, El Tubo, Casco Antiguo, Casco Histórico, Zaragoza, Aragón, 50003, España",named_gym_poi_match|score_3
es_0d36e7b658,Synergym,Synergym Elda Acacias,C. Maximiliano Garcia Soriano,15701,12,42.871633,-8.548884,DUPLICATE,nominatim_named_gym_poi,ok,"Synergym, 12, Rúa de Fernando III o Santo, A Rosaleda, O Ensanche, Santiago de Compostela, Santiago, A Coruña, Galicia, 15701, España",named_gym_poi_match|score_2
es_0f0d700cb3,Synergym,Synergym Terrassa Sant Pere,"C. de Prat de la Riba, 170",08222,Terrassa,41.559109,2.024748,READY_TO_IMPORT,nominatim_named_gym_poi,ok,"Synergym, Carretera de Montcada, Barri Universitari-Cementiri Vell, Districte 1, Terrassa, Vallès Occidental, Barcelona, Catalunya, 08222, España",named_gym_poi_match|score_2
es_9dd04fac6d,Synergym,Synergym Xirivella,Pl. Federico García Lorca,46950,Xirivella,39.463923,-0.432333,READY_TO_IMPORT,nominatim,ok,"Plaça de Federico García Lorca, Montealegre, Alquería de Moret Nova, Xirivella, l'Horta Sud, València / Valencia, Comunitat Valenciana, 46950, España",city_ok|road_match
es_91c2ee55da,Synergym,Synergym Valencia Nueva Fe,Av. de Fernando Abril Martorel,15701,12,42.871633,-8.548884,DUPLICATE,nominatim_named_gym_poi,ok,"Synergym, 12, Rúa de Fernando III o Santo, A Rosaleda, O Ensanche, Santiago de Compostela, Santiago, A Coruña, Galicia, 15701, España",named_gym_poi_match|score_2
es_afcff621e7,Synergym,Synergym Zaragoza Cuéllar,"P.º de Cuéllar, 37",,Zaragoza,,,NEEDS_COORDINATES,,failed,,
es_aa4a00be4a,Synergym,Synergym Girona Sant Isidre,Carrer Sant Isidre,03510,10,38.647865,-0.120818,READY_TO_IMPORT,nominatim,ok,"Repsol, 10, Carrer Sant Isidre, Callosa d'en Sarrià, la Marina Baixa, Alacant / Alicante, Comunitat Valenciana, 03510, España",city_ok|road_match|building_or_amenity
es_97d6feb8e4,Synergym,Synergym Burjassot,"Carrer del General Prim, 34",46035,Burjassot,39.505155,-0.414987,READY_TO_IMPORT,nominatim_strict_address,ok,"Carrer del General Prim, Burjassot, l'Horta Nord, València / Valencia, Comunitat Valenciana, 46035, España",city_ok|road_match|same_road_cluster_251m
es_733bd33bcc,Synergym,Synergym Santiago Ensanche,"Rúa de Fernando III o Santo, 12",15701,Santiago de Compostela,42.871621,-8.548921,READY_TO_IMPORT,nominatim,ok,"12, Rúa de Fernando III o Santo, A Rosaleda, O Ensanche, Santiago de Compostela, Santiago, A Coruña, Galicia, 15701, España",city_ok|road_match|house_number_match|building_or_amenity
es_4a10a14ae3,Synergym,Synergym Ripollet Can Mas,"Carrer Sant Jaume, 28",08110,Ripollet,41.493764,2.167919,READY_TO_IMPORT,nominatim_strict_address,ok,"Carrer de Sant Jaume, Can Mas, Ripollet, Vallès Occidental, Barcelona, Catalunya, 08110, España",city_ok|road_match|same_road_cluster_380m
es_065a2e1250,Synergym,Synergym Murcia,Ronda SurP.º de Florencia,29651,29,36.545904,-4.631556,READY_TO_IMPORT,nominatim_named_gym_poi,ok,"SynerGym, Camino de Las Cañadas, Las Lagunas, Campo-Mijas, Mijas, Costa del Sol Occidental, Málaga, Andalucía, 29651, España",named_gym_poi_match|score_2
es_9c71566878,Synergym,Synergym Villava,"Pl. Ardantzea, 1",23008,Villava,37.778183,-3.787654,DUPLICATE,nominatim_named_gym_poi,ok,"Synergym, 1, Calle Padre Grass, Las Protegidas, Jaén, Andalucía, 23008, España",named_gym_poi_match|score_3
es_200134f76e,Synergym,Synergym Ourense Norte,Calle Río Sil,,Ourense,,,NEEDS_COORDINATES,,failed,,
es_dfe71e98fc,Synergym,Synergym Yecla,Calle Ctra. de Villena,,Yecla,,,NEEDS_COORDINATES,,failed,,
es_47976b6ab0,Synergym,Synergym El Prat Les Moreres,"Av. del Pare Andreu de Palma, 14",,El Prat de Llobregat,41.329961,2.102169,READY_TO_IMPORT,nominatim,ok,"14-16, Avinguda del Pare Andreu de Palma, Llevant-Marina, el Prat de Llobregat, Baix Llobregat, Barcelona, Catalunya, 08820, España",city_ok|road_match
es_5e681d76f3,Synergym,Synergym Zaragoza Valdespartera,Av. de Casablanca,,Zaragoza,,,NEEDS_COORDINATES,,failed,,
es_a0d6cb422e,Synergym,Synergym Ávila Sur,Av. de los Derechos Humanos,,71,40.645635,-4.68103,READY_TO_IMPORT,nominatim,ok,"71, Avenida de los Derechos Humanos, Ávila, Castilla y León, 05003, España",city_ok|road_match
es_de6a3b3108,Synergym,Synergym Ontinyent,"Carrer de l'Ereta, 7",,Ontinyent,,,NEEDS_COORDINATES,,failed,,
es_eea057e99e,Synergym,Synergym Córdoba Mediterráneo,Av. del Mediterráneo,14008,Córdoba,37.8882,-4.78349,READY_TO_IMPORT,nominatim_named_gym_poi,ok,"Synergym, Calle de la Bodega, Centro Comercial, Distrito Centro, Córdoba, Andalucía, 14008, España",named_gym_poi|match_score_3
es_22dedc4b74,Synergym,Synergym Vigo,"Rúa do Areal, 40",36208,Vigo,42.22545,-8.734711,DUPLICATE,nominatim_named_gym_poi,ok,"Synergym Vigo Torrecedeira, 9, Rúa de Elio Antonio de Nebrija, A Seara, As Travesas, Vigo, Pontevedra, Galicia, 36208, España",city_ok|named_gym_poi
es_9197f8269a,Synergym,Synergym Plasencia,"Av. la Salle, 23",,Plasencia,,,NEEDS_COORDINATES,,failed,,
es_fd52d711fc,Synergym,Synergym Torrent El Molí,"C. Picaña, 36",,Torrent,,,NEEDS_COORDINATES,,failed,,
es_4b800b824a,Synergym,Synergym Oviedo Buenavista,"C. la Regenta, 25",,Oviedo,43.359661,-5.866478,READY_TO_IMPORT,nominatim,ok,"25, Calle La Regenta, La Silla'l Rey, Argañosa, Oviedo / Uviéu, Oviedo, Asturias / Asturies, 33013, España",city_ok|road_match|house_number_match|building_or_amenity
es_96bfb693ec,Synergym,Synergym Zaragoza La Jota,Calle Esther Martínez Moreno,,1,41.658364,-0.85398,READY_TO_IMPORT,nominatim,ok,"Calle Esther Martinez Moreno, Vadorrey, El Rabal, Zaragoza, Aragón, 50014, España",city_ok|road_match
es_2660be0e34,Synergym,Synergym Cartagena Nueva Peral,"C. Batalla de Zama, 50",,Cartagena,,,NEEDS_COORDINATES,,failed,,
es_0488899afc,Synergym,Synergym Factory Dos Hermanas,"Ctra. Sevilla-Cádiz, km.553.8",,Dos Hermanas,,,NEEDS_COORDINATES,,failed,,
es_a966bbb288,Synergym,Synergym Manresa Vilomara,"Ctra. del Pont de Vilomara, 33",,Manresa,41.7285,1.833718,READY_TO_IMPORT,nominatim,ok,"33-35, Carretera del Pont de Vilomara, Vic - Remei, Sagrada Família, la Guia, Manresa, Bages, Barcelona, Catalunya, 08243, España",city_ok|road_match|building_or_amenity
es_da9cfb32b0,Synergym,Synergym Burgos Torres de la Luz,C. Esteban Sáez Alvarado,,39,42.360522,-3.667594,READY_TO_IMPORT,nominatim,ok,"Synergym, 39, Calle Esteban Sáez Alvarado, Barriada de Zurbarán, Barriada de la Inmaculada, Gamonal, Distrito Este, Burgos, Castilla y León, 09007, España",city_ok|road_match|building_or_amenity
es_ea7089d64d,Synergym,Synergym Alcoy Sur,"Carrer el Camí, 77",03801,Alcoi,38.692533,-0.475658,READY_TO_IMPORT,nominatim_strict_address,ok,"Carrer el Camí, Centre, Alcoi / Alcoy, l'Alcoià, Alacant / Alicante, Comunitat Valenciana, 03801, España",city_ok|road_match|same_road_cluster_386m
es_e2f98f9ae4,Synergym,Synergym San Fernando,"CentroP.º Gral. Lobo, 15",11100,San Fernando,36.450372,-6.213709,DUPLICATE,nominatim_named_gym_poi,ok,"Synergym, Calle Panamá, Carretera de la Carraca, San Fernando, Bahía de Cádiz, Cádiz, Andalucía, 11100, España",named_gym_poi_match|score_2
es_9376994cdf,Synergym,Synergym Elche Carrús,"C. José Gómez Mompean, 39",09007,Elche,42.360522,-3.667594,DUPLICATE,nominatim_named_gym_poi,ok,"Synergym, 39, Calle Esteban Sáez Alvarado, Barriada de Zurbarán, Barriada de la Inmaculada, Gamonal, Distrito Este, Burgos, Castilla y León, 09007, España",named_gym_poi_match|score_3
es_51af142cce,Synergym,Synergym Alzira Naranjo,"C. Naranjo, 105",,Alzira,,,NEEDS_COORDINATES,,failed,,
es_4a9bcc9f10,Synergym,Synergym Almería Los Molinos,"C. Pintor Zabaleta, 61A",,Local 1,,,NEEDS_COORDINATES,,failed,,
es_bcc4a65197,Synergym,Synergym La Vall Parc Tavernes,"Avinguda de la Valldigna, 80",,Tavernes de la Valldigna,39.069335,-0.274338,READY_TO_IMPORT,nominatim,ok,"80, Avinguda de la Valldigna, Polígon El Pla, Tavernes de la Valldigna, la Safor, València / Valencia, Comunitat Valenciana, 46760, España",city_ok|road_match|house_number_match|building_or_amenity
es_b81b692a13,Synergym,Synergym Vitoria Judimendi,"Av. Santiago, 36",01010,Vitoria-Gasteiz,42.849881,-2.702923,DUPLICATE,nominatim_named_gym_poi,ok,"Synergym Borinbizkarra, 31, Ozeano Barearen kalea, Elejalde, Zabalgana, Ali / Ehari, Vitoria-Gasteiz, Gasteizko kuadrilla, Araba / Álava, Euskadi, 01010, España",named_gym_poi_match|score_2
es_fe40356396,Synergym,Synergym Montcada,"Av. d'Europa, 1",,Montcada i Reixac,41.496158,2.17854,READY_TO_IMPORT,nominatim,ok,"El Punt de la i, 1, Avinguda d'Europa, Mas Duran, Montcada i Reixac, Vallès Occidental, Barcelona, Catalunya, 08110, España",city_ok|road_match|house_number_match|building_or_amenity
es_8972d913ec,Synergym,Synergym Linares,Av. Julio Burrel 43-45,,Linares,,,NEEDS_COORDINATES,,failed,,
es_30624b559b,Synergym,Synergym Pamplona Barañain,"Ronda Cendea de Olza, 11",31010,Barañáin,42.805189,-1.692762,READY_TO_IMPORT,nominatim_named_gym_poi,ok,"Synergym, Oltzaren ingurabidea, Eultza, Barañáin / Barañain, Iruñerria, Navarra, Navarra / Nafarroa, 31010, España",named_gym_poi_match|score_2
es_efc47bd1ef,Synergym,Synergym Los Barrios,Calle Padre Damaso 4,,Los Barrios,36.180755,-5.488622,READY_TO_IMPORT,nominatim,ok,"Calle Padre Dámaso, San Isidro, Los Barrios, Campo de Gibraltar, Cádiz, Andalucía, 11370, España",city_ok|road_match
es_e13a21a4c1,Synergym,Synergym Las Palmas Mesa y López,"C. Juan Millares Carlo, 10",35013,Las Palmas de Gran Canaria,28.098518,-15.449356,READY_TO_IMPORT,nominatim_named_gym_poi,ok,"SynerGym Siete Palmas, 2011, Calle Lomo San Lázaro, Siete Palmas, Las Palmas de Gran Canaria, Las Palmas, Canarias, 35013, España",named_gym_poi_match|score_2
es_507bef9850,Synergym,Synergym Zaragoza Duquesa,"C. de la Duquesa de Villahermosa, 107",,Delicias,41.646634,-0.906232,READY_TO_IMPORT,nominatim,ok,"107, Calle de la Duquesa de Villahermosa, Delicias, Zaragoza, Aragón, 50010, España",city_ok|road_match|house_number_match
es_1818a31361,Synergym,Synergym Sant Vicenç,"CC La Vailet -63-67, Carretera de Sant Boi",08620,Sant Vicenç dels Horts,41.397038,2.01114,READY_TO_IMPORT,nominatim_named_gym_poi,ok,"Synergym, Carretera de Sant Boi, La Vailet, Sant Vicenç dels Horts, Baix Llobregat, Barcelona, Catalunya, 08620, España",named_gym_poi_match|score_5
es_c0a424e33d,Synergym,Synergym Vilafranca,"Carrer de Jaume Balmes, 11",,Vilafranca del Penedès,41.343565,1.694723,READY_TO_IMPORT,nominatim,ok,"11, Carrer Jaume Balmes, Sant Julià, Vilafranca del Penedès, Alt Penedès, Barcelona, Catalunya, 08720, España",city_ok|road_match|house_number_match
es_143dfd3189,Synergym,Synergym El Puerto de Santa María,"Calle Luis Suárez Rodríguez, 1",23008,El Puerto de Santa María,37.778183,-3.787654,DUPLICATE,overpass_named_gym_poi,ok,"Synergym, 1, Calle Padre Grass, Jaén, 23008, España",named_gym_poi|match_score_4
es_b295217084,Synergym,Synergym Fuenlabrada Ferial,"C. Nicolás Copérnico, 14",,Fuenlabrada,40.285709,-3.781663,READY_TO_IMPORT,nominatim,ok,"Calle de Nicolás Copérnico, Polígono Industrial Codeín, La Cueva, Fuenlabrada, Comunidad de Madrid, 28945, España",city_ok|road_match
es_db85b175bc,Synergym,Synergym Lepe,"Av. de Andalucía, 5",,Lepe,,,NEEDS_COORDINATES,,failed,,
es_3b8e603758,Synergym,Synergym UtreraUtrera -,"Ctra. Madrid - Cádiz N IV, 30",,41710 Utrera,,,NEEDS_COORDINATES,,failed,,
es_fdeb917afe,Synergym,Synergym Madrid Santa Eugenia,"C. de Puentelarra, 8",,Vallecas,40.383767,-3.607891,READY_TO_IMPORT,nominatim,ok,"Alcampo, 8, Calle de Puentelarra, Santa Eugenia, Villa de Vallecas, Madrid, Comunidad de Madrid, 28031, España",city_ok|road_match|house_number_match|building_or_amenity
es_b7a75c0139,Synergym,Synergym Sueca,"Carrer d'Arnau de Vilanova, 7",46410,Sueca,39.206401,-0.305482,READY_TO_IMPORT,nominatim,ok,"Carrer d'Arnau de Vilanova, Sueca, la Ribera Baixa, València / Valencia, Comunitat Valenciana, 46410, España",city_ok|road_match
es_38ef5ed83c,Synergym,Synergym Bilbao Ametzola,"C. Andrés Isasi, 8, Recalde",09007,Bilbao,42.351471,-3.67055,DUPLICATE,nominatim_named_gym_poi,ok,"Synergym, 8, Calle Francisco Grandmontagne, Bernardillas, Barriada Juan XXIII, Gamonal, Distrito Este, Burgos, Castilla y León, 09007, España",named_gym_poi_match|score_3
es_cccda46f9a,Synergym,Synergym Lleida La Bordeta,C/Sebastià Gràcia,,Lleida,,,NEEDS_COORDINATES,,failed,,
es_46c0f9cde3,Synergym,Synergym Alcalá de Guadaíra Montecarmelo,"C.Montecarmelo, 3",41500,Alcalá de Guadaíra,37.345866,-5.826548,READY_TO_IMPORT,nominatim,ok,"Calle Montecarmelo Ocho, Alcalá de Guadaíra, Sevilla, Andalucía, 41500, España",city_ok|road_match
es_f2b2b0655a,Synergym,Synergym Almendralejo,"Av. Presidente Juan Carlos Rodríguez Ibarra, 36",06200,Almendralejo,38.679093,-6.39549,READY_TO_IMPORT,nominatim,ok,"Avenida Presidente Juan Carlos Rodríguez Ibarra, Almendralejo, Badajoz, Extremadura, 06200, España",city_ok|road_match
es_628de8b223,Synergym,Synergym Arroyo de la Encomienda,"Av. de José Luis Lasa, 114",,Arroyo de la Encomienda,,,NEEDS_COORDINATES,,failed,,
es_984fa96783,Synergym,Synergym Alicante La Florida,Carrer Omega,03007,Alicante,38.346097,-0.517647,READY_TO_IMPORT,nominatim_strict_address,ok,"Carrer d'Omega, Ciutat d'Assís, Alacant / Alicante, l'Alacantí, Alacant / Alicante, Comunitat Valenciana, 03007, España",city_ok|road_match|same_road_cluster_60m
es_602830d949,Synergym,Synergym Vall d’Uixó,"Ctra. Nules, 6",,Vall de Uxó,,,NEEDS_COORDINATES,,failed,,
es_f2f49a7785,Synergym,Synergym Antequera,Calle Cdad. De Salamanca,,s/n,,,NEEDS_COORDINATES,,failed,,
es_6ba7a2f07a,Synergym,Synergym Gandía Sur,"Carrer Pare Carles Ferrís, 67",46702,Gandia,38.963654,-0.183982,READY_TO_IMPORT,nominatim,ok,"Carrer Pare Carles Ferris, el Raval, Gandia, la Safor, València / Valencia, Comunitat Valenciana, 46702, España",city_ok|road_match
es_dbe3d61658,Synergym,Synergym Albolote,"Av. París, 2",18220,Albolote,37.225122,-3.649167,READY_TO_IMPORT,nominatim,ok,"Avenida París, La Farfana, Albolote, Comarca de la Vega de Granada, Granada, Andalucía, 18220, España",city_ok|road_match
es_3420f2dbe6,Synergym,Synergym LSiete Palmas,"C. Lomo San Lázaro, 2011",35013,35019 Las Palmas de Gran Canaria,28.098518,-15.449356,READY_TO_IMPORT,nominatim,ok,"SynerGym Siete Palmas, 2011, Calle Lomo San Lázaro, Siete Palmas, Las Palmas de Gran Canaria, Las Palmas, Canarias, 35013, España",road_match|house_number_match|building_or_amenity
es_42dc2f74d3,Synergym,Synergym Esplugues,"Carrer Verge de Guadalupe, 30",,08950 Esplugues de Llobregat,,,NEEDS_COORDINATES,,failed,,
es_51bf145859,Synergym,Synergym Rota,"Parque Comercial Portalejos. C. Valverde de la Vega, s/n",,Rota,,,NEEDS_COORDINATES,,failed,,
es_c59de5103b,Synergym,Synergym Logroño Los Lirios,"Calle Teruel, 5",26006,Logroño,42.46064,-2.422435,READY_TO_IMPORT,nominatim,ok,"Calle Teruel, Los Lirios, La Estrella, Logroño, La Rioja, 26006, España",city_ok|road_match
es_6a05f42bd3,Synergym,Synergym Icod de los Vinos,"Av. Príncipe de España, 11",38434,La Mancha,28.375153,-16.705813,READY_TO_IMPORT,nominatim,ok,"Avenida Príncipe de España, La Centinela, La Mancha, Icod de los Vinos, Santa Cruz de Tenerife, Canarias, 38434, España",city_ok|road_match
es_4c7f4d9087,Synergym,Synergym Alhaurín El Grande,"Ctra. de Cártama, 49",29120,Alhaurín El Grande,36.649478,-4.67999,READY_TO_IMPORT,nominatim_strict_address,ok,"Carretera de Cártama, El Zángano, Alhaurín el Grande, Valle del Guadalhorce, Málaga, Andalucía, 29120, España",city_ok|road_match|same_road_cluster_529m
es_43527e56db,Synergym,Synergym San Fernando Junquera,"Av. Almirante J M Pery Junquera, 25",33006,San Fernando,43.359715,-5.866595,READY_TO_IMPORT,nominatim_named_gym_poi,ok,"Synergym, 25, Calle La Regenta, La Silla'l Rey, Argañosa, Oviedo / Uviéu, Oviedo, Asturias / Asturies, 33006, España",named_gym_poi_match|score_3
es_90a446207e,Synergym,Synergym Vila-Real Cedre,"Av. Cedre, 41",12540,Villarreal,39.936033,-0.096786,READY_TO_IMPORT,nominatim,ok,"Birbar, 41, Avinguda del Cedre, Vila-real, la Plana Baixa, Castelló / Castellón, Comunitat Valenciana, 12540, España",road_match|house_number_match|building_or_amenity
es_cf5aa37de5,Synergym,Synergym Puertollano,Calle Ancha 85,13500,Puertollano,38.693046,-4.109827,READY_TO_IMPORT,nominatim,ok,"85, Calle Ancha, Barriada Centro-Sur, Puertollano, Ciudad Real, Castilla-La Mancha, 13500, España",city_ok|road_match|house_number_match
es_f21c59faeb,Synergym,Synergym Castellón Capuchinos,"Av. de Capuchinos, 55",,Castellón de la Plana,,,NEEDS_COORDINATES,,failed,,
es_fb869c3d9e,Synergym,Synergym Motril,CentroAvenida Enrique Martin Cuevas,18600,19 Motril. Granada,36.750875,-3.520574,READY_TO_IMPORT,nominatim,ok,"Synergym, 19, Avenida Enrique Martín Cuevas, Barrio de Aviación, Motril, Comarca de la Costa Granadina, Granada, Andalucía, 18600, España",road_match|named_gym_poi
es_d481be08e9,Synergym,Synergym Aldaia,"C. Indústria, 14",46960,Aldaia,39.463225,-0.46131,READY_TO_IMPORT,nominatim,ok,"Carrer Indústria, Aldaia, l'Horta Sud, València / Valencia, Comunitat Valenciana, 46960, España",city_ok|road_match
es_eb958e221c,Synergym,Synergym Córdoba Libia,"Av. de Libia, 55",14014,Levante,37.893546,-4.752097,READY_TO_IMPORT,nominatim,ok,"Avenida de Libia, Levante, Distrito Levante, Córdoba, Andalucía, 14014, España",city_ok|road_match
es_37f2c073d2,Synergym,Synergym Villanueva de la Serena,Calle Hernán Cortes,,4. Planta 1º. Villanueva de la Serena,,,NEEDS_COORDINATES,,failed,,
es_fa42aeed96,Synergym,Synergym Igualada,"Carrer de Salvador Murt, 8",08700,Igualada,41.577705,1.627574,READY_TO_IMPORT,nominatim,ok,"Carrer de Salvador Murt, les Flors, Llevant, Igualada, Anoia, Barcelona, Catalunya, 08700, España",city_ok|road_match
es_826cc40be9,Synergym,Synergym Arrecife Triana,C. Triana 78,,Arrecife,,,NEEDS_COORDINATES,,failed,,
es_04d75fe5bc,Synergym,Synergym Cáceres Mejostilla,"C. Juan Ramón Jiménez, 1",37004,Norte,40.974812,-5.648816,READY_TO_IMPORT,nominatim,ok,"Calle Juan Ramón Jiménez, Garrido, Garrido Norte, Salamanca, Castilla y León, 37004, España",city_ok|road_match
es_48a9224032,Synergym,Synergym Cáceres El Rodeo,"C. María Auxiliadora, 10",,Centro-Casco Antiguo,,,NEEDS_COORDINATES,,failed,,
es_1ef34c3030,Synergym,Synergym Calpe,"Avenida Diputación, s/n, Av. Pais Valencià, 2",48920,Calp,43.319071,-3.022016,DUPLICATE,nominatim_named_gym_poi,ok,"Synergym Portugalete, 2, Calle Simón Bolívar kalea, Los Llanos, La Florida, Kanpanzar, Portugalete, Bizkaia, Euskadi, 48920, España",named_gym_poi_match|score_3
es_a255a07fdd,Synergym,Synergym ,"CC PontiñasRúa Carballeira da Botica, 5",,Lalín,,,NEEDS_COORDINATES,,failed,,
es_88cf8ffe85,Synergym,Synergym Estella,"Av. Yerri, 19",31200,Estella,42.674631,-2.035417,READY_TO_IMPORT,nominatim,ok,"Avenida de Yerri, Estella-Lizarra, Estellerria, Navarra, Navarra / Nafarroa, 31200, España",city_ok|road_match
es_c2bd0f3b39,Synergym,Synergym Villarrobledo,"Av Pdte Adolfo Suárez, 2",48920,Villarrobledo,43.319071,-3.022016,DUPLICATE,nominatim_named_gym_poi,ok,"Synergym Portugalete, 2, Calle Simón Bolívar kalea, Los Llanos, La Florida, Kanpanzar, Portugalete, Bizkaia, Euskadi, 48920, España",named_gym_poi_match|score_3
es_941591726b,Synergym,Synergym Arganda del Rey Quina,"Av. del Ejército, 51",28500,Arganda del Rey,40.302808,-3.448802,READY_TO_IMPORT,nominatim,ok,"Synergym, 51, Avenida del Ejército, Los Villares, Arganda del Rey, Comunidad de Madrid, 28500, España",city_ok|road_match|house_number_match|building_or_amenity
es_20cb4e3517,Synergym,Synergym Tàrrega,"Av. de Catalunya, 70",25300,Tàrrega,41.64762,1.135471,READY_TO_IMPORT,nominatim,ok,"70, Avinguda de Catalunya, Tàrrega, Urgell, Lleida, Catalunya, 25300, España",city_ok|road_match|house_number_match
es_c33ed07c52,Synergym,Synergym Paterna Sotolivar,"Carrer el Puig, 44",35013,Paterna,28.098518,-15.449356,DUPLICATE,nominatim,ok,"SynerGym Siete Palmas, 2011, Calle Lomo San Lázaro, Siete Palmas, Las Palmas de Gran Canaria, Las Palmas, Canarias, 35013, España",road_match|named_gym_poi
es_400934a700,Synergym,Synergym Algemesí,"Carrer Sant Ignasi de Loiola, 3",46680,Algemesí,39.197527,-0.43878,READY_TO_IMPORT,nominatim,ok,"3, Carrer de Sant Ignasi de Loiola, Carrascalet, Algemesí, la Ribera Alta, València / Valencia, Comunitat Valenciana, 46680, España",city_ok|road_match|house_number_match
es_bfe3ed0710,Synergym,Synergym Tortosa,"Carrer d'Hernán Cortés, 18",43500,Tortosa,40.815584,0.516057,READY_TO_IMPORT,nominatim,ok,"18, Carrer d'Hernán Cortés, Ferreries, Tortosa, Baix Ebre, Tarragona, Catalunya, 43500, España",city_ok|road_match|house_number_match
es_850faa7aa4,Synergym,Synergym Galdakao,"C. Zubiaurretarren, 23",,Galdácano,,,NEEDS_COORDINATES,,failed,,
es_a28fab6de6,Synergym,Synergym Alcázar de San Juan,Calle del Quijote 1,23008,Alcazar de San Juan,37.778183,-3.787654,DUPLICATE,nominatim_named_gym_poi,ok,"Synergym, 1, Calle Padre Grass, Las Protegidas, Jaén, Andalucía, 23008, España",named_gym_poi_match|score_4
es_bb31b78879,Synergym,Synergym Foios,Carrer Catedràtic Juan Ferrando Badia,46134,Foios,39.534629,-0.352939,READY_TO_IMPORT,nominatim,ok,"Carrer del Catedràtic Juan Ferrando Badia, el Molí, Foios, l'Horta Nord, València / Valencia, Comunitat Valenciana, 46134, España",city_ok|road_match
es_8d9594ccb2,Synergym,Synergym Sevilla-Hacienda El Rosario,Av. Vía Apia,02005,5,39.002627,-1.86598,READY_TO_IMPORT,nominatim,ok,"Synergym, Calle la Roda, Congo, El Pilar, Distrito 5, Albacete, Castilla-La Mancha, 02005, España",city_ok|named_gym_poi
es_b7bbb925a5,Synergym,Synergym Tomelloso,"C. Clemente Cuesta Santandreu, 1",13700,Tomelloso,39.164057,-3.017752,READY_TO_IMPORT,nominatim,ok,"Calle Alcalde Clemente Cuesta Santandreu, Tomelloso, Ciudad Real, Castilla-La Mancha, 13700, España",city_ok|road_match
es_12dae60e4b,Synergym,Synergym Don Benito Canalejas,"C. Canalejas, 4",06400,Don Benito,38.961339,-5.855105,READY_TO_IMPORT,nominatim,ok,"Calle Canalejas, Don Benito, Badajoz, Extremadura, 06400, España",city_ok|road_match
es_96e1130454,Synergym,Synergym Tabernes Blanques,"C. de Mariano Benlliure, 20",,Tabernes Blanques,,,NEEDS_COORDINATES,,failed,,
es_15dc31c3a5,Synergym,Synergym Cuenca,C. Cristóbal Halffter,25001,13,41.610931,0.630527,DUPLICATE,nominatim_named_gym_poi,ok,"Synergym, 13, Carrer de la Doctora Castells, Cappont, Lleida, Segrià, Lleida, Catalunya, 25001, España",named_gym_poi_match|score_2
es_cd5cc8649a,Synergym,Synergym Las Palmas Escaleritas,C. Joaquín Blume,18600,19,36.750875,-3.520574,DUPLICATE,nominatim_named_gym_poi,ok,"Synergym, 19, Avenida Enrique Martín Cuevas, Barrio de Aviación, Motril, Comarca de la Costa Granadina, Granada, Andalucía, 18600, España",named_gym_poi_match|score_2
es_eb73592b72,Synergym,Synergym Cartaya,"Av. San Bartolomé-Diseminados, 787",,Cartaya,,,NEEDS_COORDINATES,,failed,,
es_807de07900,Synergym,Synergym Almería Mediterraneo,"Calle Gavilán, 11",04740,Almería,36.767636,-2.613869,READY_TO_IMPORT,nominatim_named_gym_poi,ok,"Synergym, 32, Carretera de Alicún, Los Depósitos, Roquetas de Mar, Almería, Andalucía, 04740, España",named_gym_poi_match|score_2
es_e2614ce437,BeOne,BeOne Errenteria,,47278,Errenteria,,,NEEDS_REVIEW,,failed,,
es_f0651d1a5b,Dreamfit,Dreamfit | Gimnasio Alcorcón,"C. Los Robles, 10",28922,Alcorcón,40.330183,-3.84322,READY_TO_IMPORT,nominatim_named_gym_poi,ok,"Circuito Dreamfit, La Princesa, Suroeste, Alcorcón, Comunidad de Madrid, 28936, España",named_gym_poi_match|score_2
es_99fd1baa08,Dreamfit,Dreamfit | Gimnasio Aluche,CC Plaza Aluche,28044,Madrid,40.385614,-3.760266,READY_TO_IMPORT,nominatim,ok,"Plaza de Aluche, Aluche, Latina, Madrid, Comunidad de Madrid, 28044, España",postal_exact|city_ok|road_match
es_3953a50731,Dreamfit,Dreamfit | Gimnasio Barakaldo,"Pormetxeta Kalea, 14",48901,Barakaldo,43.297566,-2.984322,READY_TO_IMPORT,nominatim,ok,"14, Pormetxeta kalea, Larrea, Arrontegi, San Vicente de Barakaldo, Gurutzeta, Barakaldo, Bizkaia, Euskadi, 48901, España",postal_exact|city_ok|road_match|house_number_match|building_or_amenity
es_02f223158e,Dreamfit,Dreamfit | Gimnasio Gijón,"C. Calderón de la Barca, s/n",33204,Gijón,43.534207,-5.649518,READY_TO_IMPORT,nominatim,ok,"Calle Calderón de la Barca, El Coto, Gijón / Xixón, Gijón, Asturias / Asturies, 33204, España",postal_exact|city_ok|road_match
es_62d7255058,Dreamfit,Dreamfit | Gimnasio Las Palmas,Centro Comercial El Muelle,35008,Las Palmas de Gran Canaria,28.141768,-15.427401,READY_TO_IMPORT,nominatim,ok,"Centro Comercial El Muelle, Muelle Santa Catalina, Puerto, Santa Catalina-Canteras, Las Palmas de Gran Canaria, Las Palmas, Canarias, 35008, España",postal_exact|city_ok|road_match|building_or_amenity
es_09dccbb08b,Dreamfit,Dreamfit | Gimnasio Logroño,Centro Comercial Parque Rioja,26008,Logroño,42.452075,-2.468586,READY_TO_IMPORT,nominatim,ok,"Centro Comercial Parque Rioja, Calle La Cava, La Cava, Prado Viejo, Logroño, La Rioja, 26008, España",postal_exact|city_ok|road_match|building_or_amenity
es_01e1641b3d,Dreamfit,Dreamfit | Gimnasio Zaragoza,"Av. de Manuel Rodríguez Ayuso, s/n",50012,Zaragoza,41.643883,-0.935001,READY_TO_IMPORT,official_club_page_maps_embed,ok,https://www.dreamfit.es/centros/los-enlaces,official_maps_embed
es_2a9b82b71b,Dreamfit,Dreamfit | Gimnasio Moratalaz,"Av. de Moratalaz, 40",28030,Madrid,40.406906,-3.659333,READY_TO_IMPORT,nominatim,ok,"40, Avenida de Moratalaz, Fontarrón, Moratalaz, Madrid, Comunidad de Madrid, 28030, España",postal_exact|city_ok|road_match|house_number_match|building_or_amenity
es_f2f148d834,Dreamfit,Dreamfit | Gimnasio Móstoles,"Av. de la Onu, 65",28936,Móstoles,40.311814,-3.921375,READY_TO_IMPORT,nominatim,ok,"65, Paseo de Móstoles, Parque Coimbra, Móstoles, Comunidad de Madrid, 28935, España",postal_soft|city_ok|house_number_match|building_or_amenity
es_829afbb6e0,Dreamfit,Dreamfit | Gimnasio Segovia,"C. Baltasar Gracián, 9",40006,Segovia,40.930813,-4.096468,READY_TO_IMPORT,nominatim,ok,"Gimnasio Dreamfit Segovia, 9, Calle Baltasar Gracián, Sexmo de Segovia, Nueva Segovia, Comunidad de Ciudad y Tierra de Segovia, Segovia, Castilla y León, 40006, España",postal_exact|city_ok|road_match|house_number_match|building_or_amenity
es_9229f718d8,Dreamfit,Dreamfit | Gimnasio Oviedo,Centro Comercial Los Prados,33011,Oviedo,43.371139,-5.831463,READY_TO_IMPORT,nominatim,ok,"Centro Comercial Los Prados, Avenida de Atenas, La Cadellada, Teatinos, Oviedo / Uviéu, Oviedo, Asturias / Asturies, 33011, España",postal_exact|city_ok|road_match|building_or_amenity
es_48c30a9d7d,Dreamfit,Dreamfit | Gimnasio Parla,"Av Torres Quevedo, 1",28984,Parla,,,NEEDS_COORDINATES,,failed,,
es_a1d097d5e3,Dreamfit,Dreamfit | Gimnasio Sanse,Centro Comercial Alegra,28702,Madrid,40.566435,-3.609889,READY_TO_IMPORT,nominatim,ok,"Centro Comercial Alegra, Calle Salvador de Madariaga, San Sebastián de los Reyes, Comunidad de Madrid, 28709, España",postal_soft|city_ok|road_match|building_or_amenity
es_41f6424e03,Dreamfit,Dreamfit | Gimnasio Sant Boi,"Carrer de les Alberedes, 6",08830,Sant Boi de Llobregat,41.3313,2.052544,READY_TO_IMPORT,nominatim,ok,"6, Carrer de les Alberedes, Vinyets i Molí Vell, Sant Boi de Llobregat, Baix Llobregat, Barcelona, Catalunya, 08830, España",postal_exact|city_ok|road_match|house_number_match
es_0b0b769bef,Dreamfit,Dreamfit | Gimnasio Santiago de Compostela,"Centro Comercial Área Central, R. de París, 7",15707,Santiago de Compostela,42.882639,-8.528682,READY_TO_IMPORT,nominatim_named_gym_poi,ok,"Dreamfit, Rúa de Berlín, A Raxeira, As Fontiñas, Santiago de Compostela, Santiago, A Coruña, Galicia, 15703, España",named_gym_poi_match|score_2
es_08937458dc,Dreamfit,Dreamfit - Gimnasio Sevilla,"Av. Ronda del Tamarguillo, 27",41006,Sevilla,37.369877,-5.967009,READY_TO_IMPORT,official_club_page_maps_embed,ok,https://www.dreamfit.es/centros/sevilla,official_maps_embed
es_78e77dde26,Dreamfit,Dreamfit | Gimnasio Valdebernardo,Centro Comercial Valdebernardo,28032,Madrid,40.397677,-3.618521,READY_TO_IMPORT,nominatim,ok,"Centro Comercial Valdebernardo, 35, Bulevar de José Prat, Valdebernardo, Vicálvaro, Madrid, Comunidad de Madrid, 28032, España",postal_exact|city_ok|road_match|building_or_amenity
es_e68c31fb19,Dreamfit,Dreamfit - Gimnasio Valencia,"Plaza de Europa s/n, C.C. Gran Turia de Valencia",46950,"Xirivella, Valencia",39.465412,-0.413029,READY_TO_IMPORT,official_club_page_maps_embed,ok,https://www.dreamfit.es/centros/valencia,official_maps_embed
es_0887a7464b,Dreamfit,Dreamfit | Gimnasio Vallecas,"Av. de Pablo Neruda, 91",28018,Madrid,40.381186,-3.663091,READY_TO_IMPORT,nominatim,ok,"Centro Comercial Madrid Sur, 91, Avenida de Pablo Neruda, Palomeras Bajas, Puente de Vallecas, Madrid, Comunidad de Madrid, 28018, España",postal_exact|city_ok|road_match|house_number_match|building_or_amenity
es_a425f7a093,Dreamfit,Dreamfit | Gimnasio Ventas,Mercado de Las Ventas,28027,Madrid,40.433284,-3.656801,READY_TO_IMPORT,official_club_page_maps_embed,ok,https://www.dreamfit.es/centros/ventas,official_maps_embed
es_91771efe1d,Dreamfit,Dreamfit | Gimnasio Alicante,Centro Comercial Vistahermosa,03015,Alicante,,,NEEDS_COORDINATES,,failed,,
es_1d979fd2f3,Dreamfit,Dreamfit | Gimnasio Vitoria,Plaza del Renacimiento,01004,Vitoria-Gasteiz,42.841419,-2.665261,READY_TO_IMPORT,nominatim,ok,"Berpizkundearen plaza, Desamparados, Vitoria-Gasteiz, Gasteizko kuadrilla, Araba / Álava, Euskadi, 01002, España",postal_soft|city_ok|road_match
es_3c74af78c4,Supera,"Supera Centro Supera. Deporte, ocio y salud.",plaza,,Barcelona,,,NEEDS_COORDINATES,,failed,,
es_56486b494d,Fitness Park,Fitness Park Valencia - Maritim,Calle de la Serrería 10,46011,Valencia,39.467153,-0.335037,READY_TO_IMPORT,nominatim,ok,"Carrer de la Serradora, el Cabanyal - el Canyamelar, Poblats Marítims, València, Comarca de València, València / Valencia, Comunitat Valenciana, 46011, España",postal_exact|city_ok|road_accepted_with_postal_city
es_99544f598d,Fitness Park,Fitness Park A Coruña - Alfonso Molina,"Rúa Francisco Pérez Carballo, 5, 15008",15008,A Coruña,43.338699,-8.407928,READY_TO_IMPORT,nominatim,ok,"Alain Afflelou, 5, Rúa Francisco Pérez Carballo, A Braña, Someso, San Cristovo das Viñas, A Coruña, Galicia, 15008, España",postal_exact|city_ok|road_match|house_number_match|building_or_amenity
es_695c373d70,Fitness Park,Fitness Park A Coruña - Marineda City,43 Av. de Arteixo,15008,A Coruña,43.359768,-8.411485,READY_TO_IMPORT,nominatim,ok,"43, Avenida de Arteixo, A Falperra, Santa Margarida, A Coruña, Galicia, 15005, España",postal_soft|city_ok|road_match|house_number_match
es_77e7b680cd,Fitness Park,Fitness Park A Coruña - Torreiro,"Rúa Torreiro, 28",15001,A Coruña,43.37108,-8.400227,READY_TO_IMPORT,nominatim,ok,"28, Rúa Torreiro, Zalaeta, A Pescaría, A Coruña, Galicia, 15001, España",postal_exact|city_ok|road_match|house_number_match
es_adadcda01e,Fitness Park,Fitness Park Albacete - Albacenter,"Fitness Park - CC C/ Alcalde Conangla, s/n",02006,Albacete,38.991508,-1.847354,READY_TO_IMPORT,nominatim_named_gym_poi,ok,"Fitness Park, Calle de la Puerta de Chinchilla, La Milagrosa, Distrito 4, Albacete, Castilla-La Mancha, 02008, España",named_gym_poi_match|score_3
es_f1d8061aff,Fitness Park,Fitness Park Alcalá de Guadaira - Silos,114 C. Silos,41500,Alcalá de Guadaíra,37.346077,-5.844541,READY_TO_IMPORT,nominatim,ok,"Calle Silos, Alcalá de Guadaíra, Sevilla, Andalucía, 41500, España",postal_exact|city_ok|road_match
es_5cb5dbd781,Fitness Park,Fitness Park Alcobendas - Moraleja Green,"Av. de Europa, 13",28108,Alcobendas,40.519404,-3.656401,READY_TO_IMPORT,nominatim,ok,"Moraleja Green, 13, Avenida de Europa, Alcobendas, Comunidad de Madrid, 28108, España",postal_exact|city_ok|road_match|house_number_match|building_or_amenity
es_01c52c4430,Fitness Park,Fitness Park Alcorcón - X-Madrid,"Centro Comercial X-Madrid - Calle Oslo, 53",28922,Madrid,40.339843,-3.848346,READY_TO_IMPORT,nominatim,ok,"Centro Comercial X-Madrid, 53, Calle Oslo, Parque Oeste de Alcorcón, Suroeste, Alcorcón, Comunidad de Madrid, 28922, España",postal_exact|city_ok|road_match|house_number_match|building_or_amenity
es_1d7a2f9b6b,Fitness Park,Fitness Park Alfafar - Mn4,Calle Alcalde de José Puertes,46910,Alfafar,,,NEEDS_COORDINATES,,failed,,
es_bacaecbd94,Fitness Park,Fitness Park - Algeciras Plaza de la Constitución,Pl. Constitución,11202,Algeciras,36.137822,-5.451277,READY_TO_IMPORT,nominatim,ok,"Plaza de la Constitución, Bajadilla, Algeciras, Campo de Gibraltar, Cádiz, Andalucía, 11202, España",postal_exact|city_ok|road_match
es_32a43f6b96,Fitness Park,Fitness Park Alhaurín de la Torre,"Calle Ur1 Retamar II, 62-73",29130,Alhaurín de la Torre,,,NEEDS_COORDINATES,,failed,,
es_aa5eb1a638,Fitness Park,Fitness Park Alicante - Gran Vía,"C. José García Sellés, 2",03015,Alicante,38.367034,-0.469037,READY_TO_IMPORT,nominatim,ok,"Centro Comercial Gran Vía, 2, Carrer de José García Sellés, el Garbinet, Alacant / Alicante, l'Alacantí, Alacant / Alicante, Comunitat Valenciana, 03015, España",postal_exact|city_ok|road_match|house_number_match|building_or_amenity
es_947a982132,Fitness Park,Fitness Park Alicante - Luceros,"Avinguda de l'Estació, 5, 03003 Alacant, Alicante",03003,Alicante,38.345148,-0.492322,READY_TO_IMPORT,nominatim,ok,"Bulevar Plaza, 5, Avinguda de l'Estació, Diputació, Alacant / Alicante, l'Alacantí, Alacant / Alicante, Comunitat Valenciana, 03003, España",postal_exact|city_ok|road_match|house_number_match
es_84a7cf30a1,Fitness Park,Fitness Park Alicante - San Vicente del Raspeig,"C. Vicente Savall Pascual, 21 03690 San Vicente del Raspeig, Alicante",03690,Alicante,38.390902,-0.519913,READY_TO_IMPORT,nominatim,ok,"21, Carrer Vicent Savall Pascual, Velódormo, Sant Vicent del Raspeig / San Vicente del Raspeig, l'Alacantí, Alacant / Alicante, Comunitat Valenciana, 03690, España",postal_exact|city_ok|road_match|house_number_match
es_2f5e7146c6,Fitness Park,Fitness Park Mairena del Aljarafe - MetroMar,"Av. de los Descubrimientos, S / N",41927,Mairena del Aljarafe,,,NEEDS_COORDINATES,,failed,,
es_7030bea984,Fitness Park,Fitness Park Almería - Carretera de Ronda,"Carretera de Ronda, nº 170",04006,Almería,36.844868,-2.452254,READY_TO_IMPORT,nominatim,ok,"Carretera de Ronda, Regiones Devastadas, Almería, Andalucía, 04006, España",postal_exact|city_ok|road_match
es_1b15d54079,Fitness Park,Fitness Park Armilla - Nevada Shopping,"Nevada Shopping - Av. de las Palmeras, 75",18100,Armilla,37.146527,-3.61355,READY_TO_IMPORT,nominatim,ok,"Nevada Shopping, 75, Avenida de las Palmeras, Santa Juliana, Armilla, Comarca de la Vega de Granada, Granada, Andalucía, 18100, España",postal_exact|city_ok|road_match|house_number_match|building_or_amenity
es_b74c325e34,Fitness Park,Fitness Park Badajoz-Carretera-Olivenza,"calle Arturo Barea, esquina Avenida Príncipe de Asturias",06011,Badajoz,,,NEEDS_COORDINATES,,failed,,
es_2b32bee6fe,Fitness Park,Fitness Park Badajoz - El Faro,El Faro Av. de Elvas,06006,Badajoz,38.884521,-7.02272,READY_TO_IMPORT,nominatim,ok,"El Faro, Avenida de Elvas, Badajoz, Extremadura, 06006, España",postal_exact|city_ok|road_match|building_or_amenity
es_4db88af1d9,Fitness Park,Fitness Park Barakaldo - Megapark,Avenida de la Ribera s/n,48902,Barakaldo,43.292469,-3.005217,READY_TO_IMPORT,nominatim_named_gym_poi,ok,"Fitness Park, Paseo de Ansio, Centro Comercial Megapark Barakaldo, Errekaortu, San Vicente de Barakaldo, Gurutzeta, Barakaldo, Bizkaia, Euskadi, 48902, España",named_gym_poi_match|score_7
es_37f28d29a5,Fitness Park,Fitness Park Barcelona - Balmes,"Calle Balmes, 184",08006,Barcelona,41.220168,1.723837,READY_TO_IMPORT,nominatim,ok,"Avinguda de Jaume Balmes, Plaça de la Sardana, Vilanova i la Geltrú, Garraf, Barcelona, Catalunya, 08800, España",city_ok|road_match
es_fc6f3af596,Fitness Park,Fitness Park Barcelona - Berlin,"Carrer de Berlín, 50",08029,Barcelona,41.383643,2.140183,READY_TO_IMPORT,nominatim,ok,"Fitness Park - Sants-Montjuïc, 50, Carrer de Berlín, Sants, Sants-Montjuïc, Barcelona, Barcelonès, Barcelona, Catalunya, 08029, España",postal_exact|city_ok|road_match|house_number_match|building_or_amenity
es_612d8822d5,Fitness Park,Fitness Park Barcelona - Casanova,"Calle Casanova, 161",08036,Barcelona,41.391369,2.150637,READY_TO_IMPORT,nominatim_named_gym_poi,ok,"Fitness Park - Barcelona - Casanova, 161, Carrer de Casanova, l'Antiga Esquerra de l'Eixample, l'Eixample, Barcelona, Barcelonès, Barcelona, Catalunya, 08036, España",named_gym_poi_match|score_11
es_9a92fdf0b5,Fitness Park,Fitness Park Barcelona - Diagonal Mar,"Av. Diagonal, 3 CC Diagonal Mar",08019,Barcelona,40.471122,-3.443906,READY_TO_IMPORT,nominatim_named_gym_poi,ok,"Fitness Park, 3, Avenida de los Premios Nobel, Soto del Henares, Torrejón de Ardoz, Comunidad de Madrid, 28850, España",named_gym_poi_match|score_3
es_546ccac9ef,Fitness Park,Fitness Park Barcelona - El Triangle,"Carrer de Pelai, 13-37, Eixample",08001,Barcelona,41.385628,2.168503,READY_TO_IMPORT,nominatim,ok,"Carrer de Pelai, la Dreta de l'Eixample, l'Eixample, Barcelona, Barcelonès, Barcelona, Catalunya, 08001, España",postal_exact|city_ok|road_match
es_add7f7d942,Fitness Park,Fitness Park Barcelona - Gran Vía,"Gran Via de les Corts Catalanes, 625",08015,Barcelona,41.391039,2.170005,READY_TO_IMPORT,nominatim,ok,"625, Gran Via de les Corts Catalanes (lateral muntanya), la Dreta de l'Eixample, l'Eixample, Barcelona, Barcelonès, Barcelona, Catalunya, 08010, España",postal_soft|city_ok|road_match|house_number_match
es_3f1621c201,Fitness Park,Fitness Park Barcelona - Independencia,C/ Independencia 296-298,08026,Barcelona,41.409114,2.18196,READY_TO_IMPORT,nominatim,ok,"Fitness Park - Barcelona-Independència, 296, Carrer de la Independència, el Camp de l'Arpa del Clot, Sant Martí, Barcelona, Barcelonès, Barcelona, Catalunya, 08026, España",postal_exact|city_ok|road_match|house_number_match|named_gym_poi
es_079d88854d,Fitness Park,Fitness Park Barcelona - La Maquinista,"C/ de Potosí, 2, Sant Andreu",08030,Barcelona,41.442754,2.20023,READY_TO_IMPORT,nominatim,ok,"2, Carrer de Potosí, Polígon industrial del Bon Pastor, el Bon Pastor, Sant Andreu, Barcelona, Barcelonès, Barcelona, Catalunya, 08030, España",postal_exact|city_ok|road_match|house_number_match
es_d55bbed818,Fitness Park,Fitness Park Barcelona - L'illa Diagonal,"Av. Diagonal, 557, Les Corts",08029,Barcelona,41.389375,2.133711,READY_TO_IMPORT,nominatim,ok,"Barcelona - L'Illa Diagonal Supercharger, 557, Avinguda Diagonal, les Corts, Barcelona, Barcelonès, Barcelona, Catalunya, 08029, España",postal_exact|city_ok|road_match|house_number_match|building_or_amenity
es_8f36852db8,Fitness Park,Fitness Park Barcelona - Rossello,"C/ del Rosselló, 290, L'Eixample",08037,Barcelona,41.399651,2.165954,READY_TO_IMPORT,nominatim,ok,"Fitness Park - Barcelona-Rosselló, 290, Carrer del Rosselló, la Dreta de l'Eixample, l'Eixample, Barcelona, Barcelonès, Barcelona, Catalunya, 08037, España",postal_exact|city_ok|road_match|house_number_match|building_or_amenity
es_2cfbab4f0b,Fitness Park,Fitness Park Barcelona - Sants,"Carrer de Sants, 82, Sants-Montjuïc",08014,Barcelona,41.375619,2.136622,READY_TO_IMPORT,nominatim,ok,"82, Carrer de Sants, Sants, Sants-Montjuïc, Barcelona, Barcelonès, Barcelona, Catalunya, 08014, España",postal_exact|city_ok|road_match|house_number_match|building_or_amenity
es_92ba45cd95,Fitness Park,Fitness Park Barcelona - Zona Franca,"CARRER DE CAL CISO 70, Sants-Montjuïc",08038,Barcelona,41.351087,2.142441,READY_TO_IMPORT,nominatim,ok,"Carrer de Cal Cisó, Cases Barates, la Marina del Prat Vermell, Sants-Montjuïc, Barcelona, Barcelonès, Barcelona, Catalunya, 08038, España",postal_exact|city_ok|road_match
es_f8898c2a29,Fitness Park,Fitness Park Benidorm - La Estación,Carrer Francisco Llorca Antón,03502,Benidorm,,,NEEDS_COORDINATES,,failed,,
es_9d1b0df9ac,Fitness Park,Fitness Park Bilbao - Bolueta,18 Bilbao-Galdakao Errepidea,48004,Bilbao,43.247968,-2.905779,READY_TO_IMPORT,nominatim,ok,"Edificio Arzubi, 18, Bilbo-Galdakao errepidea, Bolueta, Begoña, Bilbao, Bizkaia, Euskadi, 48004, España",postal_exact|city_ok|road_match|house_number_match|building_or_amenity
es_9a880f550c,Fitness Park,Fitness Park Bilbao - Intermodal,"Calle Gurtubay, 1 - Planta 1",48013,Bilbao,27.86553,-15.431208,READY_TO_IMPORT,nominatim_named_gym_poi,ok,"Fitness park, 1, Calle Ciprés, Polígono Industrial de Arinaga, Cruce de Arinaga, Agüimes, Las Palmas, Canarias, 35118, España",named_gym_poi_match|score_4
es_d0577ddf21,Fitness Park,Fitness Park Bilbao - Portugalete,"C. Correos Kāleā, 31",48920,Portugalete,43.320896,-3.022116,READY_TO_IMPORT,nominatim_strict_address,ok,"Posta kalea, Los Llanos, La Florida, Kanpanzar, Portugalete, Bizkaia, Euskadi, 48920, España",postal_exact|city_ok|road_accepted_with_postal_city|same_road_cluster_235m
es_1f3437cfaf,Fitness Park,Fitness Park Bilbao - Zubiarte,"Leizaola Lehendakariaren Kalea, 2, Abando",48011,Bilbo,43.267762,-2.941332,READY_TO_IMPORT,nominatim,ok,"2, Leizaola lehendakariaren kalea, Indautxu, Abando, Bilbao, Bizkaia, Euskadi, 48011, España",postal_exact|road_match|house_number_match
es_8a99034d6c,Fitness Park,Fitness Park Bormujos - Parque Universidad,"Av. Universidad de Salamanca 2, Bormujos.",41930,Bormujos,37.370695,-6.085197,READY_TO_IMPORT,nominatim,ok,"Avenida Universidad de Salamanca, Bormujos, Sevilla, Andalucía, 41930, España",postal_exact|city_ok|road_match
es_463e6cf188,Fitness Park,Fitness Park Burgos – Parque Arlanzon,"C. de la Ventosa, 21, 09001 Burgos",09007,Burgos,42.324501,-3.70345,READY_TO_IMPORT,nominatim_named_gym_poi,ok,"Fitness Park, Almacenes Diputación Provincial, Parque Burgos, Barriada de los Ferroviarios, San Pedro y San Felices, Distrito Sur, Burgos, Castilla y León, 09003, España",named_gym_poi_match|score_3
es_a1b7e30242,Fitness Park,Fitness Park Caceres - Ruta de la Plata,Parque de Medianas APE 27.01 Ruta de la Plata,10005,Cáceres,,,NEEDS_COORDINATES,,failed,,
es_62dc364d75,Fitness Park,Fitness Park Cádiz - Trille,C/ Trille 9,11009,Cádiz,36.511499,-6.277271,READY_TO_IMPORT,nominatim,ok,"Calle Trille, San José, Trille, Cádiz, Bahía de Cádiz, Cádiz, Andalucía, 11009, España",postal_exact|city_ok|road_match
es_7047606f78,Fitness Park,Fitness Park Carcaixent,"Av. Bressol de la Taronja, 25",46740,Carcaixent,,,NEEDS_COORDINATES,,failed,,
es_2a735fbb94,Fitness Park,Fitness Park Cartagena - Espacio Mediterraneo,Espacio metierraneo,30353,Cartagena,37.604235,-0.987448,READY_TO_IMPORT,nominatim,ok,"Fitness Park, Plaza Juan XXIII, Casco Antiguo, Cartagena Casco, Cartagena, Campo de Cartagena y Mar Menor, Región de Murcia, 30201, España",city_ok|named_gym_poi
es_2eb363e64d,Fitness Park,Fitness Park Cartagena - Plaza Juan XXIII,"2, Pl. Juan XXIII",30201,Cartagena,37.60476,-0.987601,READY_TO_IMPORT,nominatim,ok,"Plaza Juan XXIII, Casco Antiguo, Cartagena Casco, Cartagena, Campo de Cartagena y Mar Menor, Región de Murcia, 30201, España",postal_exact|city_ok|road_match
es_52a06591d6,Fitness Park,Fitness Park Castelldefels - Anec Blau,"Av. del Canal Olímpic, 24",08860,Castelldefels,41.283174,1.987187,READY_TO_IMPORT,nominatim,ok,"24, Avinguda del Canal Olímpic, el Castell - Poble Vell, Castelldefels, Baix Llobregat, Barcelona, Catalunya, 08860, España",postal_exact|city_ok|road_match|house_number_match|building_or_amenity
es_5759d1d08e,Fitness Park,Fitness Park Castellón – Vicente Altava,"Carrer del Dr. Vicente Altava, 11, 12004",12004,Castelló de la Plana,39.996962,-0.034773,READY_TO_IMPORT,nominatim,ok,"11, Carrer del Doctor Vicente Altava, Grup del Riu Sec, Castelló de la Plana / Castellón de la Plana, la Plana Alta, Castelló / Castellón, Comunitat Valenciana, 12004, España",postal_exact|city_ok|road_match|house_number_match
es_e97d75b40e,Fitness Park,Fitness Park Ceuta - Marina de Hércules,"Puerto deportivo, Av. Juan Pablo II, s/n",51001,Ceuta,,,NEEDS_COORDINATES,,failed,,
es_19757f8b0e,Fitness Park,Fitness Park Chiclana - Puerta Chiclana,"CC Puerta de Chiclana - Av. del Mueble, 44",11130,Chiclana de la Frontera,,,NEEDS_COORDINATES,,failed,,
es_eb7d0360ca,Fitness Park,Fitness Park Colmenar - La Maquinilla,M762+28R28770 Colmenar Viejo,28770,Madrid,40.448692,-3.691702,READY_TO_IMPORT,nominatim,ok,"Fitness Park, Paseo de la Castellana, Complejo AZCA, Cuatro Caminos, Tetuán, Madrid, Comunidad de Madrid, 28020, España",city_ok|named_gym_poi
es_e7ac500a29,Fitness Park,Fitness Park Cordoba - El Arcangel,"Av. del Arcángel, s/n, Sureste",14010,Córdoba,37.878263,-4.765753,READY_TO_IMPORT,nominatim,ok,"Avenida del Arcángel, Arcángel, Distrito Sureste, Córdoba, Andalucía, 14010, España",postal_exact|city_ok|road_match
es_a3d6a67ce6,Fitness Park,Fitness Park Córdoba - La Sierra,"CC La Sierra - C. Poeta Emilio Prados, s/n, Noroeste",14011,Córdoba,37.89617,-4.790574,READY_TO_IMPORT,nominatim_strict_address,ok,"Calle Poeta Emilio Prados, Arruzafilla, Distrito Norte Centro, Córdoba, Andalucía, 14011, España",postal_exact|city_ok|road_match|highway_street_level_ok
es_2c951d6805,Fitness Park,Fitness Park Cuenca - Av. Mediterraneo,"Av del Mediterráneo, 6",16004,Cuenca,37.215183,-3.61843,READY_TO_IMPORT,nominatim_named_gym_poi,ok,"Fitness Park, 6, Calle de Luis Buñuel, Pulianillas, Pulianas, Comarca de la Vega de Granada, Granada, Andalucía, 18197, España",named_gym_poi_match|score_3
es_b8116c28a8,Fitness Park,Fitness Park Dos Hermanas - Entrenasas,CC entrenasas,41704,Dos Hermanas,,,NEEDS_COORDINATES,,failed,,
es_fdf199bc3b,Fitness Park,Fitness Park Écija - N4,"Av. del Genil, s/n",41400,Écija,37.536783,-5.073876,READY_TO_IMPORT,nominatim,ok,"Avenida del Genil, Écija, Sevilla, Andalucía, 41400, España",postal_exact|city_ok|road_match
es_3a7bc486dd,Fitness Park,Fitness Park Elche - Aljub,"Jacarilla, 7 Elche",03205,Elche,38.262719,-0.720532,READY_TO_IMPORT,nominatim,ok,"Centro Comercial L'Aljub, 7, carrer Jacarilla, l'Aljub, Elx / Elche, el Baix Vinalopó, Alacant / Alicante, Comunitat Valenciana, 03205, España",postal_exact|city_ok|road_match|house_number_match|building_or_amenity
es_e087c7235e,Fitness Park,Fitness Park Esplugues - Finestrelles,"Carrer de Sant Mateu, 10",08950,Esplugues de Llobrega,41.438106,2.230264,READY_TO_IMPORT,nominatim,ok,"10, Carrer de Sant Mateu, Congrés, Districte 5, Badalona, Barcelonès, Barcelona, Catalunya, 08918, España",postal_soft|road_match|house_number_match
es_7047458e02,Fitness Park,Fitness Park Estepona - Cristobal Ruíz Méndez,"C. Cristóbal Ruiz Méndez, 41-65",29680,Estepona,36.423102,-5.155266,READY_TO_IMPORT,nominatim,ok,"Calle Cristóbal Ruiz Méndez, Balcones del Mar, Ronda del Mar, Estepona, Costa del Sol Occidental, Málaga, Andalucía, 29680, España",postal_exact|city_ok|road_match
es_a98a751ffd,Fitness Park,Fitness Park Finestrat,"Av. Federico García Lorca, 5, 03509 Finestrat, Alicante",03509,Alicante,38.539972,-0.171178,READY_TO_IMPORT,nominatim,ok,"Avinguda Federico Garcia Lorca, Finestrat, la Marina Baixa, Alacant / Alicante, Comunitat Valenciana, 03509, España",postal_exact|city_ok|road_match
es_f30028fd04,Fitness Park,Fitness Park Fuenlabrada - Móstoles,"C/ de Móstoles, 80",28942,"Fuenlabrada, Madrid",40.297193,-3.818719,READY_TO_IMPORT,nominatim,ok,"Calle de Móstoles, El Vivero, El Vivero - Hospital - Universidad, Fuenlabrada, Comunidad de Madrid, 28942, España",postal_exact|road_match
es_37c0257746,Fitness Park,Fitness Park Gandia - MYO,Polígon Sector Beneito Valencia,46702,Gandia,,,NEEDS_COORDINATES,,failed,,
es_6775043258,Fitness Park,Fitness Park Gines - Avenida Europa,"Av. de Europa, 100",41960,Gines,37.384484,-6.066257,READY_TO_IMPORT,nominatim,ok,"Sombrerería Mibúh, 100, Avenida de Europa, Poblado de Rozas, Gines, Sevilla, Andalucía, 41960, España",postal_exact|city_ok|road_match|house_number_match|building_or_amenity
es_5fc791583d,Fitness Park,Fitness Park Gran Canaria - Cruce de Arinaga,"C. Duraznero 2, y C. Ciprés 1 Polígono Cruce Arinaga",35118,Agüimes,27.86553,-15.431208,DUPLICATE,nominatim_named_gym_poi,ok,"Fitness park, 1, Calle Ciprés, Polígono Industrial de Arinaga, Cruce de Arinaga, Agüimes, Las Palmas, Canarias, 35118, España",named_gym_poi_match|score_12
es_d2036049d3,Fitness Park,Fitness Park Vecindario,"Calle de Velázquez, 37",35110,Vecindario,,,NEEDS_COORDINATES,,failed,,
es_bbd7e343ec,Fitness Park,Fitness Park Gran Canaria - Tamaraceite,Calle Lucy Cabrera Suarez,35018,Las Palmas,28.100102,-15.47921,READY_TO_IMPORT,nominatim,ok,"Calle Lucy Cabrera Suárez (Cantante Lírica), La Galera, Tamaraceite, Las Palmas de Gran Canaria, Las Palmas, Canarias, 35018, España",postal_exact|city_ok|road_match
es_053d9c0d8b,Fitness Park,Fitness Park Granada - Granaita,"Calle Blvd. Billy Wilder, s/n",18197,Pulianas,37.215183,-3.61843,DUPLICATE,nominatim_named_gym_poi,ok,"Fitness Park, 6, Calle de Luis Buñuel, Pulianillas, Pulianas, Comarca de la Vega de Granada, Granada, Andalucía, 18197, España",named_gym_poi_match|score_7
es_f0cd95b7ad,Fitness Park,Fitness Park Granada - AV Juan Pablo II,"Carretera de Jaén S/N, Nacional 323 Km 127",18013,Granada,,,NEEDS_COORDINATES,,failed,,
es_d353d18517,Fitness Park,Fitness Park Huelva - La Hispanidad,"Avenida Andalucia, 23, Huelva",21004,Huelva,37.291169,-6.375288,READY_TO_IMPORT,nominatim,ok,"23, Avenida de Andalucía, Hinojos, El Condado, Huelva, Andalucía, España",city_ok|road_match|house_number_match|building_or_amenity
es_233f298b6f,Fitness Park,Fitness Park Illescas - Señorio Plaza,"C. Juan Carlos Onetti, 1",45200,Illescas,,,NEEDS_COORDINATES,,failed,,
es_57ea9154a1,Fitness Park,Fitness Park Jerez de la Frontera - Luz Shopping,CC Luz Shopping Rda. Aurora Boreal,11408,Jerez de la Frontera,,,NEEDS_COORDINATES,,failed,,
es_faad3f4862,Fitness Park,Fitness Park La Línea - La Alcaidesa,"Av Príncipe de Asturias s/n, Torre de Control",11300,La Línea de la Concepción,,,NEEDS_COORDINATES,,failed,,
es_07d0424e1e,Fitness Park,Fitness Park Las Palmas - Las Ramblas,"Centro Comercial Las Ramblas, Avenida de Juan Carlos I, 29",35019,Las Palmas,27.86553,-15.431208,DUPLICATE,nominatim_named_gym_poi,ok,"Fitness park, 1, Calle Ciprés, Polígono Industrial de Arinaga, Cruce de Arinaga, Agüimes, Las Palmas, Canarias, 35118, España",named_gym_poi_match|score_2
es_f21b6c9938,Fitness Park,Fitness Park Leganés - Parquesur,"Av. Gran Bretaña, s/n",28916,Madrid,40.448692,-3.691702,DUPLICATE,nominatim,ok,"Fitness Park, Paseo de la Castellana, Complejo AZCA, Cuatro Caminos, Tetuán, Madrid, Comunidad de Madrid, 28020, España",city_ok|named_gym_poi
es_4f747d9266,Fitness Park,Fitness Park León - Espacio León,"CC Espacio León - Av. País Leonés, 12",24010,León,42.614288,-5.59793,READY_TO_IMPORT,nominatim_strict_address,ok,"Paso Honroso, 12, Avenida País Leonés, Área 17, El Soto, León, Castilla y León, 24010, España",postal_exact|city_ok|road_match|house_number_match|building_or_amenity|same_road_cluster_242m
es_d341170a3e,Fitness Park,Fitness Park Lleida - Pere Cabrera,"CARRER PERE DE CABRERA, 24",25001,Lleida,41.605937,0.624958,READY_TO_IMPORT,nominatim,ok,"24, Carrer de Pere de Cabrera, Cappont, Lleida, Segrià, Lleida, Catalunya, 25001, España",postal_exact|city_ok|road_match|house_number_match
es_b2fd36dc36,Fitness Park,Fitness Park Lleida - Plaza Noguerola,Plaza Noguerola,25005,Lleida,41.619251,0.632852,READY_TO_IMPORT,nominatim_named_gym_poi,ok,"Fitness Park, 5, Plaça de la Noguerola, Rambla de Ferran - Estació, Lleida, Segrià, Lleida, Catalunya, 25007, España",named_gym_poi_match|score_3
es_19319b23df,Fitness Park,Fitness Park Lorca - Parque Almenara,Camino Enmedio s/n 30813 Lorca Murcia,30813,Lorca,,,NEEDS_COORDINATES,,failed,,
es_3f8bd0250e,Fitness Park,Fitness Park Lugo - As Termas,"CC As Termas - Av. Infanta Elena, 213",27003,Lugo,43.037005,-7.569347,READY_TO_IMPORT,nominatim_strict_address,ok,"213, Avenida Infanta Elena, Albeiros, Lugo, Galicia, 27003, España",postal_exact|city_ok|road_match|house_number_match|building_or_amenity|same_road_cluster_143m
es_59a148ac97,Fitness Park,Fitness Park Madrid - Calle Toledo,"C. de Toledo, 143, Arganzuela",28005,Madrid,40.404239,-3.712073,READY_TO_IMPORT,nominatim,ok,"Supercor, 143, Calle de Toledo, Las Acacias, Arganzuela, Madrid, Comunidad de Madrid, 28005, España",postal_exact|city_ok|road_match|house_number_match|building_or_amenity
es_0258b3e60b,Fitness Park,Fitness Park Madrid - Castellana 85,"P.º de la Castellana, 85, Chamartín, 28046 Madrid",28046,Madrid,40.448692,-3.691702,DUPLICATE,nominatim_named_gym_poi,ok,"Fitness Park, Paseo de la Castellana, Complejo AZCA, Cuatro Caminos, Tetuán, Madrid, Comunidad de Madrid, 28020, España",named_gym_poi_match|score_4
es_a41898bdc7,Fitness Park,Fitness Park Madrid - La Gavia,"C. Adolfo Bioy Casares, 2",28051,Madrid,40.36816,-3.597554,READY_TO_IMPORT,nominatim,ok,"Centro Comercial La Gavia, 2, Calle de Adolfo Bioy Casares, Ensanche de Vallecas, Villa de Vallecas, Madrid, Comunidad de Madrid, 28051, España",postal_exact|city_ok|road_match|house_number_match|building_or_amenity
es_2931cfacad,Fitness Park,Fitness Park Madrid - La Vaguada,"Av. de Monforte de Lemos, 36",28029,Madrid,40.448692,-3.691702,DUPLICATE,nominatim,ok,"Fitness Park, Paseo de la Castellana, Complejo AZCA, Cuatro Caminos, Tetuán, Madrid, Comunidad de Madrid, 28020, España",postal_soft|city_ok|named_gym_poi
es_8d5ad76372,Fitness Park,Fitness Park Madrid - Matadero,"C. de Jaime el Conquistador, 48, Arganzuela",28045,Madrid,40.394867,-3.698743,READY_TO_IMPORT,nominatim,ok,"48, Calle de Jaime I El Conquistador, Chopera, Arganzuela, Madrid, Comunidad de Madrid, 28045, España",postal_exact|city_ok|road_match|house_number_match|building_or_amenity
es_8b640ff2d5,Fitness Park,Fitness Park Madrid - Mendez Alvaro,"C. de Méndez Álvaro, 61Arganzuela",28045,Madrid,40.448692,-3.691702,DUPLICATE,nominatim,ok,"Fitness Park, Paseo de la Castellana, Complejo AZCA, Cuatro Caminos, Tetuán, Madrid, Comunidad de Madrid, 28020, España",postal_soft|city_ok|named_gym_poi
es_a2ce54d94e,Fitness Park,Fitness Park Madrid - Nasas Metropolitano,CC Nasas Metropolitano,28022,Madrid,40.448692,-3.691702,DUPLICATE,nominatim,ok,"Fitness Park, Paseo de la Castellana, Complejo AZCA, Cuatro Caminos, Tetuán, Madrid, Comunidad de Madrid, 28020, España",postal_soft|city_ok|named_gym_poi
es_da657e5085,Fitness Park,Fitness Park Madrid - Nuga Castellana,"P.º de la Castellana, 196-204",28046,Madrid,40.448692,-3.691702,DUPLICATE,nominatim_named_gym_poi,ok,"Fitness Park, Paseo de la Castellana, Complejo AZCA, Cuatro Caminos, Tetuán, Madrid, Comunidad de Madrid, 28020, España",named_gym_poi_match|score_3
es_4cf22c073d,Fitness Park,Fitness Park San Sebastián de los Reyes - Plaza norte 2,"Pl. del Comercio, 11-12",28703,Madrid,40.544145,-3.613101,READY_TO_IMPORT,nominatim,ok,"Plaza del Comercio, Parque Comercial MegaPark, San Sebastián de los Reyes, Comunidad de Madrid, 28703, España",postal_exact|city_ok|road_match
es_39736cb275,Fitness Park,Fitness Park Madrid - Principe Pio,"Paseo de la Florida, 2",28008,Madrid,40.422146,-3.720496,READY_TO_IMPORT,nominatim,ok,"Centro Comercial Príncipe Pío, 2, Paseo de la Florida, Casa de Campo, Moncloa-Aravaca, Madrid, Comunidad de Madrid, 28008, España",postal_exact|city_ok|road_match|house_number_match|building_or_amenity
es_824d529470,Fitness Park,Fitness Park Madrid - Rio 2,"C/ Antonio López, 109- 3, A° 2",28019,Madrid,40.448692,-3.691702,DUPLICATE,nominatim,ok,"Fitness Park, Paseo de la Castellana, Complejo AZCA, Cuatro Caminos, Tetuán, Madrid, Comunidad de Madrid, 28020, España",postal_soft|city_ok|named_gym_poi
es_decf5c5a5e,Fitness Park,Fitness Park Madrid - Valdebebas Shopping,Valdebebas Hortaleza,28055,Madrid,40.492438,-3.668818,READY_TO_IMPORT,nominatim,ok,"SAS España, 25, Calle del Arroyo de Valdebebas, Valdefuentes, Hortaleza, Madrid, Comunidad de Madrid, 28050, España",postal_soft|city_ok|road_match
es_2be98b434b,Fitness Park,Fitness Park Malaga - Bahía,"Antón Garcia Abril 6, 29004 Málaga",29004,Málaga,36.659579,-4.475681,READY_TO_IMPORT,nominatim,ok,"Calle Antón García Abril, Churriana, Guadalmar-San Julián, Málaga, Málaga-Costa del Sol, Málaga, Andalucía, 29004, España",postal_exact|city_ok|road_match
es_118122c9e1,Fitness Park,Fitness Park Málaga - Velázquez,Avenida de Velázquez 85/89,29001,Málaga,36.700291,-4.44519,READY_TO_IMPORT,nominatim,ok,"Avenida de Velázquez, San Carlos Condote, Carretera de Cádiz, Málaga, Málaga-Costa del Sol, Málaga, Andalucía, 29003, España",postal_soft|city_ok|road_match
es_b31cfc737a,Fitness Park,Fitness Park Marbella - Marbell Center,"Av. Ramón y Cajal, 18",29601,Marbella,36.509047,-4.885557,READY_TO_IMPORT,nominatim,ok,"Avenida de Ramón y Cajal, Barrio Alto, Casco antiguo, Marbella, Costa del Sol Occidental, Málaga, Andalucía, 29601, España",postal_exact|city_ok|road_match
es_20fe3a5137,Fitness Park,Fitness Park Mataró - Mataró Park,"Carrer Estrasburg, 5",08304,Barcelona,41.555087,2.435066,READY_TO_IMPORT,nominatim,ok,"Mataró Parc, 5, Carrer Estrasburg, Camí de la Serra, Mataró, Maresme, Barcelona, Catalunya, 08304, España",postal_exact|city_ok|road_match|house_number_match|building_or_amenity
es_8643325394,Fitness Park,Fitness Park Melilla,"Carretera Regimiento de la Corona, s/n",52006,Melilla,,,NEEDS_COORDINATES,,failed,,
es_34dffb9b3c,Fitness Park,Fitness Park Molina de Segura - Estación,"C. Estación, 29",30500,Molina de Segura,38.053512,-1.213436,READY_TO_IMPORT,nominatim,ok,"Calle Estación, Torrealta, Molina de Segura, Vega Media del Segura, Región de Murcia, 30500, España",postal_exact|city_ok|road_match
es_4f4a5aab99,Fitness Park,Fitness Park Murcia - Alameda Colón,"Alameda de Colón, 10",30002,Murcia,37.980928,-1.130659,READY_TO_IMPORT,nominatim,ok,"Alameda de Colón, El Carmen, Murcia, Patiño, Murcia, Área Metropolitana de Murcia, Región de Murcia, 30002, España",postal_exact|city_ok|road_match
es_a01c47b95a,Fitness Park,Fitness Park Murcia - Atalayas,"C. de Molina de Segura, 10",30007,Murcia,37.991775,-1.112829,READY_TO_IMPORT,nominatim,ok,"Centro Comercial Atalayas, 10, Calle Molina de Segura, Molino del Nelva, Puente Tocinos, Murcia, Área Metropolitana de Murcia, Región de Murcia, 30007, España",postal_exact|city_ok|road_match|house_number_match|building_or_amenity
es_7a8dda6957,Fitness Park,Fitness Park Murcia - Costera Sur,"Av. de Sta. Catalina, 184, 30151 Murcia",30151,Murcia,41.396456,2.153443,READY_TO_IMPORT,nominatim_named_gym_poi,ok,"Fitness Park - Sarrià - Sant Gervasi, 184, Carrer de Balmes, Sant Gervasi - Galvany, Sarrià - Sant Gervasi, Barcelona, Barcelonès, Barcelona, Catalunya, 08006, España",named_gym_poi_match|score_3
es_00b9276d36,Fitness Park,Fitness Park Murcia - Nueva Condomina,"A-7, Km. 760, Autovía del Mediterráneo",30110,Churra,,,NEEDS_COORDINATES,,failed,,
es_2a935cbc8e,Fitness Park,Fitness Park Nigran Nasas,"Parque empresarial Porto do Molle, Rúa das Pontes, 2",36350,Nigrán,,,NEEDS_COORDINATES,,failed,,
es_d3564db080,Fitness Park,Fitness Park Oviedo - Salesas,"C/ del Gral. Elorza, 68, 33001 Oviedo, Asturias",33001,Oviedo,43.367141,-5.848502,READY_TO_IMPORT,nominatim_named_gym_poi,ok,"Fitness Park, Calle del General Elorza, Económicos, Pumarín, Oviedo / Uviéu, Oviedo, Asturias / Asturies, 33001, España",named_gym_poi_match|score_10
es_65ef82d072,Fitness Park,Fitness Park Palma de Mallorca - Arago,"C/ Aragó, Nº231, Levante",07008,Palma,39.59075,2.678658,READY_TO_IMPORT,nominatim_named_gym_poi,ok,"Fitness Park, Carrer de Rafel Alcover, Son Fuster Nou, es Viver, Districte de Llevant, Palma, Illes Balears, 07008, España",named_gym_poi_match|score_6
es_9521af7a43,Fitness Park,Fitness Park Palma de Mallorca - Manacor,"C. de Manacor, 5, Llevant",07006,Palma,39.59075,2.678658,DUPLICATE,nominatim_named_gym_poi,ok,"Fitness Park, Carrer de Rafel Alcover, Son Fuster Nou, es Viver, Districte de Llevant, Palma, Illes Balears, 07008, España",named_gym_poi|match_score_4
es_6d431e9bd5,Fitness Park,Fitness Park Pamplona - Erripagaña,"AV Erripagaña, S/N",31016,Burlada,42.816301,-1.612343,READY_TO_IMPORT,nominatim_strict_address,ok,"Erripagañako etorbidea, Erripagaña, Burlada / Burlata, Iruñerria, Navarra, Navarra / Nafarroa, 31016, España",postal_exact|city_ok|road_match|highway_street_level_ok|same_road_cluster_67m
es_6232bd56a3,Fitness Park,Fitness Park Pontevedra - Vilanova Shopping,"PO-530, Vilanova de Arousa",36001,Pontevedra,,,NEEDS_COORDINATES,,failed,,
es_4192a32370,Fitness Park,Fitness Park Puerto de Sagunto - Av Hispanidad,Av. Hispanidad 28,46520,Sagunto,39.664995,-0.228766,READY_TO_IMPORT,nominatim,ok,"Avinguda de la Hispanitat, Wichita (Dones Sindicalistes), el Port de Sagunt, Sagunt / Sagunto, el Camp de Morvedre, València / Valencia, Comunitat Valenciana, 46520, España",postal_exact|city_ok|road_accepted_with_postal_city
es_a44052e38f,Fitness Park,Fitness Park Puerto de Santa María - El Paseo,"N-IV, Km 653 Local L01",11500,El Puerto de Santa María,,,NEEDS_COORDINATES,,failed,,
es_a82827f40a,Fitness Park,Fitness Park Puerto Real - Parque Comercial Entrevías,"Av. de la Diversidad, 4",11510,El Pinar,36.530368,-6.185031,READY_TO_IMPORT,nominatim,ok,"Avenida de la Diversidad, Las Canteras, Puerto Real, Bahía de Cádiz, Cádiz, Andalucía, 11510, España",postal_exact|road_match
es_a29a6b0154,Fitness Park,Fitness Park Reus - Daily Reus,"Carrer de Nicaragua, 4",43204,Tarragona,41.146002,1.1293,READY_TO_IMPORT,nominatim,ok,"Carrer de Nicaragua, Polígon Industrial Tecnoparc, Reus, Baix Camp, Tarragona, Catalunya, 43204, España",postal_exact|city_ok|road_match
es_78282b831f,Fitness Park,Fitness Park Reus - La Fira,"Avinguda de Sant Jordi, 6",43201,Reus,41.162302,1.110717,READY_TO_IMPORT,nominatim,ok,"Bitcoin ATM - Shitcoins.club, 6, Avinguda de Sant Jordi, Niloga, Reus, Baix Camp, Tarragona, Catalunya, 43201, España",postal_exact|city_ok|road_match|house_number_match|building_or_amenity
es_6edbf5522c,Fitness Park,Fitness Park Roquetas - Gran Plaza,"Ctra. de Alicun, s/n",04740,Roquetas de Mar,,,NEEDS_COORDINATES,,failed,,
es_3c2db0bb64,Fitness Park,Fitness Park Sabadell - Rambla D'iberia,"Rambla d'Ibèria, 99",08205,Sabadell,41.539293,2.097315,READY_TO_IMPORT,nominatim,ok,"Rambla d'Ibèria, Gràcia, Sabadell, Vallès Occidental, Barcelona, Catalunya, 08205, España",postal_exact|city_ok|road_match
es_6d37ad3bf0,Fitness Park,Fitness Park Sabadell - Sabadell Parc,Carrer Can Diviu 15,08205,Sabadell,41.514905,2.104173,READY_TO_IMPORT,nominatim,ok,"Carrer de Can Diviu, Sant Pau de Riu-sec, Sabadell, Vallès Occidental, Barcelona, Catalunya, 08214, España",postal_soft|city_ok|road_match
es_7414830e6d,Fitness Park,Fitness Park Salamanca - Capuchinos,CC Los Capuchinos-Crta. Salamanca-Sta. Marta Km 6 s/n,37900,Sta Marta de Tormes,40.948496,-5.649838,READY_TO_IMPORT,nominatim,ok,"Fitness Park, Calle Capuchinos, Parque Comercial Capuchinos, La Fontana, Santa Marta de Tormes, Salamanca, Castilla y León, 37194, España",road_match|named_gym_poi
es_69eb4e1a81,Fitness Park,Fitness Park San Javier - Dos Mares,Centro comercial Dos Mares,30730,San Javier,37.819769,-0.813021,READY_TO_IMPORT,nominatim_named_gym_poi,ok,"Fitness Park, Avenida del Pinatar, La Calavera, San Javier, Campo de Cartagena y Mar Menor, Región de Murcia, 30720, España",named_gym_poi_match|score_2
es_68bdb4b591,Fitness Park,Fitness Park San Juan de Aznalfarache - Parque Comercial Alavera,"Parque Comercial Alavera, de San Juan",41920,Sevilla,,,NEEDS_COORDINATES,,failed,,
es_19dad882c7,Fitness Park,Fitness Park San Sebastian - La Bretxa,"Boulevard Zumardia, 3",20003,Donostia,43.322882,-1.982987,READY_TO_IMPORT,nominatim,ok,"Lanchares, 3, Boulevard zumardia, Erdialdea, Gune Erromantikoa, Centro, Donostia / San Sebastián, Gipuzkoa, Euskadi, 20003, España",postal_exact|city_ok|road_match|house_number_match|building_or_amenity
es_22d8fc41e3,Fitness Park,Fitness Park Usurbil - Urbil,"Bo. Txiki-Erdi, 7",20170,Usurbil,43.274516,-2.035923,READY_TO_IMPORT,nominatim,ok,"Bo. Txiki-Erdi, Txikierdi, Usurbil, Gipuzkoa, Euskadi, 20170, España",postal_exact|city_ok|road_match
es_0a162ae9d8,Fitness Park,Fitness Park Sanlúcar - Las Dunas,Sanlúcar Las Dunas Shopping Planta Baja. Nº del local 83,11540,Sanlúcar,,,NEEDS_COORDINATES,,failed,,
es_ca188a876f,Fitness Park,Fitness Park Sant Boi - Parc Comercial,"Carrer dels Hortells, 6",08830,Sant Boi de Llobregat,41.32791,2.047227,READY_TO_IMPORT,nominatim,ok,"MediaMarkt, 6-8, Carrer dels Hortells, Vinyets i Molí Vell, Sant Boi de Llobregat, Baix Llobregat, Barcelona, Catalunya, 08830, España",postal_exact|city_ok|road_match|building_or_amenity
es_3d169c1197,Fitness Park,Fitness Park Sant Just Desvern - Carretera Reial,Carretera Reial 163,08960,Sant Just Desvern,41.379651,2.057972,READY_TO_IMPORT,nominatim,ok,"Carretera Reial, Sant Just Desvern, Baix Llobregat, Barcelona, Catalunya, 08960, España",postal_exact|city_ok|road_match
es_570f5f0a51,Fitness Park,Fitness Park Santander - El Alisal,"C/ Joaquín Rodrigo, 2",39011,Santander,43.457613,-3.862002,READY_TO_IMPORT,nominatim,ok,"Centro Comercial El Alisal, 2, Calle de Joaquín Rodrigo, Adarzo, Sector 1, Urbanización Altamira, Peñacastillo, Santander, Cantabria, 39011, España",postal_exact|city_ok|road_match|house_number_match|building_or_amenity
es_b198f88803,Fitness Park,Fitness Park Santurtzi - Plaza del ayuntamiento,"Calle Sabino Arana Kalea, nº 1",48980,Santurtzi,43.330129,-3.034435,READY_TO_IMPORT,nominatim_strict_address,ok,"Sabino Arana kalea, Mamariga, Kabiezes, Santurtzi, Bizkaia, Euskadi, 48980, España",postal_exact|city_ok|road_match|highway_street_level_ok
es_501c3818f1,Fitness Park,Fitness Park Sevilla - Sevilla Norte,"C. Fobos, Norte",41015,Sevilla,37.433966,-5.972483,READY_TO_IMPORT,nominatim,ok,"Calle Fobos, Parque Empresarial Higuerón Sur, Distrito Norte, Sevilla, Andalucía, 41015, España",postal_exact|city_ok|road_match
es_54a802fae3,Fitness Park,Fitness Park Sevilla - Triana,"Av. de Coria, 9 - 13",41010,Sevilla,37.381068,-6.010803,READY_TO_IMPORT,nominatim,ok,"Avenida de Coria, Barrio León, Triana, Sevilla, Andalucía, 41010, España",postal_exact|city_ok|road_match
es_49a116abe1,Fitness Park,Fitness Park Sevilla - Villalobos,"Manuel Villalobos, 31",41009,Sevilla,37.406121,-5.981783,READY_TO_IMPORT,nominatim,ok,"Calle Manuel Villalobos, León XIII-Los Naranjos, Distrito Macarena, Sevilla, Andalucía, 41009, España",postal_exact|city_ok|road_match
es_d7e0dff8c3,Fitness Park,Fitness Park Talavera de la Reina - Prado,"P.º del Prado, 2",45600,Talavera de la Reina,39.96146,-4.826436,READY_TO_IMPORT,nominatim,ok,"Paseo del Prado, La Piedad, La Alameda, Talavera de la Reina, Toledo, Castilla-La Mancha, 45600, España",postal_exact|city_ok|road_match
es_7746539e53,Fitness Park,Fitness Park Tarragona - Family Park,"Family Cash, Carrer de Valencia, 43001 Tarragona",43001,Tarragona,41.114036,1.201846,READY_TO_IMPORT,nominatim_named_gym_poi,ok,"Fitness Park, Carretera de València, Verge del Pilar, Campclar, Tarragona, Tarragonès, Tarragona, Catalunya, 43006, España",named_gym_poi_match|score_3
es_422554fdbf,Fitness Park,Fitness Park Tarragona - Prat de la Riba,"Av. Prat de la Riba, 12",43001,Tarragona,41.115561,1.246797,READY_TO_IMPORT,nominatim,ok,"12, Avinguda Prat de la Riba, Nou Eixample Sud, Tarragona, Tarragonès, Tarragona, Catalunya, 43001, España",postal_exact|city_ok|house_number_match|building_or_amenity
es_6fdbe6d5d2,Fitness Park,Fitness Park Telde - Las Terrazas,"GC-1, 5, Planta 1 - Local A6",35220,Telde,,,NEEDS_COORDINATES,,failed,,
es_12e0718e2c,Fitness Park,Fitness Park Tenerife - La Cuesta,"Carr. Gral. la Cuesta, 28",38320,La Laguna,,,NEEDS_COORDINATES,,failed,,
es_16464aed85,Fitness Park,Fitness Park Tenerife - La Gran Manzana,"Av. Lucio Diaz Flores Feo, S/N",38639,San Miguel de Abona,,,NEEDS_COORDINATES,,failed,,
es_9fe4041f61,Fitness Park,Fitness Park Terrassa - Universitat,Avenida Barcelona 110 Terrassa,08222,Barcelona,,,NEEDS_COORDINATES,,failed,,
es_85dae99c9e,Fitness Park,Fitness Park Torrejón - Oasiz,Avenida Premios Nobel 3,28850,Torrejón de Ardoz,40.472034,-3.44336,READY_TO_IMPORT,nominatim,ok,"Centro Comercial Oasiz Madrid, 3, Avenida de los Premios Nobel, Soto del Henares, Torrejón de Ardoz, Comunidad de Madrid, 28850, España",postal_exact|city_ok|road_match|house_number_match|building_or_amenity
es_aa7eb54019,Fitness Park,Fitness Park Torrelavega - Plaza Mayor,"Pl. Mayor, 3",39300,Torrelavega,43.350195,-4.048849,READY_TO_IMPORT,nominatim,ok,"3, Plaza Mayor, Barrio Quebrantada, La Llama, Campuzano, Torrelavega, Cantabria, 39300, España",postal_exact|city_ok|road_match|house_number_match
es_d094e2d53f,Fitness Park,Fitness Park Tudela - Puente de la Ribera,"Carr. Zaragoza, s/n",31500,Tudela,,,NEEDS_COORDINATES,,failed,,
es_5984c94f81,Fitness Park,Fitness Park Utebo - CC La Torre Outlet,"Av. de Logroño, Km 6, 5",50011,Zaragoza,41.655535,-0.906042,READY_TO_IMPORT,nominatim,ok,"Fitness Park, Avenida de Navarra, La Almozara, Zaragoza, Aragón, 50010, España",postal_soft|city_ok|road_match|named_gym_poi
es_d5973ec827,Fitness Park,Fitness Park Valencia - Aqua,"Carrer de Menorca, 19",46023,"València, Valencia",39.456598,-0.345915,READY_TO_IMPORT,nominatim,ok,"Aqua Multiespacio, 19, Carrer de Menorca, Penya-roja, Camins al Grau, València, Comarca de València, València / Valencia, Comunitat Valenciana, 46023, España",postal_exact|city_ok|road_match|house_number_match|building_or_amenity
es_2e853b4fd2,Fitness Park,Fitness Park Valencia - Bonaire,"Autovía del Este, Km. 345",46960,Valencia,,,NEEDS_COORDINATES,,failed,,
es_a25f6c4d3a,Fitness Park,Fitness Park Valencia - Calixto,"Calle Calixto III, 28, Valencia",46008,València,39.470726,-0.390504,READY_TO_IMPORT,nominatim,ok,"28, Carrer de Calixt III, la Petxina, Extramurs, València, Comarca de València, València / Valencia, Comunitat Valenciana, 46008, España",postal_exact|city_ok|house_number_match
es_f031a23b73,Fitness Park,Fitness Park Valencia - Camí de Montcada,"Camí de Montcada, 85, Rascanya",46019,València,39.49355,-0.380618,READY_TO_IMPORT,nominatim,ok,"Fitness Park, 85, Camí de Montcada, Torrefiel, Rascanya, València, Comarca de València, València / Valencia, Comunitat Valenciana, 46019, España",postal_exact|city_ok|road_match|house_number_match|building_or_amenity
es_afc249dcff,Fitness Park,Fitness Park Valencia - Cid,"Av. del Cid, 75-77",46014,Valencia,39.469427,-0.403923,READY_TO_IMPORT,nominatim,ok,"Avinguda del Cid, Tres Forques, l'Olivereta, València, Comarca de València, València / Valencia, Comunitat Valenciana, 46014, España",postal_exact|city_ok|road_accepted_with_postal_city
es_038a84660d,Fitness Park,Fitness Park Valencia - Colón,"Calle Grabador Esteve, nº 10, Bajo",46004,Valencia,,,NEEDS_COORDINATES,,failed,,
es_f60558b8d5,Fitness Park,Fitness Park Valencia - L'Eliana,"Av. de la Pobla de Vallbona, 39",46184,San Antonio de Benagéber,39.576435,-0.515956,READY_TO_IMPORT,nominatim,ok,"Decathlon, 39, Avenida Pobla de Vallbona, Urbanització Montsà, San Antonio de Benagéber, el Camp de Túria, València / Valencia, Comunitat Valenciana, 46184, España",postal_exact|city_ok|road_match|house_number_match|building_or_amenity
es_df046b1787,Fitness Park,Fitness Park Valencia - Nou Mestalla,"C/del Doctor Nicasi Benlloch, 27",46015,Valencia,39.488807,-0.39288,READY_TO_IMPORT,nominatim_named_gym_poi,ok,"Fitnesspark, Carrer de Mirasol, Benicalap, València, Comarca de València, València / Valencia, Comunitat Valenciana, 46015, España",named_gym_poi_match|score_6
es_d80d10b215,Fitness Park,Fitness Park Valencia - Paiporta,Calle dels Fuster 36,46200,Paiporta,,,NEEDS_COORDINATES,,failed,,
es_cca50bd416,Fitness Park,Fitness Park Valencia - Peris y Valero,"Avenida Peris y Valero nº 173, València",46000,València,39.4623,-0.363089,READY_TO_IMPORT,nominatim,ok,"Avinguda de Peris i Valero, Russafa, l'Eixample, València, Comarca de València, València / Valencia, Comunitat Valenciana, 46005, España",postal_soft|city_ok|road_match
es_1cf80b8324,Fitness Park,Fitness Park Valencia - Ruzafa,"C. de los Centelles, 10",46004,Valencia,39.460298,-0.370828,READY_TO_IMPORT,nominatim,ok,"Fitness Park Valencia - Ruzafa, 10, Carrer dels Centelles, Russafa, l'Eixample, València, Comarca de València, València / Valencia, Comunitat Valenciana, 46004, España",postal_exact|city_ok|road_match|house_number_match|named_gym_poi
es_1dadb42e47,Fitness Park,Fitness Park Valladolid - Isabel la Católica,P.º Isabel la Catolica,47001,Valladolid,41.654399,-4.731927,READY_TO_IMPORT,nominatim,ok,"Paseo Isabel La Católica Instituto Núñez de Arce, Paseo de Isabel la Católica, San Pablo - San Nicolás, Valladolid, Castilla y León, 47003, España",postal_soft|city_ok|road_match
es_4bb2e20a06,Fitness Park,Fitness Park Valladolid - VallSur,"CC. P.º de Zorrilla, 328",47008,Valladolid,41.622808,-4.748899,READY_TO_IMPORT,nominatim_strict_address,ok,"Paseo Zorrilla 328, Paseo de Zorrilla, Las Villas - Valparaíso, Valladolid, Castilla y León, 47008, España",postal_exact|city_ok|road_match|building_or_amenity
es_10550eff1c,Fitness Park,Fitness Park Vigo - Gran Vía de Vigo,"Rúa do Miradoiro, 2",36210,Vigo,42.220715,-8.724909,READY_TO_IMPORT,nominatim,ok,"Vigo Supercharger, 2, Rúa do Miradoiro, O Castaño, Castreliños, Castrelos, Vigo, Pontevedra, Galicia, 36210, España",postal_exact|city_ok|road_match|house_number_match|building_or_amenity
es_84c5285409,Fitness Park,Fitness Park Vilafranca del Pendes - Av. Tarragona,"Sant marçal, 3",08720,Vilafranca del penedes,41.334828,1.682262,READY_TO_IMPORT,nominatim,ok,"Carrer de Sant Marçal, Polígon industrial Domenys I, Vilafranca del Penedès, Alt Penedès, Barcelona, Catalunya, 08720, España",postal_exact|city_ok|road_match
es_d914baa5eb,Fitness Park,Fitness Park Vilanova - Parc Comercial Vilanova,"Parc Comercial Vilanova, Masia d'en barreres",08800,Vilanova i la Geltrú,41.237893,1.726987,READY_TO_IMPORT,nominatim_named_gym_poi,ok,"Fitness Park, Rambla de la Torre de l'Onclet, Vilanova i la Geltrú, Garraf, Barcelona, Catalunya, 08800, España",named_gym_poi_match|score_8
es_793819cb59,Fitness Park,Fitness Park Villanueva de la Serena - Carretera Don Benito,"POLIGONO INDUSTRIAL LA CAGANCHA, 1",06700,Villanueva de la Serena,27.86553,-15.431208,DUPLICATE,nominatim_named_gym_poi,ok,"Fitness park, 1, Calle Ciprés, Polígono Industrial de Arinaga, Cruce de Arinaga, Agüimes, Las Palmas, Canarias, 35118, España",named_gym_poi_match|score_5
es_88bcde02f1,Fitness Park,Fitness Park Vinarós - Parque Mediterraneo,"Avenida Dauradors, 16, local 8",12500,Vinaròs,,,NEEDS_COORDINATES,,failed,,
es_5372dd6d0c,Fitness Park,Fitness Park Vitoria - Beato Tomás,"C. Beato Tomás de Zumárraga, 50, Txagorritxu",01009,Vitoria,42.850561,-2.683338,READY_TO_IMPORT,nominatim,ok,"50, Tomas Zumarraga dohatsuaren kalea, Abendaño, Txagorritxu, Vitoria-Gasteiz, Gasteizko kuadrilla, Araba / Álava, Euskadi, 01009, España",postal_exact|city_ok|road_match|house_number_match
es_2d8860e37b,Fitness Park,Fitness Park Vitoria - Boulevard,"Zaramaga Kalea, 1",01013,"Gasteiz, Araba",42.862049,-2.668185,READY_TO_IMPORT,nominatim,ok,"El Boulevard, 1, Zaramaga kalea, Zaramaga, Vitoria-Gasteiz, Gasteizko kuadrilla, Araba / Álava, Euskadi, 01013, España",postal_exact|road_match|house_number_match|building_or_amenity
es_ea2856a839,Fitness Park,Fitness Park Zamora - Vista Alegre,"C. Poeta Alfonso de Peñalosa, N-122, Km. 62,3",49022,Zamora,,,NEEDS_COORDINATES,,failed,,
es_eb8377cf19,Fitness Park,Fitness Park Zaragoza - Actur,Av. Zambrano 50,50005,Zaragoza,41.646673,-0.894949,READY_TO_IMPORT,nominatim_named_gym_poi,ok,"Fitness Park, Calle Fueros de Aragón, Romareda, Universidad, Zaragoza, Aragón, 50005, España",named_gym_poi_match|score_6
es_2cbe16a5d0,Fitness Park,Fitness Park Zaragoza - Delicias,Avenida de Navarra 50-52,50010,Zaragoza,41.655535,-0.906042,DUPLICATE,nominatim_named_gym_poi,ok,"Fitness Park, Avenida de Navarra, La Almozara, Zaragoza, Aragón, 50010, España",named_gym_poi_match|score_8
es_ee819ebad8,Fitness Park,Fitness Park Zaragoza - Goya,1 C. de Juan José Lorente,50005,Zaragoza,41.646673,-0.894949,DUPLICATE,nominatim_named_gym_poi,ok,"Fitness Park, Calle Fueros de Aragón, Romareda, Universidad, Zaragoza, Aragón, 50005, España",named_gym_poi_match|score_6
es_fa2f87c159,Fitness Park,Fitness Park Zaragoza - Las Fuentes,"C. de Yolanda de Bar, 9",50013,Zaragoza,41.640574,-0.864589,READY_TO_IMPORT,nominatim,ok,"9, Calle de Yolanda de Bar, Las Fuentes, Zaragoza, Aragón, 50013, España",postal_exact|city_ok|road_match|house_number_match
es_6fb673ace3,Fitness Park,Fitness Park Zaragoza - Puerto Venecia,Travesía Jardines Reales Nº 7,50021,Zaragoza,41.609605,-0.888535,READY_TO_IMPORT,nominatim,ok,"Travesía Jardines Reales, Parque Venecia, Torrero-La Paz, Zaragoza, Aragón, 50021, España",postal_exact|city_ok|road_match
es_46a544b930,Forus,Forus Cascais,"Av. Dr. Manuel Ricardo Espírito Santo Silva 233, 2750-762 Cascais, Portugal",,Portugal,,,NEEDS_COORDINATES,,failed,,
es_786aa36edd,GO fit,GO fit Las Palmas,"C. Secretario Padilla, 88, 90",35010,Las Palmas de Gran Canaria,28.132466,-15.442288,READY_TO_IMPORT,nominatim,ok,"Go Fit Las Palmas, 88, Calle Secretario Padilla, Guanarteme, Las Palmas de Gran Canaria, Las Palmas, Canarias, 35010, España",postal_exact|city_ok|road_match|house_number_match|named_gym_poi
es_71e6aa43c2,Metropolitan,"Metropolitan Barcelona Carrer de Sant Miquel, 16","Carrer de Sant Miquel, 16",08006,Barcelona,41.398432,2.150987,READY_TO_IMPORT,nominatim,ok,"Metropolitan, 215, Carrer de Balmes, Sant Gervasi - Galvany, Sarrià - Sant Gervasi, Barcelona, Barcelonès, Barcelona, Catalunya, 08006, España",city_ok|named_gym_poi
es_0acb9d5bc8,Metropolitan,"Metropolitan Sant Just Desvern Carrer de Frederic Mompou, 1","Carrer de Frederic Mompou, 1",08960,Sant Just Desvern,41.37522,2.074178,READY_TO_IMPORT,nominatim,ok,"Hesperia Sant Just, 1, Carrer de Frederic Mompou, Sant Just Diagonal, Sant Just Desvern, Baix Llobregat, Barcelona, Catalunya, 08960, España",postal_exact|city_ok|road_match|house_number_match
es_0638c3765b,O2 Centro Wellness,O2 Promocion,"Plazas limitadas. ¡Reserva ahora!"" />",,Barcelona,,,DUPLICATE,,failed,,
es_0e39d915e9,O2 Centro Wellness,O2 Agenda,,18023,Boutique Gym Barcelona,,,DUPLICATE,,failed,,
es_66a52d6fbd,O2 Centro Wellness,O2 Parc Del Migdia,"C/a\u003E\u003C/div\u003E\u003C/div\u003E\u003Cbutton class=\""cmplz-accept-service\""\u003EEs",,Girona,,,NEEDS_COORDINATES,,failed,,
es_80e487a88f,O2 Centro Wellness,O2 Don Ramon De La Cruz,"Calle de Don Ramón de la Cruz, 31, 33, Salamanca",28001,Madrid,40.44601,-3.587612,READY_TO_IMPORT,nominatim,ok,"O2 Centro Wellness, 3, Calle de Aracne, Centro Comercial Plenilunio, Rejas, San Blas - Canillejas, Madrid, Comunidad de Madrid, 28022, España",postal_soft|city_ok|road_match|named_gym_poi
es_01024d831b,O2 Centro Wellness,O2 Manuel Becerra,"Plaza de Manuel Becerra 17, Barrio Salamanca",28028,Madrid,40.44601,-3.587612,DUPLICATE,nominatim,ok,"O2 Centro Wellness, 3, Calle de Aracne, Centro Comercial Plenilunio, Rejas, San Blas - Canillejas, Madrid, Comunidad de Madrid, 28022, España",postal_soft|city_ok|named_gym_poi
es_c860e970be,O2 Centro Wellness,O2 Sexta Avenida,Avenida - Gimnasio con piscina y spa,,Madrid,,,NEEDS_COORDINATES,,failed,,
es_1a5f3175d7,Enjoy!,Enjoy! Altamira,"Calle de Barcelona, 30",28945,Fuenlabrada,40.296127,-3.791301,READY_TO_IMPORT,official_brand_mymaps,ok,"Enjoy! Altamira, 30, Calle de Barcelona, San Gregorio, La Avanzada - La Cueva, Fuenlabrada, Comunidad de Madrid, 28945, España",official_mymaps_pin
es_e4213fba6d,Enjoy!,Enjoy! Getafe,Calle Leganés,28901,Getafe,40.307491,-3.733036,READY_TO_IMPORT,official_brand_mymaps,ok,"Calle Leganés, Centro, Getafe, Comunidad de Madrid, 28901, España",official_mymaps_pin
es_af2b6b0b7f,Enjoy!,Enjoy! Carabanchel,"Calle Reus, 13",28044,Madrid,40.371721,-3.743435,READY_TO_IMPORT,official_brand_mymaps,ok,"Ballenoil, 13, Calle Reus, Polígono industrial de Aguacate, Buenavista, Carabanchel, Madrid, Comunidad de Madrid, 28044, España",official_mymaps_pin
es_ec7bd3a67d,Enjoy!,Enjoy! Móstoles,Calle de Perseo,28938,Móstoles,40.306075,-3.866609,READY_TO_IMPORT,official_brand_mymaps,ok,"Enjoy Wellness, Calle de Perseo, Móstoles, Comunidad de Madrid, 28938, España",official_mymaps_pin
es_a61f68992a,Enjoy!,Enjoy! La Ribera,"Avenida Puente del Pilar, 14",50014,Zaragoza,41.658001,-0.868905,READY_TO_IMPORT,official_brand_mymaps,ok,"Enjoy! La Ribera, 14, Avenida Puente del Pilar, Jesús, El Rabal, Zaragoza, Aragón, 50014, España",official_mymaps_pin
es_822c17d90b,Enjoy!,Enjoy! Samaranch,Avinguda de França,46024,València,39.457427,-0.341824,READY_TO_IMPORT,official_brand_mymaps,ok,"Poliesportiu Juan Antonio Samaranch, Avinguda de França, Penya-roja, Camins al Grau, València, Comarca de València, València / Valencia, Comunitat Valenciana, 46024, España",official_mymaps_pin
es_b3e6a8d98f,Enjoy!,Enjoy! Sanfer,Calle Fuero de Avilés,33401,Avilés,43.554276,-5.934444,READY_TO_IMPORT,official_brand_mymaps,ok,"Enjoy! Sanfer, Calle Fuero de Avilés, El Quirinal, Avilés, Asturias / Asturies, 33401, España",official_mymaps_pin
es_6ff7d70591,Enjoy!,Enjoy! Jerez,Avenida de los Marianistas,11404,Jerez de la Frontera,36.696736,-6.138357,READY_TO_IMPORT,official_brand_mymaps,ok,"Avenida de los Marianistas, La Plata, Jerez de la Frontera, Campiña de Jerez, Cádiz, Andalucía, 11404, España",official_mymaps_pin
es_99ff5464bf,Enjoy!,Enjoy! San Bernardo,Avenida de Cádiz,41004,Sevilla,37.382562,-5.983961,READY_TO_IMPORT,official_brand_mymaps,ok,"Enjoy! San Bernardo, Avenida de Cádiz, San Bernardo, Nervión, Sevilla, Andalucía, 41004, España",official_mymaps_pin
es_bc7200fce5,Enjoy!,Enjoy! Murcia,Calle Pablo Neruda,30003,Murcia,37.980174,-1.125237,READY_TO_IMPORT,official_brand_mymaps,ok,"Calle Pablo Neruda, Infante Juan Manuel, Murcia, Barrio del Progreso, Murcia, Área Metropolitana de Murcia, Región de Murcia, 30003, España",official_mymaps_pin
es_3198fbe826,Enjoy!,Enjoy! Oviedo,Calle Hangzhou,33012,Oviedo,43.374029,-5.856879,READY_TO_IMPORT,official_brand_mymaps,ok,"Calle Hangzhou, Loma del Canto, La Ciudá Naranco, Oviedo / Uviéu, Oviedo, Asturias / Asturies, 33012, España",official_mymaps_pin
es_104fdbd93d,Enjoy!,Enjoy! Aldehuela,Calle del Río Primera,37900,Cabrerizos,40.961128,-5.636133,READY_TO_IMPORT,official_brand_mymaps,ok,"Pista de Atletismo Cubierta 'Carlos Gil Pérez', Calle del Río Primera, Aldehuela de Los Guzmanes, Cabrerizos, Salamanca, Castilla y León, 37900, España",official_mymaps_pin
es_84163e028a,Enjoy!,Enjoy! Multiusos,Avenida de los Cipreses,37004,Salamanca,40.978603,-5.649746,READY_TO_IMPORT,official_brand_mymaps,ok,"Pabellón Multiusos José Luis Sánchez Paraíso, Avenida de los Cipreses, Garrido, Garrido Norte, Salamanca, Castilla y León, 37004, España",official_mymaps_pin
es_aa0721594d,Enjoy!,Enjoy! Mérida - Ciudad Deportiva de Mérida,Autovía del Suroeste,06800,Mérida,38.916376,-6.372095,READY_TO_IMPORT,official_brand_mymaps,ok,"Ciudad deportiva, Autovía del Suroeste, El Torillo, Mérida, Badajoz, Extremadura, 06800, España",official_mymaps_pin
es_281d1a5166,Enjoy!,Enjoy! Silos,"Calle de la Amistad, 6",50002,Zaragoza,41.647056,-0.860644,READY_TO_IMPORT,official_brand_mymaps,ok,"6, Calle de la Amistad, Las Fuentes, Zaragoza, Aragón, 50002, España",official_mymaps_pin
es_5b7f31a499,Enjoy!,Enjoy! Málaga,Calle Argentea,29007,Málaga,36.720891,-4.44479,READY_TO_IMPORT,official_brand_mymaps,ok,"Calle Argentea, Arroyo del Cuarto, Cruz de Humilladero, Málaga, Málaga-Costa del Sol, Málaga, Andalucía, 29007, España",official_mymaps_pin
es_201303b2df,Enjoy!,Enjoy! Albacete,"Calle Francisco Pizarro, 50",02004,Albacete,38.992084,-1.865112,READY_TO_IMPORT,official_brand_mymaps,ok,"50, Calle Francisco Pizarro, Fátima, Distrito 2, Albacete, Castilla-La Mancha, 02004, España",official_mymaps_pin
es_a3ed993b40,Enjoy!,Enjoy! La Isla,Calle Colegio Naval Sacramento,11100,San Fernando,36.462229,-6.201782,READY_TO_IMPORT,official_brand_mymaps,ok,"Calle Colegio Naval Sacramento, Carretera de la Carraca, San Fernando, Bahía de Cádiz, Cádiz, Andalucía, 11100, España",official_mymaps_pin
es_80cc9909e9,Metropolitan,Metropolitan Bilbao,Masustegi kalea,48006,Bilbao,43.257652,-2.913372,READY_TO_IMPORT,nominatim_named_gym_poi,ok,"Club Metropolitan Begoña, Masustegi kalea, Begoña, Bilbao, Bizkaia, Euskadi, 48006, España",
