"id","chain","center_name","address","postal_code","city","country","latitude","longitude","status","verification_status","source_url","opening_hours","coord_source","geocode_status","website","notes"
"nl_05e9341084","Anytime Fitness","Anytime Fitness 's-Gravenzande","Graaf Willem 2 straat 25","2691 MW","'s-Gravenzande","Netherlands","","","NEEDS_COORDINATES","VERIFIED_CURRENT","https://www.anytimefitness.nl/gyms/nl-1252/&apos;s-gravenzande-zuid-holland-2691-mw/","24/7","","failed","https://www.anytimefitness.nl","official_club_db_sitemap; NL only"
"nl_a451a63bf9","Anytime Fitness","Anytime Fitness Alkmaar","Europaplein 62-63","1825 TL","Alkmaar","Netherlands",52.655735,4.75778,"READY_TO_IMPORT","VERIFIED_CURRENT","https://www.anytimefitness.nl/gyms/nl-1169/alkmaar-noord-holland-1825-tl/","24/7","nominatim","ok","https://www.anytimefitness.nl","official_club_db_sitemap; NL only"
"nl_440b0e1d85","Anytime Fitness","Anytime Fitness Almere","Prozastraat 111C","1321 GZ","Almere","Netherlands",52.35762,5.182753,"READY_TO_IMPORT","VERIFIED_CURRENT","https://www.anytimefitness.nl/gyms/nl-1214/almere-flevoland-1321-gz/","24/7","nominatim","ok","https://www.anytimefitness.nl","official_club_db_sitemap; NL only"
"nl_f987737d4d","Anytime Fitness","Anytime Fitness Almere Buiten","Noordeinde 46","1334 AX","Almere Buiten","Netherlands",52.395095,5.276694,"READY_TO_IMPORT","VERIFIED_CURRENT","https://www.anytimefitness.nl/gyms/nl-1045/almere-buiten-flevoland-1334-ax/","24/7","nominatim","ok","https://www.anytimefitness.nl","official_club_db_sitemap; NL only"
"nl_ace22fbc4d","Anytime Fitness","Anytime Fitness Amsterdam","Wijenburg 90A","1082 VW","Amsterdam","Netherlands",52.331874,4.871878,"READY_TO_IMPORT","VERIFIED_CURRENT","https://www.anytimefitness.nl/gyms/nl-1038/amsterdam-noord-holland-1082-vw/","24/7","nominatim","ok","https://www.anytimefitness.nl","official_club_db_sitemap; NL only"
"nl_621c72364c","Anytime Fitness","Anytime Fitness Amsterdam","Noordkaperweg 5","1035 HA","Amsterdam","Netherlands",52.421616,4.884506,"READY_TO_IMPORT","VERIFIED_CURRENT","https://www.anytimefitness.nl/gyms/nl-1102/amsterdam-noord-holland-1035-ha/","24/7","nominatim","ok","https://www.anytimefitness.nl","official_club_db_sitemap; NL only"
"nl_0c693dea05","Anytime Fitness","Anytime Fitness Assen","Roegoorn 1","9403 NR","Assen","Netherlands",53.014671,6.581827,"READY_TO_IMPORT","VERIFIED_CURRENT","https://www.anytimefitness.nl/gyms/nl-1286/assen-drenthe-9403-nr/","24/7","nominatim","ok","https://www.anytimefitness.nl","official_club_db_sitemap; NL only"
"nl_34a816f5c0","Anytime Fitness","Anytime Fitness Assendelft","Dorpsstraat 344","1566 BR","Assendelft","Netherlands",52.465094,4.739185,"READY_TO_IMPORT","VERIFIED_CURRENT","https://www.anytimefitness.nl/gyms/nl-1099/assendelft-noord-holland-1566-br/","24/7","nominatim","ok","https://www.anytimefitness.nl","official_club_db_sitemap; NL only"
"nl_e3b57d1837","Anytime Fitness","Anytime Fitness Barendrecht","Middeldijkerplein 93-95","2993 DL","Barendrecht","Netherlands",51.848697,4.500997,"READY_TO_IMPORT","VERIFIED_CURRENT","https://www.anytimefitness.nl/gyms/nl-1096/barendrecht-zuid-holland-2993-dl/","24/7","nominatim","ok","https://www.anytimefitness.nl","official_club_db_sitemap; NL only"
"nl_b691800861","Anytime Fitness","Anytime Fitness Bavel","Pastoor Doensstraat 8a","4854 CP","Bavel","Netherlands",51.565799,4.831552,"READY_TO_IMPORT","VERIFIED_CURRENT","https://www.anytimefitness.nl/gyms/nl-1119/bavel-noord-brabant-4854-cp/","24/7","nominatim","ok","https://www.anytimefitness.nl","official_club_db_sitemap; NL only"
"nl_4f7231cd27","Anytime Fitness","Anytime Fitness Beek","Wethouder Sangersstraat 4","6191 NA","Beek","Netherlands",50.947153,5.800827,"READY_TO_IMPORT","VERIFIED_CURRENT","https://www.anytimefitness.nl/gyms/nl-1012/beek-limburg-6191-na/","24/7","nominatim","ok","https://www.anytimefitness.nl","official_club_db_sitemap; NL only"
"nl_44085e05fa","Anytime Fitness","Anytime Fitness Beek & Donk","Piet van Thielplein 5","5741 CP","Beek & Donk","Netherlands",51.538125,5.629438,"READY_TO_IMPORT","VERIFIED_CURRENT","https://www.anytimefitness.nl/gyms/nl-1240/beek-&amp;-donk-noord-brabant-5741-cp/","24/7","nominatim","ok","https://www.anytimefitness.nl","official_club_db_sitemap; NL only"
"nl_017fc5200c","Anytime Fitness","Anytime Fitness Beilen","Linthorst Homanweg 24","9411 KC","Beilen","Netherlands",52.856744,6.506198,"READY_TO_IMPORT","VERIFIED_CURRENT","https://www.anytimefitness.nl/gyms/nl-1148/beilen-drenthe-9411-kc/","24/7","nominatim","ok","https://www.anytimefitness.nl","official_club_db_sitemap; NL only"
"nl_e26546caf2","Anytime Fitness","Anytime Fitness Bemmel","Markt 47","6681 AG","Bemmel","Netherlands",51.891771,5.898588,"READY_TO_IMPORT","VERIFIED_CURRENT","https://www.anytimefitness.nl/gyms/nl-1178/bemmel-gelderland-6681-ag/","24/7","nominatim","ok","https://www.anytimefitness.nl","official_club_db_sitemap; NL only"
"nl_d6a6931d67","Anytime Fitness","Anytime Fitness Bennekom","Van Slootenplein 4","6721 JH","Bennekom","Netherlands",51.999708,5.676611,"READY_TO_IMPORT","VERIFIED_CURRENT","https://www.anytimefitness.nl/gyms/nl-1147/bennekom-gelderland-6721-jh/","24/7","nominatim","ok","https://www.anytimefitness.nl","official_club_db_sitemap; NL only"
"nl_12abd71a6b","Anytime Fitness","Anytime Fitness Berkel en Rodenrijs","Westpolderstraat 1","2652 KW","Berkel en Rodenrijs","Netherlands",51.990986,4.455239,"READY_TO_IMPORT","VERIFIED_CURRENT","https://www.anytimefitness.nl/gyms/nl-1068/berkel-en-rodenrijs-zuid-holland-2652-kw/","24/7","nominatim","ok","https://www.anytimefitness.nl","official_club_db_sitemap; NL only"
"nl_f36259de90","Anytime Fitness","Anytime Fitness Best","Raadhuisplein 13","5683 EB","Best","Netherlands",51.512235,5.396761,"READY_TO_IMPORT","VERIFIED_CURRENT","https://www.anytimefitness.nl/gyms/nl-1028/best-noord-brabant-5683-eb/","24/7","nominatim","ok","https://www.anytimefitness.nl","official_club_db_sitemap; NL only"
"nl_9d4e967d9c","Anytime Fitness","Anytime Fitness Bolsward","De Ward 10","8701 MB","Bolsward","Netherlands",53.065476,5.511259,"READY_TO_IMPORT","VERIFIED_CURRENT","https://www.anytimefitness.nl/gyms/nl-1058/bolsward-friesland-8701-mb/","24/7","nominatim","ok","https://www.anytimefitness.nl","official_club_db_sitemap; NL only"
"nl_448fd3e7ec","Anytime Fitness","Anytime Fitness Boxmeer","Veerstraat 8a","5831 JN","Boxmeer","Netherlands",51.648453,5.95145,"READY_TO_IMPORT","VERIFIED_CURRENT","https://www.anytimefitness.nl/gyms/nl-1207/boxmeer-noord-brabant-5831-jn/","24/7","nominatim","ok","https://www.anytimefitness.nl","official_club_db_sitemap; NL only"
"nl_93d02ceb9a","Anytime Fitness","Anytime Fitness Breda","Dr. Struyckenplein 63","4812 TA","Breda","Netherlands",51.577379,4.754705,"READY_TO_IMPORT","VERIFIED_CURRENT","https://www.anytimefitness.nl/gyms/nl-1024/breda-noord-brabant-4812-ta/","24/7","nominatim","ok","https://www.anytimefitness.nl","official_club_db_sitemap; NL only"
"nl_a299416e73","Anytime Fitness","Anytime Fitness Brunssum","Kerkstraat 42a","6441 BE","Brunssum","Netherlands",50.945732,5.971644,"READY_TO_IMPORT","VERIFIED_CURRENT","https://www.anytimefitness.nl/gyms/nl-1053/brunssum-limburg-6441-be/","24/7","nominatim","ok","https://www.anytimefitness.nl","official_club_db_sitemap; NL only"
"nl_283c7e26c8","Anytime Fitness","Anytime Fitness Bussum","Nieuwe Brink 5","1404 KA","Bussum","Netherlands",52.274532,5.163169,"READY_TO_IMPORT","VERIFIED_CURRENT","https://www.anytimefitness.nl/gyms/nl-1109/bussum-noord-holland-1404-ka/","24/7","nominatim","ok","https://www.anytimefitness.nl","official_club_db_sitemap; NL only"
"nl_ddb85da17d","Anytime Fitness","Anytime Fitness Capelle aan den Ijssel","Fluiterlaan 431","2903 HN","Capelle aan den Ijssel","Netherlands",51.931849,4.58678,"READY_TO_IMPORT","VERIFIED_CURRENT","https://www.anytimefitness.nl/gyms/nl-1008/capelle-aan-den-ijssel-zuid-holland-2903-hn/","24/7","nominatim","ok","https://www.anytimefitness.nl","official_club_db_sitemap; NL only"
"nl_29797ae7c3","Anytime Fitness","Anytime Fitness Delfgauw","Rijksstraatweg 43","2645 BT","Delfgauw","Netherlands",51.999499,4.390103,"READY_TO_IMPORT","VERIFIED_CURRENT","https://www.anytimefitness.nl/gyms/nl-1082/delfgauw-zuid-holland-2645-bt/","24/7","nominatim","ok","https://www.anytimefitness.nl","official_club_db_sitemap; NL only"
"nl_94d6d15d9b","Anytime Fitness","Anytime Fitness Delft","Beethovenlaan 230","2625 RW","Delft","Netherlands",51.989822,4.339387,"READY_TO_IMPORT","VERIFIED_CURRENT","https://www.anytimefitness.nl/gyms/nl-1142/delft-zuid-holland-2625-rw/","24/7","nominatim","ok","https://www.anytimefitness.nl","official_club_db_sitemap; NL only"
"nl_e95a4e0633","Anytime Fitness","Anytime Fitness Den Haag - Wateringse Veld","Madridweg 42","2548 VK","Den Haag - Wateringse Veld","Netherlands",52.019297,4.297728,"READY_TO_IMPORT","VERIFIED_CURRENT","https://www.anytimefitness.nl/gyms/nl-1168/den-haag---wateringse-veld-zuid-holland-2548-vk/","24/7","nominatim","ok","https://www.anytimefitness.nl","official_club_db_sitemap; NL only"
"nl_0a06368d04","Anytime Fitness","Anytime Fitness Deventer","Karel de Groteplein 24","7415 DH","Deventer","Netherlands",52.268757,6.164741,"READY_TO_IMPORT","VERIFIED_CURRENT","https://www.anytimefitness.nl/gyms/nl-1195/deventer-overijssel-7415-dh/","24/7","nominatim","ok","https://www.anytimefitness.nl","official_club_db_sitemap; NL only"
"nl_da36481986","Anytime Fitness","Anytime Fitness Deventer-Vijfhoek","Johan Wagenaarlaan 1","7425 GB","Deventer-Vijfhoek","Netherlands",52.260891,6.224259,"READY_TO_IMPORT","VERIFIED_CURRENT","https://www.anytimefitness.nl/gyms/nl-1091/deventer-vijfhoek-overijssel-7425-gb/","24/7","nominatim","ok","https://www.anytimefitness.nl","official_club_db_sitemap; NL only"
"nl_dfaf600929","Anytime Fitness","Anytime Fitness Dieren","Imboslaan 71","6951 KA","Dieren","Netherlands",52.060725,6.102523,"READY_TO_IMPORT","VERIFIED_CURRENT","https://www.anytimefitness.nl/gyms/nl-1106/dieren-gelderland-6951-ka/","24/7","nominatim","ok","https://www.anytimefitness.nl","official_club_db_sitemap; NL only"
"nl_3ac52e72b9","Anytime Fitness","Anytime Fitness Doetinchem","C. Missetstraat 49-53","7005 AA","Doetinchem","Netherlands",51.959504,6.28977,"READY_TO_IMPORT","VERIFIED_CURRENT","https://www.anytimefitness.nl/gyms/nl-1161/doetinchem-gelderland-7005-aa/","24/7","nominatim","ok","https://www.anytimefitness.nl","official_club_db_sitemap; NL only"
"nl_59f7361bc4","Anytime Fitness","Anytime Fitness Dongen","Hoge Ham 168C","5104 JM","Dongen","Netherlands",51.625215,4.94483,"READY_TO_IMPORT","VERIFIED_CURRENT","https://www.anytimefitness.nl/gyms/nl-1243/dongen-noord-brabant-5104-jm/","24/7","nominatim","ok","https://www.anytimefitness.nl","official_club_db_sitemap; NL only"
"nl_28ecf135eb","Anytime Fitness","Anytime Fitness Echt","Peijerstraat 7","6101 GA","Echt","Netherlands",51.10281,5.866533,"READY_TO_IMPORT","VERIFIED_CURRENT","https://www.anytimefitness.nl/gyms/nl-1088/echt-limburg-6101-ga/","24/7","nominatim","ok","https://www.anytimefitness.nl","official_club_db_sitemap; NL only"
"nl_91a8d3fc0e","Anytime Fitness","Anytime Fitness Ede","Stadspoort 2A","6716 RH","Ede","Netherlands",52.018079,5.65094,"READY_TO_IMPORT","VERIFIED_CURRENT","https://www.anytimefitness.nl/gyms/nl-1192/ede-gelderland-6716-rh/","24/7","nominatim","ok","https://www.anytimefitness.nl","official_club_db_sitemap; NL only"
"nl_0f20fbf83c","Anytime Fitness","Anytime Fitness Eijsden","Kerkstraat 4","6245 CB","Eijsden","Netherlands",50.776967,5.702521,"READY_TO_IMPORT","VERIFIED_CURRENT","https://www.anytimefitness.nl/gyms/nl-1061/eijsden-limburg-6245-cb/","24/7","nominatim","ok","https://www.anytimefitness.nl","official_club_db_sitemap; NL only"
"nl_5b61732a19","Anytime Fitness","Anytime Fitness Eindhoven","Korianderstraat 12","5643 AS","Eindhoven","Netherlands",51.422396,5.49938,"READY_TO_IMPORT","VERIFIED_CURRENT","https://www.anytimefitness.nl/gyms/nl-1205/eindhoven-noord-brabant-5643-as/","24/7","nominatim","ok","https://www.anytimefitness.nl","official_club_db_sitemap; NL only"
"nl_46f4dbd979","Anytime Fitness","Anytime Fitness Elsloo","Business Park Stein 106","6181 MA","Elsloo","Netherlands",50.949491,5.783954,"READY_TO_IMPORT","VERIFIED_CURRENT","https://www.anytimefitness.nl/gyms/nl-1026/elsloo-limburg-6181-ma/","24/7","nominatim","ok","https://www.anytimefitness.nl","official_club_db_sitemap; NL only"
"nl_f9cf8cca1a","Anytime Fitness","Anytime Fitness Emmeloord","Lange Nering 93","8302 EZ","Emmeloord","Netherlands",52.711318,5.758975,"READY_TO_IMPORT","VERIFIED_CURRENT","https://www.anytimefitness.nl/gyms/nl-1010/emmeloord-flevoland-8302-ez/","24/7","nominatim","ok","https://www.anytimefitness.nl","official_club_db_sitemap; NL only"
"nl_ac3d24f725","Anytime Fitness","Anytime Fitness Epe","Hoofdstraat 70","8162 AL","Epe","Netherlands",52.348945,5.983809,"READY_TO_IMPORT","VERIFIED_CURRENT","https://www.anytimefitness.nl/gyms/nl-1111/epe-gelderland-8162-al/","24/7","nominatim","ok","https://www.anytimefitness.nl","official_club_db_sitemap; NL only"
"nl_a397e6a8a7","Anytime Fitness","Anytime Fitness Ermelo","Stationsstraat 17-19","3851 NA","Ermelo","Netherlands",52.300752,5.627807,"READY_TO_IMPORT","VERIFIED_CURRENT","https://www.anytimefitness.nl/gyms/nl-1282/ermelo-gelderland-3851-na/","24/7","nominatim","ok","https://www.anytimefitness.nl","official_club_db_sitemap; NL only"
"nl_3ac20d8e21","Anytime Fitness","Anytime Fitness Etten-Leur","Spoorlaan 21","4872 XM","Etten-Leur","Netherlands",51.574488,4.635116,"READY_TO_IMPORT","VERIFIED_CURRENT","https://www.anytimefitness.nl/gyms/nl-1156/etten-leur-noord-brabant-4872-xm/","24/7","nominatim","ok","https://www.anytimefitness.nl","official_club_db_sitemap; NL only"
"nl_c54b6d190f","Anytime Fitness","Anytime Fitness Genemuiden","Klaas Fuitestraat 46","8281 BZ","Genemuiden","Netherlands",52.623604,6.045992,"READY_TO_IMPORT","VERIFIED_CURRENT","https://www.anytimefitness.nl/gyms/nl-1271/genemuiden-overijssel-8281bz/","24/7","nominatim","ok","https://www.anytimefitness.nl","official_club_db_sitemap; NL only"
"nl_c556ec3b46","Anytime Fitness","Anytime Fitness Goes","Stationsplein 13","4461 HP","Goes","Netherlands",51.498459,3.890537,"READY_TO_IMPORT","VERIFIED_CURRENT","https://www.anytimefitness.nl/gyms/nl-1160/goes-zeeland-4461-hp/","24/7","nominatim","ok","https://www.anytimefitness.nl","official_club_db_sitemap; NL only"
"nl_218e74403c","Anytime Fitness","Anytime Fitness Goirle","Hovel 62","5051 NR","Goirle","Netherlands",51.520767,5.069498,"READY_TO_IMPORT","VERIFIED_CURRENT","https://www.anytimefitness.nl/gyms/nl-1262/goirle-noord-brabant-5051-nr/","24/7","nominatim","ok","https://www.anytimefitness.nl","official_club_db_sitemap; NL only"
"nl_76637fe377","Anytime Fitness","Anytime Fitness Goor","Grotestraat 53","7471 BL","Goor","Netherlands",52.234135,6.587291,"READY_TO_IMPORT","VERIFIED_CURRENT","https://www.anytimefitness.nl/gyms/nl-1007/goor-overijssel-7471-bl/","24/7","nominatim","ok","https://www.anytimefitness.nl","official_club_db_sitemap; NL only"
"nl_7f8b1c8b7a","Anytime Fitness","Anytime Fitness Groenlo","Schrijnwerker 1","7141 PR","Groenlo","Netherlands",52.037293,6.606178,"READY_TO_IMPORT","VERIFIED_CURRENT","https://www.anytimefitness.nl/gyms/nl-1042/groenlo-gelderland-7141-pr/","24/7","nominatim","ok","https://www.anytimefitness.nl","official_club_db_sitemap; NL only"
"nl_8f5781b5ae","Anytime Fitness","Anytime Fitness Groesbeek","Hoflaan 3","6561 AV","Groesbeek","Netherlands",51.779515,5.933406,"READY_TO_IMPORT","VERIFIED_CURRENT","https://www.anytimefitness.nl/gyms/nl-1016/groesbeek-gelderland-6561-av/","24/7","nominatim","ok","https://www.anytimefitness.nl","official_club_db_sitemap; NL only"
"nl_9a5830329e","Anytime Fitness","Anytime Fitness Gulpen","Nieuwstraat 8-10","6271 AZ","Gulpen","Netherlands",50.816681,5.894467,"READY_TO_IMPORT","VERIFIED_CURRENT","https://www.anytimefitness.nl/gyms/nl-1002/gulpen-limburg-6271-az/","24/7","nominatim","ok","https://www.anytimefitness.nl","official_club_db_sitemap; NL only"
"nl_b05c3c285f","Anytime Fitness","Anytime Fitness Haaren","Driehoeven 68","5076 BJ","Haaren","Netherlands",51.600127,5.226623,"READY_TO_IMPORT","VERIFIED_CURRENT","https://www.anytimefitness.nl/gyms/nl-1124/haaren-noord-brabant-5076-bj/","24/7","nominatim","ok","https://www.anytimefitness.nl","official_club_db_sitemap; NL only"
"nl_e85073796b","Anytime Fitness","Anytime Fitness Harlingen","Klipperstraat 2","8862 ZX","Harlingen","Netherlands",53.168956,5.443174,"READY_TO_IMPORT","VERIFIED_CURRENT","https://www.anytimefitness.nl/gyms/nl-1129/harlingen-friesland-8862-zx/","24/7","nominatim","ok","https://www.anytimefitness.nl","official_club_db_sitemap; NL only"
"nl_19d9ddb169","Anytime Fitness","Anytime Fitness Heerhugowaard","Middenweg 257-259","1701 GC","Heerhugowaard","Netherlands",52.671044,4.848021,"READY_TO_IMPORT","VERIFIED_CURRENT","https://www.anytimefitness.nl/gyms/nl-1112/heerhugowaard-noord-holland-1701-gc/","24/7","nominatim","ok","https://www.anytimefitness.nl","official_club_db_sitemap; NL only"
"nl_5380e8371f","Anytime Fitness","Anytime Fitness Heerlen","Heerlerbaan 273","6418 CE","Heerlen","Netherlands",50.861827,6.006717,"READY_TO_IMPORT","VERIFIED_CURRENT","https://www.anytimefitness.nl/gyms/nl-1062/heerlen-limburg-6418-ce/","24/7","nominatim","ok","https://www.anytimefitness.nl","official_club_db_sitemap; NL only"
"nl_8f73a40d92","Anytime Fitness","Anytime Fitness Heerlen-Centrum","Akerstraat 108","6417 BN","Heerlen-Centrum","Netherlands",50.882398,5.98335,"READY_TO_IMPORT","VERIFIED_CURRENT","https://www.anytimefitness.nl/gyms/nl-1031/heerlen-centrum-limburg-6417-bn/","24/7","nominatim","ok","https://www.anytimefitness.nl","official_club_db_sitemap; NL only"
"nl_fa4a3e11d5","Anytime Fitness","Anytime Fitness Hellevoetsluis","Struytse Hoeck 55e","3224 HA","Hellevoetsluis","Netherlands",51.831621,4.147301,"READY_TO_IMPORT","VERIFIED_CURRENT","https://www.anytimefitness.nl/gyms/nl-1115/hellevoetsluis-zuid-holland-3224-ha/","24/7","nominatim","ok","https://www.anytimefitness.nl","official_club_db_sitemap; NL only"
"nl_3b4aaafa0e","Anytime Fitness","Anytime Fitness Helmond","Hoofdstraat 95-97","5706 AK","Helmond","Netherlands",51.463766,5.633438,"READY_TO_IMPORT","VERIFIED_CURRENT","https://www.anytimefitness.nl/gyms/nl-1076/helmond-noord-brabant-5706-ak/","24/7","nominatim","ok","https://www.anytimefitness.nl","official_club_db_sitemap; NL only"
"nl_5f3beea2b0","Anytime Fitness","Anytime Fitness Herkenbosch","Craenberglaan 24","6075 HC","Herkenbosch","Netherlands",51.155608,6.065235,"READY_TO_IMPORT","VERIFIED_CURRENT","https://www.anytimefitness.nl/gyms/nl-1037/herkenbosch-limburg-6075-hc/","24/7","nominatim","ok","https://www.anytimefitness.nl","official_club_db_sitemap; NL only"
"nl_0066da4c6c","Anytime Fitness","Anytime Fitness Heythuysen","Schoolstraat 1","6093 EH","Heythuysen","Netherlands",51.25039,5.895838,"READY_TO_IMPORT","VERIFIED_CURRENT","https://www.anytimefitness.nl/gyms/nl-1054/heythuysen-limburg-6093-eh/","24/7","nominatim","ok","https://www.anytimefitness.nl","official_club_db_sitemap; NL only"
"nl_ae709ba6c0","Anytime Fitness","Anytime Fitness Hilvarenbeek","Hilverstraat 105","5081 AV","Hilvarenbeek","Netherlands",51.483957,5.13884,"READY_TO_IMPORT","VERIFIED_CURRENT","https://www.anytimefitness.nl/gyms/nl-1094/hilvarenbeek-noord-brabant-5081-av/","24/7","nominatim","ok","https://www.anytimefitness.nl","official_club_db_sitemap; NL only"
"nl_67a84e3275","Anytime Fitness","Anytime Fitness Hollandscheveld","Het Hoekje 40A","7913 BD","Hollandscheveld","Netherlands",52.70601,6.53813,"READY_TO_IMPORT","VERIFIED_CURRENT","https://www.anytimefitness.nl/gyms/nl-1105/hollandscheveld-drenthe-7913-bd/","24/7","nominatim","ok","https://www.anytimefitness.nl","official_club_db_sitemap; NL only"
"nl_6521d5071e","Anytime Fitness","Anytime Fitness Hoogerheide","Ouwe Raedthuysplein 16","4631 VX","Hoogerheide","Netherlands",51.425854,4.321265,"READY_TO_IMPORT","VERIFIED_CURRENT","https://www.anytimefitness.nl/gyms/nl-1034/hoogerheide-noord-brabant-4631-vx/","24/7","nominatim","ok","https://www.anytimefitness.nl","official_club_db_sitemap; NL only"
"nl_6cf0086595","Anytime Fitness","Anytime Fitness Hoogeveen-Centrum","Schutstraat 91","7907 CB","Hoogeveen-Centrum","Netherlands",52.719782,6.473613,"READY_TO_IMPORT","VERIFIED_CURRENT","https://www.anytimefitness.nl/gyms/nl-1071/hoogeveen-centrum-drenthe-7907-cb/","24/7","nominatim","ok","https://www.anytimefitness.nl","official_club_db_sitemap; NL only"
"nl_2006cc8bfb","Anytime Fitness","Anytime Fitness Houten","Onderdoor 19","3995 DW","Houten","Netherlands",52.034566,5.167569,"READY_TO_IMPORT","VERIFIED_CURRENT","https://www.anytimefitness.nl/gyms/nl-1032/houten-utrecht-3995-dw/","24/7","nominatim","ok","https://www.anytimefitness.nl","official_club_db_sitemap; NL only"
"nl_20906b6297","Anytime Fitness","Anytime Fitness Kerkrade-Centrum","Onze Lieve Vrouwestraat 103","6461 BP","Kerkrade-Centrum","Netherlands",50.867273,6.070132,"READY_TO_IMPORT","VERIFIED_CURRENT","https://www.anytimefitness.nl/gyms/nl-1044/kerkrade-centrum-limburg-6461-bp/","24/7","nominatim","ok","https://www.anytimefitness.nl","official_club_db_sitemap; NL only"
"nl_bfaa3894bf","Anytime Fitness","Anytime Fitness Krommenie","Heiligeweg 49","1561 DE","Krommenie","Netherlands",52.500944,4.764788,"READY_TO_IMPORT","VERIFIED_CURRENT","https://www.anytimefitness.nl/gyms/nl-1229/krommenie-noord-holland-1561-de/","24/7","nominatim","ok","https://www.anytimefitness.nl","official_club_db_sitemap; NL only"
"nl_a27e6c70ee","Anytime Fitness","Anytime Fitness Landgraaf","Streeperstraat 74","6371 GN","Landgraaf","Netherlands",50.899164,6.016825,"READY_TO_IMPORT","VERIFIED_CURRENT","https://www.anytimefitness.nl/gyms/nl-1003/landgraaf-limburg-6371-gn/","24/7","nominatim","ok","https://www.anytimefitness.nl","official_club_db_sitemap; NL only"
"nl_02fbc8834b","Anytime Fitness","Anytime Fitness Landgraaf (Ubach over Worms)","Hovenstraat 126","6374 HG","Landgraaf (Ubach over Worms)","Netherlands",50.915382,6.050677,"READY_TO_IMPORT","VERIFIED_CURRENT","https://www.anytimefitness.nl/gyms/nl-1209/landgraaf-ubach-over-worms-limburg-6374-hg/","24/7","nominatim","ok","https://www.anytimefitness.nl","official_club_db_sitemap; NL only"
"nl_01d3c85191","Anytime Fitness","Anytime Fitness Leek","Industriepark 5A","9351 PA","Leek","Netherlands",53.169064,6.375269,"READY_TO_IMPORT","VERIFIED_CURRENT","https://www.anytimefitness.nl/gyms/nl-1280/leek-groningen-9351-pa/","24/7","nominatim","ok","https://www.anytimefitness.nl","official_club_db_sitemap; NL only"
"nl_28cd6980fb","Anytime Fitness","Anytime Fitness Maarheeze","Oranje Nassaulaan 3","6026 BW","Maarheeze","Netherlands",51.309565,5.609813,"READY_TO_IMPORT","VERIFIED_CURRENT","https://www.anytimefitness.nl/gyms/nl-1080/maarheeze-noord-brabant-6026-bw/","24/7","nominatim","ok","https://www.anytimefitness.nl","official_club_db_sitemap; NL only"
"nl_9c682a63c3","Anytime Fitness","Anytime Fitness Maarssen","Safariweg 38","3605 MA","Maarssen","Netherlands",52.135241,5.033449,"READY_TO_IMPORT","VERIFIED_CURRENT","https://www.anytimefitness.nl/gyms/nl-1143/maarssen-utrecht-3605-ma/","24/7","nominatim","ok","https://www.anytimefitness.nl","official_club_db_sitemap; NL only"
"nl_7c0ca7f8c2","Anytime Fitness","Anytime Fitness Maasbracht","Havenzicht 2","6051 EC","Maasbracht","Netherlands",51.144636,5.884445,"READY_TO_IMPORT","VERIFIED_CURRENT","https://www.anytimefitness.nl/gyms/nl-1004/maasbracht-limburg-6051-ec/","24/7","nominatim","ok","https://www.anytimefitness.nl","official_club_db_sitemap; NL only"
"nl_7b0cb2d8fe","Anytime Fitness","Anytime Fitness Maastricht","Raadhuisstraat 4","6226 GM","Maastricht","Netherlands",50.843914,5.726332,"READY_TO_IMPORT","VERIFIED_CURRENT","https://www.anytimefitness.nl/gyms/nl-1011/maastricht-limburg-6226-gm/","24/7","nominatim","ok","https://www.anytimefitness.nl","official_club_db_sitemap; NL only"
"nl_a6f10589cb","Anytime Fitness","Anytime Fitness Maastricht","Mergelweg 40","6212 XH","Maastricht","Netherlands",50.838439,5.684709,"READY_TO_IMPORT","VERIFIED_CURRENT","https://www.anytimefitness.nl/gyms/nl-1193/maastricht-limburg-6212-xh/","24/7","nominatim","ok","https://www.anytimefitness.nl","official_club_db_sitemap; NL only"
"nl_ff185e42b2","Anytime Fitness","Anytime Fitness Maastricht-Amby","Ambyerstraat noord 25","6225 EA","Maastricht-Amby","Netherlands",50.863166,5.732243,"READY_TO_IMPORT","VERIFIED_CURRENT","https://www.anytimefitness.nl/gyms/nl-1070/maastricht-amby-limburg-6225-ea/","24/7","nominatim","ok","https://www.anytimefitness.nl","official_club_db_sitemap; NL only"
"nl_6cddd0d54b","Anytime Fitness","Anytime Fitness Made","Schoolstraat 19","4921 BJ","Made","Netherlands",51.679585,4.792003,"READY_TO_IMPORT","VERIFIED_CURRENT","https://www.anytimefitness.nl/gyms/nl-1101/made-noord-brabant-4921-bj/","24/7","nominatim","ok","https://www.anytimefitness.nl","official_club_db_sitemap; NL only"
"nl_7be2901292","Anytime Fitness","Anytime Fitness Malden","Promenade 33a","6581 BW","Malden","Netherlands",51.781211,5.852873,"READY_TO_IMPORT","VERIFIED_CURRENT","https://www.anytimefitness.nl/gyms/nl-1175/malden-gelderland-6581-bw/","24/7","nominatim","ok","https://www.anytimefitness.nl","official_club_db_sitemap; NL only"
"nl_364bb157c8","Anytime Fitness","Anytime Fitness Medemblik","Admiraliteitsweg 6A","1671 JA","Medemblik","Netherlands",52.762166,5.101746,"READY_TO_IMPORT","VERIFIED_CURRENT","https://www.anytimefitness.nl/gyms/nl-1263/medemblik-noord-holland-1671-ja/","24/7","nominatim","ok","https://www.anytimefitness.nl","official_club_db_sitemap; NL only"
"nl_b73e5db93d","Anytime Fitness","Anytime Fitness Middelharnis","Westelijke Achterweg 33","3241 EH","Middelharnis","Netherlands",51.758821,4.164305,"READY_TO_IMPORT","VERIFIED_CURRENT","https://www.anytimefitness.nl/gyms/nl-1267/middelharnis-zuid-holland-3241-eh/","24/7","nominatim","ok","https://www.anytimefitness.nl","official_club_db_sitemap; NL only"
"nl_7ce066a940","Anytime Fitness","Anytime Fitness Mill","Kerkstraat 14","5451 BM","Mill","Netherlands",51.687454,5.783543,"READY_TO_IMPORT","VERIFIED_CURRENT","https://www.anytimefitness.nl/gyms/nl-1259/mill-noord-brabant-5451-bm/","24/7","nominatim","ok","https://www.anytimefitness.nl","official_club_db_sitemap; NL only"
"nl_6e91d013f2","Anytime Fitness","Anytime Fitness Millingen","Heerbaan 264","6566 EX","Millingen","Netherlands",51.867869,6.031425,"READY_TO_IMPORT","VERIFIED_CURRENT","https://www.anytimefitness.nl/gyms/nl-1152/millingen-gelderland-6566-ex/","24/7","nominatim","ok","https://www.anytimefitness.nl","official_club_db_sitemap; NL only"
"nl_e57000f6fa","Anytime Fitness","Anytime Fitness Nederweert","Lambertushof 4","6031 EP","Nederweert","Netherlands",51.28544,5.749263,"READY_TO_IMPORT","VERIFIED_CURRENT","https://www.anytimefitness.nl/gyms/nl-1204/nederweert-limburg-6031-ep/","24/7","nominatim","ok","https://www.anytimefitness.nl","official_club_db_sitemap; NL only"
"nl_13ea2bcee1","Anytime Fitness","Anytime Fitness Neede","Oudestraat 16","7161 DW","Neede","Netherlands",52.131989,6.612905,"READY_TO_IMPORT","VERIFIED_CURRENT","https://www.anytimefitness.nl/gyms/nl-1009/neede-gelderland-7161dw/","24/7","nominatim","ok","https://www.anytimefitness.nl","official_club_db_sitemap; NL only"
"nl_69d9bc5708","Anytime Fitness","Anytime Fitness Nijverdal","Grotestraat 49","7443 BB","Nijverdal","Netherlands",52.364985,6.464272,"READY_TO_IMPORT","VERIFIED_CURRENT","https://www.anytimefitness.nl/gyms/nl-1114/nijverdal-overijssel-7443-bb/","24/7","nominatim","ok","https://www.anytimefitness.nl","official_club_db_sitemap; NL only"
"nl_6b5afb6573","Anytime Fitness","Anytime Fitness Noordwijkerhout","Dorpsstraat 23","2211 GA","Noordwijkerhout","Netherlands",52.261712,4.491944,"READY_TO_IMPORT","VERIFIED_CURRENT","https://www.anytimefitness.nl/gyms/nl-1173/noordwijkerhout-zuid-holland-2211-ga/","24/7","nominatim","ok","https://www.anytimefitness.nl","official_club_db_sitemap; NL only"
"nl_9a4f978c80","Anytime Fitness","Anytime Fitness Nootdorp","Markt 1","2631 ED","Nootdorp","Netherlands",51.863438,4.244722,"READY_TO_IMPORT","VERIFIED_CURRENT","https://www.anytimefitness.nl/gyms/nl-1023/nootdorp-zuid-holland-2631-ed/","24/7","nominatim","ok","https://www.anytimefitness.nl","official_club_db_sitemap; NL only"
"nl_6271a300bd","Anytime Fitness","Anytime Fitness Nuenen","Vincent van Goghplein 97","5671 DV","Nuenen","Netherlands",51.474448,5.552731,"READY_TO_IMPORT","VERIFIED_CURRENT","https://www.anytimefitness.nl/gyms/nl-1092/nuenen-noord-brabant-5671-dv/","24/7","nominatim","ok","https://www.anytimefitness.nl","official_club_db_sitemap; NL only"
"nl_75487ff476","Anytime Fitness","Anytime Fitness Numansdorp","Wethouder van der Veldenweg 5a","3281 AN","Numansdorp","Netherlands",51.730304,4.440338,"READY_TO_IMPORT","VERIFIED_CURRENT","https://www.anytimefitness.nl/gyms/nl-1201/numansdorp-zuid-holland-3281-an/","24/7","nominatim","ok","https://www.anytimefitness.nl","official_club_db_sitemap; NL only"
"nl_71cd25940a","Anytime Fitness","Anytime Fitness Nunspeet","Elburgerweg 29","8071 TA","Nunspeet","Netherlands",52.386643,5.790865,"READY_TO_IMPORT","VERIFIED_CURRENT","https://www.anytimefitness.nl/gyms/nl-1189/nunspeet-gelderland-8071-ta/","24/7","nominatim","ok","https://www.anytimefitness.nl","official_club_db_sitemap; NL only"
"nl_ff2a2e973a","Anytime Fitness","Anytime Fitness Nuth","Stationstraat 18","6361 BH","Nuth","Netherlands",50.92108,5.890699,"READY_TO_IMPORT","VERIFIED_CURRENT","https://www.anytimefitness.nl/gyms/nl-1208/nuth-limburg-6361bh/","24/7","nominatim","ok","https://www.anytimefitness.nl","official_club_db_sitemap; NL only"
"nl_d18f614b9c","Anytime Fitness","Anytime Fitness Oisterwijk","Almystraat 12","5061 PA","Oisterwijk","Netherlands",51.581392,5.187583,"READY_TO_IMPORT","VERIFIED_CURRENT","https://www.anytimefitness.nl/gyms/nl-1198/oisterwijk-noord-brabant-5061-pa/","24/7","nominatim","ok","https://www.anytimefitness.nl","official_club_db_sitemap; NL only"
"nl_9def658b79","Anytime Fitness","Anytime Fitness Ommen","Markt 49","7731 DB","Ommen","Netherlands",52.518451,6.420926,"READY_TO_IMPORT","VERIFIED_CURRENT","https://www.anytimefitness.nl/gyms/nl-1283/ommen-overijssel-7731-db/","24/7","nominatim","ok","https://www.anytimefitness.nl","official_club_db_sitemap; NL only"
"nl_12fcccc0c2","Anytime Fitness","Anytime Fitness Oostvoorne","Voorweg 27","3233 SJ","Oostvoorne","Netherlands",51.911447,4.101185,"READY_TO_IMPORT","VERIFIED_CURRENT","https://www.anytimefitness.nl/gyms/nl-1040/oostvoorne-zuid-holland-3233-sj/","24/7","nominatim","ok","https://www.anytimefitness.nl","official_club_db_sitemap; NL only"
"nl_b4d03c560d","Anytime Fitness","Anytime Fitness Panheel","Sint Antoniusstraat 26","6097 ND","Panheel","Netherlands",51.171931,5.873763,"READY_TO_IMPORT","VERIFIED_CURRENT","https://www.anytimefitness.nl/gyms/nl-1065/panheel-limburg-6097-nd/","24/7","nominatim","ok","https://www.anytimefitness.nl","official_club_db_sitemap; NL only"
"nl_cfe267b6e7","Anytime Fitness","Anytime Fitness Papendrecht","Markt 167A","3351 PA","Papendrecht","Netherlands",51.827004,4.683502,"READY_TO_IMPORT","VERIFIED_CURRENT","https://www.anytimefitness.nl/gyms/nl-1190/papendrecht-zuid-holland-3351-pa/","24/7","nominatim","ok","https://www.anytimefitness.nl","official_club_db_sitemap; NL only"
"nl_cf207a14ed","Anytime Fitness","Anytime Fitness Posterholt","Heerbaan 19","6061 EB","Posterholt","Netherlands",51.122943,6.035715,"READY_TO_IMPORT","VERIFIED_CURRENT","https://www.anytimefitness.nl/gyms/nl-1174/posterholt-limburg-6061-eb/","24/7","nominatim","ok","https://www.anytimefitness.nl","official_club_db_sitemap; NL only"
"nl_d37c11f5b9","Anytime Fitness","Anytime Fitness Prinsenbeek","Schoolstraat 11","4841 XC","Prinsenbeek","Netherlands",51.599404,4.716437,"READY_TO_IMPORT","VERIFIED_CURRENT","https://www.anytimefitness.nl/gyms/nl-1223/prinsenbeek-noord-brabant-4841-xc/","24/7","nominatim","ok","https://www.anytimefitness.nl","official_club_db_sitemap; NL only"
"nl_209f01d85a","Anytime Fitness","Anytime Fitness Purmerend","Nieuwstraat 32a-34","1441 CM","Purmerend","Netherlands",52.508125,4.946011,"READY_TO_IMPORT","VERIFIED_CURRENT","https://www.anytimefitness.nl/gyms/nl-1107/purmerend-noord-holland-1441-cm/","24/7","nominatim","suspicious","https://www.anytimefitness.nl","official_club_db_sitemap; NL only; soft_postal"
"nl_17dab1fb6c","Anytime Fitness","Anytime Fitness Puttershoek","Narvikstraat 1","3297 AM","Puttershoek","Netherlands",51.806878,4.569928,"READY_TO_IMPORT","VERIFIED_CURRENT","https://www.anytimefitness.nl/gyms/nl-1083/puttershoek-zuid-holland-3297-am/","24/7","nominatim","ok","https://www.anytimefitness.nl","official_club_db_sitemap; NL only"
"nl_251ba49729","Anytime Fitness","Anytime Fitness Raamsdonksveer","Hoofdstraat 8 - 10","4941 DC","Raamsdonksveer","Netherlands",51.695727,4.873846,"READY_TO_IMPORT","VERIFIED_CURRENT","https://www.anytimefitness.nl/gyms/nl-1177/raamsdonksveer-noord-brabant-4941-dc/","24/7","nominatim","ok","https://www.anytimefitness.nl","official_club_db_sitemap; NL only"
"nl_e204b4e6cf","Anytime Fitness","Anytime Fitness Rhenen","Valleiweg 24","3911 DD","Rhenen","Netherlands",51.964271,5.573979,"READY_TO_IMPORT","VERIFIED_CURRENT","https://www.anytimefitness.nl/gyms/nl-1265/rhenen-utrecht-3911-dd/","24/7","nominatim","ok","https://www.anytimefitness.nl","official_club_db_sitemap; NL only"
"nl_c3c86c7cef","Anytime Fitness","Anytime Fitness Ridderkerk","Voorn 35-40","2986 JA","Ridderkerk","Netherlands",51.865726,4.619934,"READY_TO_IMPORT","VERIFIED_CURRENT","https://www.anytimefitness.nl/gyms/nl-1021/ridderkerk-zuid-holland-2986-ja/","24/7","nominatim","ok","https://www.anytimefitness.nl","official_club_db_sitemap; NL only"
"nl_054f12192e","Anytime Fitness","Anytime Fitness Roermond","Willem II Singel 11","6041 HP","Roermond","Netherlands",51.191397,5.992243,"READY_TO_IMPORT","VERIFIED_CURRENT","https://www.anytimefitness.nl/gyms/nl-1041/roermond-limburg-6041-hp/","24/7","nominatim","ok","https://www.anytimefitness.nl","official_club_db_sitemap; NL only"
"nl_e77e7e473f","Anytime Fitness","Anytime Fitness Roosendaal","Van Beethovenlaan 6","4702 JS","Roosendaal","Netherlands",51.536341,4.468851,"READY_TO_IMPORT","VERIFIED_CURRENT","https://www.anytimefitness.nl/gyms/nl-1125/roosendaal-noord-brabant-4702-js/","24/7","nominatim","ok","https://www.anytimefitness.nl","official_club_db_sitemap; NL only"
"nl_aa84890ca5","Anytime Fitness","Anytime Fitness Rotterdam","G.B. Shawplaats 430","3068 WJ","Rotterdam","Netherlands",51.961805,4.549807,"READY_TO_IMPORT","VERIFIED_CURRENT","https://www.anytimefitness.nl/gyms/nl-1284/rotterdam-zuid-holland-3068-wj/","24/7","nominatim","ok","https://www.anytimefitness.nl","official_club_db_sitemap; NL only"
"nl_83f36092fe","Anytime Fitness","Anytime Fitness Rotterdam (Kop van Zuid)","Laan op Zuid 65","3072 DB","Rotterdam (Kop van Zuid)","Netherlands",51.906881,4.495583,"READY_TO_IMPORT","VERIFIED_CURRENT","https://www.anytimefitness.nl/gyms/nl-1014/rotterdam-kop-van-zuid-zuid-holland-3072-db/","24/7","nominatim","ok","https://www.anytimefitness.nl","official_club_db_sitemap; NL only"
"nl_fc9b86ed55","Anytime Fitness","Anytime Fitness Rotterdam-Centrum","Burgemeester van Walsumweg 368","3011 MZ","Rotterdam-Centrum","Netherlands",51.921619,4.494936,"READY_TO_IMPORT","VERIFIED_CURRENT","https://www.anytimefitness.nl/gyms/nl-1078/rotterdam-centrum-zuid-holland-3011-mz/","24/7","nominatim","ok","https://www.anytimefitness.nl","official_club_db_sitemap; NL only"
"nl_c36adb2d09","Anytime Fitness","Anytime Fitness Rotterdam-Zevenkamp","Griendwerkerstraat 7 -13","3068 GZ","Rotterdam-Zevenkamp","Netherlands",51.964803,4.571449,"READY_TO_IMPORT","VERIFIED_CURRENT","https://www.anytimefitness.nl/gyms/nl-1213/rotterdam-zevenkamp-zuid-holland-3068-gz/","24/7","nominatim","ok","https://www.anytimefitness.nl","official_club_db_sitemap; NL only"
"nl_5093997a40","Anytime Fitness","Anytime Fitness Sevenum","Raadhuisplein 8","5975 BK","Sevenum","Netherlands",51.411089,6.037509,"READY_TO_IMPORT","VERIFIED_CURRENT","https://www.anytimefitness.nl/gyms/nl-1005/sevenum-limburg-5975-bk/","24/7","nominatim","ok","https://www.anytimefitness.nl","official_club_db_sitemap; NL only"
"nl_809c688e97","Anytime Fitness","Anytime Fitness Simpelveld","Markt 5","6369 AH","Simpelveld","Netherlands",51.986975,6.567913,"READY_TO_IMPORT","VERIFIED_CURRENT","https://www.anytimefitness.nl/gyms/nl-1015/simpelveld-limburg-6369-ah/","24/7","nominatim","ok","https://www.anytimefitness.nl","official_club_db_sitemap; NL only"
"nl_f78c6cfaf3","Anytime Fitness","Anytime Fitness Sittard","Stockholmstraat 10","6135 LK","Sittard","Netherlands",50.996234,5.846889,"READY_TO_IMPORT","VERIFIED_CURRENT","https://www.anytimefitness.nl/gyms/nl-1029/sittard-limburg-6135-lk/","24/7","nominatim","ok","https://www.anytimefitness.nl","official_club_db_sitemap; NL only"
"nl_159196c333","Anytime Fitness","Anytime Fitness Sittard-Lahrhof","Romeinenstraat 28","6132 GN","Sittard-Lahrhof","Netherlands",50.99546,5.894513,"READY_TO_IMPORT","VERIFIED_CURRENT","https://www.anytimefitness.nl/gyms/nl-1049/sittard-lahrhof-limburg-6132-gn/","24/7","nominatim","ok","https://www.anytimefitness.nl","official_club_db_sitemap; NL only"
"nl_6433603c72","Anytime Fitness","Anytime Fitness Steenwijk","Woldpoort 3","8331 KP","Steenwijk","Netherlands",52.787815,6.112209,"READY_TO_IMPORT","VERIFIED_CURRENT","https://www.anytimefitness.nl/gyms/nl-1141/steenwijk-overijssel-8331-kp/","24/7","nominatim","ok","https://www.anytimefitness.nl","official_club_db_sitemap; NL only"
"nl_cd9a378812","Anytime Fitness","Anytime Fitness Stein","Raadhuisplein 24","6171 JC","Stein","Netherlands",50.968833,5.765118,"READY_TO_IMPORT","VERIFIED_CURRENT","https://www.anytimefitness.nl/gyms/nl-1017/stein-limburg-6171-jc/","24/7","nominatim","ok","https://www.anytimefitness.nl","official_club_db_sitemap; NL only"
"nl_ad6921d0d0","Anytime Fitness","Anytime Fitness Surhuisterveen","De Dellen 2F","9231 EB","Surhuisterveen","Netherlands",53.182828,6.16775,"READY_TO_IMPORT","VERIFIED_CURRENT","https://www.anytimefitness.nl/gyms/nl-1172/surhuisterveen-friesland-9231eb/","24/7","nominatim","ok","https://www.anytimefitness.nl","official_club_db_sitemap; NL only"
"nl_3e4e8b4c0b","Anytime Fitness","Anytime Fitness Susteren","Marktstraat 2a","6114 HS","Susteren","Netherlands",51.064126,5.85235,"READY_TO_IMPORT","VERIFIED_CURRENT","https://www.anytimefitness.nl/gyms/nl-1001/susteren-limburg-6114-hs/","24/7","nominatim","ok","https://www.anytimefitness.nl","official_club_db_sitemap; NL only"
"nl_c1164842c6","Anytime Fitness","Anytime Fitness Swalmen","Dokter Crasbornplein 5","6071 JX","Swalmen","Netherlands",51.23216,6.036601,"READY_TO_IMPORT","VERIFIED_CURRENT","https://www.anytimefitness.nl/gyms/nl-1155/swalmen-limburg-6071-jx/","24/7","nominatim","ok","https://www.anytimefitness.nl","official_club_db_sitemap; NL only"
"nl_884b92d3e0","Anytime Fitness","Anytime Fitness Tegelen","Nachtegaalstraat 49","5932 CA","Tegelen","Netherlands",51.337472,6.147574,"READY_TO_IMPORT","VERIFIED_CURRENT","https://www.anytimefitness.nl/gyms/nl-1185/tegelen-limburg-5932-ca/","24/7","nominatim","ok","https://www.anytimefitness.nl","official_club_db_sitemap; NL only"
"nl_c6819ce6f8","Anytime Fitness","Anytime Fitness Ter Aar","Westkanaalweg 100B (ingang zijde Beukenpad)","2461 EJ","Ter Aar","Netherlands","","","NEEDS_COORDINATES","VERIFIED_CURRENT","https://www.anytimefitness.nl/gyms/nl-1130/ter-aar-zuid-holland-2461-ej/","24/7","","failed","https://www.anytimefitness.nl","official_club_db_sitemap; NL only"
"nl_21bcc70d04","Anytime Fitness","Anytime Fitness Vaals","Maastrichterlaan 160a","6291 EW","Vaals","Netherlands",50.7734,6.015579,"READY_TO_IMPORT","VERIFIED_CURRENT","https://www.anytimefitness.nl/gyms/nl-1046/vaals-limburg-6291-ew/","24/7","nominatim","ok","https://www.anytimefitness.nl","official_club_db_sitemap; NL only"
"nl_b10b5b369e","Anytime Fitness","Anytime Fitness Vaassen","Dorpsstraat 22","8171 BP","Vaassen","Netherlands",52.289753,5.968492,"READY_TO_IMPORT","VERIFIED_CURRENT","https://www.anytimefitness.nl/gyms/nl-1051/vaassen-gelderland-8171-bp/","24/7","nominatim","ok","https://www.anytimefitness.nl","official_club_db_sitemap; NL only"
"nl_19efad41a7","Anytime Fitness","Anytime Fitness Valkenburg","Leeuwhof 4A","6301 KZ","Valkenburg","Netherlands",50.865898,5.821147,"READY_TO_IMPORT","VERIFIED_CURRENT","https://www.anytimefitness.nl/gyms/nl-1137/valkenburg-limburg-6301-kz/","24/7","nominatim","ok","https://www.anytimefitness.nl","official_club_db_sitemap; NL only"
"nl_18461b0ed4","Anytime Fitness","Anytime Fitness Varsseveld","Guldenweg 1a","7051 HT","Varsseveld","Netherlands",51.940963,6.478449,"READY_TO_IMPORT","VERIFIED_CURRENT","https://www.anytimefitness.nl/gyms/nl-1186/varsseveld-gelderland-7051-ht/","24/7","nominatim","ok","https://www.anytimefitness.nl","official_club_db_sitemap; NL only"
"nl_dff3b39c8a","Anytime Fitness","Anytime Fitness Veldhoven","Heibocht 10","5508 VX","Veldhoven","Netherlands",51.427565,5.391357,"READY_TO_IMPORT","VERIFIED_CURRENT","https://www.anytimefitness.nl/gyms/nl-1211/veldhoven-noord-brabant-5508-vx/","24/7","nominatim","ok","https://www.anytimefitness.nl","official_club_db_sitemap; NL only"
"nl_fa565359ba","Anytime Fitness","Anytime Fitness Venlo - Blerick","Antoniuslaan 272a","5921 KM","Venlo - Blerick","Netherlands",51.366289,6.153877,"READY_TO_IMPORT","VERIFIED_CURRENT","https://www.anytimefitness.nl/gyms/nl-1036/venlo---blerick-limburg-5921-km/","24/7","nominatim","ok","https://www.anytimefitness.nl","official_club_db_sitemap; NL only"
"nl_747bed8519","Anytime Fitness","Anytime Fitness Venray","Julianasingel 5","5802 AS","Venray","Netherlands",51.527291,5.977149,"READY_TO_IMPORT","VERIFIED_CURRENT","https://www.anytimefitness.nl/gyms/nl-1276/venray-limburg-5802-as/","24/7","nominatim","ok","https://www.anytimefitness.nl","official_club_db_sitemap; NL only"
"nl_08d7b12b8d","Anytime Fitness","Anytime Fitness Vlijmen","De Akker 60","5251 CB","Vlijmen","Netherlands",51.695421,5.217835,"READY_TO_IMPORT","VERIFIED_CURRENT","https://www.anytimefitness.nl/gyms/nl-1180/vlijmen-noord-brabant-5251-cb/","24/7","nominatim","ok","https://www.anytimefitness.nl","official_club_db_sitemap; NL only"
"nl_5430446525","Anytime Fitness","Anytime Fitness Voerendaal","Kerkplein 1","6367 EN","Voerendaal","Netherlands",50.883302,5.925598,"READY_TO_IMPORT","VERIFIED_CURRENT","https://www.anytimefitness.nl/gyms/nl-1104/voerendaal-limburg-6367-en/","24/7","nominatim","ok","https://www.anytimefitness.nl","official_club_db_sitemap; NL only"
"nl_6bdd8cdb05","Anytime Fitness","Anytime Fitness Voorburg","Prins Bernhardlaan 175","2273 DP","Voorburg","Netherlands",52.075046,4.360935,"READY_TO_IMPORT","VERIFIED_CURRENT","https://www.anytimefitness.nl/gyms/nl-1154/voorburg-zuid-holland-2273-dp/","24/7","nominatim","ok","https://www.anytimefitness.nl","official_club_db_sitemap; NL only"
"nl_0cdeabf8a9","Anytime Fitness","Anytime Fitness Vroomshoop","Amaliaplein 10","7681 MG","Vroomshoop","Netherlands",52.461099,6.570971,"READY_TO_IMPORT","VERIFIED_CURRENT","https://www.anytimefitness.nl/gyms/nl-1164/vroomshoop-overijssel-7681-mg/","24/7","nominatim","ok","https://www.anytimefitness.nl","official_club_db_sitemap; NL only"
"nl_68a9845710","Anytime Fitness","Anytime Fitness Weert-Centrum","Roermondseweg 58B","6004 AT","Weert-Centrum","Netherlands","","","NEEDS_COORDINATES","VERIFIED_CURRENT","https://www.anytimefitness.nl/gyms/nl-1027/weert-centrum-limburg-6004-at/","24/7","","failed","https://www.anytimefitness.nl","official_club_db_sitemap; NL only"
"nl_86e508364d","Anytime Fitness","Anytime Fitness Wijchen","Burchtstraat 11","6602 AP","Wijchen","Netherlands",51.807908,5.723957,"READY_TO_IMPORT","VERIFIED_CURRENT","https://www.anytimefitness.nl/gyms/nl-1288/wijchen-gelderland-6602-ap/","24/7","nominatim","ok","https://www.anytimefitness.nl","official_club_db_sitemap; NL only"
"nl_a4ac7205a5","Anytime Fitness","Anytime Fitness Wijk en Aalburg","Markt 54","4261 DC","Wijk en Aalburg","Netherlands",51.755454,5.130077,"READY_TO_IMPORT","VERIFIED_CURRENT","https://www.anytimefitness.nl/gyms/nl-1126/wijk-en-aalburg-noord-brabant-4261-dc/","24/7","nominatim","ok","https://www.anytimefitness.nl","official_club_db_sitemap; NL only"
"nl_634cad5c12","Anytime Fitness","Anytime Fitness Zeist","Emmaplein 12","3701 DA","Zeist","Netherlands",52.086719,5.240805,"READY_TO_IMPORT","VERIFIED_CURRENT","https://www.anytimefitness.nl/gyms/nl-1226/zeist-utrecht-3701-da/","24/7","nominatim","ok","https://www.anytimefitness.nl","official_club_db_sitemap; NL only"
"nl_3a2a73dcd6","Anytime Fitness","Anytime Fitness Zuidlaren","Stationsweg 21","9471 GK","Zuidlaren","Netherlands",53.092651,6.683265,"READY_TO_IMPORT","VERIFIED_CURRENT","https://www.anytimefitness.nl/gyms/nl-1236/zuidlaren-drenthe-9471-gk/","24/7","nominatim","ok","https://www.anytimefitness.nl","official_club_db_sitemap; NL only"
"nl_2b50ac3b60","Anytime Fitness","Anytime Fitness Zundert","Dennenlaan 1","4881 AC","Zundert","Netherlands",51.471183,4.65995,"READY_TO_IMPORT","VERIFIED_CURRENT","https://www.anytimefitness.nl/gyms/nl-1077/zundert-noord-brabant-4881-ac/","24/7","nominatim","ok","https://www.anytimefitness.nl","official_club_db_sitemap; NL only"
"nl_c65aadbdee","Anytime Fitness","Anytime Fitness Zutphen","Donkeresteeg 43","7201 CR","Zutphen","Netherlands",52.14062,6.201777,"READY_TO_IMPORT","VERIFIED_CURRENT","https://www.anytimefitness.nl/gyms/nl-1162/zutphen-gelderland-7201-cr/","24/7","nominatim","ok","https://www.anytimefitness.nl","official_club_db_sitemap; NL only"
"nl_f476e8fd87","Anytime Fitness","Anytime Fitness Zwijndrecht","Laan van Walburg 2","3332 GJ","Zwijndrecht","Netherlands",51.82184,4.647855,"READY_TO_IMPORT","VERIFIED_CURRENT","https://www.anytimefitness.nl/gyms/nl-1079/zwijndrecht-zuid-holland-3332-gj/","24/7","nominatim","ok","https://www.anytimefitness.nl","official_club_db_sitemap; NL only"
"nl_7614848981","Basic-Fit","Gym Molenvlietweg 24/7 Aalsmeer","Molenvlietweg 18","1432 GW","Aalsmeer","Netherlands",52.26615,4.777903,"READY_TO_IMPORT","VERIFIED_CURRENT","https://www.basic-fit.com/en-nl/clubs/basic-fit-aalsmeer-molenvlietweg-24-7-f76887e610f0489ab57de7b4ad39822a.html","24/7","nominatim","ok","https://www.basic-fit.com","official_clubfinder_json_ld"
"nl_87d7ec6dfd","Basic-Fit","Gym Oosterweezenstraat Alkmaar","Oosterweezenstraat 15","1823 CN","Alkmaar","Netherlands",52.63507,4.751788,"READY_TO_IMPORT","VERIFIED_CURRENT","https://www.basic-fit.com/en-nl/clubs/basic-fit-alkmaar-oosterweezenstraat-57f3e60ff60641c6878d282f659f4861.html","Mo,Tu,We,Th,Fr 07:00-22:30; Sa,Su 09:00-16:00","nominatim","ok","https://www.basic-fit.com","official_clubfinder_json_ld"
"nl_cb0b8a8494","Basic-Fit","Gym Terborchlaan 24/7 Alkmaar","Terborchlaan 299","1816 MH","Alkmaar","Netherlands",52.633571,4.714559,"READY_TO_IMPORT","VERIFIED_CURRENT","https://www.basic-fit.com/en-nl/clubs/basic-fit-alkmaar-terborchlaan-24-7-439e7821b97d4a34b915b1196b71d8ca.html","24/7","nominatim","ok","https://www.basic-fit.com","official_clubfinder_json_ld"
"nl_5bcc000067","Basic-Fit","Gym Groenplein 24/7 Almelo","Groenplein 2","7604 BG","Almelo","Netherlands",52.359735,6.62831,"READY_TO_IMPORT","VERIFIED_CURRENT","https://www.basic-fit.com/en-nl/clubs/basic-fit-almelo-groenplein-24-7-7c63d60aed124bf3b0848d98bd2e1f1f.html","24/7","nominatim","ok","https://www.basic-fit.com","official_clubfinder_json_ld"
"nl_ac669b8eb6","Basic-Fit","Gym Stadionlaan 24/7 Almelo","Van Riemsdijkplein 34","7606 ZA","Almelo","Netherlands",52.338138,6.650678,"READY_TO_IMPORT","VERIFIED_CURRENT","https://www.basic-fit.com/en-nl/clubs/basic-fit-almelo-stadionlaan-24-7-b4edbefa481c4f328bdccce48d1451cb.html","24/7","nominatim","ok","https://www.basic-fit.com","official_clubfinder_json_ld"
"nl_f9e03f6964","Basic-Fit","Gym Corridor Ladies Almere","Corridor 7","1315 TN","Almere","Netherlands",52.369484,5.219325,"READY_TO_IMPORT","VERIFIED_CURRENT","https://www.basic-fit.com/en-nl/clubs/basic-fit-almere-corridor-ladies-133ed6efb9b34ea89628d75d96ff18b4.html","Mo,Tu,We,Th,Fr 07:00-22:30; Sa,Su 09:00-16:00","nominatim","suspicious","https://www.basic-fit.com","official_clubfinder_json_ld; soft_postal"
"nl_1c58b5c1a2","Basic-Fit","Gym Donjon 24/7 Almere","Donjon 9","1315 XH","Almere","Netherlands",52.369818,5.220402,"READY_TO_IMPORT","VERIFIED_CURRENT","https://www.basic-fit.com/en-nl/clubs/basic-fit-almere-donjon-24-7-ab5c20f072ab45c5ae4dd34cd8962bf2.html","24/7","nominatim","ok","https://www.basic-fit.com","official_clubfinder_json_ld"
"nl_ec2039fcb3","Basic-Fit","Gym Dwangmolenstraat 24/7 Almere","Dwangmolenstraat 8","1333 GW","Almere","Netherlands",52.395514,5.269027,"READY_TO_IMPORT","VERIFIED_CURRENT","https://www.basic-fit.com/en-nl/clubs/basic-fit-almere-dwangmolenstraat-24-7-e5be8a04ffac421ca519e062b9f7338a.html","24/7","nominatim","ok","https://www.basic-fit.com","official_clubfinder_json_ld"
"nl_2d41fffe9d","Basic-Fit","Gym Editiestraat 24/7 Almere","Editiestraat 22","1321 NG","Almere","Netherlands",52.352243,5.175321,"READY_TO_IMPORT","VERIFIED_CURRENT","https://www.basic-fit.com/en-nl/clubs/basic-fit-almere-editiestraat-24-7-3d16b437ec804032af135f3a77cb763a.html","24/7","nominatim","ok","https://www.basic-fit.com","official_clubfinder_json_ld"
"nl_5b4420afd5","Basic-Fit","Gym Sumatraweg 24/7 Almere","Sumatraweg 22","1335 JM","Almere","Netherlands",52.400507,5.295144,"READY_TO_IMPORT","VERIFIED_CURRENT","https://www.basic-fit.com/en-nl/clubs/basic-fit-almere-sumatraweg-24-7-6dbd027af14447b7a0eb582869d440dd.html","24/7","nominatim","ok","https://www.basic-fit.com","official_clubfinder_json_ld"
"nl_c1e00a12a6","Basic-Fit","Gym Trekweg 24/7 Almere","Trekweg 51","1338 GA","Almere","Netherlands",52.380662,5.283504,"READY_TO_IMPORT","VERIFIED_CURRENT","https://www.basic-fit.com/en-nl/clubs/basic-fit-almere-trekweg-24-7-78de985f260b45a89a7b059be25b709d.html","24/7","nominatim","ok","https://www.basic-fit.com","official_clubfinder_json_ld"
"nl_b90d78c451","Basic-Fit","Gym Sportlaan 24/7 Alphen aan den Rijn","Sportlaan 2","2406 LD","Alphen aan den Rijn","Netherlands",52.13499,4.67276,"READY_TO_IMPORT","VERIFIED_CURRENT","https://www.basic-fit.com/en-nl/clubs/basic-fit-alphen-aan-den-rijn-sportlaan-24-7-a28fcd6df35b40eb9800f95eb2bdca8e.html","24/7","nominatim","ok","https://www.basic-fit.com","official_clubfinder_json_ld"
"nl_82fe908fb3","Basic-Fit","Gym Groningerstraat 24/7 Amersfoort","Groningerstraat 172","3812 EG","Amersfoort","Netherlands",52.158457,5.379018,"READY_TO_IMPORT","VERIFIED_CURRENT","https://www.basic-fit.com/en-nl/clubs/basic-fit-amersfoort-groningerstraat-24-7-00024092c35a4dafbaa778000c4f9e58.html","24/7","nominatim","ok","https://www.basic-fit.com","official_clubfinder_json_ld"
"nl_976c8687d9","Basic-Fit","Gym Ierse Pond Amersfoort","Ierse Pond 2","3825 HK","Amersfoort","Netherlands",52.188992,5.412946,"READY_TO_IMPORT","VERIFIED_CURRENT","https://www.basic-fit.com/en-nl/clubs/basic-fit-amersfoort-ierse-pond-b628ec024312459389bce3e9bcf24022.html","Mo,Tu,We,Th,Fr 07:00-22:30; Sa,Su 09:00-16:00","nominatim","ok","https://www.basic-fit.com","official_clubfinder_json_ld"
"nl_45ddf34ea6","Basic-Fit","Gym Lageweg Amersfoort","Lageweg 14-16","3815 VG","Amersfoort","Netherlands",52.162448,5.411398,"READY_TO_IMPORT","VERIFIED_CURRENT","https://www.basic-fit.com/en-nl/clubs/basic-fit-amersfoort-lageweg-d01ce365d9544e7bab5223db6dd0b1c1.html","Mo,Tu,We,Th,Fr 07:00-22:30; Sa,Su 09:00-16:00","nominatim","ok","https://www.basic-fit.com","official_clubfinder_json_ld"
"nl_f1c11c5ab3","Basic-Fit","Gym Buitenplein 101 Amstelveen","Buitenplein 101 - 1 Hoog","1181 ZE","Amstelveen","Netherlands","","","COMING_SOON","COMING_SOON","https://www.basic-fit.com/en-nl/clubs/opening-clubs/details?sid=Basic-Fit-Amstelveen-Buitenplein-coming-soon","","","","https://www.basic-fit.com","official_clubfinder_json_ld"
"nl_73d1068d37","Basic-Fit","Gym Van Der Hooplaan 24/7 Amstelveen","Van der Hooplaan 237","1185 LN","Amstelveen","Netherlands",52.289108,4.852858,"READY_TO_IMPORT","VERIFIED_CURRENT","https://www.basic-fit.com/en-nl/clubs/basic-fit-amstelveen-van-der-hooplaan-24-7-265a88f556e248e689f410de3314622f.html","24/7","nominatim","ok","https://www.basic-fit.com","official_clubfinder_json_ld"
"nl_ae70624643","Basic-Fit","Basic-Fit Gym Basic-Fit Amsterdam A.J. Ernststraat","Arent Janszoon Ernststr 1","1083 GP","Amsterdam","Netherlands",52.33185794555128,4.889086097187676,"READY_TO_IMPORT","VERIFIED_CURRENT","https://www.basic-fit.com/en-nl/clubs/basic-fit-amsterdam-a.j.-ernststraat-a4f495da42194d8fb3315a460c68fef0.html","","official_json_ld","","https://www.basic-fit.com","official_club_page"
"nl_b17388887a","Basic-Fit","Basic-Fit Gym Basic-Fit Amsterdam Akerpoort","Zuidermolenweg 32","1069 CG","Amsterdam","Netherlands",52.36008,4.78295,"READY_TO_IMPORT","VERIFIED_CURRENT","https://www.basic-fit.com/en-nl/clubs/basic-fit-amsterdam-akerpoort-f16a3f94e58544c3a8ba3e2ac290344d.html","","official_json_ld","","https://www.basic-fit.com","official_club_page"
"nl_5110b0f429","Basic-Fit","Basic-Fit Gym Basic-Fit Amsterdam Amstelstraat 24/7","Amstelstraat 22","1017 DA","Amsterdam","Netherlands",52.36609,4.89936,"READY_TO_IMPORT","VERIFIED_CURRENT","https://www.basic-fit.com/en-nl/clubs/basic-fit-amsterdam-amstelstraat-24-7-81a412d2a7dd4b9a80389a1708840a66.html","24/7","official_json_ld","","https://www.basic-fit.com","official_club_page"
"nl_3efb51fddd","Basic-Fit","Basic-Fit Gym Basic-Fit Amsterdam Baarsjesweg 24/7","Baarsjesweg 224","1058 AA","Amsterdam","Netherlands",52.364141846767325,4.857827791139002,"READY_TO_IMPORT","VERIFIED_CURRENT","https://www.basic-fit.com/en-nl/clubs/basic-fit-amsterdam-baarsjesweg-24-7-57ac865b09364149b32d4d4652818c01.html","24/7","official_json_ld","","https://www.basic-fit.com","official_club_page"
"nl_06c5c04e88","Basic-Fit","Basic-Fit Gym Basic-Fit Amsterdam Bijlmerdreef 24/7","Bijlmerdreef 1289","1103 TV","Amsterdam","Netherlands",52.3228,4.9759,"READY_TO_IMPORT","VERIFIED_CURRENT","https://www.basic-fit.com/en-nl/clubs/basic-fit-amsterdam-bijlmerdreef-24-7-715f8da4a3064bc8a1a179ec28f3612d.html","24/7","official_json_ld","","https://www.basic-fit.com","official_club_page"
"nl_bfd4a847e0","Basic-Fit","Basic-Fit Gym Basic-Fit Amsterdam Bos en Lommerplein 24/7","Bos en Lommerplein 140","1055 EK","Amsterdam","Netherlands",52.37813231983713,4.846225415910118,"READY_TO_IMPORT","VERIFIED_CURRENT","https://www.basic-fit.com/en-nl/clubs/basic-fit-amsterdam-bos-en-lommerplein-24-7-ed1318af90c14249b574bacb040dfcce.html","24/7","official_json_ld","","https://www.basic-fit.com","official_club_page"
"nl_a674ede921","Basic-Fit","Basic-Fit Gym Basic-Fit Amsterdam Distelweg 24/7","Distelweg 80","1031 HH","Amsterdam","Netherlands",52.3938742850473,4.902534697093462,"READY_TO_IMPORT","VERIFIED_CURRENT","https://www.basic-fit.com/en-nl/clubs/basic-fit-amsterdam-distelweg-24-7-4371c8ef4b0740c29812a1ce28778cae.html","24/7","official_json_ld","","https://www.basic-fit.com","official_club_page"
"nl_2048f752f8","Basic-Fit","Basic-Fit Gym Basic-Fit Amsterdam Europaboulevard Ladies","Europaboulevard 21","1079 PC","Amsterdam","Netherlands",52.338697613972414,4.892332006296285,"READY_TO_IMPORT","VERIFIED_CURRENT","https://www.basic-fit.com/en-nl/clubs/basic-fit-amsterdam-europaboulevard-ladies-65152669510f4e0aa6c0ea11bd3bf2c8.html","","official_json_ld","","https://www.basic-fit.com","official_club_page"
"nl_663d10ae76","Basic-Fit","Basic-Fit Gym Basic-Fit Amsterdam Johan Cruijffboulevard 24/7","Johan Cruijffboulevard 55-57","1101 DL","Amsterdam","Netherlands",52.31276913487782,4.941912899834357,"READY_TO_IMPORT","VERIFIED_CURRENT","https://www.basic-fit.com/en-nl/clubs/basic-fit-amsterdam-johan-cruijffboulevard-24-7-4b5d05e4851d431c998bd74c97df2aad.html","24/7","official_json_ld","","https://www.basic-fit.com","official_club_page"
"nl_2ee7adc314","Basic-Fit","Basic-Fit Gym Basic-Fit Amsterdam Osdorp Pieter Calandlaan 24/7","Pieter Calandlaan 1287","1069 RE","Amsterdam","Netherlands",52.35094335264802,4.795222279166394,"READY_TO_IMPORT","VERIFIED_CURRENT","https://www.basic-fit.com/en-nl/clubs/basic-fit-amsterdam-osdorp-pieter-calandlaan-24-7-df98548fc67a467693040c82026683c3.html","24/7","official_json_ld","","https://www.basic-fit.com","official_club_page"
"nl_a1cfa2511c","Basic-Fit","Basic-Fit Gym Basic-Fit Amsterdam Overtoom Ladies","Overtoom 37-43","1054 HB","Amsterdam","Netherlands",52.36304,4.87692,"READY_TO_IMPORT","VERIFIED_CURRENT","https://www.basic-fit.com/en-nl/clubs/basic-fit-amsterdam-overtoom-ladies-870e5b598e4445ef8ede94b2e0c4cb3f.html","","official_json_ld","","https://www.basic-fit.com","official_club_page"
"nl_8d9acc39eb","Basic-Fit","Basic-Fit Gym Basic-Fit Amsterdam Picoweg 24/7","Picoweg 1A","1105 BS","Amsterdam","Netherlands",52.36374,4.87176,"READY_TO_IMPORT","VERIFIED_CURRENT","https://www.basic-fit.com/en-nl/clubs/basic-fit-amsterdam-picoweg-ee8c3bd674114de4918b0ef42e59fc87.html","24/7","official_json_ld","","https://www.basic-fit.com","official_club_page"
"nl_8b1bd472b0","Basic-Fit","Basic-Fit Gym Basic-Fit Amsterdam Sloterparkbad","President Allendelaan 3","1064 GW","Amsterdam","Netherlands",52.370456353206585,4.817947641737893,"READY_TO_IMPORT","VERIFIED_CURRENT","https://www.basic-fit.com/en-nl/clubs/basic-fit-amsterdam-sloterparkbad-4af4eea37391486dbc665212494a7332.html","","official_json_ld","","https://www.basic-fit.com","official_club_page"
"nl_a849750d98","Basic-Fit","Basic-Fit Gym Basic-Fit Amsterdam Sloterparkbad Ladies","President Allendelaan 2-4","1064 GW","Amsterdam","Netherlands",52.37151401845705,4.8168376052756,"READY_TO_IMPORT","VERIFIED_CURRENT","https://www.basic-fit.com/en-nl/clubs/basic-fit-amsterdam-sloterparkbad-ladies-fb634392b57244d59359f91e6801b77d.html","","official_json_ld","","https://www.basic-fit.com","official_club_page"
"nl_b2cad9c3db","Basic-Fit","Basic-Fit Gym Basic-Fit Amsterdam Sportpark Kadoelen 24/7","Sportpark Kadoelen 4","1035 NB","Amsterdam","Netherlands",52.41503,4.91028,"READY_TO_IMPORT","VERIFIED_CURRENT","https://www.basic-fit.com/en-nl/clubs/basic-fit-amsterdam-sportpark-kadoelen-24-7-234d70b1665d49c892f18b82580b6e00.html","24/7","official_json_ld","","https://www.basic-fit.com","official_club_page"
"nl_26c5a11daa","Basic-Fit","Basic-Fit Gym Basic-Fit Amsterdam Stadhouderskade 24/7","Stadhouderskade 74-75","1072 AE","Amsterdam","Netherlands",52.35805111149034,4.8904277137114445,"READY_TO_IMPORT","VERIFIED_CURRENT","https://www.basic-fit.com/en-nl/clubs/basic-fit-amsterdam-stadhouderskade-24-7-6d8eb0356e324f8196fbe8d0983d5dda.html","24/7","official_json_ld","","https://www.basic-fit.com","official_club_page"
"nl_cd85e66908","Basic-Fit","Basic-Fit Gym Basic-Fit Amsterdam WFC 24/7","Koningin Wilhelminaplein 13","1062 HH","Amsterdam","Netherlands",52.35453295254206,4.840823070159681,"READY_TO_IMPORT","VERIFIED_CURRENT","https://www.basic-fit.com/en-nl/clubs/basic-fit-amsterdam-wfc-24-7-1bd19ff0981849b19081bbf0f20e1ac2.html","24/7","official_json_ld","","https://www.basic-fit.com","official_club_page"
"nl_6c570aa147","Basic-Fit","Basic-Fit Gym Basic-Fit Apeldoorn Ambachtsveld 24/7","Ambachtsveld 2","7327 AZ","Apeldoorn","Netherlands",52.193113126349964,5.985575071282383,"READY_TO_IMPORT","VERIFIED_CURRENT","https://www.basic-fit.com/en-nl/clubs/basic-fit-apeldoorn-ambachtsveld-24-7-55b86c90ce3f4201a813d01ad6967041.html","24/7","official_json_ld","","https://www.basic-fit.com","official_club_page"
"nl_5653d149b1","Basic-Fit","Basic-Fit Gym Basic-Fit Apeldoorn Christiaan Geurtsweg 24/7","Christiaan Geurtsweg 9","7335 JV","Apeldoorn","Netherlands",52.20438,5.95419,"READY_TO_IMPORT","VERIFIED_CURRENT","https://www.basic-fit.com/en-nl/clubs/basic-fit-apeldoorn-christiaan-geurtsweg-24-7-489f1ea0fc4e45c894b7a680f231fd94.html","24/7","official_json_ld","","https://www.basic-fit.com","official_club_page"
"nl_77653a33bc","Basic-Fit","Basic-Fit Gym Basic-Fit Apeldoorn Schorpioenstraat 24/7","Schorpioenstraat 4","7323 AK","Apeldoorn","Netherlands",52.23499,5.98386,"READY_TO_IMPORT","VERIFIED_CURRENT","https://www.basic-fit.com/en-nl/clubs/basic-fit-apeldoorn-schorpioenstraat-24-7-f0313228855344c5ad4522b6794ed0fa.html","24/7","official_json_ld","","https://www.basic-fit.com","official_club_page"
"nl_84d56e38b5","Basic-Fit","Basic-Fit Gym Basic-Fit Arnhem Batavierenweg 24/7","Batavierenweg 25","6841 NH","Arnhem","Netherlands",51.96441213748385,5.894289752948757,"READY_TO_IMPORT","VERIFIED_CURRENT","https://www.basic-fit.com/en-nl/clubs/basic-fit-arnhem-batavierenweg-24-7-cb46a5cdf3a5468190db3a29c44182a7.html","24/7","official_json_ld","","https://www.basic-fit.com","official_club_page"
"nl_c4b582ad43","Basic-Fit","Basic-Fit Gym Basic-Fit Arnhem Groningensingel 24/7","Groningensingel 1043","6835 GN","Arnhem","Netherlands",51.952454301702744,5.9058092999289125,"READY_TO_IMPORT","VERIFIED_CURRENT","https://www.basic-fit.com/en-nl/clubs/basic-fit-arnhem-groningensingel-88c37f50c86047f8a5df96714248818b.html","24/7","official_json_ld","","https://www.basic-fit.com","official_club_page"
"nl_cdd6bb4b9a","Basic-Fit","Basic-Fit Gym Basic-Fit Arnhem Hanzestraat 24/7","Hanzestraat 278","6826 MJ","Arnhem","Netherlands",51.9835,5.95224,"READY_TO_IMPORT","VERIFIED_CURRENT","https://www.basic-fit.com/en-nl/clubs/basic-fit-arnhem-hanzestraat-24-7-bb49847c5e9544ceb22061bb3fb7ed1e.html","24/7","official_json_ld","","https://www.basic-fit.com","official_club_page"
"nl_d18de40f4c","Basic-Fit","Basic-Fit Gym Basic-Fit Arnhem Heerlenstraat 24/7","Heerlenstraat 11c","6845 AD","Arnhem","Netherlands",51.95056,5.8741,"READY_TO_IMPORT","VERIFIED_CURRENT","https://www.basic-fit.com/en-nl/clubs/basic-fit-arnhem-heerlenstraat-24-7-71a8d637e05b48949aa2aa4101b423cf.html","24/7","official_json_ld","","https://www.basic-fit.com","official_club_page"
"nl_df6889851c","Basic-Fit","Basic-Fit Gym Basic-Fit Arnhem Walstraat","Walstraat 76","6811 BE","Arnhem","Netherlands",51.98226107278464,5.911368391916871,"READY_TO_IMPORT","VERIFIED_CURRENT","https://www.basic-fit.com/en-nl/clubs/basic-fit-arnhem-walstraat-911a471023dc4e5aa2ad4a07bf26f2cf.html","","official_json_ld","","https://www.basic-fit.com","official_club_page"
"nl_e6a86ba969","Basic-Fit","Basic-Fit Gym Basic-Fit Assen Nijverheidsweg 24/7","Nijverheidsweg 1","9403 VN","Assen","Netherlands",53.01061,6.59027,"READY_TO_IMPORT","VERIFIED_CURRENT","https://www.basic-fit.com/en-nl/clubs/basic-fit-assen-nijverheidsweg-24-7-e31314ba0798488f9e603780e29d8f62.html","24/7","official_json_ld","","https://www.basic-fit.com","official_club_page"
"nl_c7f971b94a","Basic-Fit","Basic-Fit Gym Basic-Fit Assendelft Rode Ring 24/7","Rode Ring 43","1566 HR","Assendelft","Netherlands",52.48653,4.76363,"READY_TO_IMPORT","VERIFIED_CURRENT","https://www.basic-fit.com/en-nl/clubs/basic-fit-assendelft-rode-ring-24-7-c445eb8003414c92906f38ccd1b6b422.html","24/7","official_json_ld","","https://www.basic-fit.com","official_club_page"
"nl_f846613b32","Basic-Fit","Basic-Fit Gym Basic-Fit Badhoevedorp Sloterweg 24/7","Sloterweg 301","1171 VB","Badhoevedorp","Netherlands",52.33376,4.77154,"READY_TO_IMPORT","VERIFIED_CURRENT","https://www.basic-fit.com/en-nl/clubs/basic-fit-badhoevedorp-sloterweg-24-7-029183a22335485e87432da0a6afd423.html","24/7","official_json_ld","","https://www.basic-fit.com","official_club_page"
"nl_a54c35367e","Basic-Fit","Basic-Fit Gym Basic-Fit Barneveld Wethouder Rebellaan 24/7","Wethouder Rebellaan 134","3771 KA","Barneveld","Netherlands",52.15059,5.58078,"READY_TO_IMPORT","VERIFIED_CURRENT","https://www.basic-fit.com/en-nl/clubs/basic-fit-barneveld-wethouder-rebellaan-24-7-0fea9d6eb86d41588e33b78c68497486.html","24/7","official_json_ld","","https://www.basic-fit.com","official_club_page"
"nl_cf26c4df01","Basic-Fit","Basic-Fit Gym Basic-Fit Bergen op Zoom Bastionweg 24/7","Bastionweg 30","4614 RM","Bergen op Zoom","Netherlands",51.50525530471318,4.305738540226096,"READY_TO_IMPORT","VERIFIED_CURRENT","https://www.basic-fit.com/en-nl/clubs/basic-fit-bergen-op-zoom-bastionweg-24-7-6d38e42680194dadb1d6221e9eea4b91.html","24/7","official_json_ld","","https://www.basic-fit.com","official_club_page"
"nl_42c1a50c79","Basic-Fit","Basic-Fit Gym Basic-Fit Bergen op Zoom Markiezaatsweg 24/7","Burgemeester van der Laarstraat 9","4615 PB","Bergen op Zoom","Netherlands",51.49196,4.27686,"READY_TO_IMPORT","VERIFIED_CURRENT","https://www.basic-fit.com/en-nl/clubs/basic-fit-bergen-op-zoom-markiezaatsweg-24-7-6f6e3dd86d3141f0b2c3c4a77119a82d.html","24/7","official_json_ld","","https://www.basic-fit.com","official_club_page"
"nl_b9c5d9815a","Basic-Fit","Basic-Fit Gym Basic-Fit Berkel en Rodenrijs Nieuwstraat 24/7","Nieuwstraat 23","2651 CG","Berkel en Rodenrijs","Netherlands",51.99386,4.47861,"READY_TO_IMPORT","VERIFIED_CURRENT","https://www.basic-fit.com/en-nl/clubs/basic-fit-berkel-en-rodenrijs-nieuwstraat-24-7-0baa1b513de94387b07752255a36f858.html","24/7","official_json_ld","","https://www.basic-fit.com","official_club_page"
"nl_c31e2727c7","Basic-Fit","Basic-Fit Gym Basic-Fit Beuningen Mauritsplein 24/7","Mauritsplein 1","6641 BK","Beuningen","Netherlands",51.86253530995917,5.770958028975347,"READY_TO_IMPORT","VERIFIED_CURRENT","https://www.basic-fit.com/en-nl/clubs/basic-fit-beuningen-mauritsplein-24-7-3d688fcbd24d4888aa0e48e8259be846.html","24/7","official_json_ld","","https://www.basic-fit.com","official_club_page"
"nl_f85c89b3fc","Basic-Fit","Basic-Fit Gym Basic-Fit Bilthoven de Kwinkelier 24/7","De Kwinkelier 19","3722 AH","Bilthoven","Netherlands",52.12849903730295,5.208618488348105,"READY_TO_IMPORT","VERIFIED_CURRENT","https://www.basic-fit.com/en-nl/clubs/basic-fit-bilthoven-de-kwinkelier-24-7-0768203f93094b3fb45d8337bbab55da.html","24/7","official_json_ld","","https://www.basic-fit.com","official_club_page"
"nl_6b9ffd9449","Basic-Fit","Basic-Fit Gym Basic-Fit Breda Chasseveld 24/7","Chasseveld 15","4811 DH","Breda","Netherlands",51.58919580454618,4.78592921390449,"READY_TO_IMPORT","VERIFIED_CURRENT","https://www.basic-fit.com/en-nl/clubs/basic-fit-breda-chasseveld-24-7-d3def195703b4c319226c6062e05e594.html","24/7","official_json_ld","","https://www.basic-fit.com","official_club_page"
"nl_10d6687ec0","Basic-Fit","Basic-Fit Gym Basic-Fit Breda Ettensebaan 24/7","Ettensebaan 17-A5","4812 XA","Breda","Netherlands",51.58181,4.74286,"READY_TO_IMPORT","VERIFIED_CURRENT","https://www.basic-fit.com/en-nl/clubs/basic-fit-breda-ettensebaan-24-7-ab6a820faf2249358d86668997130a2d.html","24/7","official_json_ld","","https://www.basic-fit.com","official_club_page"
"nl_c71ca944d5","Basic-Fit","Basic-Fit Gym Basic-Fit Breda Konijnenberg 24/7","Konijnenberg 6","4834 MD","Breda","Netherlands",51.60135,4.76808,"READY_TO_IMPORT","VERIFIED_CURRENT","https://www.basic-fit.com/en-nl/clubs/basic-fit-breda-konijnenberg-24-7-cfd15927ee1c4255b1ee0777f1ed531b.html","24/7","official_json_ld","","https://www.basic-fit.com","official_club_page"
"nl_786113cee2","Basic-Fit","Basic-Fit Gym Basic-Fit Breda Teteringsedijk 24/7","Teteringsedijk 297","4817 ME","Breda","Netherlands",51.59580295254206,4.808748660770666,"READY_TO_IMPORT","VERIFIED_CURRENT","https://www.basic-fit.com/en-nl/clubs/basic-fit-breda-teteringsedijk-24-7-ff7ad1857ed64304a3afbb2338d4c026.html","24/7","official_json_ld","","https://www.basic-fit.com","official_club_page"
"nl_8ebd24b40a","Basic-Fit","Basic-Fit Gym Basic-Fit Brunssum Haefland 24/7","Haefland 2","6441 PA","Brunssum","Netherlands",50.9582097684868,5.972592331649226,"READY_TO_IMPORT","VERIFIED_CURRENT","https://www.basic-fit.com/en-nl/clubs/basic-fit-brunssum-haefland-24-7-3938e171b7444babb087b9da445c0cd1.html","24/7","official_json_ld","","https://www.basic-fit.com","official_club_page"
"nl_a5ff62669c","Basic-Fit","Basic-Fit Gym Basic-Fit Bussum Nieuwe Spiegelstraat 24/7","Nieuwe Spiegelstraat 9","1406 SG","Bussum","Netherlands",52.27178,5.15991,"READY_TO_IMPORT","VERIFIED_CURRENT","https://www.basic-fit.com/en-nl/clubs/basic-fit-bussum-nieuwe-spiegelstraat-24-7-9868efc2a9c842579241038df5d5c8b7.html","24/7","official_json_ld","","https://www.basic-fit.com","official_club_page"
"nl_b2d552eb42","Basic-Fit","Basic-Fit Gym Basic-Fit Capelle aan den IJssel Koperwiek 24/7","Reigerlaan 207-209","2903 LH","Capelle aan den IJssel","Netherlands",51.92849443831925,4.590117355530162,"READY_TO_IMPORT","VERIFIED_CURRENT","https://www.basic-fit.com/en-nl/clubs/basic-fit-capelle-aan-den-ijssel-koperwiek-24-7-d0cd3b6a4d3745d28b33a002f82a865e.html","24/7","official_json_ld","","https://www.basic-fit.com","official_club_page"
"nl_9c081a16ef","Basic-Fit","Basic-Fit Gym Basic-Fit Coevorden Friesestraat 24/7","Molenbelt 1","7741 HK","Coevorden","Netherlands",52.66313902365205,6.739072825961933,"READY_TO_IMPORT","VERIFIED_CURRENT","https://www.basic-fit.com/en-nl/clubs/basic-fit-coevorden-friesestraat-24-7-ddfe650dcdf24fb4b229c5c32d411340.html","24/7","official_json_ld","","https://www.basic-fit.com","official_club_page"
"nl_19fec7c452","Basic-Fit","Basic-Fit Gym Basic-Fit Cuijk Spinding 24/7","Spinding 6","5431 SN","Cuijk","Netherlands",51.73084,5.86511,"READY_TO_IMPORT","VERIFIED_CURRENT","https://www.basic-fit.com/en-nl/clubs/basic-fit-cuijk-spinding-24-7-48ddabaf6fc14df596f22d673b0c769d.html","24/7","official_json_ld","","https://www.basic-fit.com","official_club_page"
"nl_ca4b7e17dd","Basic-Fit","Basic-Fit Gym Basic-Fit Delft Industriestraat","Industriestraat 16","2624 BB","Delft","Netherlands",52.0012,4.3552,"READY_TO_IMPORT","VERIFIED_CURRENT","https://www.basic-fit.com/en-nl/clubs/basic-fit-delft-industriestraat-d235370fd81246b19ec113fa270d4db3.html","","official_json_ld","","https://www.basic-fit.com","official_club_page"
"nl_3d0a13dfe9","Basic-Fit","Basic-Fit Gym Basic-Fit Delft Leeuwenstein 24/7","Leeuwenstein 8-10","2627 AM","Delft","Netherlands",52.00074227996126,4.362892696027143,"READY_TO_IMPORT","VERIFIED_CURRENT","https://www.basic-fit.com/en-nl/clubs/basic-fit-delft-leeuwenstein-24-7-c607440325d543baa6b53f346a1b3d79.html","24/7","official_json_ld","","https://www.basic-fit.com","official_club_page"
"nl_82194df211","Basic-Fit","Basic-Fit Gym Basic-Fit Den Bosch Oude Vlijmenseweg 24/7","Oude Vlijmenseweg 186","5223 GT","Den Bosch","Netherlands",51.6955,5.28585,"READY_TO_IMPORT","VERIFIED_CURRENT","https://www.basic-fit.com/en-nl/clubs/basic-fit-den-bosch-oude-vlijmenseweg-24-7-3ace612a3676490fa1d6e1369168db99.html","24/7","official_json_ld","","https://www.basic-fit.com","official_club_page"
"nl_729a16d865","Basic-Fit","Basic-Fit Gym Basic-Fit Den Bosch Pastoor de Kroonstraat 24/7","Pastoor de Kroonstraat 12","5211 SP","Den Bosch","Netherlands",51.69098439593986,5.303801393463645,"READY_TO_IMPORT","VERIFIED_CURRENT","https://www.basic-fit.com/en-nl/clubs/basic-fit-den-bosch-pastoor-de-kroonstraat-24-7-1950496007d3488e8cb8c3a946d810ea.html","24/7","official_json_ld","","https://www.basic-fit.com","official_club_page"
"nl_1e07d6d82a","Basic-Fit","Basic-Fit Gym Basic-Fit Den Bosch Victorialaan 24/7","Victorialaan 13","5213 JG","Den Bosch","Netherlands",51.701,5.33015,"READY_TO_IMPORT","VERIFIED_CURRENT","https://www.basic-fit.com/en-nl/clubs/basic-fit-den-bosch-victorialaan-24-7-f4b5fb4646c84080b9489954f8424d60.html","24/7","official_json_ld","","https://www.basic-fit.com","official_club_page"
"nl_cb4280f8d9","Basic-Fit","Basic-Fit Gym Basic-Fit Den Haag De Werf 24/7","De Werf 27","2544 EH","Den Haag","Netherlands",52.04350815323268,4.2426515458055505,"READY_TO_IMPORT","VERIFIED_CURRENT","https://www.basic-fit.com/en-nl/clubs/basic-fit-den-haag-de-werf-24-7-5dd81027361041d08053c51450401e36.html","24/7","official_json_ld","","https://www.basic-fit.com","official_club_page"
"nl_f26c4453eb","Basic-Fit","Basic-Fit Gym Basic-Fit Den Haag Grote Marktstraat 24/7","Grote Marktstraat 157","2511 BJ","Den Haag","Netherlands",52.07717,4.31449,"READY_TO_IMPORT","VERIFIED_CURRENT","https://www.basic-fit.com/en-nl/clubs/basic-fit-den-haag-grote-marktstraat-24-7-2ab7d2003a8c416389c85ec5645bfab7.html","24/7","official_json_ld","","https://www.basic-fit.com","official_club_page"
"nl_eddb0a20f3","Basic-Fit","Basic-Fit Gym Basic-Fit Den Haag Grote Marktstraat Ladies","Grote Marktstraat 40","2511 BJ","Den Haag","Netherlands",52.07675604735441,4.312437192160615,"READY_TO_IMPORT","VERIFIED_CURRENT","https://www.basic-fit.com/en-nl/clubs/basic-fit-den-haag-grote-marktstraat-ladies-4b8e0074d3b645f8aae2b4bd9e866304.html","","official_json_ld","","https://www.basic-fit.com","official_club_page"
"nl_0d75efacc7","Basic-Fit","Basic-Fit Gym Basic-Fit Den Haag Kiekendiefstraat 24/7","Kiekendiefstraat 35","2496 RP","Den Haag","Netherlands",52.05147683334034,4.385735260102029,"READY_TO_IMPORT","VERIFIED_CURRENT","https://www.basic-fit.com/en-nl/clubs/basic-fit-den-haag-kiekendiefstraat-24-7-0c64a2bdb5374482b2142dcd3e5f42cf.html","24/7","official_json_ld","","https://www.basic-fit.com","official_club_page"
"nl_5fcaf6b620","Basic-Fit","Basic-Fit Gym Basic-Fit Den Haag Noordweg","Noordweg 44a","2548 AC","Den Haag","Netherlands",52.03423,4.27868,"READY_TO_IMPORT","VERIFIED_CURRENT","https://www.basic-fit.com/en-nl/clubs/basic-fit-den-haag-noordweg-7167b5d8f87249689e06873b5450ccb7.html","","official_json_ld","","https://www.basic-fit.com","official_club_page"
"nl_83b532883e","Basic-Fit","Basic-Fit Gym Basic-Fit Den Haag Stationsplein-Hofwijckstraat 24/7","Stationsplein 51","2516 LR","Den Haag","Netherlands",52.0707,4.32354,"READY_TO_IMPORT","VERIFIED_CURRENT","https://www.basic-fit.com/en-nl/clubs/basic-fit-den-haag-stationsplein-hofwijckstraat-24-7-8924e8bf2271404aaa6d55806e886e0f.html","24/7","official_json_ld","","https://www.basic-fit.com","official_club_page"
"nl_3e2ff95e0a","Basic-Fit","Basic-Fit Gym Basic-Fit Den Haag Sylvain Poonstraat 24/7","Sylvain Poonsstraat 10","2548 XX","Den Haag","Netherlands",52.01755,4.3024,"READY_TO_IMPORT","VERIFIED_CURRENT","https://www.basic-fit.com/en-nl/clubs/basic-fit-den-haag-sylvain-poonstraat-24-7-310eeb01c94c4b7bb074c30be2a17d51.html","24/7","official_json_ld","","https://www.basic-fit.com","official_club_page"
"nl_ed87fae595","Basic-Fit","Basic-Fit Gym Basic-Fit Den Haag Zuiderpark","Mr. P. Droogleever Fortuynweg 99","2533 SP","Den Haag","Netherlands",52.05346993858637,4.289352773145267,"READY_TO_IMPORT","VERIFIED_CURRENT","https://www.basic-fit.com/en-nl/clubs/basic-fit-den-haag-zuiderpark-3b5cd91245f8485499fd85ce890463c2.html","","official_json_ld","","https://www.basic-fit.com","official_club_page"
"nl_2d74a9c24f","Basic-Fit","Basic-Fit Gym Basic-Fit Den Helder Industrieweg 24/7","Industrieweg 14b","1785 AG","Den Helder","Netherlands",52.94397,4.77529,"READY_TO_IMPORT","VERIFIED_CURRENT","https://www.basic-fit.com/en-nl/clubs/basic-fit-den-helder-industrieweg-24-7-eb1c3404fc9f49f184d8b1b3913269ca.html","24/7","official_json_ld","","https://www.basic-fit.com","official_club_page"
"nl_6a83266c17","Basic-Fit","Basic-Fit Gym Basic-Fit Deurne Fabriekstraat 24/7","Fabriekstraat 24","5753 AH","Deurne","Netherlands",51.45497,5.79261,"READY_TO_IMPORT","VERIFIED_CURRENT","https://www.basic-fit.com/en-nl/clubs/basic-fit-deurne-fabriekstraat-24-7-569a5e1109684d0fbe71961ee0f913df.html","24/7","official_json_ld","","https://www.basic-fit.com","official_club_page"
"nl_9a283ed10b","Basic-Fit","Basic-Fit Gym Basic-Fit Deventer Boreelplein","Boreelplein 8","7411 EH","Deventer","Netherlands",52.25340956162185,6.165810712432402,"READY_TO_IMPORT","VERIFIED_CURRENT","https://www.basic-fit.com/en-nl/clubs/basic-fit-deventer-boreelplein-203da793d37840fba613f88d0e0379d1.html","","official_json_ld","","https://www.basic-fit.com","official_club_page"
"nl_f773aff446","Basic-Fit","Basic-Fit Gym Basic-Fit Deventer Hannoverstraat 24/7","Hannoverstraat 3b","7418 BL","Deventer","Netherlands",52.24625,6.19742,"READY_TO_IMPORT","VERIFIED_CURRENT","https://www.basic-fit.com/en-nl/clubs/basic-fit-deventer-hannoverstraat-24-7-6d3b45677a774b9b9fa8fd8a22d82f2e.html","24/7","official_json_ld","","https://www.basic-fit.com","official_club_page"
"nl_02f65f716b","Basic-Fit","Basic-Fit Gym Basic-Fit Deventer Smeenkhof","Smeenkhof 10","7429 AX","Deventer","Netherlands",52.2501,6.23133,"READY_TO_IMPORT","VERIFIED_CURRENT","https://www.basic-fit.com/en-nl/clubs/basic-fit-deventer-smeenkhof-c36d9f0288b24c92b310b4c96dc9020a.html","","official_json_ld","","https://www.basic-fit.com","official_club_page"
"nl_68a56191af","Basic-Fit","Basic-Fit Gym Basic-Fit Diemen Muiderstraatweg","Muiderstraatweg 14","1111 PS","Diemen","Netherlands",52.33809,4.96311,"READY_TO_IMPORT","VERIFIED_CURRENT","https://www.basic-fit.com/en-nl/clubs/basic-fit-diemen-muiderstraatweg-e79ee759850d461fb7628d6f57998b7a.html","","official_json_ld","","https://www.basic-fit.com","official_club_page"
"nl_848ef6a9ce","Basic-Fit","Basic-Fit Gym Basic-Fit Diemen Willem de Zwijgerlaan 24/7","Willem de Zwijgerlaan 2","1111 ZS","Diemen","Netherlands",52.33923,4.97012,"READY_TO_IMPORT","VERIFIED_CURRENT","https://www.basic-fit.com/en-nl/clubs/basic-fit-diemen-willem-de-zwijgerlaan-24-7-0d213fa4c5994932a77b6c9939a963f7.html","24/7","official_json_ld","","https://www.basic-fit.com","official_club_page"
"nl_11e674339a","Basic-Fit","Basic-Fit Gym Basic-Fit Doetinchem Burgemeester van Nispenstraat 24/7","Burgemeester van Nispenstraat 18a","7001 BS","Doetinchem","Netherlands",51.96779,6.2883,"READY_TO_IMPORT","VERIFIED_CURRENT","https://www.basic-fit.com/en-nl/clubs/basic-fit-doetinchem-burgemeester-van-nispenstraat-24-7-dc56864b962940c184737c0a9ebe9191.html","24/7","official_json_ld","","https://www.basic-fit.com","official_club_page"
"nl_c92843dadf","Basic-Fit","Basic-Fit Gym Basic-Fit Doetinchem Keppelseweg 24/7","Keppelseweg 26","7001 CG","Doetinchem","Netherlands",51.96915,6.28438,"READY_TO_IMPORT","VERIFIED_CURRENT","https://www.basic-fit.com/en-nl/clubs/basic-fit-doetinchem-keppelseweg-24-7-ccc44c6dff4c4bffb852924e301fe359.html","24/7","official_json_ld","","https://www.basic-fit.com","official_club_page"
"nl_85cd4c4264","Basic-Fit","Basic-Fit Gym Basic-Fit Dordrecht Korte Parallelweg 24/7","Korte Parallelweg 159","3311 JN","Dordrecht","Netherlands",51.80995,4.65547,"READY_TO_IMPORT","VERIFIED_CURRENT","https://www.basic-fit.com/en-nl/clubs/basic-fit-dordrecht-korte-parallelweg-24-7-f0ff1359593b4c549ca4d4def345ea05.html","24/7","official_json_ld","","https://www.basic-fit.com","official_club_page"
"nl_671b280627","Basic-Fit","Basic-Fit Gym Basic-Fit Dordrecht Leerpark 24/7","Max Gootelaan 83","3312 KK","Dordrecht","Netherlands",51.79968,4.67892,"READY_TO_IMPORT","VERIFIED_CURRENT","https://www.basic-fit.com/en-nl/clubs/basic-fit-dordrecht-leerpark-3147c333c58c44efb36161dbd39fb3c3.html","24/7","official_json_ld","","https://www.basic-fit.com","official_club_page"
"nl_1a16a9260a","Basic-Fit","Basic-Fit Gym Basic-Fit Dordrecht P.A. de Kok-plein","P.A. de Kok-plein 107","3318 JW","Dordrecht","Netherlands",51.78575660760612,4.677162110721022,"READY_TO_IMPORT","VERIFIED_CURRENT","https://www.basic-fit.com/en-nl/clubs/basic-fit-dordrecht-p.a.-de-kok-plein-838f19fafa7443bb956ebe2f9f819821.html","","official_json_ld","","https://www.basic-fit.com","official_club_page"
"nl_4b9571201b","Basic-Fit","Basic-Fit Gym Basic-Fit Drachten Omloop 24/7","Omloop 48","9201 CC","Drachten","Netherlands",53.10928212016433,6.082114193230163,"READY_TO_IMPORT","VERIFIED_CURRENT","https://www.basic-fit.com/en-nl/clubs/basic-fit-drachten-omloop-24-7-f07188bba81a4f13a5e98b5b5ed370a9.html","24/7","official_json_ld","","https://www.basic-fit.com","official_club_page"
"nl_dae7157c2d","Basic-Fit","Basic-Fit Gym Basic-Fit Dronten Het Ruim 24/7","Het Ruim 4","8251 EM","Dronten","Netherlands",52.52583,5.71886,"READY_TO_IMPORT","VERIFIED_CURRENT","https://www.basic-fit.com/en-nl/clubs/basic-fit-dronten-het-ruim-24-7-8367056ee0824fb68656808ebb0c9277.html","24/7","official_json_ld","","https://www.basic-fit.com","official_club_page"
"nl_9a616f9900","Basic-Fit","Basic-Fit Gym Basic-Fit Ede Grotestraat 24/7","Grotestraat 61","6711 AJ","Ede","Netherlands",52.045281528056876,5.670369870560409,"READY_TO_IMPORT","VERIFIED_CURRENT","https://www.basic-fit.com/en-nl/clubs/basic-fit-ede-grotestraat-24-7-281f6000bf724d40a7240bb10b8812fa.html","24/7","official_json_ld","","https://www.basic-fit.com","official_club_page"
"nl_1fb92226cf","Basic-Fit","Basic-Fit Gym Basic-Fit Ede Peppelensteeg 24/7","Peppelensteeg 1c","6715 CV","Ede","Netherlands",52.03682,5.6443,"READY_TO_IMPORT","VERIFIED_CURRENT","https://www.basic-fit.com/en-nl/clubs/basic-fit-ede-peppelensteeg-24-7-e6ddf86b914748d897ff2e7d1b050f63.html","24/7","official_json_ld","","https://www.basic-fit.com","official_club_page"
"nl_6e04953e52","Basic-Fit","Basic-Fit Gym Basic-Fit Eindhoven Aalsterweg 24/7","Aalsterweg 135","5644 RA","Eindhoven","Netherlands",51.42350067385875,5.485568834111054,"READY_TO_IMPORT","VERIFIED_CURRENT","https://www.basic-fit.com/en-nl/clubs/basic-fit-eindhoven-aalsterweg-24-7-55ceacc9b7f94b15b25eb0f1cfbd47d3.html","24/7","official_json_ld","","https://www.basic-fit.com","official_club_page"
"nl_62ac9dd146","Basic-Fit","Basic-Fit Gym Basic-Fit Eindhoven Brussellaan 24/7","Brussellaan 2H","5628 TC","Eindhoven","Netherlands",51.47768,5.48487,"READY_TO_IMPORT","VERIFIED_CURRENT","https://www.basic-fit.com/en-nl/clubs/basic-fit-eindhoven-brussellaan-24-7-fa7f2e10fda040af8a2d524b963322f2.html","24/7","official_json_ld","","https://www.basic-fit.com","official_club_page"
"nl_8e11936ea8","Basic-Fit","Basic-Fit Gym Basic-Fit Eindhoven Limburglaan 24/7","Limburglaan 36","5652 AA","Eindhoven","Netherlands",51.43241,5.45319,"READY_TO_IMPORT","VERIFIED_CURRENT","https://www.basic-fit.com/en-nl/clubs/basic-fit-eindhoven-limburglaan-24-7-fb77e9bc33214a63bb3854c8eeb5320e.html","24/7","official_json_ld","","https://www.basic-fit.com","official_club_page"
"nl_034f28f92a","Basic-Fit","Basic-Fit Gym Basic-Fit Eindhoven Philips Stadion","Stadionplein (ingang 18) 2","5616 RX","Eindhoven","Netherlands",51.44139,5.46879,"READY_TO_IMPORT","VERIFIED_CURRENT","https://www.basic-fit.com/en-nl/clubs/basic-fit-eindhoven-philips-stadion-bb14278febde44509ff14acaad2ba1bb.html","","official_json_ld","","https://www.basic-fit.com","official_club_page"
"nl_b4f9eaf309","Basic-Fit","Basic-Fit Gym Basic-Fit Eindhoven Sportpark","Vijfkamplaan 8","5624 EB","Eindhoven","Netherlands",51.47778,5.45528,"READY_TO_IMPORT","VERIFIED_CURRENT","https://www.basic-fit.com/en-nl/clubs/basic-fit-eindhoven-sportpark-8c8a3f1c15c344f79d3cab36594c332e.html","","official_json_ld","","https://www.basic-fit.com","official_club_page"
"nl_53052a5148","Basic-Fit","Basic-Fit Gym Basic-Fit Eindhoven Vijfkamplaan 24/7","Vijfkamplaan 6","5624 EB","Eindhoven","Netherlands",51.4779866589191,5.454519926458502,"READY_TO_IMPORT","VERIFIED_CURRENT","https://www.basic-fit.com/en-nl/clubs/basic-fit-eindhoven-vijfkamplaan-24-7-ebd008f30fd44f65a32eb85594214f7c.html","24/7","official_json_ld","","https://www.basic-fit.com","official_club_page"
"nl_2cd7c33fb5","Basic-Fit","Basic-Fit Gym Basic-Fit Emmen Bislett 24/7","Bislet 11","7825 SB","Emmen","Netherlands",52.778073579622365,6.942864629471243,"READY_TO_IMPORT","VERIFIED_CURRENT","https://www.basic-fit.com/en-nl/clubs/basic-fit-emmen-bislett-24-7-a9e584bd3a814fe58c3775a6eec3b524.html","24/7","official_json_ld","","https://www.basic-fit.com","official_club_page"
"nl_e08ffbe305","Basic-Fit","Basic-Fit Gym Basic-Fit Emmen Wembley 24/7","Wembley 3","7825 SJ","Emmen","Netherlands",52.77485271723344,6.940057021287923,"READY_TO_IMPORT","VERIFIED_CURRENT","https://www.basic-fit.com/en-nl/clubs/basic-fit-emmen-wembley-24-7-31d80dc1f8ed4b9cb0a69e255c5293d1.html","24/7","official_json_ld","","https://www.basic-fit.com","official_club_page"
"nl_ffe9b2ac4a","Basic-Fit","Basic-Fit Gym Basic-Fit Enschede Colosseum 24/7","Colosseum 86","7521 PT","Enschede","Netherlands",52.23885756029675,6.832374252913765,"READY_TO_IMPORT","VERIFIED_CURRENT","https://www.basic-fit.com/en-nl/clubs/basic-fit-enschede-colosseum-24-7-cd7fb7c2e6db462793e3680ff6cfa75e.html","24/7","official_json_ld","","https://www.basic-fit.com","official_club_page"
"nl_f493ad7a28","Basic-Fit","Basic-Fit Gym Basic-Fit Enschede J J van Deinselaan 24/7","J J van Deinselaan 10","7541 BR","Enschede","Netherlands",52.20725348620341,6.898289035124362,"READY_TO_IMPORT","VERIFIED_CURRENT","https://www.basic-fit.com/en-nl/clubs/basic-fit-enschede-j-j-van-deinselaan-24-7-50d6c2b26e904eb7844cee1244e36b88.html","24/7","official_json_ld","","https://www.basic-fit.com","official_club_page"
"nl_707d77a039","Basic-Fit","Basic-Fit Gym Basic-Fit Enschede Oosterstraat 24/7","Oosterstraat 1","7514 DX","Enschede","Netherlands",52.22369977050131,6.899715144844169,"READY_TO_IMPORT","VERIFIED_CURRENT","https://www.basic-fit.com/en-nl/clubs/basic-fit-enschede-oosterstraat-24-7-477bca9417844b78bdccffcacda19312.html","24/7","official_json_ld","","https://www.basic-fit.com","official_club_page"
"nl_71a7f86375","Basic-Fit","Basic-Fit Gym Basic-Fit Enschede Wesselerbrinklaan 24/7","Wesselerbrinklaan 100-102","7544 JZ","Enschede","Netherlands",52.1943,6.87751,"READY_TO_IMPORT","VERIFIED_CURRENT","https://www.basic-fit.com/en-nl/clubs/basic-fit-enschede-wesselerbrinklaan-24-7-a49ebd1b9e4f481f9aeb0dda36008025.html","24/7","official_json_ld","","https://www.basic-fit.com","official_club_page"
"nl_baa70474bf","Basic-Fit","Basic-Fit Gym Basic-Fit Enschede Westerval 24/7","Westerval 20","7545 MZ","Enschede","Netherlands",52.21885,6.86961,"READY_TO_IMPORT","VERIFIED_CURRENT","https://www.basic-fit.com/en-nl/clubs/basic-fit-enschede-westerval-24-7-03c703d686f14632ba7fceb7dd35306d.html","24/7","official_json_ld","","https://www.basic-fit.com","official_club_page"
"nl_e8726827bb","Basic-Fit","Basic-Fit Gym Basic-Fit Epe Hoofdstraat 24/7","Hoofdstraat 65","8162 AB","Epe","Netherlands",52.34892,5.98425,"READY_TO_IMPORT","VERIFIED_CURRENT","https://www.basic-fit.com/en-nl/clubs/basic-fit-epe-hoofdstraat-24-7-147de92eff6b4270b8627ff0166d481b.html","24/7","official_json_ld","","https://www.basic-fit.com","official_club_page"
"nl_0cac8c666b","Basic-Fit","Basic-Fit Gym Basic-Fit Etten-Leur Vijfhuizenweg 24/7","Vijfhuizenweg 15","4871 EE","Etten-Leur","Netherlands",51.5829,4.66186,"READY_TO_IMPORT","VERIFIED_CURRENT","https://www.basic-fit.com/en-nl/clubs/basic-fit-etten-leur-vijfhuizenweg-24-7-72c678240667435ea17069c8016645f9.html","24/7","official_json_ld","","https://www.basic-fit.com","official_club_page"
"nl_ae78e1ff58","Basic-Fit","Basic-Fit Gym Basic-Fit Geleen Rijksweg Noord 24/7","Rijksweg Noord 125","6162 AE","Geleen","Netherlands",50.97788,5.84086,"READY_TO_IMPORT","VERIFIED_CURRENT","https://www.basic-fit.com/en-nl/clubs/basic-fit-geleen-rijksweg-noord-24-7-451f8689a67e415db742e13ee2274d1e.html","24/7","official_json_ld","","https://www.basic-fit.com","official_club_page"
"nl_71012d5670","Basic-Fit","Basic-Fit Gym Basic-Fit Gennep Kleermakersgroes","Kleermakersgroes 14","6591 KH","Gennep","Netherlands",51.69547,5.96597,"READY_TO_IMPORT","VERIFIED_CURRENT","https://www.basic-fit.com/en-nl/clubs/basic-fit-gennep-kleermakersgroes-2ca35eb736304512b7824fcc3aec9536.html","","official_json_ld","","https://www.basic-fit.com","official_club_page"
"nl_77aa13fc80","Basic-Fit","Basic-Fit Gym Basic-Fit Goes Klein Frankrijk 24/7","Klein Frankrijk 11","4461 ZN","Goes","Netherlands",51.50633,3.87799,"READY_TO_IMPORT","VERIFIED_CURRENT","https://www.basic-fit.com/en-nl/clubs/basic-fit-goes-klein-frankrijk-24-7-febb79a23ec1488db2f73d141e8a7566.html","24/7","official_json_ld","","https://www.basic-fit.com","official_club_page"
"nl_e5906ac8ec","Basic-Fit","Basic-Fit Gym Basic-Fit Goes v.d. Spiegelstraat 24/7","v.d. Spiegelstraat 92","4461 LN","Goes","Netherlands",51.49892,3.89654,"READY_TO_IMPORT","VERIFIED_CURRENT","https://www.basic-fit.com/en-nl/clubs/basic-fit-goes-v.d.-spiegelstraat-24-7-1bf9797ba96c4a2c83f6b4e4adf6d753.html","24/7","official_json_ld","","https://www.basic-fit.com","official_club_page"
"nl_987dc3b676","Basic-Fit","Basic-Fit Gym Basic-Fit Gouda Pottersplein","Pottersplein 3-7","2801 WR","Gouda","Netherlands",52.01109,4.70369,"READY_TO_IMPORT","VERIFIED_CURRENT","https://www.basic-fit.com/en-nl/clubs/basic-fit-gouda-pottersplein-34964b7b569944a7ab9a11b542f8ba90.html","","official_json_ld","","https://www.basic-fit.com","official_club_page"
"nl_660023a0a0","Basic-Fit","Basic-Fit Gym Basic-Fit Groningen Antillenstraat 24/7","Antillenstraat 7 E-H","9714 JT","Groningen","Netherlands",53.23377,6.58213,"READY_TO_IMPORT","VERIFIED_CURRENT","https://www.basic-fit.com/en-nl/clubs/basic-fit-groningen-antillenstraat-24-7-2a1454ad0ae0408dbd13b9654b157004.html","24/7","official_json_ld","","https://www.basic-fit.com","official_club_page"
"nl_f1a0e3c8d5","Basic-Fit","Basic-Fit Gym Basic-Fit Groningen Dierenriemstraat 24/7","Dierenriemstraat 200","9742 AM","Groningen","Netherlands",53.22946,6.54364,"READY_TO_IMPORT","VERIFIED_CURRENT","https://www.basic-fit.com/en-nl/clubs/basic-fit-groningen-dierenriemstraat-5dfb9ba6b45f4ab3906663d7f251343f.html","24/7","official_json_ld","","https://www.basic-fit.com","official_club_page"
"nl_61029e0b1e","Basic-Fit","Basic-Fit Gym Basic-Fit Groningen Protonstraat 24/7","Protonstraat 12D","9743 AL","Groningen","Netherlands",53.215,6.53443,"READY_TO_IMPORT","VERIFIED_CURRENT","https://www.basic-fit.com/en-nl/clubs/basic-fit-groningen-protonstraat-24-7-f8ec46f888ff4b1c8b1da99757745107.html","24/7","official_json_ld","","https://www.basic-fit.com","official_club_page"
"nl_4c8a02f823","Basic-Fit","Basic-Fit Gym Basic-Fit Groningen Van Imhoffstraat 24/7","Van Imhoffstraat 2","9721 CP","Groningen","Netherlands",53.198471669309995,6.577587346153707,"READY_TO_IMPORT","VERIFIED_CURRENT","https://www.basic-fit.com/en-nl/clubs/basic-fit-groningen-van-imhoffstraat-24-7-80ca22f7559544c88a20c1d3e41531f6.html","24/7","official_json_ld","","https://www.basic-fit.com","official_club_page"
"nl_ad8847cec6","Basic-Fit","Basic-Fit Gym Basic-Fit Groningen Vismarkt","Vismarkt 27A","9712 CA","Groningen","Netherlands",53.21752,6.56491,"READY_TO_IMPORT","VERIFIED_CURRENT","https://www.basic-fit.com/en-nl/clubs/basic-fit-groningen-vismarkt-490df175a9c94ff599fb3e4a1734d96e.html","","official_json_ld","","https://www.basic-fit.com","official_club_page"
"nl_0a7864d1f6","Basic-Fit","Basic-Fit Gym Basic-Fit Groningen Westerhaven 24/7","Westerhaven 64","9718 AC","Groningen","Netherlands",53.21511045965692,6.556532727571286,"READY_TO_IMPORT","VERIFIED_CURRENT","https://www.basic-fit.com/en-nl/clubs/basic-fit-groningen-westerhaven-24-7-783c23e3613a4e8b8dd325a3f7251a13.html","24/7","official_json_ld","","https://www.basic-fit.com","official_club_page"
"nl_a7097b32be","Basic-Fit","Basic-Fit Gym Basic-Fit Haaksbergen Hibbertsstraat 24/7","Hibbertsstraat 5","7481 HS","Haaksbergen","Netherlands",52.15508,6.74089,"READY_TO_IMPORT","VERIFIED_CURRENT","https://www.basic-fit.com/en-nl/clubs/basic-fit-haaksbergen-hibbertsstraat-24-7-94a30eddf1d44d4a8ac7006cc01fe130.html","24/7","official_json_ld","","https://www.basic-fit.com","official_club_page"
"nl_5e75594029","Basic-Fit","Basic-Fit Gym Basic-Fit Haarlem Bernadottelaan","Bernadottelaan 199","2037 GP","Haarlem","Netherlands",52.35547532449793,4.664500608152916,"READY_TO_IMPORT","VERIFIED_CURRENT","https://www.basic-fit.com/en-nl/clubs/basic-fit-haarlem-bernadottelaan-056213a7020b4f0692bf14f9117630d3.html","","official_json_ld","","https://www.basic-fit.com","official_club_page"
"nl_94785d866d","Basic-Fit","Basic-Fit Gym Basic-Fit Haarlem Bijdorplaan 24/7","Bijdorplaan 15F","2015 CE","Haarlem","Netherlands",52.389,4.6118,"READY_TO_IMPORT","VERIFIED_CURRENT","https://www.basic-fit.com/en-nl/clubs/basic-fit-haarlem-bijdorplaan-24-7-0c24724d8dee486f8ad870bd5ac77f6b.html","24/7","official_json_ld","","https://www.basic-fit.com","official_club_page"
"nl_ce0cb6d14f","Basic-Fit","Basic-Fit Gym Basic-Fit Haarlem Vondelweg 24/7","Vondelweg 540","2026 BH","Haarlem","Netherlands",52.42105,4.65195,"READY_TO_IMPORT","VERIFIED_CURRENT","https://www.basic-fit.com/en-nl/clubs/basic-fit-haarlem-vondelweg-24-7-81a0214b435f458889082ce25c86e5ef.html","24/7","official_json_ld","","https://www.basic-fit.com","official_club_page"
"nl_bda5c3d0e8","Basic-Fit","Basic-Fit Gym Basic-Fit Hardenberg Sportboulevard 24/7","Sportboulevard 7","7772 SL","Hardenberg","Netherlands",52.5697856,6.629730599999999,"READY_TO_IMPORT","VERIFIED_CURRENT","https://www.basic-fit.com/en-nl/clubs/basic-fit-hardenberg-sportboulevard-24-7-e57c94ad8f6342a494a7b1ad8754b812.html","24/7","official_json_ld","","https://www.basic-fit.com","official_club_page"
"nl_5ed86da85f","Basic-Fit","Basic-Fit Gym Basic-Fit Harderwijk Kolbaanweg 24/7","Kolbaanweg 3","3845 LJ","Harderwijk","Netherlands",52.32236492555792,5.6122075828495275,"READY_TO_IMPORT","VERIFIED_CURRENT","https://www.basic-fit.com/en-nl/clubs/basic-fit-harderwijk-kolbaanweg-24-7-dec7989e9a3d4b128a17bb43c5ccb1a6.html","24/7","official_json_ld","","https://www.basic-fit.com","official_club_page"
"nl_82eb947d5b","Basic-Fit","Basic-Fit Gym Basic-Fit Harlingen Grensweg 24/7","Grensweg 1","8861 KX","Harlingen","Netherlands",53.17273,5.43844,"READY_TO_IMPORT","VERIFIED_CURRENT","https://www.basic-fit.com/en-nl/clubs/basic-fit-harlingen-grensweg-24-7-94806d3d822540e29d718ea5da22a5a3.html","24/7","official_json_ld","","https://www.basic-fit.com","official_club_page"
"nl_bca098c8a0","Basic-Fit","Basic-Fit Gym Basic-Fit Heemskerk Kerkweg 24/7","Kerkweg 221","1964 KJ","Heemskerk","Netherlands",52.51464,4.65928,"READY_TO_IMPORT","VERIFIED_CURRENT","https://www.basic-fit.com/en-nl/clubs/basic-fit-heemskerk-kerkweg-24-7-7c7c4c3f7a2b4341a4ac1d85fa07694b.html","24/7","official_json_ld","","https://www.basic-fit.com","official_club_page"
"nl_be3ac419e7","Basic-Fit","Basic-Fit Gym Basic-Fit Heerenveen It Hege Stik 24/7","It Hege Stik 3","8445 PZ","Heerenveen","Netherlands",52.94584,5.92864,"READY_TO_IMPORT","VERIFIED_CURRENT","https://www.basic-fit.com/en-nl/clubs/basic-fit-heerenveen-it-hege-stik-24-7-8f2fffb2792949a4853a3180552b01af.html","24/7","official_json_ld","","https://www.basic-fit.com","official_club_page"
"nl_71131c5171","Basic-Fit","Basic-Fit Gym Basic-Fit Heerhugowaard J.J.P. Oudweg 24/7","J.J.P. Oudweg 19","1703 DE","Heerhugowaard","Netherlands",52.663181780968735,4.81074012515831,"READY_TO_IMPORT","VERIFIED_CURRENT","https://www.basic-fit.com/en-nl/clubs/basic-fit-heerhugowaard-j.j.p.-oudweg-24-7-9ae2a2f15ef84e34952fea17e25a0721.html","24/7","official_json_ld","","https://www.basic-fit.com","official_club_page"
"nl_cd6a0fe271","Basic-Fit","Basic-Fit Gym Basic-Fit Heerlen Ten Esschen 24/7","Ten Esschen 100","6412 PR","Heerlen","Netherlands",50.90005797193923,5.935744377103133,"READY_TO_IMPORT","VERIFIED_CURRENT","https://www.basic-fit.com/en-nl/clubs/basic-fit-heerlen-ten-esschen-24-7-32f2945a75c64112a48b3f01373b5c6d.html","24/7","official_json_ld","","https://www.basic-fit.com","official_club_page"
"nl_13f33ca47e","Basic-Fit","Basic-Fit Gym Basic-Fit Helmond Braakse Bosdijk 24/7","Braakse Bosdijk 3","5703 HZ","Helmond","Netherlands",51.48603,5.67643,"READY_TO_IMPORT","VERIFIED_CURRENT","https://www.basic-fit.com/en-nl/clubs/basic-fit-helmond-braakse-bosdijk-24-7-53f8a3305cbd45bea1770cedfee57073.html","24/7","official_json_ld","","https://www.basic-fit.com","official_club_page"
"nl_28d053fa1a","Basic-Fit","Basic-Fit Gym Basic-Fit Helmond Rakthof 24/7","Rakthof 6","5709 EK","Helmond","Netherlands",51.47196,5.70869,"READY_TO_IMPORT","VERIFIED_CURRENT","https://www.basic-fit.com/en-nl/clubs/basic-fit-helmond-rakthof-24-7-c465235a721f4a9f844c8fb04ac94a2c.html","24/7","official_json_ld","","https://www.basic-fit.com","official_club_page"
"nl_4b956cd4ee","Basic-Fit","Basic-Fit Gym Basic-Fit Hengelo Lansinkesweg 24/7","Lansinkesweg 2","7553 AE","Hengelo","Netherlands",52.26090145345697,6.790722688212736,"READY_TO_IMPORT","VERIFIED_CURRENT","https://www.basic-fit.com/en-nl/clubs/basic-fit-hengelo-lansinkesweg-24-7-f95fb7df36f8437a9ab4761dfcd3077d.html","24/7","official_json_ld","","https://www.basic-fit.com","official_club_page"
"nl_97c9971b06","Basic-Fit","Basic-Fit Gym Basic-Fit Hillegom Stationsweg 24/7","Stationsweg 47A","2182 BA","Hillegom","Netherlands",52.29924,4.57417,"READY_TO_IMPORT","VERIFIED_CURRENT","https://www.basic-fit.com/en-nl/clubs/basic-fit-hillegom-stationsweg-24-7-e338e2472b2543bf91e090afbf663f39.html","24/7","official_json_ld","","https://www.basic-fit.com","official_club_page"
"nl_91af43c21d","Basic-Fit","Basic-Fit Gym Basic-Fit Hilversum Herenstraat 24/7","Herenstraat 36","1211 CC","Hilversum","Netherlands",52.22385778121949,5.173785710717177,"READY_TO_IMPORT","VERIFIED_CURRENT","https://www.basic-fit.com/en-nl/clubs/basic-fit-hilversum-herenstraat-24-7-8cf50c17e7644214bc33c647dd536fb1.html","24/7","official_json_ld","","https://www.basic-fit.com","official_club_page"
"nl_edb987d10c","Basic-Fit","Basic-Fit Gym Basic-Fit Hoofddorp Arnolduspark","Arnolduspark 16","2132 CR","Hoofddorp","Netherlands",52.309062755278376,4.706509816801953,"READY_TO_IMPORT","VERIFIED_CURRENT","https://www.basic-fit.com/en-nl/clubs/basic-fit-hoofddorp-arnolduspark-37f9e564a143453180b49c16f26dbcbd.html","","official_json_ld","","https://www.basic-fit.com","official_club_page"
"nl_9295fd896c","Basic-Fit","Basic-Fit Gym Basic-Fit Hoofddorp J.C. Beetslaan 24/7","J.C. Beetslaan 161","2131 AL","Hoofddorp","Netherlands",52.314411560464066,4.688095127925091,"READY_TO_IMPORT","VERIFIED_CURRENT","https://www.basic-fit.com/en-nl/clubs/basic-fit-hoofddorp-j.c.-beetslaan-24-7-cffd8b25c79e454daa8a8dd9bf948120.html","24/7","official_json_ld","","https://www.basic-fit.com","official_club_page"
"nl_8671116f16","Basic-Fit","Basic-Fit Gym Basic-Fit Hoofddorp Toolenburg 24/7","Hoofdweg 871","2131 MB","Hoofddorp","Netherlands",52.289938836208556,4.667112991647625,"READY_TO_IMPORT","VERIFIED_CURRENT","https://www.basic-fit.com/en-nl/clubs/basic-fit-hoofddorp-toolenburg-24-7-76d9cca3d5e14c98afb8e28360172662.html","24/7","official_json_ld","","https://www.basic-fit.com","official_club_page"
"nl_5edcec7a0b","Basic-Fit","Basic-Fit Gym Basic-Fit Hoogeveen Duymaer van Twistweg 24/7","Duymaer van Twistweg 6","7909 CB","Hoogeveen","Netherlands",52.724999045644815,6.453786928980158,"READY_TO_IMPORT","VERIFIED_CURRENT","https://www.basic-fit.com/en-nl/clubs/basic-fit-hoogeveen-duymaer-van-twistweg-24-7-eda9b5f922664781b01fc6c93d6337e6.html","24/7","official_json_ld","","https://www.basic-fit.com","official_club_page"
"nl_9f7774f855","Basic-Fit","Basic-Fit Gym Basic-Fit Hoogeveen Pesserstraat 24/7","Pesserstraat 33","7901 LB","Hoogeveen","Netherlands",52.734506508021255,6.475991193780572,"READY_TO_IMPORT","VERIFIED_CURRENT","https://www.basic-fit.com/en-nl/clubs/basic-fit-hoogeveen-pesserstraat-24-7-75703368004c4e6697dc4cba1e66a681.html","24/7","official_json_ld","","https://www.basic-fit.com","official_club_page"
"nl_3e2455d6b2","Basic-Fit","Basic-Fit Gym Basic-Fit Hoogezand Hazenleger 24/7","Hazenleger 5a","9603 TJ","Hoogezand","Netherlands",53.15111,6.76392,"READY_TO_IMPORT","VERIFIED_CURRENT","https://www.basic-fit.com/en-nl/clubs/basic-fit-hoogezand-hazenleger-24-7-162caa44ee9545c881e344245d820bb1.html","24/7","official_json_ld","","https://www.basic-fit.com","official_club_page"
"nl_b572630873","Basic-Fit","Basic-Fit Gym Basic-Fit Hoogvliet Middenbaan-Noord 24/7","Middenbaan Noord 44-46","3191 EH","Hoogvliet","Netherlands",51.86616,4.35388,"READY_TO_IMPORT","VERIFIED_CURRENT","https://www.basic-fit.com/en-nl/clubs/basic-fit-hoogvliet-middenbaan-noord-24-7-e60043f4b5a74b8dbef6135d90080005.html","24/7","official_json_ld","","https://www.basic-fit.com","official_club_page"
"nl_4f92a54beb","Basic-Fit","Basic-Fit Gym Basic-Fit Hoorn De Grote Beer 24/7","WC De Grote Beer 5v","1622 ES","Hoorn","Netherlands",52.63902,5.03687,"READY_TO_IMPORT","VERIFIED_CURRENT","https://www.basic-fit.com/en-nl/clubs/basic-fit-hoorn-de-grote-beer-f63dd33401314a4187b6f3357e7c54fa.html","24/7","official_json_ld","","https://www.basic-fit.com","official_club_page"
"nl_483ef6ccff","Basic-Fit","Basic-Fit Gym Basic-Fit Hoorn Zwaagdijk 24/7","Zwaagdijk 467A","1689 PC","Hoorn","Netherlands",52.66982,5.04425,"READY_TO_IMPORT","VERIFIED_CURRENT","https://www.basic-fit.com/en-nl/clubs/basic-fit-hoorn-zwaagdijk-24-7-ea3cafdf57eb44e08105be6121ba3549.html","24/7","official_json_ld","","https://www.basic-fit.com","official_club_page"
"nl_fd42a068f3","Basic-Fit","Basic-Fit Gym Basic-Fit Houten Kruisboog 24/7","Kruisboog 10","3994 AE","Houten","Netherlands",52.02892558887522,5.180330432283063,"READY_TO_IMPORT","VERIFIED_CURRENT","https://www.basic-fit.com/en-nl/clubs/basic-fit-houten-kruisboog-24-7-0464e3a847f841569ee9831fb7e13adb.html","24/7","official_json_ld","","https://www.basic-fit.com","official_club_page"
"nl_aa389afc3e","Basic-Fit","Basic-Fit Gym Basic-Fit Ijmuiden C. van der Doesstraat 24/7","C. van der Doesstraat 22 1e Etage","1972 AT","Ijmuiden","Netherlands",52.462351837585956,4.614309742774279,"READY_TO_IMPORT","VERIFIED_CURRENT","https://www.basic-fit.com/en-nl/clubs/basic-fit-ijmuiden-c.-van-der-doesstraat-24-7-43b31772760e44359670bb8c56d2343d.html","24/7","official_json_ld","","https://www.basic-fit.com","official_club_page"
"nl_5425cfd5db","Basic-Fit","Basic-Fit Gym Basic-Fit Kampen De Maten 24/7","De Maten 10","8265 VA","Kampen","Netherlands",52.54084,5.91576,"READY_TO_IMPORT","VERIFIED_CURRENT","https://www.basic-fit.com/en-nl/clubs/basic-fit-kampen-de-maten-24-7-0c4c3f0602074129b5ca53a78d64dc40.html","24/7","official_json_ld","","https://www.basic-fit.com","official_club_page"
"nl_d62e2948ee","Basic-Fit","Basic-Fit Gym Basic-Fit Katwijk Ambachtsweg 24/7","Ambachtsweg 7B","2222 AH","Katwijk","Netherlands",52.20157,4.42944,"READY_TO_IMPORT","VERIFIED_CURRENT","https://www.basic-fit.com/en-nl/clubs/basic-fit-katwijk-ambachtsweg-24-7-ae7bb33eab5f4a7e9da53a235cfe9602.html","24/7","official_json_ld","","https://www.basic-fit.com","official_club_page"
"nl_b8aab3304d","Basic-Fit","Basic-Fit Gym Basic-Fit Kerkrade Marktstraat 24/7","Marktstraat 51","6461 CV","Kerkrade","Netherlands",50.8636,6.06541,"READY_TO_IMPORT","VERIFIED_CURRENT","https://www.basic-fit.com/en-nl/clubs/basic-fit-kerkrade-marktstraat-24-7-e2a592e489a34413ae1d9cf379dc3d99.html","24/7","official_json_ld","","https://www.basic-fit.com","official_club_page"
"nl_d512f65b01","Basic-Fit","Basic-Fit Gym Basic-Fit Kerkrade Roda J.C. Ring","Roda J.C. Ring 95","6466 NH","Kerkrade","Netherlands",50.856703805813545,6.004460882224692,"READY_TO_IMPORT","VERIFIED_CURRENT","https://www.basic-fit.com/en-nl/clubs/basic-fit-kerkrade-roda-j.c.-ring-7bf8decb8de74cec84b34d64782025aa.html","","official_json_ld","","https://www.basic-fit.com","official_club_page"
"nl_6330030a09","Basic-Fit","Basic-Fit Gym Basic-Fit Kerkrade Spekhofstraat 24/7","Spekhofstraat 24a","6466 LZ","Kerkrade","Netherlands",50.85539,6.02011,"READY_TO_IMPORT","VERIFIED_CURRENT","https://www.basic-fit.com/en-nl/clubs/basic-fit-kerkrade-spekhofstraat-24-7-49075b5ba983417daa3e40c86de6eedf.html","24/7","official_json_ld","","https://www.basic-fit.com","official_club_page"
"nl_156981144b","Basic-Fit","Basic-Fit Gym Basic-Fit Kudelstaart Wim Kan Dreef 24/7","Wim Kan Dreef 5","1433 HM","Kudelstaart","Netherlands",52.22918351900311,4.732397902830063,"READY_TO_IMPORT","VERIFIED_CURRENT","https://www.basic-fit.com/en-nl/clubs/basic-fit-kudelstaart-wim-kan-dreef-24-7-17c1b3de4ad54fcbae1a4e86417cd67e.html","24/7","official_json_ld","","https://www.basic-fit.com","official_club_page"
"nl_d2abbc30e2","Basic-Fit","Basic-Fit Gym Basic-Fit Leeuwarden De Centrale","De Centrale 29","8924 CZ","Leeuwarden","Netherlands",53.201835,5.821245096422626,"READY_TO_IMPORT","VERIFIED_CURRENT","https://www.basic-fit.com/en-nl/clubs/basic-fit-leeuwarden-de-centrale-24e1b37dc4b84042acd67e18631ed730.html","","official_json_ld","","https://www.basic-fit.com","official_club_page"
"nl_3d62e31bba","Basic-Fit","Basic-Fit Gym Basic-Fit Leeuwarden Stadionplein 24/7","Stadionplein 35","8914 BX","Leeuwarden","Netherlands",53.20061,5.76932,"READY_TO_IMPORT","VERIFIED_CURRENT","https://www.basic-fit.com/en-nl/clubs/basic-fit-leeuwarden-stadionplein-24-7-fe4bb08822f8427481ed42b3894f8872.html","24/7","official_json_ld","","https://www.basic-fit.com","official_club_page"
"nl_a0506c7978","Basic-Fit","Basic-Fit Gym Basic-Fit Leeuwarden Tijsmaweg 24/7","Tijsmaweg 4","8924 JP","Leeuwarden","Netherlands",53.21175,5.82992,"READY_TO_IMPORT","VERIFIED_CURRENT","https://www.basic-fit.com/en-nl/clubs/basic-fit-leeuwarden-tijsmaweg-24-7-d572530ef46541b098e88d499223f757.html","24/7","official_json_ld","","https://www.basic-fit.com","official_club_page"
"nl_80e969fe7d","Basic-Fit","Basic-Fit Gym Basic-Fit Leeuwarden Zuidersingel 24/7","Zuidersingel 8","8911 AV","Leeuwarden","Netherlands",53.19722,5.79043,"READY_TO_IMPORT","VERIFIED_CURRENT","https://www.basic-fit.com/en-nl/clubs/basic-fit-leeuwarden-zuidersingel-24-7-f7832d4b48c24d268a758f882776ba29.html","24/7","official_json_ld","","https://www.basic-fit.com","official_club_page"
"nl_b815f616d5","Basic-Fit","Basic-Fit Gym Basic-Fit Lelystad Badweg 24/7","Badweg 10","8223 PA","Lelystad","Netherlands",52.52103,5.49653,"READY_TO_IMPORT","VERIFIED_CURRENT","https://www.basic-fit.com/en-nl/clubs/basic-fit-lelystad-badweg-24-7-88a3ab1fae99420dbb4797ad07ec3774.html","24/7","official_json_ld","","https://www.basic-fit.com","official_club_page"
"nl_51dbca7898","Basic-Fit","Basic-Fit Gym Basic-Fit Lelystad de Waag 24/7","Waagpassage 30","8232 DV","Lelystad","Netherlands",52.51068,5.47476,"READY_TO_IMPORT","VERIFIED_CURRENT","https://www.basic-fit.com/en-nl/clubs/basic-fit-lelystad-de-waag-24-7-fcdc3408b1e84a18af00be469576a411.html","24/7","official_json_ld","","https://www.basic-fit.com","official_club_page"
"nl_b554a4ffbe","Basic-Fit","Basic-Fit Gym Basic-Fit Maarssen Bisonspoor 24/7","Bisonspoor 1058","3605 KG","Maarssen","Netherlands",52.13561550829729,5.030114293705695,"READY_TO_IMPORT","VERIFIED_CURRENT","https://www.basic-fit.com/en-nl/clubs/basic-fit-maarssen-bisonspoor-24-7-d2f913ee872648df8f8079ee2ff17045.html","24/7","official_json_ld","","https://www.basic-fit.com","official_club_page"
"nl_217c50b68e","Basic-Fit","Basic-Fit Gym Basic-Fit Maassluis Elektraweg 24/7","Elektraweg 2a","3144 CB","Maassluis","Netherlands",51.92524,4.24801,"READY_TO_IMPORT","VERIFIED_CURRENT","https://www.basic-fit.com/en-nl/clubs/basic-fit-maassluis-elektraweg-24-7-7d68669d02224e969b67b90312c564ef.html","24/7","official_json_ld","","https://www.basic-fit.com","official_club_page"
"nl_61d477e1a3","Basic-Fit","Basic-Fit Gym Basic-Fit Maastricht Bosscherweg 24/7","Bosscherweg 161","6219 AA","Maastricht","Netherlands",50.86304811635774,5.687674822710208,"READY_TO_IMPORT","VERIFIED_CURRENT","https://www.basic-fit.com/en-nl/clubs/basic-fit-maastricht-bosscherweg-24-7-a469164bc2f64c05a7174663a9e1da65.html","24/7","official_json_ld","","https://www.basic-fit.com","official_club_page"
"nl_04bab370d0","Basic-Fit","Basic-Fit Gym Basic-Fit Maastricht Porseleinstraat 24/7","Porseleinstraat 3","6216 BP","Maastricht","Netherlands",50.85173,5.66355,"READY_TO_IMPORT","VERIFIED_CURRENT","https://www.basic-fit.com/en-nl/clubs/basic-fit-maastricht-porseleinstraat-24-7-6cb4fe265c79404aa42879dc1ad4839f.html","24/7","official_json_ld","","https://www.basic-fit.com","official_club_page"
"nl_d88c424c79","Basic-Fit","Basic-Fit Gym Basic-Fit Maastricht Stadionplein 24/7","Stadionplein 10","6225 XW","Maastricht","Netherlands",50.85715,5.71678,"READY_TO_IMPORT","VERIFIED_CURRENT","https://www.basic-fit.com/en-nl/clubs/basic-fit-maastricht-stadionplein-24-7-158303ca2e9e4952a9bc1e451173c788.html","24/7","official_json_ld","","https://www.basic-fit.com","official_club_page"
"nl_5cc6a3a64c","Basic-Fit","Basic-Fit Gym Basic-Fit Meppel Blankenstein 24/7","Blankenstein 275","7943 PG","Meppel","Netherlands",52.69837145345697,6.206082465253413,"READY_TO_IMPORT","VERIFIED_CURRENT","https://www.basic-fit.com/en-nl/clubs/basic-fit-meppel-blankenstein-24-7-192a94a82bcf43a1928fff38b6484e62.html","24/7","official_json_ld","","https://www.basic-fit.com","official_club_page"
"nl_b0cd791652","Basic-Fit","Basic-Fit Gym Basic-Fit Meppel Industrieweg 24/7","Industrieweg 11a","7944 HT","Meppel","Netherlands",52.69228,6.17808,"READY_TO_IMPORT","VERIFIED_CURRENT","https://www.basic-fit.com/en-nl/clubs/basic-fit-meppel-industrieweg-24-7-dbaaeac036144150bbec1d521d9d8a4b.html","24/7","official_json_ld","","https://www.basic-fit.com","official_club_page"
"nl_297fbc69c0","Basic-Fit","Basic-Fit Gym Basic-Fit Middelburg Podium 24/7","Podium 9","4337 WV","Middelburg","Netherlands",51.48059,3.63374,"READY_TO_IMPORT","VERIFIED_CURRENT","https://www.basic-fit.com/en-nl/clubs/basic-fit-middelburg-podium-24-7-d6e5401ad4664a28a194d34e5f3a78e5.html","24/7","official_json_ld","","https://www.basic-fit.com","official_club_page"
"nl_778dc38161","Basic-Fit","Basic-Fit Gym Basic-Fit Naaldwijk Gildestraat 24/7","Gildestraat 227 B","2671 BW","Naaldwijk","Netherlands",52.00349,4.20787,"READY_TO_IMPORT","VERIFIED_CURRENT","https://www.basic-fit.com/en-nl/clubs/basic-fit-naaldwijk-gildestraat-24-7-4690447109e14af7b8e04d12827d7b0b.html","24/7","official_json_ld","","https://www.basic-fit.com","official_club_page"
"nl_26681c046c","Basic-Fit","Basic-Fit Gym Basic-Fit Nieuw-Vennep Lucas Bolsstraat 24/7","Lucas Bolsstraat 42","2152 CZ","Nieuw-Vennep","Netherlands",52.27305,4.62723,"READY_TO_IMPORT","VERIFIED_CURRENT","https://www.basic-fit.com/en-nl/clubs/basic-fit-nieuw-vennep-lucas-bolsstraat-24-7-04f47fc139da4b82bfdcfd73d29215f6.html","24/7","official_json_ld","","https://www.basic-fit.com","official_club_page"
"nl_27ed55cd1e","Basic-Fit","Basic-Fit Gym Basic-Fit Nieuwegein Graaf Florisweg","Graaf Florisweg 2","3434 DZ","Nieuwegein","Netherlands",52.01563,5.0962,"READY_TO_IMPORT","VERIFIED_CURRENT","https://www.basic-fit.com/en-nl/clubs/basic-fit-nieuwegein-graaf-florisweg-7d20c1bf79d64b45aa93f44b824c4b68.html","","official_json_ld","","https://www.basic-fit.com","official_club_page"
"nl_4b89093637","Basic-Fit","Basic-Fit Gym Basic-Fit Nieuwegein Raadstede","Raadstede 71","3431 HA","Nieuwegein","Netherlands",52.02806,5.08466,"READY_TO_IMPORT","VERIFIED_CURRENT","https://www.basic-fit.com/en-nl/clubs/basic-fit-nieuwegein-raadstede-9f3c1ea6f0d94d69bd53f9070fcbb895.html","","official_json_ld","","https://www.basic-fit.com","official_club_page"
"nl_faf5b1e6a3","Basic-Fit","Basic-Fit Gym Basic-Fit Nieuwerkerk aan den Ijssel Iersestraat","Iersestraat 15","2912 TH","Nieuwerkerk aan den Ijssel","Netherlands",51.96273,4.60172,"READY_TO_IMPORT","VERIFIED_CURRENT","https://www.basic-fit.com/en-nl/clubs/basic-fit-nieuwerkerk-aan-den-ijssel-iersestraat-12e641621cbc42cea14a27ccbc6f77ae.html","","official_json_ld","","https://www.basic-fit.com","official_club_page"
"nl_2171f681da","Basic-Fit","Basic-Fit Gym Basic-Fit Nijmegen Kerkenbos 24/7","Kerkenbos 1115","6546 BC","Nijmegen","Netherlands",51.82551,5.78797,"READY_TO_IMPORT","VERIFIED_CURRENT","https://www.basic-fit.com/en-nl/clubs/basic-fit-nijmegen-kerkenbos-24-7-647daab03c8d4517a522f2f9c3c32332.html","24/7","official_json_ld","","https://www.basic-fit.com","official_club_page"
"nl_8627de775d","Basic-Fit","Basic-Fit Gym Basic-Fit Nijmegen Vlaamsegas","Vlaamsegas 2","6511 HR","Nijmegen","Netherlands",51.84357,5.86309,"READY_TO_IMPORT","VERIFIED_CURRENT","https://www.basic-fit.com/en-nl/clubs/basic-fit-nijmegen-vlaamsegas-d630317ca8554edc9ca738d360875d38.html","","official_json_ld","","https://www.basic-fit.com","official_club_page"
"nl_47848f9f7b","Basic-Fit","Basic-Fit Gym Basic-Fit Nijmegen Weg door Jonkerbos 24/7","Weg door Jonkerbos 26","6532 SZ","Nijmegen","Netherlands",51.81258912072925,5.829529909439411,"READY_TO_IMPORT","VERIFIED_CURRENT","https://www.basic-fit.com/en-nl/clubs/basic-fit-nijmegen-weg-door-jonkerbos-24-7-8d7d110763754d2d941ad9655461a7f4.html","24/7","official_json_ld","","https://www.basic-fit.com","official_club_page"
"nl_8cafe96946","Basic-Fit","Basic-Fit Gym Basic-Fit Nijverdal Piet Heinweg 24/7","Piet Heinweg 14","7441 GZ","Nijverdal","Netherlands",52.36735915320475,6.450414236214628,"READY_TO_IMPORT","VERIFIED_CURRENT","https://www.basic-fit.com/en-nl/clubs/basic-fit-nijverdal-piet-heinweg-24-7-8c037aef148d48cfa44075702e8a37e5.html","24/7","official_json_ld","","https://www.basic-fit.com","official_club_page"
"nl_6c4c6bdbe1","Basic-Fit","Basic-Fit Gym Basic-Fit Nuenen Duivendijk 24/7","Duivendijk 1","5672 AD","Nuenen","Netherlands",51.46815182916756,5.5394066655274505,"READY_TO_IMPORT","VERIFIED_CURRENT","https://www.basic-fit.com/en-nl/clubs/basic-fit-nuenen-duivendijk-24-7-b8d4e3098bfb4a58958b2e2e1eec7e1f.html","24/7","official_json_ld","","https://www.basic-fit.com","official_club_page"
"nl_5022bc16ad","Basic-Fit","Basic-Fit Gym Basic-Fit Oldenzaal Nagelstraat 24/7","Nagelstraat 40","7571 AJ","Oldenzaal","Netherlands",52.31371,6.92717,"READY_TO_IMPORT","VERIFIED_CURRENT","https://www.basic-fit.com/en-nl/clubs/basic-fit-oldenzaal-nagelstraat-24-7-0b1aa0b2872048f88a94330e6fd2d04f.html","24/7","official_json_ld","","https://www.basic-fit.com","official_club_page"
"nl_80b9294df3","Basic-Fit","Basic-Fit Gym Basic-Fit Oosterhout Beneluxweg 24/7","Beneluxweg 5","4904 SJ","Oosterhout","Netherlands",51.62620719525836,4.867415308582904,"READY_TO_IMPORT","VERIFIED_CURRENT","https://www.basic-fit.com/en-nl/clubs/basic-fit-oosterhout-beneluxweg-24-7-edbe663f186d4871b5476cec5abda5e6.html","24/7","official_json_ld","","https://www.basic-fit.com","official_club_page"
"nl_755a9ade8f","Basic-Fit","Basic-Fit Gym Basic-Fit Oss Corellistraat 24/7","Corellistraat 6","5344 AG","Oss","Netherlands",51.75820876915518,5.508423837900702,"READY_TO_IMPORT","VERIFIED_CURRENT","https://www.basic-fit.com/en-nl/clubs/basic-fit-oss-corellistraat-24-7-e0ffb68a06404ac58bcf4a30b151ed38.html","24/7","official_json_ld","","https://www.basic-fit.com","official_club_page"
"nl_3bf9943025","Basic-Fit","Basic-Fit Gym Basic-Fit Oss Euterpelaan 24/7","Euterpelaan 19","5344 CA","Oss","Netherlands",51.7573655401475,5.513211983838419,"READY_TO_IMPORT","VERIFIED_CURRENT","https://www.basic-fit.com/en-nl/clubs/basic-fit-oss-euterpelaan-24-7-71ca394cdec84fc3ab78ac464b0d9f00.html","24/7","official_json_ld","","https://www.basic-fit.com","official_club_page"
"nl_3ba9c63053","Basic-Fit","Basic-Fit Gym Basic-Fit Oss Nelson Mandelaboulevard","Nelson Mandelaboulevard 20","5342 CZ","Oss","Netherlands",51.75487,5.52704,"READY_TO_IMPORT","VERIFIED_CURRENT","https://www.basic-fit.com/en-nl/clubs/basic-fit-oss-nelson-mandelaboulevard-471f37754d844e0ba38838c4e4469e73.html","","official_json_ld","","https://www.basic-fit.com","official_club_page"
"nl_661caaf61d","Basic-Fit","Basic-Fit Gym Basic-Fit Papendrecht Burg. Keijzerweg 24/7","Lange Tiendweg 4","3353 CW","Papendrecht","Netherlands",51.83431,4.69381,"READY_TO_IMPORT","VERIFIED_CURRENT","https://www.basic-fit.com/en-nl/clubs/basic-fit-papendrecht-burg.-keijzerweg-24-7-9ed15995a3c9417b86501e41fbe7350d.html","24/7","official_json_ld","","https://www.basic-fit.com","official_club_page"
"nl_71a476becb","Basic-Fit","Basic-Fit Gym Basic-Fit Purmerend Grotenhuysweg 24/7","Grotenhuysweg 100","1446 HZ","Purmerend","Netherlands",52.5123462719613,4.992527576631385,"READY_TO_IMPORT","VERIFIED_CURRENT","https://www.basic-fit.com/en-nl/clubs/basic-fit-purmerend-grotenhuysweg-24-7-56e4fbb9f4e04f67a4dff9884c449cf7.html","24/7","official_json_ld","","https://www.basic-fit.com","official_club_page"
"nl_3a0389da61","Basic-Fit","Basic-Fit Gym Basic-Fit Purmerend Willem Eggertstraat 24/7","Willem Eggertstraat 145","1441 CH","Purmerend","Netherlands",52.50902,4.94771,"READY_TO_IMPORT","VERIFIED_CURRENT","https://www.basic-fit.com/en-nl/clubs/basic-fit-purmerend-willem-eggertstraat-24-7-db853d7ade7d41f48910366839e515ba.html","24/7","official_json_ld","","https://www.basic-fit.com","official_club_page"
"nl_f43b2bd01f","Basic-Fit","Basic-Fit Gym Basic-Fit Ridderkerk Gieterijstraat 24/7","Gieterijstraat 30","2984 AB","Ridderkerk","Netherlands",51.87074720062392,4.605800132187566,"READY_TO_IMPORT","VERIFIED_CURRENT","https://www.basic-fit.com/en-nl/clubs/basic-fit-ridderkerk-gieterijstraat-24-7-4b73528258a14ced864f4be31a3306b6.html","24/7","official_json_ld","","https://www.basic-fit.com","official_club_page"
"nl_f5e8743fb7","Basic-Fit","Basic-Fit Gym Basic-Fit Rijswijk Bogaardplein 24/7","Bogaardplein 3","2284 DP","Rijswijk","Netherlands",52.03599,4.317,"READY_TO_IMPORT","VERIFIED_CURRENT","https://www.basic-fit.com/en-nl/clubs/basic-fit-rijswijk-bogaardplein-24-7-fb452142b3254d51ad00f62c50b0b49c.html","24/7","official_json_ld","","https://www.basic-fit.com","official_club_page"
"nl_31aeef4391","Basic-Fit","Basic-Fit Gym Basic-Fit Roermond Oranjelaan 24/7","Oranjelaan 101","6043 JK","Roermond","Netherlands",51.1923,6.0145,"READY_TO_IMPORT","VERIFIED_CURRENT","https://www.basic-fit.com/en-nl/clubs/basic-fit-roermond-oranjelaan-24-7-300b3a8dcaf742a69fc4069f74873d3d.html","24/7","official_json_ld","","https://www.basic-fit.com","official_club_page"
"nl_bd268e88fc","Basic-Fit","Basic-Fit Gym Basic-Fit Roosendaal De Stok","De Stok 12","4703 SZ","Roosendaal","Netherlands",51.53747498061243,4.434708126700842,"READY_TO_IMPORT","VERIFIED_CURRENT","https://www.basic-fit.com/en-nl/clubs/basic-fit-roosendaal-de-stok-6e45d4099bbe4fd7898c8f154169115c.html","","official_json_ld","","https://www.basic-fit.com","official_club_page"
"nl_5650f2a455","Basic-Fit","Basic-Fit Gym Basic-Fit Roosendaal t Zand 24/7","’t Zand 3","4707 VX","Roosendaal","Netherlands",51.520721762996004,4.48159396011721,"READY_TO_IMPORT","VERIFIED_CURRENT","https://www.basic-fit.com/en-nl/clubs/basic-fit-roosendaal-t-zand-24-7-d5c0eb7440b847309d4192022abf9a9b.html","24/7","official_json_ld","","https://www.basic-fit.com","official_club_page"
"nl_f268ed5ba9","Basic-Fit","Basic-Fit Gym Basic-Fit Rosmalen Groote Vlietlaan 24/7","Groote Vlietlaan 15","5245 PA","Rosmalen","Netherlands",51.724,5.34736,"READY_TO_IMPORT","VERIFIED_CURRENT","https://www.basic-fit.com/en-nl/clubs/basic-fit-rosmalen-groote-vlietlaan-24-7-b2fa4fa6e32b4f4e96474f1919b276cc.html","24/7","official_json_ld","","https://www.basic-fit.com","official_club_page"
"nl_90dfd57032","Basic-Fit","Basic-Fit Gym Basic-Fit Rotterdam 1e Jerichostraat 24/7","1e Jerichostraat 18-20","3061 GE","Rotterdam","Netherlands",51.928565305951025,4.510353812347322,"READY_TO_IMPORT","VERIFIED_CURRENT","https://www.basic-fit.com/en-nl/clubs/basic-fit-rotterdam-1e-jerichostraat-24-7-4ee84e882c0d43f58fe4dac1e71970c7.html","24/7","official_json_ld","","https://www.basic-fit.com","official_club_page"
"nl_afd7f0b931","Basic-Fit","Basic-Fit Gym Basic-Fit Rotterdam Akkeroord 24/7","Akkeroord 12","3079 ZS","Rotterdam","Netherlands",51.88345,4.56136,"READY_TO_IMPORT","VERIFIED_CURRENT","https://www.basic-fit.com/en-nl/clubs/basic-fit-rotterdam-akkeroord-24-7-74fdf33328ff4d6cada1baa387555e39.html","24/7","official_json_ld","","https://www.basic-fit.com","official_club_page"
"nl_da2af040f7","Basic-Fit","Basic-Fit Gym Basic-Fit Rotterdam Delftseplein 24/7","Delftseplein 28","3013 AA","Rotterdam","Netherlands",51.92511,4.47319,"READY_TO_IMPORT","VERIFIED_CURRENT","https://www.basic-fit.com/en-nl/clubs/basic-fit-rotterdam-delftseplein-24-7-9375c7a0b95c450daeacbf225353e2b0.html","24/7","official_json_ld","","https://www.basic-fit.com","official_club_page"
"nl_9f7958459a","Basic-Fit","Basic-Fit Gym Basic-Fit Rotterdam Dorpslaan 24/7","Dorpslaan 428","3084 LL","Rotterdam","Netherlands",51.86837,4.46862,"READY_TO_IMPORT","VERIFIED_CURRENT","https://www.basic-fit.com/en-nl/clubs/basic-fit-rotterdam-dorpslaan-24-7-adc0547b261a4bbc8b622e585ea9f29b.html","24/7","official_json_ld","","https://www.basic-fit.com","official_club_page"
"nl_e1ececeb3e","Basic-Fit","Basic-Fit Gym Basic-Fit Rotterdam IJsselmonde Dwarsdijk 24/7","Dwarsdijk 78","3078 JD","Rotterdam","Netherlands",51.89212671181764,4.542087021713869,"READY_TO_IMPORT","VERIFIED_CURRENT","https://www.basic-fit.com/en-nl/clubs/basic-fit-rotterdam-ijsselmonde-dwarsdijk-24-7-6069c34299a444dea278429b7b99a025.html","24/7","official_json_ld","","https://www.basic-fit.com","official_club_page"
"nl_4172702078","Basic-Fit","Basic-Fit Gym Basic-Fit Rotterdam Jan Ligthartstraat 24/7","Jan Ligthartstraat 95","3083 AL","Rotterdam","Netherlands",51.88549,4.49585,"READY_TO_IMPORT","VERIFIED_CURRENT","https://www.basic-fit.com/en-nl/clubs/basic-fit-rotterdam-jan-ligthartstraat-64a8a755cd5f4144ab4929dab9bc6ea9.html","24/7","official_json_ld","","https://www.basic-fit.com","official_club_page"
"nl_ec98b07679","Basic-Fit","Basic-Fit Gym Basic-Fit Rotterdam Kralingseweg 24/7","Kralingseweg 224","3062 CG","Rotterdam","Netherlands",51.92811,4.5362,"READY_TO_IMPORT","VERIFIED_CURRENT","https://www.basic-fit.com/en-nl/clubs/basic-fit-rotterdam-kralingseweg-24-7-b3ce3055087349be8c8071692869a3d8.html","24/7","official_json_ld","","https://www.basic-fit.com","official_club_page"
"nl_7de24a0ab3","Basic-Fit","Basic-Fit Gym Basic-Fit Rotterdam Lijnbaan 24/7","Lijnbaan 45","3012 EK","Rotterdam","Netherlands",51.922603303638205,4.475806252379745,"READY_TO_IMPORT","VERIFIED_CURRENT","https://www.basic-fit.com/en-nl/clubs/basic-fit-rotterdam-lijnbaan-24-7-6ef5e46e24994cc5abcd79523d3f1303.html","24/7","official_json_ld","","https://www.basic-fit.com","official_club_page"
"nl_2096092791","Basic-Fit","Basic-Fit Gym Basic-Fit Rotterdam Metaalhof 24/7","Metaalhof 57","3067 GM","Rotterdam","Netherlands",51.948867845043274,4.543796206650126,"READY_TO_IMPORT","VERIFIED_CURRENT","https://www.basic-fit.com/en-nl/clubs/basic-fit-rotterdam-metaalhof-24-7-cdfc109857654e59ba535c9639be2efa.html","24/7","official_json_ld","","https://www.basic-fit.com","official_club_page"
"nl_1ea8b30e5e","Basic-Fit","Basic-Fit Gym Basic-Fit Rotterdam Metaalhof Ladies","Metaalhof 55","3067 GM","Rotterdam","Netherlands",51.94849,4.54469,"READY_TO_IMPORT","VERIFIED_CURRENT","https://www.basic-fit.com/en-nl/clubs/basic-fit-rotterdam-metaalhof-ladies-76b3d7df5c494295bbe64a4513923006.html","","official_json_ld","","https://www.basic-fit.com","official_club_page"
"nl_2f7ffc33c8","Basic-Fit","Basic-Fit Gym Basic-Fit Rotterdam Plompertstraat 24/7","Plompertstraat 90","3087 BD","Rotterdam","Netherlands",51.88809,4.46014,"READY_TO_IMPORT","VERIFIED_CURRENT","https://www.basic-fit.com/en-nl/clubs/basic-fit-rotterdam-plompertstraat-24-7-5a38f0a3480a4567a8d78af3f8960f6e.html","24/7","official_json_ld","","https://www.basic-fit.com","official_club_page"
"nl_3b1aba2a7f","Basic-Fit","Basic-Fit Gym Basic-Fit Rotterdam Rijksboom","Rijksboom 4","3071 AX","Rotterdam","Netherlands",51.91012026573037,4.501030370399521,"READY_TO_IMPORT","VERIFIED_CURRENT","https://www.basic-fit.com/en-nl/clubs/basic-fit-rotterdam-rijksboom-157027d7778b4483bf596442c98c3c0c.html","","official_json_ld","","https://www.basic-fit.com","official_club_page"
"nl_7879376ae6","Basic-Fit","Basic-Fit Gym Basic-Fit Rotterdam Westzeedijk","Westzeedijk 387","3024 EK","Rotterdam","Netherlands",51.90637,4.46197,"READY_TO_IMPORT","VERIFIED_CURRENT","https://www.basic-fit.com/en-nl/clubs/basic-fit-rotterdam-westzeedijk-d65d6f23803a44339c95ef2ecd4bd063.html","","official_json_ld","","https://www.basic-fit.com","official_club_page"
"nl_6d2233aeaf","Basic-Fit","Basic-Fit Gym Basic-Fit Schagen Groeneweg 24/7","Groeneweg 1a","1741 TZ","Schagen","Netherlands",52.7972,4.78695,"READY_TO_IMPORT","VERIFIED_CURRENT","https://www.basic-fit.com/en-nl/clubs/basic-fit-schagen-groeneweg-24-7-cb8c007be43b404eae7ec44171f2e1fa.html","24/7","official_json_ld","","https://www.basic-fit.com","official_club_page"
"nl_34f9d49af0","Basic-Fit","Basic-Fit Gym Basic-Fit Scheveningen Gevers Deynootweg","Gevers Deynootweg 93","2586 BK","Scheveningen","Netherlands",52.1117,4.28225,"READY_TO_IMPORT","VERIFIED_CURRENT","https://www.basic-fit.com/en-nl/clubs/basic-fit-scheveningen-gevers-deynootweg-2aa89c55ecbc4fb6ad9ca74c9fdf4547.html","","official_json_ld","","https://www.basic-fit.com","official_club_page"
"nl_f3b4f8f6ca","Basic-Fit","Basic-Fit Gym Basic-Fit Schiedam de Brauwweg 24/7","De Brauwweg 46","3125 AE","Schiedam","Netherlands",51.92816385280922,4.406802267339721,"READY_TO_IMPORT","VERIFIED_CURRENT","https://www.basic-fit.com/en-nl/clubs/basic-fit-schiedam-de-brauwweg-24-7-18ddaceffaa94520a95d71f6dd77d5fe.html","24/7","official_json_ld","","https://www.basic-fit.com","official_club_page"
"nl_944334763d","Basic-Fit","Basic-Fit Gym Basic-Fit Schiedam Prinses Beatrixlaan 24/7","Prinses Beatrixlaan 4","3121 JN","Schiedam","Netherlands",51.92752702799493,4.378860260594817,"READY_TO_IMPORT","VERIFIED_CURRENT","https://www.basic-fit.com/en-nl/clubs/basic-fit-schiedam-prinses-beatrixlaan-24-7-be212edf0b1742e4a8e2875c3f0a3acb.html","24/7","official_json_ld","","https://www.basic-fit.com","official_club_page"
"nl_499adae656","Basic-Fit","Basic-Fit Gym Basic-Fit Schijndel Avantilaan 24/7","Avantilaan 3","5482 RE","Schijndel","Netherlands",51.6348,5.42338,"READY_TO_IMPORT","VERIFIED_CURRENT","https://www.basic-fit.com/en-nl/clubs/basic-fit-schijndel-avantilaan-24-7-1a14e75486c04bd7b1bb5ab00bd7e46d.html","24/7","official_json_ld","","https://www.basic-fit.com","official_club_page"
"nl_b9cd4cc2e4","Basic-Fit","Basic-Fit Gym Basic-Fit Sint Oedenrode Bremhorst 24/7","Bremhorst 4","5491 LR","Sint Oedenrode","Netherlands",51.57850834476647,5.452641777897128,"READY_TO_IMPORT","VERIFIED_CURRENT","https://www.basic-fit.com/en-nl/clubs/basic-fit-sint-oedenrode-bremhorst-24-7-152e40be8dc243789c3d1f165b1b5448.html","24/7","official_json_ld","","https://www.basic-fit.com","official_club_page"
"nl_53d1b32c07","Basic-Fit","Basic-Fit Gym Basic-Fit Sittard Limbrichterweg 24/7","Limbrichterweg 78","6135 GJ","Sittard","Netherlands",51.007557989687214,5.845608017202391,"READY_TO_IMPORT","VERIFIED_CURRENT","https://www.basic-fit.com/en-nl/clubs/basic-fit-sittard-limbrichterweg-24-7-cf5e0cce20094033baec37bbe7ace142.html","24/7","official_json_ld","","https://www.basic-fit.com","official_club_page"
"nl_6f48f89a7a","Basic-Fit","Basic-Fit Gym Basic-Fit Sneek Alexanderstraat 24/7","Alexanderstraat 3","8606 VP","Sneek","Netherlands",53.02321413985573,5.672983652912459,"READY_TO_IMPORT","VERIFIED_CURRENT","https://www.basic-fit.com/en-nl/clubs/basic-fit-sneek-alexanderstraat-24-7-b7f4ecf1c2514754bbc2c51ff2396d12.html","24/7","official_json_ld","","https://www.basic-fit.com","official_club_page"
"nl_f539c9349b","Basic-Fit","Basic-Fit Gym Basic-Fit Soest Nieuwegracht 24/7","Nieuwegracht 4-02","3763 LB","Soest","Netherlands",52.18001036203365,5.267121599068444,"READY_TO_IMPORT","VERIFIED_CURRENT","https://www.basic-fit.com/en-nl/clubs/basic-fit-soest-nieuwegracht-24-7-5a7bef3dc920411683788f5f650c9df9.html","24/7","official_json_ld","","https://www.basic-fit.com","official_club_page"
"nl_cdb506666c","Basic-Fit","Basic-Fit Gym Basic-Fit Spijkenisse A.M. de Jongstraat 24/7","A.M. de Jongstraat 6","3202 AD","Spijkenisse","Netherlands",51.853670434166496,4.3126382651781725,"READY_TO_IMPORT","VERIFIED_CURRENT","https://www.basic-fit.com/en-nl/clubs/basic-fit-spijkenisse-a.m.-de-jongstraat-24-7-ec97c919556b46da9b3d4ab28abfc90d.html","24/7","official_json_ld","","https://www.basic-fit.com","official_club_page"
"nl_031ce62d76","Basic-Fit","Basic-Fit Gym Basic-Fit Spijkenisse Maaswijkweg 24/7","Maaswijkweg 29-31","3207 JZ","Spijkenisse","Netherlands",51.83842987245856,4.374137458242097,"READY_TO_IMPORT","VERIFIED_CURRENT","https://www.basic-fit.com/en-nl/clubs/basic-fit-spijkenisse-korte-schenkeldijk-3140ea9ab8734ffba70aa941e6f71f2e.html","24/7","official_json_ld","","https://www.basic-fit.com","official_club_page"
"nl_be509deb2b","Basic-Fit","Basic-Fit Gym Basic-Fit Terneuzen Axelsestraat 24/7","Axelsestraat 165","4537 AH","Terneuzen","Netherlands",51.327310485830616,3.836213762509362,"READY_TO_IMPORT","VERIFIED_CURRENT","https://www.basic-fit.com/en-nl/clubs/basic-fit-terneuzen-axelsestraat-24-7-c0dd075f918242bab395e39f3900eedf.html","24/7","official_json_ld","","https://www.basic-fit.com","official_club_page"
"nl_70e99805ba","Basic-Fit","Basic-Fit Gym Basic-Fit Tilburg Artemisstraat 24/7","Artemisstraat 6","5042 XA","Tilburg","Netherlands",51.57357,5.05191,"READY_TO_IMPORT","VERIFIED_CURRENT","https://www.basic-fit.com/en-nl/clubs/basic-fit-tilburg-artemisstraat-24-7-865e9bced4db4eefb1bebdb574076e6d.html","24/7","official_json_ld","","https://www.basic-fit.com","official_club_page"
"nl_ecdccfd099","Basic-Fit","Basic-Fit Gym Basic-Fit Tilburg Heuvel 24/7","Heuvelring 153","5038 CJ","Tilburg","Netherlands",51.55635,5.09095,"READY_TO_IMPORT","VERIFIED_CURRENT","https://www.basic-fit.com/en-nl/clubs/basic-fit-tilburg-heuvel-24-7-645bde5a485648fea44e4056d13b317a.html","24/7","official_json_ld","","https://www.basic-fit.com","official_club_page"
"nl_12fa2d54f1","Basic-Fit","Basic-Fit Gym Basic-Fit Tilburg Ringbaan-Noord 24/7","Ringbaan-Noord 97","5046 AA","Tilburg","Netherlands",51.57673436857777,5.0818711896344055,"READY_TO_IMPORT","VERIFIED_CURRENT","https://www.basic-fit.com/en-nl/clubs/basic-fit-tilburg-ringbaan-noord-24-7-4ad3f7c7618f4b65b6f93aa61be5ed5a.html","24/7","official_json_ld","","https://www.basic-fit.com","official_club_page"
"nl_28306e8a7b","Basic-Fit","Basic-Fit Gym Basic-Fit Tilburg Spaubeekstraat 24/7","Spaubeekstraat 89C","5035 JV","Tilburg","Netherlands",51.58189,4.97449,"READY_TO_IMPORT","VERIFIED_CURRENT","https://www.basic-fit.com/en-nl/clubs/basic-fit-tilburg-spaubeekstraat-24-7-b4070384ebd54596bc27ed0bc8bdcb3b.html","24/7","official_json_ld","","https://www.basic-fit.com","official_club_page"
"nl_3b71e40921","Basic-Fit","Basic-Fit Gym Basic-Fit Tilburg Wagnerplein","Wagnerplein 3","5011 LP","Tilburg","Netherlands",51.5845,5.08664,"READY_TO_IMPORT","VERIFIED_CURRENT","https://www.basic-fit.com/en-nl/clubs/basic-fit-tilburg-wagnerplein-714a258a842a4f0cb4690a2cafd84e50.html","","official_json_ld","","https://www.basic-fit.com","official_club_page"
"nl_0983845eec","Basic-Fit","Basic-Fit Gym Basic-Fit Uden Industrielaan 24/7","Industrielaan 14","5405 AB","Uden","Netherlands",51.65294502016446,5.642901143921585,"READY_TO_IMPORT","VERIFIED_CURRENT","https://www.basic-fit.com/en-nl/clubs/basic-fit-uden-industrielaan-24-7-308fec51e8d144f8afb95a9363dffa15.html","24/7","official_json_ld","","https://www.basic-fit.com","official_club_page"
"nl_51299c6d50","Basic-Fit","Basic-Fit Gym Basic-Fit Utrecht Europaplein","Europaplein 982","3526 WT","Utrecht","Netherlands",52.06757,5.10875,"READY_TO_IMPORT","VERIFIED_CURRENT","https://www.basic-fit.com/en-nl/clubs/basic-fit-utrecht-europaplein-a2a3c5e02adf4583935424b04b03e640.html","","official_json_ld","","https://www.basic-fit.com","official_club_page"
"nl_0dd3fc97db","Basic-Fit","Basic-Fit Gym Basic-Fit Utrecht Franciscusdreef 24/7","Franciscusdreef 80","3565 AD","Utrecht","Netherlands",52.12652164850084,5.093763523521558,"READY_TO_IMPORT","VERIFIED_CURRENT","https://www.basic-fit.com/en-nl/clubs/basic-fit-utrecht-franciscusdreef-24-7-3a36f14b6e2745249b585f84da909f20.html","24/7","official_json_ld","","https://www.basic-fit.com","official_club_page"
"nl_2c75821fde","Basic-Fit","Basic-Fit Gym Basic-Fit Utrecht Herculesplein","Herculesplein 375-77","3584 AA","Utrecht","Netherlands",52.0787,5.14454,"READY_TO_IMPORT","VERIFIED_CURRENT","https://www.basic-fit.com/en-nl/clubs/basic-fit-utrecht-herculesplein-cdd6d923d6684068acde006a73f6b459.html","","official_json_ld","","https://www.basic-fit.com","official_club_page"
"nl_9ba6785541","Basic-Fit","Basic-Fit Gym Basic-Fit Utrecht Middenwetering 24/7","Middenwetering 21","3543 AR","Utrecht","Netherlands",52.10622,5.05207,"READY_TO_IMPORT","VERIFIED_CURRENT","https://www.basic-fit.com/en-nl/clubs/basic-fit-utrecht-middenwetering-24-7-72b644c8f58e480caee19bbec3bf0d09.html","24/7","official_json_ld","","https://www.basic-fit.com","official_club_page"
"nl_a7fffc1278","Basic-Fit","Basic-Fit Gym Basic-Fit Utrecht Stationsplein 24/7","Moreelsehoek 2","3511 EZ","Utrecht","Netherlands",52.08916,5.1122,"READY_TO_IMPORT","VERIFIED_CURRENT","https://www.basic-fit.com/en-nl/clubs/basic-fit-utrecht-stationsplein-24-7-b041214418e54b3a93b8021cf4c71b49.html","24/7","official_json_ld","","https://www.basic-fit.com","official_club_page"
"nl_badad73843","Basic-Fit","Basic-Fit Gym Basic-Fit Utrecht Van Heuven Goedhartplein 24/7","Van Heuven Goedhartplein 13","3527 BK","Utrecht","Netherlands",52.0794,5.0905,"READY_TO_IMPORT","VERIFIED_CURRENT","https://www.basic-fit.com/en-nl/clubs/basic-fit-utrecht-van-heuven-goedhartplein-24-7-11d3823df30f4072b0e66b9a96c8eb39.html","24/7","official_json_ld","","https://www.basic-fit.com","official_club_page"
"nl_f5f7e29089","Basic-Fit","Basic-Fit Gym Basic-Fit Valkenswaard Handwerkstraat 24/7","Handwerkstraat 14","5554 CV","Valkenswaard","Netherlands",51.35366,5.45955,"READY_TO_IMPORT","VERIFIED_CURRENT","https://www.basic-fit.com/en-nl/clubs/basic-fit-valkenswaard-handwerkstraat-24-7-2813587f1283422c867ab9b8178fba01.html","24/7","official_json_ld","","https://www.basic-fit.com","official_club_page"
"nl_8d56741e3c","Basic-Fit","Basic-Fit Gym Basic-Fit Veendam Veenlustpassage 24/7","Veenlustpassage 16","9641 MK","Veendam","Netherlands",53.10572640138115,6.879339355620418,"READY_TO_IMPORT","VERIFIED_CURRENT","https://www.basic-fit.com/en-nl/clubs/basic-fit-veendam-veenlustpassage-24-7-15806bb950cc4de7b535b3178a84b186.html","24/7","official_json_ld","","https://www.basic-fit.com","official_club_page"
"nl_2fe63a759c","Basic-Fit","Basic-Fit Gym Basic-Fit Veenendaal Wolweg 24/7","Wolweg 101","3901 GA","Veenendaal","Netherlands",52.02563,5.55849,"READY_TO_IMPORT","VERIFIED_CURRENT","https://www.basic-fit.com/en-nl/clubs/basic-fit-veenendaal-wolweg-24-7-5d89959f958a41cfb725954767b3f420.html","24/7","official_json_ld","","https://www.basic-fit.com","official_club_page"
"nl_058249a90d","Basic-Fit","Basic-Fit Gym Basic-Fit Veghel Prins Willem Alexander Sportpark 24/7","Pr W Alexander Sportprk 2","5461 XL","Veghel","Netherlands",51.6262,5.53937,"READY_TO_IMPORT","VERIFIED_CURRENT","https://www.basic-fit.com/en-nl/clubs/basic-fit-veghel-prins-willem-alexander-sportpark-24-7-f6a2d4f0de354bf0a29eab5c6a4c8a42.html","24/7","official_json_ld","","https://www.basic-fit.com","official_club_page"
"nl_a9f001023b","Basic-Fit","Basic-Fit Gym Basic-Fit Veldhoven Lange Kruisweg 24/7","Lange Kruisweg 7B","5503 RA","Veldhoven","Netherlands",51.41445,5.40685,"READY_TO_IMPORT","VERIFIED_CURRENT","https://www.basic-fit.com/en-nl/clubs/basic-fit-veldhoven-lange-kruisweg-24-7-967d3b0cc7834ee7ae72f99e65a9f065.html","24/7","official_json_ld","","https://www.basic-fit.com","official_club_page"
"nl_2cf56cc7f9","Basic-Fit","Basic-Fit Gym Basic-Fit Venlo Drie Decembersingel 24/7","Drie Decembersingel 44B","5921 AC","Venlo","Netherlands",51.36975,6.13731,"READY_TO_IMPORT","VERIFIED_CURRENT","https://www.basic-fit.com/en-nl/clubs/basic-fit-venlo-drie-decembersingel-24-7-5a8a2b4310964c789eed6626f284f311.html","24/7","official_json_ld","","https://www.basic-fit.com","official_club_page"
"nl_1b979309b7","Basic-Fit","Basic-Fit Gym Basic-Fit Venlo Nijmeegseweg 24/7","Nijmeegseweg 8","5916 PT","Venlo","Netherlands",51.38277908328734,6.184581791346954,"READY_TO_IMPORT","VERIFIED_CURRENT","https://www.basic-fit.com/en-nl/clubs/basic-fit-venlo-nijmeegseweg-24-7-618a7f4e04b84ff797c295c8061b7100.html","24/7","official_json_ld","","https://www.basic-fit.com","official_club_page"
"nl_2b4761986e","Basic-Fit","Basic-Fit Gym Basic-Fit Venlo Van Pontstraat 24/7","Van Pontstraat 20a","5913 VK","Venlo","Netherlands",51.36765,6.18201,"READY_TO_IMPORT","VERIFIED_CURRENT","https://www.basic-fit.com/en-nl/clubs/basic-fit-venlo-van-pontstraat-24-7-d4cdf47b248f49e6ab4bf8dd9edcf9ad.html","24/7","official_json_ld","","https://www.basic-fit.com","official_club_page"
"nl_3bd22f0870","Basic-Fit","Basic-Fit Gym Basic-Fit Venray Zuidsingel 24/7","Zuidsingel 8","5802 EG","Venray","Netherlands",51.51935,5.98037,"READY_TO_IMPORT","VERIFIED_CURRENT","https://www.basic-fit.com/en-nl/clubs/basic-fit-venray-zuidsingel-24-7-5ac14709cbf742d48e8216274552f11e.html","24/7","official_json_ld","","https://www.basic-fit.com","official_club_page"
"nl_1772200493","Basic-Fit","Basic-Fit Gym Basic-Fit Vlaardingen Hoogstraat 24/7","Hoogstraat 219","3131 BB","Vlaardingen","Netherlands",51.90856084452245,4.342874430383589,"READY_TO_IMPORT","VERIFIED_CURRENT","https://www.basic-fit.com/en-nl/clubs/basic-fit-vlaardingen-hoogstraat-24-7-69a95dc34ba44754a272551423b219b9.html","24/7","official_json_ld","","https://www.basic-fit.com","official_club_page"
"nl_364dc403c0","Basic-Fit","Basic-Fit Gym Basic-Fit Vlissingen Baskensburgplein 24/7","Baskensburgplein 2","4383 NE","Vlissingen","Netherlands",51.456473029705,3.5802846773990606,"READY_TO_IMPORT","VERIFIED_CURRENT","https://www.basic-fit.com/en-nl/clubs/basic-fit-vlissingen-baskensburgplein-24-7-85288408e2db43ff919a53083dcf56ae.html","24/7","official_json_ld","","https://www.basic-fit.com","official_club_page"
"nl_793957f094","Basic-Fit","Basic-Fit Gym Basic-Fit Voorburg Mgr. van Steelaan","Mgr. van Steelaan 418","2273 GC","Voorburg","Netherlands",52.08020773941013,4.363245793304436,"READY_TO_IMPORT","VERIFIED_CURRENT","https://www.basic-fit.com/en-nl/clubs/basic-fit-voorburg-mgr.-van-steelaan-abd27118262b4a55b480856eeab949e2.html","","official_json_ld","","https://www.basic-fit.com","official_club_page"
"nl_a42ea1592a","Basic-Fit","Basic-Fit Gym Basic-Fit Waalwijk De Gaard 24/7","De Gaard 126","5146 AW","Waalwijk","Netherlands",51.675658705730186,5.046669995762405,"READY_TO_IMPORT","VERIFIED_CURRENT","https://www.basic-fit.com/en-nl/clubs/basic-fit-waalwijk-de-gaard-24-7-b7971e13934b4859ad5d916ea4bfda7b.html","24/7","official_json_ld","","https://www.basic-fit.com","official_club_page"
"nl_f1bbc912e7","Basic-Fit","Basic-Fit Gym Basic-Fit Waalwijk Eerste Zeine 24/7","Eerste Zeine 120a","5144 AM","Waalwijk","Netherlands",51.68435,5.07288,"READY_TO_IMPORT","VERIFIED_CURRENT","https://www.basic-fit.com/en-nl/clubs/basic-fit-waalwijk-eerste-zeine-24-7-5e26400edf0a4458b8a492c962de8788.html","24/7","official_json_ld","","https://www.basic-fit.com","official_club_page"
"nl_cdf4d3f6fd","Basic-Fit","Basic-Fit Gym Basic-Fit Wageningen Stadsbrink","Stadsbrink 32-42","6701 AL","Wageningen","Netherlands",51.969,5.66739,"READY_TO_IMPORT","VERIFIED_CURRENT","https://www.basic-fit.com/en-nl/clubs/basic-fit-wageningen-stadsbrink-fed66cbcf72547d49619f10fd22d2749.html","","official_json_ld","","https://www.basic-fit.com","official_club_page"
"nl_b3687536dc","Basic-Fit","Basic-Fit Gym Basic-Fit Weert Maaspoort","Maaspoort 54","6001 BR","Weert","Netherlands",51.25124,5.71275,"READY_TO_IMPORT","VERIFIED_CURRENT","https://www.basic-fit.com/en-nl/clubs/basic-fit-weert-maaspoort-12cb8cb9caa046bf98fb5071e736ef82.html","","official_json_ld","","https://www.basic-fit.com","official_club_page"
"nl_eb515cc164","Basic-Fit","Basic-Fit Gym Basic-Fit Wijchen Kelvinstraat 24/7","Kelvinstraat 1","6601 HH","Wijchen","Netherlands",51.81511,5.74577,"READY_TO_IMPORT","VERIFIED_CURRENT","https://www.basic-fit.com/en-nl/clubs/basic-fit-wijchen-kelvinstraat-24-7-8f590cf23e684da8900a0d87d4c43f5b.html","24/7","official_json_ld","","https://www.basic-fit.com","official_club_page"
"nl_51f976b990","Basic-Fit","Basic-Fit Gym Basic-Fit Winterswijk Europark 24/7","Europark 6","7102 AM","Winterswijk","Netherlands",51.97308901735301,6.705910254198996,"READY_TO_IMPORT","VERIFIED_CURRENT","https://www.basic-fit.com/en-nl/clubs/basic-fit-winterswijk-europark-24-7-533de1c745b74909b1568a42e3221231.html","24/7","official_json_ld","","https://www.basic-fit.com","official_club_page"
"nl_dc4d8a8fc8","Basic-Fit","Basic-Fit Gym Basic-Fit Woerden Botnische Golf 24/7","Botnische Golf 7","3446 CN","Woerden","Netherlands",52.0768255452786,4.901955524475143,"READY_TO_IMPORT","VERIFIED_CURRENT","https://www.basic-fit.com/en-nl/clubs/basic-fit-woerden-botnische-golf-24-7-1ff0a42eeb2645d39c00578ec85b8673.html","24/7","official_json_ld","","https://www.basic-fit.com","official_club_page"
"nl_8704bc36b0","Basic-Fit","Basic-Fit Gym Basic-Fit Woerden van Helvoortlaan 24/7","Van Helvoortlaan 42","3443 AP","Woerden","Netherlands",52.09347,4.88519,"READY_TO_IMPORT","VERIFIED_CURRENT","https://www.basic-fit.com/en-nl/clubs/basic-fit-woerden-van-helvoortlaan-24-7-b5e69071e1a544d8aa1a78c4844338e0.html","24/7","official_json_ld","","https://www.basic-fit.com","official_club_page"
"nl_85efbcf4a8","Basic-Fit","Basic-Fit Gym Basic-Fit Zaandam Martin Luther Kingweg 24/7","Martin Luther Kingweg 205-207","1504 DG","Zaandam","Netherlands",52.43753,4.84261,"READY_TO_IMPORT","VERIFIED_CURRENT","https://www.basic-fit.com/en-nl/clubs/basic-fit-zaandam-martin-luther-kingweg-24-7-623374b6c19e4e889245993b456d1729.html","24/7","official_json_ld","","https://www.basic-fit.com","official_club_page"
"nl_1c4a4f04a5","Basic-Fit","Basic-Fit Gym Basic-Fit Zeist Voorheuvel 24/7","Voorheuvel 9-11","3701 JA","Zeist","Netherlands",52.08735321539119,5.2398962568454746,"READY_TO_IMPORT","VERIFIED_CURRENT","https://www.basic-fit.com/en-nl/clubs/basic-fit-zeist-voorheuvel-24-7-07daf5cd2f534e5d9e4b9f7ca7608767.html","24/7","official_json_ld","","https://www.basic-fit.com","official_club_page"
"nl_40afcc4bad","Basic-Fit","Basic-Fit Gym Basic-Fit Zoetermeer Burgemeester van Leeuwenpassage 24/7","Burgemeester van Leeuwenpassage 18","2711 JV","Zoetermeer","Netherlands",52.06115,4.4847,"READY_TO_IMPORT","VERIFIED_CURRENT","https://www.basic-fit.com/en-nl/clubs/basic-fit-zoetermeer-burgemeester-van-leeuwenpassage-24-7-ef42f7c279d041eda04b2bb1fef235f3.html","24/7","official_json_ld","","https://www.basic-fit.com","official_club_page"
"nl_a4c789ad6a","Basic-Fit","Basic-Fit Gym Basic-Fit Zoetermeer Koraalrood 24/7","Koraalrood 70-90","2718 SC","Zoetermeer","Netherlands",52.0371,4.49918,"READY_TO_IMPORT","VERIFIED_CURRENT","https://www.basic-fit.com/en-nl/clubs/basic-fit-zoetermeer-koraalrood-24-7-59e9d2906b694eec8e5129a9a8a01752.html","24/7","official_json_ld","","https://www.basic-fit.com","official_club_page"
"nl_0582b7bf69","Basic-Fit","Basic-Fit Gym Basic-Fit Zutphen Dreef 24/7","Dreef 10","7202 AG","Zutphen","Netherlands",52.14767,6.19527,"READY_TO_IMPORT","VERIFIED_CURRENT","https://www.basic-fit.com/en-nl/clubs/basic-fit-zutphen-dreef-24-7-fecb36b1d8e8426fb6a3f0c546d4f8bd.html","24/7","official_json_ld","","https://www.basic-fit.com","official_club_page"
"nl_6ff2d5421c","Basic-Fit","Basic-Fit Gym Basic-Fit Zwijndrecht Ter Steeghe Ring 24/7","Ter Steeghe Ring 47","3331 LX","Zwijndrecht","Netherlands",51.8272124909151,4.625771955565358,"READY_TO_IMPORT","VERIFIED_CURRENT","https://www.basic-fit.com/en-nl/clubs/basic-fit-zwijndrecht-ter-steeghe-ring-24-7-d1932d4bbc7a4b939a778017b2ceb772.html","24/7","official_json_ld","","https://www.basic-fit.com","official_club_page"
"nl_dc6700e295","Basic-Fit","Basic-Fit Gym Basic-Fit Zwolle Middelweg","Middelweg 401","8031 VX","Zwolle","Netherlands",52.53216,6.08758,"READY_TO_IMPORT","VERIFIED_CURRENT","https://www.basic-fit.com/en-nl/clubs/basic-fit-zwolle-middelweg-f595d3df95d848cf9cd451f6a9cbb62e.html","","official_json_ld","","https://www.basic-fit.com","official_club_page"
"nl_2633074385","Basic-Fit","Basic-Fit Gym Basic-Fit Zwolle Stadionplein 24/7","Stadionplein 16","8025 CP","Zwolle","Netherlands",52.51637,6.12092,"READY_TO_IMPORT","VERIFIED_CURRENT","https://www.basic-fit.com/en-nl/clubs/basic-fit-zwolle-stadionplein-24-7-3524159894794ddeab76a446e848cb1a.html","24/7","official_json_ld","","https://www.basic-fit.com","official_club_page"
"nl_fd6eb1f8b3","Basic-Fit","Basic-Fit Gym Basic-Fit Zwolle Stadshagen 24/7","Overtoom 1","8043 LZ","Zwolle","Netherlands",52.53455,6.05695,"READY_TO_IMPORT","VERIFIED_CURRENT","https://www.basic-fit.com/en-nl/clubs/basic-fit-zwolle-stadshagen-24-7-9d6c4a342bd242bda769a74fa1a19fe3.html","24/7","official_json_ld","","https://www.basic-fit.com","official_club_page"
"nl_f472dd7f2b","Clubsportive","Clubsportive Amsterdam Zuidas","Gustav Mahlerlaan 24","1082 MC","Amsterdam","Netherlands",52.33683,4.872796,"READY_TO_IMPORT","VERIFIED_CURRENT","https://clubsportive.nl/en-NL/about/amsterdam-zuidas/","","nominatim","ok","https://clubsportive.nl","official_website; premium single-location; part of Urban Gym Group"
"nl_a4726a7ee1","David Lloyd","David Lloyd Amsterdam","Overtoom 557","1054 LK","Amsterdam","Netherlands",52.357616,4.855931,"READY_TO_IMPORT","VERIFIED_CURRENT","https://www.davidlloyd.nl/en/clubs/amsterdam/","","nominatim","ok","https://www.davidlloyd.nl","official_club_page; premium club with pool/spa"
"nl_679835186b","David Lloyd","David Lloyd Capelle","P.C. Boutenssingel 5","2902 BG","Capelle aan den IJssel","Netherlands",51.922892,4.573826,"READY_TO_IMPORT","VERIFIED_CURRENT","https://www.davidlloyd.nl/en/clubs/capelle/","","nominatim","ok","https://www.davidlloyd.nl","official_club_page; premium club with pool/spa"
"nl_d8b9f40b9a","David Lloyd","David Lloyd Rotterdam Blijdorp","Energieweg 9","3041 JC","Rotterdam","Netherlands",51.92657,4.441089,"READY_TO_IMPORT","VERIFIED_CURRENT","https://www.davidlloyd.nl/en/clubs/rotterdam-blijdorp/","","nominatim","ok","https://www.davidlloyd.nl","official_club_page; premium club with pool/spa"
"nl_461954f345","David Lloyd","David Lloyd Rotterdam Centrum","Benthemplein 10","3032 CC","Rotterdam","Netherlands",51.927485,4.476167,"READY_TO_IMPORT","VERIFIED_CURRENT","https://www.davidlloyd.nl/en/clubs/rotterdam-centrum/","","nominatim","ok","https://www.davidlloyd.nl","official_club_page; premium club with pool/spa"
"nl_825f9843db","David Lloyd","David Lloyd Utrecht","Mississippidreef 161","3565 CE","Utrecht","Netherlands",52.122393,5.087345,"READY_TO_IMPORT","VERIFIED_CURRENT","https://www.davidlloyd.nl/en/clubs/utrecht/","","nominatim","ok","https://www.davidlloyd.nl","official_club_page; premium club with pool/spa"
"nl_307d64b801","David Lloyd","David Lloyd Eindhoven","Peter Zuidlaan 30","5502 NH","Veldhoven","Netherlands",51.423091,5.425916,"READY_TO_IMPORT","VERIFIED_CURRENT","https://www.davidlloyd.nl/en/clubs/eindhoven/","","nominatim","ok","https://www.davidlloyd.nl","official_club_page; premium club with pool/spa"
"nl_eff667143f","HealthCity","HealthCity Amstelveen","Stadsplein 97","1181 ZM","Amstelveen","Netherlands",52.302472,4.859811,"READY_TO_IMPORT","VERIFIED_CURRENT","https://www.healthcity.nl","","nominatim","ok","https://www.healthcity.nl","from openingstijdengids/newgym listings; verify current status"
"nl_a5f7364871","HealthCity","HealthCity Amsterdam KW-plein","Koningin Wilhelminaplein 13","1062 HH","Amsterdam","Netherlands",52.354413,4.841015,"READY_TO_IMPORT","VERIFIED_CURRENT","https://www.healthcity.nl","","nominatim","ok","https://www.healthcity.nl","from openingstijdengids/newgym listings; verify current status"
"nl_41bf420851","HealthCity","HealthCity Badhoevedorp","Sloterweg 301","1171 VB","Badhoevedorp","Netherlands",52.334218,4.771136,"READY_TO_IMPORT","VERIFIED_CURRENT","https://www.healthcity.nl","","nominatim","ok","https://www.healthcity.nl","from openingstijdengids/newgym listings; verify current status"
"nl_427f3f7b81","HealthCity","HealthCity Bergen op Zoom","Bastionweg 30","4614 RM","Bergen op Zoom","Netherlands",51.505346,4.305797,"READY_TO_IMPORT","VERIFIED_CURRENT","https://www.healthcity.nl","","nominatim","ok","https://www.healthcity.nl","from openingstijdengids/newgym listings; verify current status"
"nl_12e40d59c1","HealthCity","HealthCity Borne","Hosbekkeweg 5-a","7621 AC","Borne","Netherlands","","","NEEDS_REVIEW","VERIFIED_CURRENT","https://www.healthcity.nl","","","ambiguous","https://www.healthcity.nl","from openingstijdengids/newgym listings; verify current status"
"nl_816a817dab","HealthCity","HealthCity Den Bosch","Onderwijsboulevard 52","5223 DH","Den Bosch","Netherlands",51.691171,5.288733,"READY_TO_IMPORT","VERIFIED_CURRENT","https://www.healthcity.nl","","nominatim","ok","https://www.healthcity.nl","from openingstijdengids/newgym listings; verify current status"
"nl_4de105d579","HealthCity","HealthCity Den Haag","Grote Marktstraat 157","2511 BJ","Den Haag","Netherlands",52.077017,4.314186,"READY_TO_IMPORT","VERIFIED_CURRENT","https://www.healthcity.nl","","nominatim","ok","https://www.healthcity.nl","from openingstijdengids/newgym listings; verify current status"
"nl_abbc681b6f","HealthCity","HealthCity Eindhoven Aalsterweg","Aalsterweg 135","5644 RA","Eindhoven","Netherlands",51.423368,5.485772,"READY_TO_IMPORT","VERIFIED_CURRENT","https://www.healthcity.nl","","nominatim","ok","https://www.healthcity.nl","from openingstijdengids/newgym listings; verify current status"
"nl_a285525176","HealthCity","HealthCity Eindhoven Stadionplein","Stadionplein 2","5616 RX","Eindhoven","Netherlands",51.4414,5.468816,"READY_TO_IMPORT","VERIFIED_CURRENT","https://www.healthcity.nl","","nominatim","ok","https://www.healthcity.nl","from openingstijdengids/newgym listings; verify current status"
"nl_5833a87c0c","HealthCity","HealthCity Enschede","Oosterstraat 1","7514 DX","Enschede","Netherlands",52.224072,6.90038,"READY_TO_IMPORT","VERIFIED_CURRENT","https://www.healthcity.nl","","nominatim","ok","https://www.healthcity.nl","from openingstijdengids/newgym listings; verify current status"
"nl_e1505a592d","HealthCity","HealthCity Groningen","Westerhaven 46","9718 AC","Groningen","Netherlands",53.214972,6.556809,"READY_TO_IMPORT","VERIFIED_CURRENT","https://www.healthcity.nl","","nominatim","ok","https://www.healthcity.nl","from openingstijdengids/newgym listings; verify current status"
"nl_1e176f779a","HealthCity","HealthCity Hoofddorp Daalmeerstraat","Daalmeerstraat 871","2131 HC","Hoofddorp","Netherlands",52.314408,4.694459,"READY_TO_IMPORT","VERIFIED_CURRENT","https://www.healthcity.nl","","nominatim","ok","https://www.healthcity.nl","from openingstijdengids/newgym listings; verify current status"
"nl_11786b1723","HealthCity","HealthCity Hoofddorp Hoofdweg","Hoofdweg 871","2131 MB","Hoofddorp","Netherlands",52.289632,4.66661,"READY_TO_IMPORT","VERIFIED_CURRENT","https://www.healthcity.nl","","nominatim","ok","https://www.healthcity.nl","from openingstijdengids/newgym listings; verify current status"
"nl_f100e5ce33","HealthCity","HealthCity Nuenen","Duivendijk 1-cd","5672 AD","Nuenen","Netherlands","","","NEEDS_REVIEW","VERIFIED_CURRENT","https://www.healthcity.nl","","","ambiguous","https://www.healthcity.nl","from openingstijdengids/newgym listings; verify current status"
"nl_721fb1bed1","HealthCity","HealthCity Oisterwijk","Moergestelseweg 36","5062 JW","Oisterwijk","Netherlands",51.573019,5.181523,"READY_TO_IMPORT","VERIFIED_CURRENT","https://www.healthcity.nl","","nominatim","ok","https://www.healthcity.nl","from openingstijdengids/newgym listings; verify current status"
"nl_45da901436","HealthCity","HealthCity Rosmalen","Groote Vlietlaan 15","5245 PA","Rosmalen","Netherlands",51.723945,5.347363,"READY_TO_IMPORT","VERIFIED_CURRENT","https://www.healthcity.nl","","nominatim","ok","https://www.healthcity.nl","from openingstijdengids/newgym listings; verify current status"
"nl_c990b5eefd","HealthCity","HealthCity Rotterdam Boompjes","Boompjes 751","3011 XZ","Rotterdam","Netherlands",51.916902,4.491672,"READY_TO_IMPORT","VERIFIED_CURRENT","https://www.healthcity.nl","","nominatim","ok","https://www.healthcity.nl","from openingstijdengids/newgym listings; verify current status"
"nl_07f1e9d8fc","HealthCity","HealthCity Rotterdam Kralingen","Kralingseweg 224","3062 CG","Rotterdam","Netherlands",51.928107,4.536195,"READY_TO_IMPORT","VERIFIED_CURRENT","https://www.healthcity.nl","","nominatim","ok","https://www.healthcity.nl","from openingstijdengids/newgym listings; verify current status"
"nl_62dad8a67b","HealthCity","HealthCity Utrecht","Herculesplein 375-377","3584 AA","Utrecht","Netherlands",52.078665,5.144597,"READY_TO_IMPORT","VERIFIED_CURRENT","https://www.healthcity.nl","","nominatim","ok","https://www.healthcity.nl","from openingstijdengids/newgym listings; verify current status"
"nl_128de24ddc","HealthCity","HealthCity Vught","Kraaiengatweg 3","5262 LK","Vught","Netherlands",51.635119,5.278011,"READY_TO_IMPORT","VERIFIED_CURRENT","https://www.healthcity.nl","","nominatim","ok","https://www.healthcity.nl","from openingstijdengids/newgym listings; verify current status"
"nl_6585e9b321","HealthCity","HealthCity Waalwijk","De Gaard 126","5146 AW","Waalwijk","Netherlands",51.675939,5.047303,"READY_TO_IMPORT","VERIFIED_CURRENT","https://www.healthcity.nl","","nominatim","ok","https://www.healthcity.nl","from openingstijdengids/newgym listings; verify current status"
"nl_9fe9995972","Optisport","Optisport Health Club Amsterdam Zuidoost","Bijlmerpark 76","1102 DA","Amsterdam","Netherlands","","","NEEDS_COORDINATES","VERIFIED_CURRENT","https://www.optisport.nl/fitness-healthclub-amsterdam-zuidoost","","","failed","https://www.optisport.nl","official_fitness_locaties; gym/fitness location (not pool-only)"
"nl_cd52491872","Optisport","Optisport Health Club Dalfsen","Wilhelminastraat 4","7721 CC","Dalfsen","Netherlands",52.505282,6.260852,"READY_TO_IMPORT","VERIFIED_CURRENT","https://www.optisport.nl/fitness-healthclub-dalfsen","","nominatim","suspicious","https://www.optisport.nl","official_fitness_locaties; gym/fitness location (not pool-only); soft_postal"
"nl_c4cdc7426c","Optisport","Optisport Health Club Dordrecht","Amnesty Internationallaan 50","3317 BS","Dordrecht","Netherlands","","","NEEDS_COORDINATES","VERIFIED_CURRENT","https://www.optisport.nl/fitness-healthclub-dordrecht","","","failed","https://www.optisport.nl","official_fitness_locaties; gym/fitness location (not pool-only)"
"nl_16a8a8f50b","Optisport","Optisport Health Club Medemblik","Compagniesingel 2","1671 DE","Medemblik","Netherlands",52.766643,5.104042,"READY_TO_IMPORT","VERIFIED_CURRENT","https://www.optisport.nl/fitness-healthclub-medemblik","","nominatim","suspicious","https://www.optisport.nl","official_fitness_locaties; gym/fitness location (not pool-only); soft_postal"
"nl_b88dcc9489","Optisport","Optisport Health Club Mijdrecht","Bozenhoven 83","3641 AK","Mijdrecht","Netherlands",52.205794,4.865634,"READY_TO_IMPORT","VERIFIED_CURRENT","https://www.optisport.nl/fitness-healthclub-mijdrecht","","nominatim","suspicious","https://www.optisport.nl","official_fitness_locaties; gym/fitness location (not pool-only); soft_postal"
"nl_185cc174d9","Optisport","Optisport Health Club Rotterdam Prinsenland","Bramanteplein 2","3066 BH","Rotterdam","Netherlands",51.936605,4.551838,"READY_TO_IMPORT","VERIFIED_CURRENT","https://www.optisport.nl/fitness-healthclub-rotterdam","","nominatim","ok","https://www.optisport.nl","official_fitness_locaties; gym/fitness location (not pool-only)"
"nl_38254bd467","Optisport","Optisport Health Club Sneek","Lemmerweg 6","8608 AA","Sneek","Netherlands",53.028866,5.658705,"READY_TO_IMPORT","VERIFIED_CURRENT","https://www.optisport.nl/fitness-healthclub-sneek","","nominatim","ok","https://www.optisport.nl","official_fitness_locaties; gym/fitness location (not pool-only)"
"nl_2cee9bb9fc","Optisport","Optisport Health Club Soest","Dalplein 9","3762 CP","Soest","Netherlands",52.175886,5.294808,"READY_TO_IMPORT","VERIFIED_CURRENT","https://www.optisport.nl/fitness-healthclub-soest","","nominatim","suspicious","https://www.optisport.nl","official_fitness_locaties; gym/fitness location (not pool-only); soft_postal"
"nl_fc7d6b241c","Optisport","Optisport Health Club Zwolle","Ceintuurbaan 24","8024 AA","Zwolle","Netherlands",52.52604,6.116081,"READY_TO_IMPORT","VERIFIED_CURRENT","https://www.optisport.nl/fitness-healthclub-zwolle","","nominatim","ok","https://www.optisport.nl","official_fitness_locaties; gym/fitness location (not pool-only)"
"nl_1bb0edd906","Snap Fitness","Snap Fitness Alkmaar","Edisonweg 1K","1821 BN","Alkmaar","Netherlands",52.626788,4.772091,"READY_TO_IMPORT","VERIFIED_CURRENT","https://www.snapfitness.com/nl/locaties/alkmaar","24/7","nominatim","ok","https://www.snapfitness.com/nl","official_club_page; NL franchise"
"nl_5ae06b8593","Snap Fitness","Snap Fitness Breda","Tramsingel 23-A16","4814 AB","Breda","Netherlands",51.591152,4.766625,"READY_TO_IMPORT","VERIFIED_CURRENT","https://www.snapfitness.com/nl/locaties/breda","24/7","nominatim","ok","https://www.snapfitness.com/nl","official_club_page; NL franchise"
"nl_ff70a1273d","Snap Fitness","Snap Fitness Den Haag","Elandstraat 160A","2513 GW","Den Haag","Netherlands",52.079752,4.295568,"READY_TO_IMPORT","VERIFIED_CURRENT","https://www.snapfitness.com/nl/locaties/den-haag","24/7","nominatim","ok","https://www.snapfitness.com/nl","official_club_page; NL franchise"
"nl_f6676fd8bf","Snap Fitness","Snap Fitness Rotterdam","Gedempte Zalmhaven 359","3011 BT","Rotterdam","Netherlands",51.911343,4.481338,"READY_TO_IMPORT","VERIFIED_CURRENT","https://www.snapfitness.com/nl/locaties/rotterdam","24/7","nominatim","ok","https://www.snapfitness.com/nl","official_club_page; NL franchise"
"nl_dd4b9d28e2","Snap Fitness","Snap Fitness Schijndel","Hoofdstraat 75A","5481 AB","Schijndel","Netherlands",51.618968,5.433465,"READY_TO_IMPORT","VERIFIED_CURRENT","https://www.snapfitness.com/nl/locaties/schijndel","24/7","nominatim","ok","https://www.snapfitness.com/nl","official_club_page; NL franchise"
"nl_5d420dd213","Snap Fitness","Snap Fitness Tilburg","Ketelhavenplein 154","5045 NE","Tilburg","Netherlands",51.574686,4.993588,"READY_TO_IMPORT","VERIFIED_CURRENT","https://www.snapfitness.com/nl/locaties/tilburg","24/7","nominatim","ok","https://www.snapfitness.com/nl","official_club_page; NL franchise"
"nl_0a58d5dc24","SportCity","SportCity (121 clubs — JS locator not scraped)","","","","Netherlands","","","NEEDS_REVIEW","VERIFIED_CURRENT","https://www.sportcity.nl/sportschool","","","","https://www.sportcity.nl","SportCity locator is JS-rendered (no API/JSON-LD); ~121 clubs across NL; former Fit For Free fully rebranded Oct 2022; individual club addresses require browser-based extraction in Phase 2"
