id,brand,name,address,postal_code,city,country,latitude,longitude,import_category,verification_status,geocode_status,source_url,website,legacy_brand,notes,phase
de_c208f44633,all inclusive Fitness,all inclusive Fitness DEIN FITNESS­STUDIO IN ACHIM,Borsteler Landstraße 4,28832,Achim,Germany,53.0141858,9.0341911,READY_TO_IMPORT,VERIFIED_CURRENT,ok_official,https://www.ai-fitness.de/studios/achim,https://www.ai-fitness.de/studios/achim,,,germany_phase1
de_ac0bf72133,all inclusive Fitness,all inclusive Fitness DEIN FITNESS­STUDIO IN AHLEN CITY,Beckumer Str. 59,59229,Ahlen,Germany,51.7642023,7.9059184,READY_TO_IMPORT,VERIFIED_CURRENT,ok_official,https://www.ai-fitness.de/studios/ahlen-city,https://www.ai-fitness.de/studios/ahlen-city,,,germany_phase1
de_d76c1274fe,all inclusive Fitness,all inclusive Fitness DEIN FITNESS­STUDIO IN AHLEN SÜD,Kleiwellenfeld 27,59229,Ahlen,Germany,51.7385645,7.8792726,READY_TO_IMPORT,VERIFIED_CURRENT,ok_official,https://www.ai-fitness.de/studios/ahlen-sued,https://www.ai-fitness.de/studios/ahlen-sued,,,germany_phase1
de_1a74fbfe5d,all inclusive Fitness,all inclusive Fitness DEIN FITNESS­STUDIO IN ALSFELD,Liederbacher Straße 10,36304,Alsfeld,Germany,50.7416986,9.2571905,READY_TO_IMPORT,VERIFIED_CURRENT,ok_official,https://www.ai-fitness.de/studios/alsfeld,https://www.ai-fitness.de/studios/alsfeld,,,germany_phase1
de_f4a9cb9256,all inclusive Fitness,all inclusive Fitness DEIN FITNESS­STUDIO IN ANSBACH,Kanalstraße 2 - 12,91522,Ansbach,Germany,49.2990474,10.5711376,READY_TO_IMPORT,VERIFIED_CURRENT,ok_official,https://www.ai-fitness.de/studios/ansbach,https://www.ai-fitness.de/studios/ansbach,,,germany_phase1
de_fdcfa88d71,all inclusive Fitness,all inclusive Fitness DEIN FITNESS­STUDIO IN AUGSBURG-HAUN ­ STETTEN,Am Technologiezentrum 1,86159,Augsburg-Haunstetten,Germany,48.327811,10.898181,READY_TO_IMPORT,VERIFIED_CURRENT,ok_official,https://www.ai-fitness.de/studios/augsburg-haunstetten,https://www.ai-fitness.de/studios/augsburg-haunstetten,,,germany_phase1
de_95c82eb45e,all inclusive Fitness,all inclusive Fitness DEIN FITNESS­STUDIO IN AUGSBURG STADTBER­GEN,Ulmer Landstraße 249,86391,Augsburg-Stadtbergen,Germany,48.379409,10.848923,READY_TO_IMPORT,VERIFIED_CURRENT,ok_official,https://www.ai-fitness.de/studios/augsburg-stadtbergen,https://www.ai-fitness.de/studios/augsburg-stadtbergen,,,germany_phase1
de_6e281e1d17,all inclusive Fitness,all inclusive Fitness DEIN FITNESS­STUDIO IN BAD HERSFELD,Max-Becker-Straße 1,36251,Bad Hersfeld,Germany,50.8629245,9.704663,READY_TO_IMPORT,VERIFIED_CURRENT,ok_official,https://www.ai-fitness.de/studios/badhersfeld,https://www.ai-fitness.de/studios/badhersfeld,,,germany_phase1
de_59bffd6ec1,all inclusive Fitness,all inclusive Fitness DEIN FITNESS­STUDIO IN BAD OEYNHAUSEN,Mindener Straße 53,32547,Bad Oeynhausen,Germany,52.2104911,8.8105918,READY_TO_IMPORT,VERIFIED_CURRENT,ok_official,https://www.ai-fitness.de/studios/badoeynhausen,https://www.ai-fitness.de/studios/badoeynhausen,,,germany_phase1
de_726e75b3b4,all inclusive Fitness,all inclusive Fitness DEIN FITNESS­STUDIO IN BERGISCH GLADBACH,Hauptstraße 157,51465,Bergisch Gladbach,Germany,50.991456,7.127423,READY_TO_IMPORT,VERIFIED_CURRENT,ok_official,https://www.ai-fitness.de/studios/bergisch-gladbach,https://www.ai-fitness.de/studios/bergisch-gladbach,,,germany_phase1
de_fbe421dd1e,all inclusive Fitness,all inclusive Fitness DEIN FITNESS­STUDIO IN BERLIN MOABIT,Turmstraße 29,10551,Berlin,Germany,52.5264924,13.3420575,READY_TO_IMPORT,VERIFIED_CURRENT,ok_official,https://www.ai-fitness.de/studios/berlin-moabit,https://www.ai-fitness.de/studios/berlin-moabit,,,germany_phase1
de_feb190ccc5,all inclusive Fitness,all inclusive Fitness DEIN FITNESS­STUDIO IN BIELEFELD BRACKWEDE,Hauptstraße 120,33647,Bielefeld,Germany,51.9931654,8.5036886,COMING_SOON,COMING_SOON,,https://www.ai-fitness.de/studios/bielefeld-brackwede,https://www.ai-fitness.de/studios/bielefeld-brackwede,,,germany_phase1
de_82a0912790,all inclusive Fitness,all inclusive Fitness DEIN FITNESS­STUDIO IN BIELEFELD CITY,Werner-Bock-Straße 36,33602,Bielefeld,Germany,52.025020857800044,8.549295186269381,READY_TO_IMPORT,VERIFIED_CURRENT,ok_official,https://www.ai-fitness.de/studios/bielefeld,https://www.ai-fitness.de/studios/bielefeld,,,germany_phase1
de_8b029e45d6,all inclusive Fitness,all inclusive Fitness DEIN FITNESS­STUDIO IN BIELEFELD SCHILDESCHE,Apfelstraße 245,33611,Bielefeld,Germany,52.0577543,8.5408129,READY_TO_IMPORT,VERIFIED_CURRENT,ok_official,https://www.ai-fitness.de/studios/bielefeld-schildesche,https://www.ai-fitness.de/studios/bielefeld-schildesche,,,germany_phase1
de_c9ca34128c,all inclusive Fitness,all inclusive Fitness DEIN FITNESS­STUDIO IN BIELEFELD SIEKER,Detmolder Straße 228,33604,Bielefeld,Germany,52.0046534,8.5550986,READY_TO_IMPORT,VERIFIED_CURRENT,ok_official,https://www.ai-fitness.de/studios/bielefeld-sieker,https://www.ai-fitness.de/studios/bielefeld-sieker,,,germany_phase1
de_6bdbfc5738,all inclusive Fitness,all inclusive Fitness DEIN FITNESS­STUDIO IN BOCHOLT,Berliner Platz 2,46395,Bocholt,Germany,51.83536079415177,6.6134586960581805,COMING_SOON,COMING_SOON,,https://www.ai-fitness.de/studios/bocholt,https://www.ai-fitness.de/studios/bocholt,,,germany_phase1
de_55e4e9bf4c,all inclusive Fitness,all inclusive Fitness DEIN FITNESS­STUDIO IN BOCHUM,Herner Straße 221 - 223,44809,Bochum,Germany,51.49937002558917,7.210680915163731,READY_TO_IMPORT,VERIFIED_CURRENT,ok_official,https://www.ai-fitness.de/studios/bochum,https://www.ai-fitness.de/studios/bochum,,,germany_phase1
de_50b4a5ca7b,all inclusive Fitness,all inclusive Fitness DEIN FITNESS­STUDIO IN BONN BEUEL,Pützchens Chaussee 16,53227,Bonn,Germany,50.7386138,7.1370114,READY_TO_IMPORT,VERIFIED_CURRENT,ok_official,https://www.ai-fitness.de/studios/bonn,https://www.ai-fitness.de/studios/bonn,,,germany_phase1
de_07a2237450,all inclusive Fitness,all inclusive Fitness DEIN FITNESS­STUDIO IN BONN ENDENICH,Siemensstraße 10,53121,Bonn,Germany,50.7376715,7.071281,READY_TO_IMPORT,VERIFIED_CURRENT,ok_official,https://www.ai-fitness.de/studios/bonn-endenich,https://www.ai-fitness.de/studios/bonn-endenich,,,germany_phase1
de_43e14db0e5,all inclusive Fitness,all inclusive Fitness DEIN FITNESS­STUDIO IN BORKEN,Nordring 232,46325,Borken,Germany,51.840548,6.8313879,READY_TO_IMPORT,VERIFIED_CURRENT,ok_official,https://www.ai-fitness.de/studios/borken,https://www.ai-fitness.de/studios/borken,,,germany_phase1
de_b26d7aa5a6,all inclusive Fitness,all inclusive Fitness DEIN FITNESS­STUDIO IN BOTTROP,Gildestraße 6,46236,Bottrop,Germany,51.527940629921524,6.963811923000267,COMING_SOON,COMING_SOON,,https://www.ai-fitness.de/studios/bottrop,https://www.ai-fitness.de/studios/bottrop,,,germany_phase1
de_5fe4b0d285,all inclusive Fitness,all inclusive Fitness DEIN FITNESSSTUDIO IN BREMEN VAHR,Berliner Freiheit 11G,28327,Bremen,Germany,53.0800484,8.8937984,READY_TO_IMPORT,VERIFIED_CURRENT,ok_official,https://www.ai-fitness.de/studios/bremen-vahr,https://www.ai-fitness.de/studios/bremen-vahr,,,germany_phase1
de_36b4d6aecf,all inclusive Fitness,all inclusive Fitness DEIN FITNESS­STUDIO IN BREMEN MUNTE,Zur Munte 23-25,28213,Bremen,Germany,53.1023063,8.8416816,READY_TO_IMPORT,VERIFIED_CURRENT,ok_official,https://www.ai-fitness.de/studios/bremen-munte,https://www.ai-fitness.de/studios/bremen-munte,,,germany_phase1
de_7e1e24c05a,all inclusive Fitness,all inclusive Fitness DEIN FITNESS­STUDIO IN BREMEN BLUMENTHAL,Striekenkamp 40,28777,Bremen-Blumenthal,Germany,53.1934421,8.5489387,READY_TO_IMPORT,VERIFIED_CURRENT,ok_official,https://www.ai-fitness.de/studios/bremen-blumenthal,https://www.ai-fitness.de/studios/bremen-blumenthal,,,germany_phase1
de_b6a837c886,all inclusive Fitness,all inclusive Fitness DEIN FITNESS­STUDIO IN BRILON,Bahnhofstraße 16,59929,Brilon,Germany,51.3961469,8.5706488,READY_TO_IMPORT,VERIFIED_CURRENT,ok_official,https://www.ai-fitness.de/studios/brilon,https://www.ai-fitness.de/studios/brilon,,,germany_phase1
de_0217e8d2c6,all inclusive Fitness,all inclusive Fitness DEIN FITNESS­STUDIO IN BÜNDE,Bahnhofstraße 3,32257,Bünde,Germany,52.19644,8.58075,READY_TO_IMPORT,VERIFIED_CURRENT,ok_official,https://www.ai-fitness.de/studios/buende,https://www.ai-fitness.de/studios/buende,,,germany_phase1
de_d2c4f59b62,all inclusive Fitness,all inclusive Fitness DEIN FITNESS­STUDIO IN CASTROP NORD,Industriestraße 19 - 21,44579,Castrop-Rauxel,Germany,51.5995814,7.2944826,READY_TO_IMPORT,VERIFIED_CURRENT,ok_official,https://www.ai-fitness.de/studios/castrop-nord,https://www.ai-fitness.de/studios/castrop-nord,,,germany_phase1
de_f93a5313f2,all inclusive Fitness,all inclusive Fitness DEIN FITNESS­STUDIO IN CASTROP RAUXEL,Herner Straße 95,44575,Castrop-Rauxel,Germany,51.5502806544617,7.299703783861026,READY_TO_IMPORT,VERIFIED_CURRENT,ok_official,https://www.ai-fitness.de/studios/castrop-rauxel,https://www.ai-fitness.de/studios/castrop-rauxel,,,germany_phase1
de_5b319930ac,all inclusive Fitness,all inclusive Fitness DEIN FITNESS­STUDIO IN CELLE,Telefunkenstraße 45a,29223,Celle,Germany,52.6397316,10.0776315,READY_TO_IMPORT,VERIFIED_CURRENT,ok_official,https://www.ai-fitness.de/studios/celle-telefunkenstrasse,https://www.ai-fitness.de/studios/celle-telefunkenstrasse,,,germany_phase1
de_75f4d9a9d6,all inclusive Fitness,all inclusive Fitness DEIN FITNESS­STUDIO IN CELLE NEUENHÄUSEN,Hannoversche Heerstraße 52 - 54,29227,Celle,Germany,52.6085601,10.0757024,READY_TO_IMPORT,VERIFIED_CURRENT,ok_official,https://www.ai-fitness.de/studios/celle,https://www.ai-fitness.de/studios/celle,,,germany_phase1
de_c54c556775,all inclusive Fitness,all inclusive Fitness DEIN FITNESS­STUDIO IN COBURG,Hahnweg 4,96450,Coburg,Germany,50.264459,10.969125,READY_TO_IMPORT,VERIFIED_CURRENT,ok_official,https://www.ai-fitness.de/studios/coburg,https://www.ai-fitness.de/studios/coburg,,,germany_phase1
de_87697afaeb,all inclusive Fitness,all inclusive Fitness DEIN FITNESS­STUDIO IN DARMSTADT,Im Carree 1 (2. UG),64283,Darmstadt,Germany,49.872387,8.652513,READY_TO_IMPORT,VERIFIED_CURRENT,ok_official,https://www.ai-fitness.de/studios/darmstadt,https://www.ai-fitness.de/studios/darmstadt,,,germany_phase1
de_ca15613d32,all inclusive Fitness,all inclusive Fitness DEIN FITNESSSTUDIO IN DELMENHORST,Reinersweg 1,27751,Delmenhorst,Germany,53.0400519,8.6754414,READY_TO_IMPORT,VERIFIED_CURRENT,ok_official,https://www.ai-fitness.de/studios/delmenhorst,https://www.ai-fitness.de/studios/delmenhorst,,,germany_phase1
de_d265a2284f,all inclusive Fitness,all inclusive Fitness DEIN FITNESS­STUDIO IN DETMOLD,Lange Straße 73,32756,Detmold,Germany,51.93645554759781,8.88219148256783,READY_TO_IMPORT,VERIFIED_CURRENT,ok_official,https://www.ai-fitness.de/studios/detmold,https://www.ai-fitness.de/studios/detmold,,,germany_phase1
de_42b96f57f9,all inclusive Fitness,all inclusive Fitness DEIN FITNESS­STUDIO IN DIETZENBACH,Offenbacher Straße 33,63128,Dietzenbach,Germany,50.0223125,8.7811699,READY_TO_IMPORT,VERIFIED_CURRENT,ok_official,https://www.ai-fitness.de/studios/dietzenbach,https://www.ai-fitness.de/studios/dietzenbach,,,germany_phase1
de_9e4bf17935,all inclusive Fitness,all inclusive Fitness DEIN FITNESS­STUDIO IN DINSLAKEN,Saarstraße 15,46535,Dinslaken,Germany,51.5614292,6.7401251,COMING_SOON,COMING_SOON,,https://www.ai-fitness.de/studios/dinslaken,https://www.ai-fitness.de/studios/dinslaken,,,germany_phase1
de_cde37bd4b4,all inclusive Fitness,all inclusive Fitness DEIN FITNESS­STUDIO IN DORTMUND,Hansastraße 5,44137,Dortmund,Germany,51.516198256496494,7.464037984406197,READY_TO_IMPORT,VERIFIED_CURRENT,ok_official,https://www.ai-fitness.de/studios/dortmund-city,https://www.ai-fitness.de/studios/dortmund-city,,,germany_phase1
de_d2a5c4edd6,all inclusive Fitness,all inclusive Fitness DEIN FITNESS­STUDIO IN DORTMUND DORSTFELD,Wilhelmplatz 12,44149,Dortmund,Germany,51.51314567785533,7.428514716465714,READY_TO_IMPORT,VERIFIED_CURRENT,ok_official,https://www.ai-fitness.de/studios/dortmund-dorstfeld,https://www.ai-fitness.de/studios/dortmund-dorstfeld,,,germany_phase1
de_d19bacaf06,all inclusive Fitness,all inclusive Fitness DEIN FITNESS­STUDIO IN DORTMUND LÜTGENDORTMUND,Lindentalweg 6,44388,Dortmund,Germany,51.4946447,7.3417324,READY_TO_IMPORT,VERIFIED_CURRENT,ok_official,https://www.ai-fitness.de/studios/dortmund-luetgendortmund,https://www.ai-fitness.de/studios/dortmund-luetgendortmund,,,germany_phase1
de_46aa98159b,all inclusive Fitness,all inclusive Fitness DEIN FITNESS­STUDIO IN DREIEICH,Frankfurter Straße 70 - 72,63303,Dreieich,Germany,50.023632,8.695249,READY_TO_IMPORT,VERIFIED_CURRENT,ok_official,https://www.ai-fitness.de/studios/dreieich,https://www.ai-fitness.de/studios/dreieich,,,germany_phase1
de_4540370df1,all inclusive Fitness,all inclusive Fitness DEIN FITNESS­STUDIO IN DUISBURG CITY,Landfermannstraße 26,47051,Duisburg,Germany,51.433368231735,6.774690772760527,READY_TO_IMPORT,VERIFIED_CURRENT,ok_official,https://www.ai-fitness.de/studios/duisburg-city,https://www.ai-fitness.de/studios/duisburg-city,,,germany_phase1
de_d1540659e3,all inclusive Fitness,all inclusive Fitness DEIN FITNESS­STUDIO IN DUISBURG INNENHAFEN,Schifferstraße 220,47059,Duisburg,Germany,51.44263476144913,6.775083255568603,READY_TO_IMPORT,VERIFIED_CURRENT,ok_official,https://www.ai-fitness.de/studios/duisburg-innenhafen,https://www.ai-fitness.de/studios/duisburg-innenhafen,,,germany_phase1
de_eef41dda01,all inclusive Fitness,all inclusive Fitness DEIN FITNESS­STUDIO IN DUISBURG KÖNIGSGALERIE,Venusgasse 5,47051,Duisburg Königsgalerie,Germany,51.433188,6.763218,READY_TO_IMPORT,VERIFIED_CURRENT,ok_official,https://www.ai-fitness.de/studios/duisburg-koenigsgalerie,https://www.ai-fitness.de/studios/duisburg-koenigsgalerie,,,germany_phase1
de_836452c3b2,all inclusive Fitness,all inclusive Fitness DEIN FITNESS­STUDIO IN DUISBURG MEIDERICH,Westenderstraße 45,47138,Duisburg Meiderich,Germany,51.466601,6.787839,READY_TO_IMPORT,VERIFIED_CURRENT,ok_official,https://www.ai-fitness.de/studios/duisburg-meiderich,https://www.ai-fitness.de/studios/duisburg-meiderich,,,germany_phase1
de_ff2e54aa82,all inclusive Fitness,all inclusive Fitness DEIN FITNESS­STUDIO IN DÜSSELDORF FLINGERN,Erkrather Straße 211,40233,Düsseldorf,Germany,51.219032898720386,6.813051371157511,READY_TO_IMPORT,VERIFIED_CURRENT,ok_official,https://www.ai-fitness.de/studios/flingern,https://www.ai-fitness.de/studios/flingern,,,germany_phase1
de_2a408a3d5e,all inclusive Fitness,all inclusive Fitness DEIN FITNESS­STUDIO IN DÜSSELDORF OBERBILK,Heinz-Schmöle-Straße 3,40227,Düsseldorf,Germany,51.2176889037629,6.79746247123104,READY_TO_IMPORT,VERIFIED_CURRENT,ok_official,https://www.ai-fitness.de/studios/oberbilk,https://www.ai-fitness.de/studios/oberbilk,,,germany_phase1
de_6dbc4aa1f2,all inclusive Fitness,all inclusive Fitness DEIN FITNESS­STUDIO IN ERLANGEN CITY,Nürnberger Straße 31,91052,Erlangen,Germany,49.5921069,11.0051071,READY_TO_IMPORT,VERIFIED_CURRENT,ok_official,https://www.ai-fitness.de/studios/erlangen-city,https://www.ai-fitness.de/studios/erlangen-city,,,germany_phase1
de_4102c28bbe,all inclusive Fitness,all inclusive Fitness DEIN FITNESS­STUDIO IN ERLANGEN OST,Artilleriestraße 54,91052,Erlangen,Germany,49.5956817,11.0278475,COMING_SOON,COMING_SOON,,https://www.ai-fitness.de/studios/erlangen-ost,https://www.ai-fitness.de/studios/erlangen-ost,,,germany_phase1
de_f481c9dcff,all inclusive Fitness,all inclusive Fitness DEIN FITNESS­STUDIO IN ALTEN­ESSEN,Altenessenerstraße 376,45326,Essen,Germany,51.49701144505269,7.010297272762222,READY_TO_IMPORT,VERIFIED_CURRENT,ok_official,https://www.ai-fitness.de/studios/altenessen,https://www.ai-fitness.de/studios/altenessen,,,germany_phase1
de_a64ba281ef,all inclusive Fitness,all inclusive Fitness DEIN FITNESS­STUDIO IN ESSEN,Flurstraße 94,45355,Essen,Germany,51.476935302986476,6.94421952163581,READY_TO_IMPORT,VERIFIED_CURRENT,ok_official,https://www.ai-fitness.de/studios/essen,https://www.ai-fitness.de/studios/essen,,,germany_phase1
de_ced268d2de,all inclusive Fitness,all inclusive Fitness DEIN FITNESS­STUDIO IN ESSEN BERGERHAUSEN,Schürmannstraße 19 a,45136,Essen Bergerhausen,Germany,51.43352,7.032715,READY_TO_IMPORT,VERIFIED_CURRENT,ok_official,https://www.ai-fitness.de/studios/essen-bergerhausen,https://www.ai-fitness.de/studios/essen-bergerhausen,,,germany_phase1
de_c2ffd0013d,all inclusive Fitness,all inclusive Fitness DEIN FITNESS­STUDIO IN ESSEN KRAY,Am Luftschacht 11 - 17,45307,Essen Kray,Germany,51.460583,7.067641,READY_TO_IMPORT,VERIFIED_CURRENT,ok_official,https://www.ai-fitness.de/studios/essen-kray,https://www.ai-fitness.de/studios/essen-kray,,,germany_phase1
de_31a988caf3,all inclusive Fitness,all inclusive Fitness DEIN FITNESS­STUDIO IN ESSLINGEN,Berkheimer Straße 4,73734,Esslingen,Germany,48.735115,9.301333,READY_TO_IMPORT,VERIFIED_CURRENT,ok_official,https://www.ai-fitness.de/studios/esslingen,https://www.ai-fitness.de/studios/esslingen,,,germany_phase1
de_9bfcf1ef0f,all inclusive Fitness,all inclusive Fitness DEIN FITNESS­STUDIO IN FREISING,Münchner Straße 32 a,85354,Freising,Germany,48.385806,11.735576,READY_TO_IMPORT,VERIFIED_CURRENT,ok_official,https://www.ai-fitness.de/studios/freising,https://www.ai-fitness.de/studios/freising,,,germany_phase1
de_b46d7ae8cf,all inclusive Fitness,all inclusive Fitness DEIN FITNESS­STUDIO IN FRIEDRICHS­HAFEN,Meistershofener Straße 14,88045,Friedrichshafen,Germany,47.664892,9.481953,READY_TO_IMPORT,VERIFIED_CURRENT,ok_official,https://www.ai-fitness.de/studios/friedrichshafen-bodenseecenter,https://www.ai-fitness.de/studios/friedrichshafen-bodenseecenter,,,germany_phase1
de_58b73bccc9,all inclusive Fitness,all inclusive Fitness DEIN FITNESS­STUDIO IN FRIEDRICHS­HAFEN FLUGHAFEN,Am Flugplatz 76/3,88046,Friedrichshafen,Germany,47.671180358529035,9.519744223546406,READY_TO_IMPORT,VERIFIED_CURRENT,ok_official,https://www.ai-fitness.de/studios/friedrichshafen,https://www.ai-fitness.de/studios/friedrichshafen,,,germany_phase1
de_d90eb29180,all inclusive Fitness,all inclusive Fitness DEIN FITNESS­STUDIO IN FÜRTH,Würzburger Straße 150,90766,Fürth,Germany,49.48391,10.962568,READY_TO_IMPORT,VERIFIED_CURRENT,ok_official,https://www.ai-fitness.de/studios/fuerth,https://www.ai-fitness.de/studios/fuerth,,,germany_phase1
de_a979e9b757,all inclusive Fitness,all inclusive Fitness DEIN FITNESS­STUDIO IN FÜRTH POPPENREUTH,Poppenreuther Straße 72,90765,Fürth,Germany,49.4815991,11.0081711,READY_TO_IMPORT,VERIFIED_CURRENT,ok_official,https://www.ai-fitness.de/studios/fuerth-poppenreuth,https://www.ai-fitness.de/studios/fuerth-poppenreuth,,,germany_phase1
de_c3684b2d9f,all inclusive Fitness,all inclusive Fitness DEIN FITNESS­STUDIO IN FÜRTH SÜDSTADT,Leyher Straße 80,90763,Fürth,Germany,49.4599407,11.006407,READY_TO_IMPORT,VERIFIED_CURRENT,ok_official,https://www.ai-fitness.de/studios/fuerth-suedstadt,https://www.ai-fitness.de/studios/fuerth-suedstadt,,,germany_phase1
de_87a3b58d4c,all inclusive Fitness,all inclusive Fitness DEIN FITNESS­STUDIO IN GNARRENBURG,Hindenburgstraße 78,27442,Gnarrenburg,Germany,53.3849813,9.0021239,READY_TO_IMPORT,VERIFIED_CURRENT,ok_official,https://www.ai-fitness.de/studios/gnarrenburg,https://www.ai-fitness.de/studios/gnarrenburg,,,germany_phase1
de_59f500ea40,all inclusive Fitness,all inclusive Fitness DEIN FITNESS­STUDIO IN GUMMERS­BACH,Brückenstraße 1,51643,Gummersbach,Germany,51.0271702,7.5611204,READY_TO_IMPORT,VERIFIED_CURRENT,ok_official,https://www.ai-fitness.de/studios/gummersbach,https://www.ai-fitness.de/studios/gummersbach,,,germany_phase1
de_9cdd372065,all inclusive Fitness,all inclusive Fitness DEIN FITNESS­STUDIO IN GÖPPINGEN,Pfarrstraße 1 - 3,73033,Göppingen,Germany,48.703993,9.655072,READY_TO_IMPORT,VERIFIED_CURRENT,ok_official,https://www.ai-fitness.de/studios/goeppingen,https://www.ai-fitness.de/studios/goeppingen,,,germany_phase1
de_c70cb29d59,all inclusive Fitness,all inclusive Fitness DEIN FITNESS­STUDIO IN GÖTTINGEN GRONE,Kasseler Landstraße 35a,37081,Göttingen,Germany,51.5303438,9.8980704,READY_TO_IMPORT,VERIFIED_CURRENT,ok_official,https://www.ai-fitness.de/studios/goettingen-grone,https://www.ai-fitness.de/studios/goettingen-grone,,,germany_phase1
de_0a6a54f43d,all inclusive Fitness,all inclusive Fitness DEIN FITNESS­STUDIO IN GÖTTINGEN-WEENDE,Hannoversche Straße 40,37075,Göttingen,Germany,51.5539068,9.9292802,READY_TO_IMPORT,VERIFIED_CURRENT,ok_official,https://www.ai-fitness.de/studios/goettingen-weende,https://www.ai-fitness.de/studios/goettingen-weende,,,germany_phase1
de_53f1c9acd4,all inclusive Fitness,all inclusive Fitness DEIN FITNESS­STUDIO GÜTERSLOH GEORGSTRASSE,Georgstraße 6,33330,Gütersloh,Germany,51.9147891,8.371436,READY_TO_IMPORT,VERIFIED_CURRENT,ok_official,https://www.ai-fitness.de/studios/guetersloh,https://www.ai-fitness.de/studios/guetersloh,,,germany_phase1
de_035e3ef396,all inclusive Fitness,all inclusive Fitness DEIN FITNESS­STUDIO IN GÜTERSLOH,Kampstraße 20-22,33332,Gütersloh,Germany,51.9019732,8.397697,READY_TO_IMPORT,VERIFIED_CURRENT,ok_official,https://www.ai-fitness.de/studios/guetersloh-kampstrasse,https://www.ai-fitness.de/studios/guetersloh-kampstrasse,,,germany_phase1
de_5756abb81a,all inclusive Fitness,all inclusive Fitness DEIN FITNESS­STUDIO IN HAAN,Windhövel 1,42781,Haan,Germany,51.191809510389284,7.007688482877989,READY_TO_IMPORT,VERIFIED_CURRENT,ok_official,https://www.ai-fitness.de/studios/haan,https://www.ai-fitness.de/studios/haan,,,germany_phase1
de_d4a7f81bd4,all inclusive Fitness,all inclusive Fitness DEIN FITNESSSTUDIO IN MÜNCHEN HAAR,Hans-Pinsel-Straße 1,85540,Haar,Germany,48.110281,11.715504,READY_TO_IMPORT,VERIFIED_CURRENT,ok_official,https://www.ai-fitness.de/studios/muenchen-haar,https://www.ai-fitness.de/studios/muenchen-haar,,,germany_phase1
de_471b02be15,all inclusive Fitness,all inclusive Fitness DEIN FITNESS­STUDIO IN HAGEN CITY,Elberfelder Straße 50 - 52,58095,Hagen,Germany,51.35930585883301,7.468841215210341,READY_TO_IMPORT,VERIFIED_CURRENT,ok_official,https://www.ai-fitness.de/studios/hagen-city,https://www.ai-fitness.de/studios/hagen-city,,,germany_phase1
de_e35e02f9ae,all inclusive Fitness,all inclusive Fitness DEIN FITNESS­STUDIO IN HAGEN MARKT,Böhmerstraße 4,58095,Hagen,Germany,51.35531,7.47664,READY_TO_IMPORT,VERIFIED_CURRENT,ok_official,https://www.ai-fitness.de/studios/hagen-markt,https://www.ai-fitness.de/studios/hagen-markt,,,germany_phase1
de_4afa0c15f3,all inclusive Fitness,all inclusive Fitness DEIN FITNESS­STUDIO IN HAINBURG,Siemensstraße 26,63512,Hainburg,Germany,50.0676761,8.9652988,READY_TO_IMPORT,VERIFIED_CURRENT,ok_official,https://www.ai-fitness.de/studios/hainburg,https://www.ai-fitness.de/studios/hainburg,,,germany_phase1
de_1648a1c412,all inclusive Fitness,all inclusive Fitness DEIN FITNESS­STUDIO IN HALTERN AM SEE,Münsterknapp 15,45721,Haltern am See,Germany,51.7547447,7.1940518,READY_TO_IMPORT,VERIFIED_CURRENT,ok_official,https://www.ai-fitness.de/studios/haltern,https://www.ai-fitness.de/studios/haltern,,,germany_phase1
de_cb0f00ad1b,all inclusive Fitness,all inclusive Fitness DEIN FITNESS­STUDIO IN HAMM,Am Hülsenbusch 39,59063,Hamm,Germany,51.6683303463535,7.8343130438517745,READY_TO_IMPORT,VERIFIED_CURRENT,ok_official,https://www.ai-fitness.de/studios/hamm,https://www.ai-fitness.de/studios/hamm,,,germany_phase1
de_4792c1cb0a,all inclusive Fitness,all inclusive Fitness DEIN FITNESS­STUDIO IN HANAU,Kinzigbogen 4,63452,Hanau,Germany,50.146037,8.933899,READY_TO_IMPORT,VERIFIED_CURRENT,ok_official,https://www.ai-fitness.de/studios/hanau,https://www.ai-fitness.de/studios/hanau,,,germany_phase1
de_ed71ce1889,all inclusive Fitness,all inclusive Fitness DEIN FITNESS­STUDIO IN HANNOVER HAINHOLZ,Schulenburger Landstr. 118,30165,Hannover,Germany,52.4050775,9.7129446,READY_TO_IMPORT,VERIFIED_CURRENT,ok_official,https://www.ai-fitness.de/studios/hannover-hainholz,https://www.ai-fitness.de/studios/hannover-hainholz,,,germany_phase1
de_b87bbca37f,all inclusive Fitness,all inclusive Fitness DEIN FITNESS­STUDIO IN HANNOVER MISBURG,Buchholzer Straße 3-5,30629,Hannover,Germany,52.3906124,9.852462,READY_TO_IMPORT,VERIFIED_CURRENT,ok_official,https://www.ai-fitness.de/studios/hannover-misburg,https://www.ai-fitness.de/studios/hannover-misburg,,,germany_phase1
de_a6cfb3c39d,all inclusive Fitness,all inclusive Fitness DEIN FITNESS­STUDIO IN HANNOVER-CITY,Arndtstraße 1,30167,Hannover,Germany,52.3814704,9.7247504,READY_TO_IMPORT,VERIFIED_CURRENT,ok_official,https://www.ai-fitness.de/studios/hannover-city,https://www.ai-fitness.de/studios/hannover-city,,,germany_phase1
de_13b7ec0d55,all inclusive Fitness,all inclusive Fitness DEIN FITNESS­STUDIO IN HANNOVER VAHRENWALD,Melanchthonstraße 57,30165,Hannover Vahrenwald,Germany,52.39931581989691,9.733494903955462,READY_TO_IMPORT,VERIFIED_CURRENT,ok_official,https://www.ai-fitness.de/studios/hannover,https://www.ai-fitness.de/studios/hannover,,,germany_phase1
de_bb69766c4e,all inclusive Fitness,all inclusive Fitness DEIN FITNESS­STUDIO IN HEIDENHEIM,In den Seewiesen 2,89520,Heidenheim,Germany,48.689727,10.161759,READY_TO_IMPORT,VERIFIED_CURRENT,ok_official,https://www.ai-fitness.de/studios/heidenheim,https://www.ai-fitness.de/studios/heidenheim,,,germany_phase1
de_f9598c7d7a,all inclusive Fitness,all inclusive Fitness DEIN FITNESS­STUDIO IN HEILBRONN BÖCKINGEN,Albert-Schäffler-Straße 6,74080,Heilbronn,Germany,49.1496219,9.1993905,READY_TO_IMPORT,VERIFIED_CURRENT,ok_official,https://www.ai-fitness.de/studios/heilbronn-boeckingen,https://www.ai-fitness.de/studios/heilbronn-boeckingen,,,germany_phase1
de_51ca0a04c1,all inclusive Fitness,all inclusive Fitness DEIN FITNESS­STUDIO IN HEILBRONN WOLLHAUS,Wollhausstraße 52,74072,Heilbronn,Germany,49.138809,9.227096,READY_TO_IMPORT,VERIFIED_CURRENT,ok_official,https://www.ai-fitness.de/studios/heilbronn,https://www.ai-fitness.de/studios/heilbronn,,,germany_phase1
de_289219c50e,all inclusive Fitness,all inclusive Fitness DEIN FITNESS­STUDIO IN HERFORD NORD,Kiebitzstraße 45,32051,Herford,Germany,52.130021679231284,8.649581668651326,READY_TO_IMPORT,VERIFIED_CURRENT,ok_official,https://www.ai-fitness.de/studios/herfordnord,https://www.ai-fitness.de/studios/herfordnord,,,germany_phase1
de_e8ce039e33,all inclusive Fitness,all inclusive Fitness DEIN FITNESS­STUDIO IN HERFORD SÜD,Hohe Warth 5,32052,Herford,Germany,52.0971721,8.6780156,READY_TO_IMPORT,VERIFIED_CURRENT,ok_official,https://www.ai-fitness.de/studios/herfordsued,https://www.ai-fitness.de/studios/herfordsued,,,germany_phase1
de_cf71a4b01a,all inclusive Fitness,all inclusive Fitness DEIN FITNESS­STUDIO IN WANNE-EICKEL,Hauptstraße 241,44649,Herne Wanne-Eickel,Germany,51.530457,7.1555335,READY_TO_IMPORT,VERIFIED_CURRENT,ok_official,https://www.ai-fitness.de/studios/wanne-eickel,https://www.ai-fitness.de/studios/wanne-eickel,,,germany_phase1
de_5f9c1ff947,all inclusive Fitness,all inclusive Fitness DEIN FITNESS­STUDIO IN HEUSENSTAMM,Jahnstraße 52,63150,Heusenstamm,Germany,50.0632952,8.7982903,READY_TO_IMPORT,VERIFIED_CURRENT,ok_official,https://www.ai-fitness.de/studios/heusenstamm,https://www.ai-fitness.de/studios/heusenstamm,,,germany_phase1
de_d042ed158d,all inclusive Fitness,all inclusive Fitness DEIN FITNESS­STUDIO IN HOF,Hans-Böckler-Straße 26,95032,Hof,Germany,50.306094,11.916125,READY_TO_IMPORT,VERIFIED_CURRENT,ok_official,https://www.ai-fitness.de/studios/hof,https://www.ai-fitness.de/studios/hof,,,germany_phase1
de_72d20e4368,all inclusive Fitness,all inclusive Fitness DEIN FITNESS­STUDIO IN HOMBURG,Am Vierherrenwald 2 - 4,66424,Homburg,Germany,49.329371,7.31984,READY_TO_IMPORT,VERIFIED_CURRENT,ok_official,https://www.ai-fitness.de/studios/homburg,https://www.ai-fitness.de/studios/homburg,,,germany_phase1
de_87159db7c6,all inclusive Fitness,all inclusive Fitness DEIN FITNESS­STUDIO IN HÜRTH,Daimler Straße 6 a,50354,Hürth,Germany,50.88493,6.89921,READY_TO_IMPORT,VERIFIED_CURRENT,ok_official,https://www.ai-fitness.de/studios/huerth,https://www.ai-fitness.de/studios/huerth,,,germany_phase1
de_663eb78142,all inclusive Fitness,all inclusive Fitness DEIN FITNESS­STUDIO IN ISERLOHN,Reiterweg 1,58636,Iserlohn,Germany,51.386034421787684,7.726809438300221,READY_TO_IMPORT,VERIFIED_CURRENT,ok_official,https://www.ai-fitness.de/studios/iserlohn,https://www.ai-fitness.de/studios/iserlohn,,,germany_phase1
de_9a6e7d4f6b,all inclusive Fitness,all inclusive Fitness DEIN FITNESS­STUDIO IN JÜLICH,Poststraße 1,52428,Jülich,Germany,50.9221468,6.3608736,READY_TO_IMPORT,VERIFIED_CURRENT,ok_official,https://www.ai-fitness.de/studios/juelich,https://www.ai-fitness.de/studios/juelich,,,germany_phase1
de_41b016f636,all inclusive Fitness,all inclusive Fitness DEIN FITNESSSTUDIO IN KAISERSLAUTERN,Augustastraße 75-77,67655,Kaiserslautern,Germany,49.440481,7.7809944,READY_TO_IMPORT,VERIFIED_CURRENT,ok_official,https://www.ai-fitness.de/studios/kaiserslautern-augustastrasse,https://www.ai-fitness.de/studios/kaiserslautern-augustastrasse,,,germany_phase1
de_d5ff4dd149,all inclusive Fitness,all inclusive Fitness DEIN FITNESS­STUDIO IN KAISERS ­ LAUTERN MERKURSTRASSE,Merkurstraße 1,67663,Kaiserslautern,Germany,49.444559,7.733371,READY_TO_IMPORT,VERIFIED_CURRENT,ok_official,https://www.ai-fitness.de/studios/kaiserslautern,https://www.ai-fitness.de/studios/kaiserslautern,,,germany_phase1
de_32b5c686c0,all inclusive Fitness,all inclusive Fitness DEIN FITNESS­STUDIO IN KAMP-LINTFORT,Moerser Straße 221,47475,Kamp-Lintfort,Germany,51.504442,6.544402,READY_TO_IMPORT,VERIFIED_CURRENT,ok_official,https://www.ai-fitness.de/studios/kamp-lintfort,https://www.ai-fitness.de/studios/kamp-lintfort,,,germany_phase1
de_c4edee5179,all inclusive Fitness,all inclusive Fitness DEIN FITNESS­ ­­­ STUDIO IN KASSEL HOLLÄNDISCHE STRASSE,Hollaendische Straße 23,34127,Kassel,Germany,51.3224102,9.4966887,READY_TO_IMPORT,VERIFIED_CURRENT,ok_official,https://www.ai-fitness.de/studios/kassel-hollaendischestrasse,https://www.ai-fitness.de/studios/kassel-hollaendischestrasse,,,germany_phase1
de_20a04d18c9,all inclusive Fitness,all inclusive Fitness DEIN FITNESS­STUDIO IN KASSEL,Mauerstraße 11,34117,Kassel,Germany,51.316817643508465,9.496411348909465,READY_TO_IMPORT,VERIFIED_CURRENT,ok_official,https://www.ai-fitness.de/studios/kassel,https://www.ai-fitness.de/studios/kassel,,,germany_phase1
de_256f560772,all inclusive Fitness,all inclusive Fitness DEIN FITNESS­STUDIO IN KIRCHHEIM UNTER TECK,Stuttgarter Straße 51 - 53,73230,Kirchheim unter Teck,Germany,48.650909,9.440715,READY_TO_IMPORT,VERIFIED_CURRENT,ok_official,https://www.ai-fitness.de/studios/kirchheim-unter-teck,https://www.ai-fitness.de/studios/kirchheim-unter-teck,,,germany_phase1
de_ab08cda68d,all inclusive Fitness,all inclusive Fitness DEIN FITNESS­STUDIO IN KOBLENZ,An der Römervilla 3,56070,Koblenz,Germany,50.381908,7.564537,READY_TO_IMPORT,VERIFIED_CURRENT,ok_official,https://www.ai-fitness.de/studios/koblenz,https://www.ai-fitness.de/studios/koblenz,,,germany_phase1
de_24b45289d3,all inclusive Fitness,all inclusive Fitness DEIN FITNESS­STUDIO IN KREFELD,Gutenbergstraße 152,47803,Krefeld,Germany,51.33032339808616,6.547122079342004,READY_TO_IMPORT,VERIFIED_CURRENT,ok_official,https://www.ai-fitness.de/studios/krefeld,https://www.ai-fitness.de/studios/krefeld,,,germany_phase1
de_9910f3d255,all inclusive Fitness,all inclusive Fitness DEIN FITNESS­STUDIO IN LANDSHUT KUMHAUSEN,Ziegelfeldstraße 1,84036,Kumhausen,Germany,48.498423,12.158962,READY_TO_IMPORT,VERIFIED_CURRENT,ok_official,https://www.ai-fitness.de/studios/landshut,https://www.ai-fitness.de/studios/landshut,,,germany_phase1
de_75b37c9c0c,all inclusive Fitness,all inclusive Fitness DEIN FITNESS­STUDIO IN KÖLN AGNESVIERTEL,Krefelder Straße 77 - 83,50670,Köln,Germany,50.952783,6.951234,READY_TO_IMPORT,VERIFIED_CURRENT,ok_official,https://www.ai-fitness.de/studios/koeln-agnesviertel,https://www.ai-fitness.de/studios/koeln-agnesviertel,,,germany_phase1
de_1b1cf053b6,all inclusive Fitness,all inclusive Fitness DEIN FITNESS­STUDIO IN KÖLN LINDENTHAL,Melatengürtel 19,50933,Köln,Germany,50.939006,6.909724,READY_TO_IMPORT,VERIFIED_CURRENT,ok_official,https://www.ai-fitness.de/studios/koeln-lindenthal,https://www.ai-fitness.de/studios/koeln-lindenthal,,,germany_phase1
de_7177e96cb8,all inclusive Fitness,all inclusive Fitness DEIN FITNESS­STUDIO IN KÖLN OSSENDORF,Hugo-Eckener-Straße 27,50829,Köln,Germany,50.977264,6.896187,READY_TO_IMPORT,VERIFIED_CURRENT,ok_official,https://www.ai-fitness.de/studios/koeln-ossendorf,https://www.ai-fitness.de/studios/koeln-ossendorf,,,germany_phase1
de_a532e1bc8c,all inclusive Fitness,all inclusive Fitness DEIN FITNESS­STUDIO IN KÖLN POLL,Poll-Vingster-Straße 124,51105,Köln,Germany,50.919103,6.998552,READY_TO_IMPORT,VERIFIED_CURRENT,ok_official,https://www.ai-fitness.de/studios/koeln-poll,https://www.ai-fitness.de/studios/koeln-poll,,,germany_phase1
de_f65459959c,all inclusive Fitness,all inclusive Fitness DEIN FITNESS­STUDIO IN KÖLN PORZ,Max-Reichpietsch-Straße 4,51147,Köln,Germany,50.857811,7.094316,READY_TO_IMPORT,VERIFIED_CURRENT,ok_official,https://www.ai-fitness.de/studios/koeln-porz,https://www.ai-fitness.de/studios/koeln-porz,,,germany_phase1
de_eac1d9e94c,all inclusive Fitness,all inclusive Fitness DEIN FITNESS­STUDIO IN KÖLN SÜLZ,Weißhausstraße 20 - 22,50939,Köln,Germany,50.919575,6.936444,READY_TO_IMPORT,VERIFIED_CURRENT,ok_official,https://www.ai-fitness.de/studios/koeln-suelz,https://www.ai-fitness.de/studios/koeln-suelz,,,germany_phase1
de_748ce9ce38,all inclusive Fitness,all inclusive Fitness DEIN FITNESS­STUDIO IN LAATZEN,Hildesheimer Straße 47,30880,Laatzen,Germany,52.3175241,9.7867905,READY_TO_IMPORT,VERIFIED_CURRENT,ok_official,https://www.ai-fitness.de/studios/laatzen,https://www.ai-fitness.de/studios/laatzen,,,germany_phase1
de_79ebf3b822,all inclusive Fitness,all inclusive Fitness DEIN FITNESS­STUDIO IN LAHNSTEIN,Hermsdorfer Str. 3A,56112,Lahnstein,Germany,50.3219688,7.6041726,READY_TO_IMPORT,VERIFIED_CURRENT,ok_official,https://www.ai-fitness.de/studios/lahnstein,https://www.ai-fitness.de/studios/lahnstein,,,germany_phase1
de_a4b589cf11,all inclusive Fitness,all inclusive Fitness DEIN FITNESS­STUDIO IN LAHR,Im Götzmann 8,77933,Lahr,Germany,48.334206,7.845473,READY_TO_IMPORT,VERIFIED_CURRENT,ok_official,https://www.ai-fitness.de/studios/lahr,https://www.ai-fitness.de/studios/lahr,,,germany_phase1
de_1092465eac,all inclusive Fitness,all inclusive Fitness DEIN FITNESS­STUDIO IN LANGEN,Ampèrestraße 7 - 11,63225,Langen,Germany,49.9970503,8.6485146,READY_TO_IMPORT,VERIFIED_CURRENT,ok_official,https://www.ai-fitness.de/studios/langen,https://www.ai-fitness.de/studios/langen,,,germany_phase1
de_5f735d7fa6,all inclusive Fitness,all inclusive Fitness DEIN FITNESS­STUDIO IN LANGENFELD BERGHAUSEN,Raiffeisenstraße 1,40764,Langenfeld Berghausen,Germany,51.12179986742336,6.922957582875912,READY_TO_IMPORT,VERIFIED_CURRENT,ok_official,https://www.ai-fitness.de/studios/langenfeld-berghausen,https://www.ai-fitness.de/studios/langenfeld-berghausen,,,germany_phase1
de_81e5e3d35a,all inclusive Fitness,all inclusive Fitness DEIN FITNESS­STUDIO IN LANGENFELD CITY,Galerieplatz 1,40764,Langenfeld City,Germany,51.111752,6.949372,READY_TO_IMPORT,VERIFIED_CURRENT,ok_official,https://www.ai-fitness.de/studios/langenfeld-city,https://www.ai-fitness.de/studios/langenfeld-city,,,germany_phase1
de_7ace71d292,all inclusive Fitness,all inclusive Fitness DEIN FITNESS­STUDIO IN LANGENSELBOLD,Industriestraße 12,63505,Langenselbold,Germany,50.1648691,9.0480773,READY_TO_IMPORT,VERIFIED_CURRENT,ok_official,https://www.ai-fitness.de/studios/langenselbold,https://www.ai-fitness.de/studios/langenselbold,,,germany_phase1
de_6aacd5f972,all inclusive Fitness,all inclusive Fitness DEIN FITNESS­STUDIO IN LEIPZIG SÜDVORSTADT,Karl-Liebknecht-Straße 143,04277,Leipzig,Germany,51.3146558,12.3712707,READY_TO_IMPORT,VERIFIED_CURRENT,ok_official,https://www.ai-fitness.de/studios/leipzig-suedvorstadt,https://www.ai-fitness.de/studios/leipzig-suedvorstadt,,,germany_phase1
de_c985011dcd,all inclusive Fitness,all inclusive Fitness DEIN FITNESS­STUDIO IN LEVERKUSEN,Olof-Palme-Straße 1,51371,Leverkusen,Germany,51.038034,6.986308,READY_TO_IMPORT,VERIFIED_CURRENT,ok_official,https://www.ai-fitness.de/studios/leverkusen,https://www.ai-fitness.de/studios/leverkusen,,,germany_phase1
de_501ed85aec,all inclusive Fitness,all inclusive Fitness DEIN FITNESS­STUDIO IN LIPPSTADT,Südertor 2,59557,Lippstadt,Germany,51.67005604064193,8.345168349955882,READY_TO_IMPORT,VERIFIED_CURRENT,ok_official,https://www.ai-fitness.de/studios/lippstadt,https://www.ai-fitness.de/studios/lippstadt,,,germany_phase1
de_2d86370a24,all inclusive Fitness,all inclusive Fitness DEIN FITNESS­STUDIO IN MARBURG,Erlenring 19,35037,Marburg,Germany,50.808066461039964,8.777385765287237,COMING_SOON,COMING_SOON,,https://www.ai-fitness.de/studios/marburg,https://www.ai-fitness.de/studios/marburg,,,germany_phase1
de_d4bfdf22eb,all inclusive Fitness,all inclusive Fitness DEIN FITNESSSTUDIO IN MELLE,Stadtgraben 23,49324,Melle,Germany,52.2039444,8.3341648,READY_TO_IMPORT,VERIFIED_CURRENT,ok_official,https://www.ai-fitness.de/studios/melle,https://www.ai-fitness.de/studios/melle,,,germany_phase1
de_14608f51cf,all inclusive Fitness,all inclusive Fitness DEIN FITNESS­STUDIO IN MENDEN,Kösterskämpchen 2,58706,Menden,Germany,51.42345119204331,7.800160376374079,READY_TO_IMPORT,VERIFIED_CURRENT,ok_official,https://www.ai-fitness.de/studios/menden,https://www.ai-fitness.de/studios/menden,,,germany_phase1
de_32818d3ebd,all inclusive Fitness,all inclusive Fitness DEIN FITNESS­STUDIO IN MINDEN,Bäckerstraße 61,32423,Minden,Germany,52.29037946765998,8.921173066210155,READY_TO_IMPORT,VERIFIED_CURRENT,ok_official,https://www.ai-fitness.de/studios/minden,https://www.ai-fitness.de/studios/minden,,,germany_phase1
de_8f8576025a,all inclusive Fitness,all inclusive Fitness DEIN FITNESS­STUDIO IN MOERS,Heinrich-Hertz-Straße 11,47445,Moers,Germany,51.4742526,6.5905803,READY_TO_IMPORT,VERIFIED_CURRENT,ok_official,https://www.ai-fitness.de/studios/moers,https://www.ai-fitness.de/studios/moers,,,germany_phase1
de_9ddf85d9df,all inclusive Fitness,all inclusive Fitness DEIN FITNESS­STUDIO IN MONHEIM,Benrather Straße 52,40789,Monheim am Rhein,Germany,51.1191043,6.8999541,READY_TO_IMPORT,VERIFIED_CURRENT,ok_official,https://www.ai-fitness.de/studios/monheim,https://www.ai-fitness.de/studios/monheim,,,germany_phase1
de_f331cf9649,all inclusive Fitness,all inclusive Fitness DEIN FITNESS­STUDIO IN MÖNCHEN­GLADBACH,Friedensstraße 145,41238,Mönchengladbach,Germany,51.1672911,6.4609727,READY_TO_IMPORT,VERIFIED_CURRENT,ok_official,https://www.ai-fitness.de/studios/moenchengladbach,https://www.ai-fitness.de/studios/moenchengladbach,,,germany_phase1
de_41e5422801,all inclusive Fitness,all inclusive Fitness DEIN FITNESS­STUDIO IN MÜLHEIM,Hans-Böckler-Platz 19,45468,Mülheim an der Ruhr,Germany,51.42971376286827,6.886558540710761,COMING_SOON,COMING_SOON,,https://www.ai-fitness.de/studios/muelheim-an-der-ruhr,https://www.ai-fitness.de/studios/muelheim-an-der-ruhr,,,germany_phase1
de_3bc73a51cc,all inclusive Fitness,all inclusive Fitness DEIN FITNESS­STUDIO IN MÜNCHEN BERG AM LAIM,Dingolfinger Straße 15,81673,München,Germany,48.1326139,11.6160885,READY_TO_IMPORT,VERIFIED_CURRENT,ok_official,https://www.ai-fitness.de/studios/muenchen-berg-am-laim,https://www.ai-fitness.de/studios/muenchen-berg-am-laim,,,germany_phase1
de_8261bedd74,all inclusive Fitness,all inclusive Fitness DEIN FITNESS­STUDIO IN MÜNCHEN FREIHAM,Amalie-Nacken-Str. 4,81248,München,Germany,48.1416311,11.4087121,COMING_SOON,COMING_SOON,,https://www.ai-fitness.de/studios/muenchen-freiham,https://www.ai-fitness.de/studios/muenchen-freiham,,,germany_phase1
de_caa4f08bc2,all inclusive Fitness,all inclusive Fitness DEIN FITNESS­STUDIO IN MÜNCHEN GIESING,Chiemgaustraße 116,81549,München,Germany,48.1072833,11.5991413,READY_TO_IMPORT,VERIFIED_CURRENT,ok_official,https://www.ai-fitness.de/studios/muenchen-giesing,https://www.ai-fitness.de/studios/muenchen-giesing,,,germany_phase1
de_508e57cc21,all inclusive Fitness,all inclusive Fitness DEIN FITNESS­STUDIO IN MÜNCHEN GROSSHADERN,Haderunstr. 4,81375,München,Germany,48.1227307,11.4804957,READY_TO_IMPORT,VERIFIED_CURRENT,ok_official,https://www.ai-fitness.de/studios/muenchen-grosshadern,https://www.ai-fitness.de/studios/muenchen-grosshadern,,,germany_phase1
de_19d54c99ff,all inclusive Fitness,all inclusive Fitness DEIN FITNESS­STUDIO IN MÜNCHEN LAIM,Landsberger Straße 314,80687,München,Germany,48.1437525,11.4988151,READY_TO_IMPORT,VERIFIED_CURRENT,ok_official,https://www.ai-fitness.de/studios/muenchen-laim,https://www.ai-fitness.de/studios/muenchen-laim,,,germany_phase1
de_3dc8c12a19,all inclusive Fitness,all inclusive Fitness DEIN FITNESS­STUDIO IN MÜNCHEN NEUHAUSEN,Dachauer Straße 92,80335,München,Germany,48.1514314,11.5578583,READY_TO_IMPORT,VERIFIED_CURRENT,ok_official,https://www.ai-fitness.de/studios/muenchen-neuhausen,https://www.ai-fitness.de/studios/muenchen-neuhausen,,,germany_phase1
de_2c4adf5705,all inclusive Fitness,all inclusive Fitness DEIN FITNESS­STUDIO IN MÜNCHEN NEURIED,Anna-Sigmund-Straße 10,82061,München,Germany,48.0894072,11.4697639,READY_TO_IMPORT,VERIFIED_CURRENT,ok_official,https://www.ai-fitness.de/studios/muenchen-neuried,https://www.ai-fitness.de/studios/muenchen-neuried,,,germany_phase1
de_131643dfe8,all inclusive Fitness,all inclusive Fitness DEIN FITNESS­STUDIO IN MÜNCHEN PASING,Kaflerstraße 12,81241,München,Germany,48.1499408,11.4590739,READY_TO_IMPORT,VERIFIED_CURRENT,ok_official,https://www.ai-fitness.de/studios/muenchen-pasing,https://www.ai-fitness.de/studios/muenchen-pasing,,,germany_phase1
de_9203d6b7d0,all inclusive Fitness,all inclusive Fitness DEIN FITNESS­STUDIO IN MÜNCHEN PERLACH,Thomas-Dehler-Straße 15,81737,München,Germany,48.09945,11.64581,READY_TO_IMPORT,VERIFIED_CURRENT,ok_official,https://www.ai-fitness.de/studios/muenchen-perlach,https://www.ai-fitness.de/studios/muenchen-perlach,,,germany_phase1
de_988bb4bcc4,all inclusive Fitness,all inclusive Fitness DEIN FITNESS­STUDIO IN MÜNCHEN SCHWABING,Leopoldstraße 208,80804,München,Germany,48.1755068,11.5855233,READY_TO_IMPORT,VERIFIED_CURRENT,ok_official,https://www.ai-fitness.de/studios/muenchen-schwabing,https://www.ai-fitness.de/studios/muenchen-schwabing,,,germany_phase1
de_bed3b6ef04,all inclusive Fitness,all inclusive Fitness DEIN FITNESS­STUDIO IN MÜNCHEN SENDLING,Kistlerhofstraße 70,81379,München,Germany,48.0957817,11.5238694,READY_TO_IMPORT,VERIFIED_CURRENT,ok_official,https://www.ai-fitness.de/studios/muenchen-sendling,https://www.ai-fitness.de/studios/muenchen-sendling,,,germany_phase1
de_c51321d45c,all inclusive Fitness,all inclusive Fitness DEIN FITNESS­STUDIO IN MÜNCHEN TRUDERING,Kreillerstraße 210,81825,München,Germany,48.1218561,11.6616576,READY_TO_IMPORT,VERIFIED_CURRENT,ok_official,https://www.ai-fitness.de/studios/muenchen-trudering,https://www.ai-fitness.de/studios/muenchen-trudering,,,germany_phase1
de_ee156c5785,all inclusive Fitness,all inclusive Fitness DEIN FITNESS­STUDIO IN MÜNCHEN UNTERHACHING,Biberger Straße 91,82008,München-Unterhaching,Germany,48.073293,11.620372,READY_TO_IMPORT,VERIFIED_CURRENT,ok_official,https://www.ai-fitness.de/studios/muenchen-unterhaching,https://www.ai-fitness.de/studios/muenchen-unterhaching,,,germany_phase1
de_b5286c56cb,all inclusive Fitness,all inclusive Fitness DEIN FITNESSSTUDIO IN MÜNSTER,Nevinghoff 16,48147,Münster,Germany,51.982458,7.6322952,READY_TO_IMPORT,VERIFIED_CURRENT,ok_official,https://www.ai-fitness.de/studios/muenster,https://www.ai-fitness.de/studios/muenster,,,germany_phase1
de_7f879fab54,all inclusive Fitness,all inclusive Fitness DEIN FITNESS­STUDIO IN NEUMARKT NEUERMARKT,Dammstraße 1,92318,Neumarkt,Germany,49.282805,11.45771,READY_TO_IMPORT,VERIFIED_CURRENT,ok_official,https://www.ai-fitness.de/studios/neumarkt,https://www.ai-fitness.de/studios/neumarkt,,,germany_phase1
de_442ec7ecd5,all inclusive Fitness,all inclusive Fitness DEIN FITNESS­STUDIO IN NEUMARKT SÜD,Dreichlinger Straße 47,92318,Neumarkt,Germany,49.2641104,11.4592174,READY_TO_IMPORT,VERIFIED_CURRENT,ok_official,https://www.ai-fitness.de/studios/neumarkt-sued,https://www.ai-fitness.de/studios/neumarkt-sued,,,germany_phase1
de_0a48eb6022,all inclusive Fitness,all inclusive Fitness DEIN FITNESS­STUDIO IN NEUSTADT,Marktstraße 25 - 26,31535,Neustadt am Rübenberge,Germany,52.5047082,9.4583445,READY_TO_IMPORT,VERIFIED_CURRENT,ok_official,https://www.ai-fitness.de/studios/neustadt-am-ruebenberge,https://www.ai-fitness.de/studios/neustadt-am-ruebenberge,,,germany_phase1
de_3d616b3ce4,all inclusive Fitness,all inclusive Fitness DEIN FITNESS­STUDIO IN NEUWIED,Danziger Straße 3,56564,Neuwied,Germany,50.4333,7.484517,READY_TO_IMPORT,VERIFIED_CURRENT,ok_official,https://www.ai-fitness.de/studios/neuwied,https://www.ai-fitness.de/studios/neuwied,,,germany_phase1
de_1c9770d08b,all inclusive Fitness,all inclusive Fitness DEIN FITNESS­STUDIO IN NÜRNBERG,Sulzbacher Straße 77 - 81,90489,Nürnberg,Germany,49.459366,11.098679,READY_TO_IMPORT,VERIFIED_CURRENT,ok_official,https://www.ai-fitness.de/studios/nuernberg,https://www.ai-fitness.de/studios/nuernberg,,,germany_phase1
de_7ac9bca19c,all inclusive Fitness,all inclusive Fitness DEIN FITNESS­STUDIO IN NÜRNBERG EBERHARDSHOF,Fürther Straße 212,90429,Nürnberg,Germany,49.4582813,11.0320078,READY_TO_IMPORT,VERIFIED_CURRENT,ok_official,https://www.ai-fitness.de/studios/nuernberg-eberhardshof,https://www.ai-fitness.de/studios/nuernberg-eberhardshof,,,germany_phase1
de_c00dec68f8,all inclusive Fitness,all inclusive Fitness DEIN FITNESS­STUDIO IN NÜRNBERG ZENTRUM,Königstorgraben 11,90402,Nürnberg,Germany,49.4483778,11.0828041,READY_TO_IMPORT,VERIFIED_CURRENT,ok_official,https://www.ai-fitness.de/studios/nuernberg-zentrum,https://www.ai-fitness.de/studios/nuernberg-zentrum,,,germany_phase1
de_1aa3adfb12,all inclusive Fitness,all inclusive Fitness DEIN FITNESS­STUDIO IN OBER­HAUSEN,Weierstraße 96,46149,Oberhausen,Germany,51.520295038513844,6.8320160285055485,READY_TO_IMPORT,VERIFIED_CURRENT,ok_official,https://www.ai-fitness.de/studios/oberhausen,https://www.ai-fitness.de/studios/oberhausen,,,germany_phase1
de_54c2421ca5,all inclusive Fitness,all inclusive Fitness DEIN FITNESS­STUDIO IN BREMEN OBERNEULAND,Rockwinkeler Heerstraße 14 1,28355,Oberneuland,Germany,53.0898978,8.935136,READY_TO_IMPORT,VERIFIED_CURRENT,ok_official,https://www.ai-fitness.de/studios/bremen-oberneuland,https://www.ai-fitness.de/studios/bremen-oberneuland,,,germany_phase1
de_a68f01f76a,all inclusive Fitness,all inclusive Fitness DEIN FITNESS­STUDIO IN OBERTSHAUSEN,Königsberger Straße 2,63179,Obertshausen,Germany,50.0750292,8.853779,READY_TO_IMPORT,VERIFIED_CURRENT,ok_official,https://www.ai-fitness.de/studios/obertshausen,https://www.ai-fitness.de/studios/obertshausen,,,germany_phase1
de_522878c83a,all inclusive Fitness,all inclusive Fitness DEIN FITNESSSTUDIO IN OLDENBURG,Bahnhofsplatz 10,26122,Oldenburg,Germany,53.1439203,8.2201386,READY_TO_IMPORT,VERIFIED_CURRENT,ok_official,https://www.ai-fitness.de/studios/oldenburg,https://www.ai-fitness.de/studios/oldenburg,,,germany_phase1
de_6c12a09745,all inclusive Fitness,all inclusive Fitness DEIN FITNESS­STUDIO IN OSNABRÜCK,Petersburger Wall 37,49074,Osnabrück,Germany,52.26784691037899,8.053929658837376,COMING_SOON,COMING_SOON,,https://www.ai-fitness.de/studios/osnabrueck,https://www.ai-fitness.de/studios/osnabrueck,,,germany_phase1
de_f6fdabfdfb,all inclusive Fitness,all inclusive Fitness DEIN FITNESS­STUDIO IN OYTEN,Wehlacker 4,28876,Oyten,Germany,53.0596541,9.0274672,READY_TO_IMPORT,VERIFIED_CURRENT,ok_official,https://www.ai-fitness.de/studios/oyten,https://www.ai-fitness.de/studios/oyten,,,germany_phase1
de_4cafc7634f,all inclusive Fitness,all inclusive Fitness DEIN FITNESS­STUDIO IN PADERBORN,An den Lothewiesen 7,33100,Paderborn,Germany,51.7341895,8.7743499,READY_TO_IMPORT,VERIFIED_CURRENT,ok_official,https://www.ai-fitness.de/studios/paderborn,https://www.ai-fitness.de/studios/paderborn,,,germany_phase1
de_192ec8e40a,all inclusive Fitness,all inclusive Fitness DEIN FITNESS­STUDIO IN PASSAU,Regensburger Straße 14,94036,Passau,Germany,48.573701,13.424912,READY_TO_IMPORT,VERIFIED_CURRENT,ok_official,https://www.ai-fitness.de/studios/passau,https://www.ai-fitness.de/studios/passau,,,germany_phase1
de_16a6a1e87a,all inclusive Fitness,all inclusive Fitness DEIN FITNESS­STUDIO IN PULHEIM,Am Westufer 7,50259,Pulheim,Germany,50.992644,6.816067,READY_TO_IMPORT,VERIFIED_CURRENT,ok_official,https://www.ai-fitness.de/studios/pulheim,https://www.ai-fitness.de/studios/pulheim,,,germany_phase1
de_dcd4f3ef14,all inclusive Fitness,all inclusive Fitness DEIN FITNESS­STUDIO IN RAVENSBURG,Pfannenstiel 16,88214,Ravensburg,Germany,47.7814049,9.6052204,READY_TO_IMPORT,VERIFIED_CURRENT,ok_official,https://www.ai-fitness.de/studios/ravensburg,https://www.ai-fitness.de/studios/ravensburg,,,germany_phase1
de_c160f9b53f,all inclusive Fitness,all inclusive Fitness DEIN FITNESS­STUDIO IN RECKLING­HAUSEN-CITY,Dortmunder Straße 20,45665,Recklinghausen,Germany,51.613251098426126,7.204603892283323,READY_TO_IMPORT,VERIFIED_CURRENT,ok_official,https://www.ai-fitness.de/studios/recklinghausen-city,https://www.ai-fitness.de/studios/recklinghausen-city,,,germany_phase1
de_d8613c5ace,all inclusive Fitness,all inclusive Fitness DEIN FITNESS­STUDIO IN RECKLING­HAUSEN-HOCHLAR­MARK,Richardstraße 76,45661,Recklinghausen,Germany,51.569763406281666,7.1959728192698,READY_TO_IMPORT,VERIFIED_CURRENT,ok_official,https://www.ai-fitness.de/studios/recklinghausen-hochlarmark,https://www.ai-fitness.de/studios/recklinghausen-hochlarmark,,,germany_phase1
de_2fae04be1d,all inclusive Fitness,all inclusive Fitness DEIN FITNESSSTUDIO IN REGENSBURG,Bajuwarenstraße 29,93053,Regensburg,Germany,48.993775,12.114066,READY_TO_IMPORT,VERIFIED_CURRENT,ok_official,https://www.ai-fitness.de/studios/regensburg,https://www.ai-fitness.de/studios/regensburg,,,germany_phase1
de_198beb6ed3,all inclusive Fitness,all inclusive Fitness DEIN FITNESS­STUDIO IN WEISKIRCHEN,Liebigstraße 4,63110,Rodgau / Weiskirchen,Germany,50.054084,8.8952237,READY_TO_IMPORT,VERIFIED_CURRENT,ok_official,https://www.ai-fitness.de/studios/weiskirchen,https://www.ai-fitness.de/studios/weiskirchen,,,germany_phase1
de_b9ab4fb94d,all inclusive Fitness,all inclusive Fitness DEIN FITNESSSTUDIO IN ROSENHEIM-CITY,Kufsteiner Straße 55,83022,Rosenheim,Germany,47.849099,12.12852,READY_TO_IMPORT,VERIFIED_CURRENT,ok_official,https://www.ai-fitness.de/studios/rosenheim-city,https://www.ai-fitness.de/studios/rosenheim-city,,,germany_phase1
de_f2f964a7a2,all inclusive Fitness,all inclusive Fitness DEIN FITNESS­STUDIO IN ROSENHEIM AICHERPARK,Georg-Aicher-Straße 12 - 16,83026,Rosenheim,Germany,47.8484579,12.0889731,READY_TO_IMPORT,VERIFIED_CURRENT,ok_official,https://www.ai-fitness.de/studios/rosenheim-aicherpark,https://www.ai-fitness.de/studios/rosenheim-aicherpark,,,germany_phase1
de_f921f6ce2c,all inclusive Fitness,all inclusive Fitness DEIN FITNESS­STUDIO IN SAARLOUIS,Metzer Straße 42,66740,Saarlouis,Germany,49.306019,6.740735,READY_TO_IMPORT,VERIFIED_CURRENT,ok_official,https://www.ai-fitness.de/studios/saarlouis,https://www.ai-fitness.de/studios/saarlouis,,,germany_phase1
de_f45d534b69,all inclusive Fitness,all inclusive Fitness DEIN FITNESS­STUDIO IN SCHWABACH,Am Falbenholzweg 15,91126,Schwabach,Germany,49.323366,11.054211,READY_TO_IMPORT,VERIFIED_CURRENT,ok_official,https://www.ai-fitness.de/studios/schwabach,https://www.ai-fitness.de/studios/schwabach,,,germany_phase1
de_c9a0c82461,all inclusive Fitness,all inclusive Fitness DEIN FITNESS­STUDIO IN SCHWEINFURT,Friedrich-Gauß-Straße 2,97424,Schweinfurt,Germany,50.0325035,10.2372089,COMING_SOON,COMING_SOON,,https://www.ai-fitness.de/studios/schweinfurt,https://www.ai-fitness.de/studios/schweinfurt,,,germany_phase1
de_9c66241f15,all inclusive Fitness,all inclusive Fitness DEIN FITNESS­STUDIO IN SIEGEN,Hauptmarkt 1 Siegerlandcenter,57076,Siegen,Germany,50.896645,8.0236924,READY_TO_IMPORT,VERIFIED_CURRENT,ok_official,https://www.ai-fitness.de/studios/siegen,https://www.ai-fitness.de/studios/siegen,,,germany_phase1
de_d949551894,all inclusive Fitness,all inclusive Fitness DEIN FITNESS­STUDIO IN SINDELFINGEN,Mercedesstraße 12,71063,Sindelfingen,Germany,48.70646,8.99983,READY_TO_IMPORT,VERIFIED_CURRENT,ok_official,https://www.ai-fitness.de/studios/sindelfingen,https://www.ai-fitness.de/studios/sindelfingen,,,germany_phase1
de_d906c7150c,all inclusive Fitness,all inclusive Fitness DEIN FITNESS­STUDIO IN SOEST,Werler Landstraße 2,59494,Soest,Germany,51.564820881327066,8.089044502080798,READY_TO_IMPORT,VERIFIED_CURRENT,ok_official,https://www.ai-fitness.de/studios/soest,https://www.ai-fitness.de/studios/soest,,,germany_phase1
de_36cf002d44,all inclusive Fitness,all inclusive Fitness DEIN FITNESS­STUDIO IN SPRINGE,Fünfhausenstraße 2,31832,Springe,Germany,52.2097183,9.5526463,READY_TO_IMPORT,VERIFIED_CURRENT,ok_official,https://www.ai-fitness.de/studios/springe,https://www.ai-fitness.de/studios/springe,,,germany_phase1
de_52999df6b8,all inclusive Fitness,all inclusive Fitness DEIN FITNESS­STUDIO IN STRAUBING,Oberer-Thor-Platz 3,94315,Straubing,Germany,48.879839,12.564616,READY_TO_IMPORT,VERIFIED_CURRENT,ok_official,https://www.ai-fitness.de/studios/straubing,https://www.ai-fitness.de/studios/straubing,,,germany_phase1
de_3685807f6b,all inclusive Fitness,all inclusive Fitness DEIN FITNESS­STUDIO IN STUTTGART DEGERLOCH,Julius-Hölder-Straße 8,70597,Stuttgart,Germany,48.7393588,9.1662803,READY_TO_IMPORT,VERIFIED_CURRENT,ok_official,https://www.ai-fitness.de/studios/stuttgart-degerloch,https://www.ai-fitness.de/studios/stuttgart-degerloch,,,germany_phase1
de_0d068c60f1,all inclusive Fitness,all inclusive Fitness DEIN FITNESS­STUDIO IN TÖNISVORST,Maysweg 10,47918,Tönisvorst,Germany,51.3190272,6.5064521,READY_TO_IMPORT,VERIFIED_CURRENT,ok_official,https://www.ai-fitness.de/studios/toenisvorst,https://www.ai-fitness.de/studios/toenisvorst,,,germany_phase1
de_63423ebc7c,all inclusive Fitness,all inclusive Fitness DEIN FITNESS­STUDIO IN UNNA,Hertinger Straße 17,59423,Unna,Germany,51.5335178,7.6857149,READY_TO_IMPORT,VERIFIED_CURRENT,ok_official,https://www.ai-fitness.de/studios/unna,https://www.ai-fitness.de/studios/unna,,,germany_phase1
de_9af3d002a7,all inclusive Fitness,all inclusive Fitness DEIN FITNESS­STUDIO IN VERDEN,Brunnenweg 1,27283,Verden (Aller),Germany,52.9246853,9.2366058,READY_TO_IMPORT,VERIFIED_CURRENT,ok_official,https://www.ai-fitness.de/studios/verden,https://www.ai-fitness.de/studios/verden,,,germany_phase1
de_bc191a54e0,all inclusive Fitness,all inclusive Fitness DEIN FITNESS­STUDIO IN VÖLKLINGEN,Saarwiesenstraße 5 a,66333,Völklingen,Germany,49.2464268,6.8678189,READY_TO_IMPORT,VERIFIED_CURRENT,ok_official,https://www.ai-fitness.de/studios/voelklingen,https://www.ai-fitness.de/studios/voelklingen,,,germany_phase1
de_0a0f179683,all inclusive Fitness,all inclusive Fitness DEIN FITNESS­STUDIO IN WEIDEN,Neustädter Straße 49,92637,Weiden,Germany,49.695722,12.159433,READY_TO_IMPORT,VERIFIED_CURRENT,ok_official,https://www.ai-fitness.de/studios/weiden,https://www.ai-fitness.de/studios/weiden,,,germany_phase1
de_26f69767c5,all inclusive Fitness,all inclusive Fitness DEIN FITNESS­STUDIO IN WEINHEIM,Werderstraße 2,69469,Weinheim,Germany,49.5543456,8.6685602,READY_TO_IMPORT,VERIFIED_CURRENT,ok_official,https://www.ai-fitness.de/studios/weinheim,https://www.ai-fitness.de/studios/weinheim,,,germany_phase1
de_88c7dcfe07,all inclusive Fitness,all inclusive Fitness DEIN FITNESS­STUDIO IN WERNE,Fürstenhof 72,59368,Werne,Germany,51.6764423,7.6333824,READY_TO_IMPORT,VERIFIED_CURRENT,ok_official,https://www.ai-fitness.de/studios/werne,https://www.ai-fitness.de/studios/werne,,,germany_phase1
de_4776127ab5,all inclusive Fitness,all inclusive Fitness DEIN FITNESS­STUDIO IN WESEL,Am Blaufuß 24,46485,Wesel,Germany,51.66929748017336,6.626062572438223,COMING_SOON,COMING_SOON,,https://www.ai-fitness.de/studios/wesel,https://www.ai-fitness.de/studios/wesel,,,germany_phase1
de_f28aafe898,all inclusive Fitness,all inclusive Fitness DEIN FITNESS­STUDIO IN WESEL INDUSTRIEGEBIET,Werner-von-Siemens-Straße 7,46485,Wesel,Germany,51.6685333,6.6284113,READY_TO_IMPORT,VERIFIED_CURRENT,ok_official,https://www.ai-fitness.de/studios/wesel-industriegebiet,https://www.ai-fitness.de/studios/wesel-industriegebiet,,,germany_phase1
de_69543e9d06,all inclusive Fitness,all inclusive Fitness DEIN FITNESSSTUDIO IN WIESBADEN,Hagenauer Straße 40d,65203,Wiesbaden,Germany,50.0482292,8.214525,READY_TO_IMPORT,VERIFIED_CURRENT,ok_official,https://www.ai-fitness.de/studios/wiesbaden,https://www.ai-fitness.de/studios/wiesbaden,,,germany_phase1
de_c930bcbe9b,all inclusive Fitness,all inclusive Fitness DEIN FITNESS­STUDIO IN WUPPERTAL BARMEN,Alter Markt 7 - 9,42275,Wuppertal,Germany,51.270733915409025,7.19642179447816,READY_TO_IMPORT,VERIFIED_CURRENT,ok_official,https://www.ai-fitness.de/studios/wuppertal,https://www.ai-fitness.de/studios/wuppertal,,,germany_phase1
de_baecfb97cb,all inclusive Fitness,all inclusive Fitness DEIN FITNESS­STUDIO IN WUPPERTAL ELBERFELD GATHE,Gathe 76,42107,Wuppertal,Germany,51.26097523943862,7.147413328902747,READY_TO_IMPORT,VERIFIED_CURRENT,ok_official,https://www.ai-fitness.de/studios/elberfeld,https://www.ai-fitness.de/studios/elberfeld,,,germany_phase1
de_229a1074df,all inclusive Fitness,all inclusive Fitness DEIN FITNESS­STUDIO IN WUPPERTAL ELBERFELD NEUMARKT,Neumarkt 1,42103,Wuppertal Neumarkt,Germany,51.25883,7.147338,READY_TO_IMPORT,VERIFIED_CURRENT,ok_official,https://www.ai-fitness.de/studios/wuppertal-neumarkt,https://www.ai-fitness.de/studios/wuppertal-neumarkt,,,germany_phase1
de_4f91077cfa,all inclusive Fitness,all inclusive Fitness DEIN FITNESS­STUDIO IN WÜRZBURG,Rottendorfer Straße 67,97074,Würzburg,Germany,49.790526,9.967356,READY_TO_IMPORT,VERIFIED_CURRENT,ok_official,https://www.ai-fitness.de/studios/wuerzburg,https://www.ai-fitness.de/studios/wuerzburg,,,germany_phase1
de_328fe9ed06,Basic-Fit,Basic-Fit Navigation,Konrad-Adenauer-Allee 5a,52477,Alsdorf,Germany,50.871436,6.155352,READY_TO_IMPORT,VERIFIED_CURRENT,,https://www.basic-fit.com/de-de/clubs/basic-fit-alsdorf-konrad-adenauer-allee-24-7-54b5d631c4084973ac602c1790f1a9d6.html,https://www.basic-fit.com/de-de/clubs/basic-fit-alsdorf-konrad-adenauer-allee-24-7-54b5d631c4084973ac602c1790f1a9d6.html,,phase3_basic_fit; slug=basic-fit-alsdorf-konrad-adenauer-allee-24-7-54b5d631c4084973ac602c1790f1a9d6,germany_phase3
de_2b11b1259d,Basic-Fit,Basic-Fit Navigation,Schwabenheimer Weg 103,55543,Bad Kreuznach,Germany,49.84751800295937,7.879952375412498,READY_TO_IMPORT,VERIFIED_CURRENT,,https://www.basic-fit.com/de-de/clubs/basic-fit-bad-kreuznach-schwabenheimer-weg-24-7-220b9a5c32b14d01b073d59a5ca0c96f.html,https://www.basic-fit.com/de-de/clubs/basic-fit-bad-kreuznach-schwabenheimer-weg-24-7-220b9a5c32b14d01b073d59a5ca0c96f.html,,phase3_basic_fit; slug=basic-fit-bad-kreuznach-schwabenheimer-weg-24-7-220b9a5c32b14d01b073d59a5ca0c96f,germany_phase3
de_a90fbf25fb,Basic-Fit,Basic-Fit Navigation,Gerichtstr. 50-51,13347,Berlin,Germany,52.544912952542056,13.368283516491514,READY_TO_IMPORT,VERIFIED_CURRENT,,https://www.basic-fit.com/de-de/clubs/basic-fit-berlin-gerichtstr.-50-51-24-7-a82b673927254756bd1d3a412a483d47.html,https://www.basic-fit.com/de-de/clubs/basic-fit-berlin-gerichtstr.-50-51-24-7-a82b673927254756bd1d3a412a483d47.html,,phase3_basic_fit; slug=basic-fit-berlin-gerichtstr.-50-51-24-7-a82b673927254756bd1d3a412a483d47,germany_phase3
de_fff22913cb,Basic-Fit,Basic-Fit Navigation,Oranienburger Str. 110,13437,Berlin,Germany,52.601146432488385,13.330817379532432,READY_TO_IMPORT,VERIFIED_CURRENT,,https://www.basic-fit.com/de-de/clubs/basic-fit-berlin-oranienburger-str.-24-7-edfa467c2d5f4c289f0c13ef6383a76c.html,https://www.basic-fit.com/de-de/clubs/basic-fit-berlin-oranienburger-str.-24-7-edfa467c2d5f4c289f0c13ef6383a76c.html,,phase3_basic_fit; slug=basic-fit-berlin-oranienburger-str.-24-7-edfa467c2d5f4c289f0c13ef6383a76c,germany_phase3
de_9626317892,Basic-Fit,Basic-Fit Navigation,Streitstraße 6-15,13587,Berlin,Germany,52.55574151830256,13.20786310566055,READY_TO_IMPORT,VERIFIED_CURRENT,,https://www.basic-fit.com/de-de/clubs/basic-fit-berlin-streitstra%C3%9Fe-6-15-ddc56bed0f354fc0937e5f28f8bc395f.html,https://www.basic-fit.com/de-de/clubs/basic-fit-berlin-streitstra%C3%9Fe-6-15-ddc56bed0f354fc0937e5f28f8bc395f.html,,phase3_basic_fit; slug=basic-fit-berlin-streitstra%C3%9Fe-6-15-ddc56bed0f354fc0937e5f28f8bc395f,germany_phase3
de_0d24feb84a,Basic-Fit,Basic-Fit Navigation,Südring 40,33647,Bielefeld,Germany,51.9803,8.503564,READY_TO_IMPORT,VERIFIED_CURRENT,,https://www.basic-fit.com/de-de/clubs/basic-fit-bielefeld-sudring-24-7-c8029f17cfec48c8bb9f0950006bc96a.html,https://www.basic-fit.com/de-de/clubs/basic-fit-bielefeld-sudring-24-7-c8029f17cfec48c8bb9f0950006bc96a.html,,phase3_basic_fit; slug=basic-fit-bielefeld-sudring-24-7-c8029f17cfec48c8bb9f0950006bc96a,germany_phase3
de_7500b4f6c8,Basic-Fit,Basic-Fit Navigation,Deimkestr. 7,44879,Bochum,Germany,51.429668,7.173598,READY_TO_IMPORT,VERIFIED_CURRENT,,https://www.basic-fit.com/de-de/clubs/basic-fit-bochum-deimkestr.-24-7-a3f52b32935c46c8847b7d07f7c2eb1a.html,https://www.basic-fit.com/de-de/clubs/basic-fit-bochum-deimkestr.-24-7-a3f52b32935c46c8847b7d07f7c2eb1a.html,,phase3_basic_fit; slug=basic-fit-bochum-deimkestr.-24-7-a3f52b32935c46c8847b7d07f7c2eb1a,germany_phase3
de_88fe0cb696,Basic-Fit,Basic-Fit Navigation,Clara-Jaschke-Straße 6,28199,Bremen,Germany,53.070463323706434,8.778182933547434,READY_TO_IMPORT,VERIFIED_CURRENT,,https://www.basic-fit.com/de-de/clubs/basic-fit-bremen-clara-jaschke-stra%C3%9Fe-6-24-7-45de31d3242d49fe819715dcaac38170.html,https://www.basic-fit.com/de-de/clubs/basic-fit-bremen-clara-jaschke-stra%C3%9Fe-6-24-7-45de31d3242d49fe819715dcaac38170.html,,phase3_basic_fit; slug=basic-fit-bremen-clara-jaschke-stra%C3%9Fe-6-24-7-45de31d3242d49fe819715dcaac381,germany_phase3
de_e87b4852ba,Basic-Fit,Basic-Fit Navigation,Stresemannstr. 31-33,28207,Bremen,Germany,53.069526,8.867674,READY_TO_IMPORT,VERIFIED_CURRENT,,https://www.basic-fit.com/de-de/clubs/basic-fit-bremen-stresemannstr.-31-33-c693b5d035344903b0c2ef231afe8074.html,https://www.basic-fit.com/de-de/clubs/basic-fit-bremen-stresemannstr.-31-33-c693b5d035344903b0c2ef231afe8074.html,,phase3_basic_fit; slug=basic-fit-bremen-stresemannstr.-31-33-c693b5d035344903b0c2ef231afe8074,germany_phase3
de_80bcdcc25b,Basic-Fit,Basic-Fit Navigation,Halterner Straße 65,46284,Dorsten,Germany,51.670523,6.977701,READY_TO_IMPORT,VERIFIED_CURRENT,,https://www.basic-fit.com/de-de/clubs/basic-fit-dorsten-halterner-stra%C3%9Fe-65-11dc601553f4490197350d66dc6bf625.html,https://www.basic-fit.com/de-de/clubs/basic-fit-dorsten-halterner-stra%C3%9Fe-65-11dc601553f4490197350d66dc6bf625.html,,phase3_basic_fit; slug=basic-fit-dorsten-halterner-stra%C3%9Fe-65-11dc601553f4490197350d66dc6bf625,germany_phase3
de_d956cf9b2d,Basic-Fit,Basic-Fit Navigation,Schleefstraße 15,44287,Dortmund,Germany,51.50517,7.56787,READY_TO_IMPORT,VERIFIED_CURRENT,,https://www.basic-fit.com/de-de/clubs/basic-fit-dortmund-schleefstra%C3%9Fe-24-7-2da0380bb1ce4116987bf5d937298c69.html,https://www.basic-fit.com/de-de/clubs/basic-fit-dortmund-schleefstra%C3%9Fe-24-7-2da0380bb1ce4116987bf5d937298c69.html,,phase3_basic_fit; slug=basic-fit-dortmund-schleefstra%C3%9Fe-24-7-2da0380bb1ce4116987bf5d937298c69,germany_phase3
de_70dee5c863,Basic-Fit,Basic-Fit Navigation,Abdenastr. 15,26721,Emden,Germany,53.36856851046089,7.198143859573148,READY_TO_IMPORT,VERIFIED_CURRENT,,https://www.basic-fit.com/de-de/clubs/basic-fit-emden-abdenastr.-24-7-02627ebda5f14079bc3ceefacfade3fa.html,https://www.basic-fit.com/de-de/clubs/basic-fit-emden-abdenastr.-24-7-02627ebda5f14079bc3ceefacfade3fa.html,,phase3_basic_fit; slug=basic-fit-emden-abdenastr.-24-7-02627ebda5f14079bc3ceefacfade3fa,germany_phase3
de_e899822cc3,Basic-Fit,Basic-Fit Navigation,Hirschlachufer 7,99084,Erfurt,Germany,50.974134,11.032969,READY_TO_IMPORT,VERIFIED_CURRENT,,https://www.basic-fit.com/de-de/clubs/basic-fit-erfurt-hirschlachufer-e81a256050f049579c9f3e8ce60efaa0.html,https://www.basic-fit.com/de-de/clubs/basic-fit-erfurt-hirschlachufer-e81a256050f049579c9f3e8ce60efaa0.html,,phase3_basic_fit; slug=basic-fit-erfurt-hirschlachufer-e81a256050f049579c9f3e8ce60efaa0,germany_phase3
de_5c3ab326de,Basic-Fit,Basic-Fit Navigation,Krefelder Straße 2,41812,Erkelenz,Germany,51.077824,6.308812,READY_TO_IMPORT,VERIFIED_CURRENT,,https://www.basic-fit.com/de-de/clubs/basic-fit-erkelenz-krefelder-stra%C3%9Fe-24-7-37dea7eb905f40b8837c54e608985d45.html,https://www.basic-fit.com/de-de/clubs/basic-fit-erkelenz-krefelder-stra%C3%9Fe-24-7-37dea7eb905f40b8837c54e608985d45.html,,phase3_basic_fit; slug=basic-fit-erkelenz-krefelder-stra%C3%9Fe-24-7-37dea7eb905f40b8837c54e608985d45,germany_phase3
de_1a7adfb563,Basic-Fit,Basic-Fit Navigation,Frohnhauser Straße 71,45143,Essen,Germany,51.454797,6.997312,READY_TO_IMPORT,VERIFIED_CURRENT,,https://www.basic-fit.com/de-de/clubs/basic-fit-essen-frohnhauser-stra%C3%9Fe-71-98ef5207f59b4e10b2d51c8081ac6489.html,https://www.basic-fit.com/de-de/clubs/basic-fit-essen-frohnhauser-stra%C3%9Fe-71-98ef5207f59b4e10b2d51c8081ac6489.html,,phase3_basic_fit; slug=basic-fit-essen-frohnhauser-stra%C3%9Fe-71-98ef5207f59b4e10b2d51c8081ac6489,germany_phase3
de_b08ea58787,Basic-Fit,Basic-Fit Navigation,Limbecker Straße 25,45127,Essen,Germany,51.457166,7.010494,READY_TO_IMPORT,VERIFIED_CURRENT,,https://www.basic-fit.com/de-de/clubs/basic-fit-essen-limbecker-stra%C3%9Fe-25-35ba537b96e040ebbc10b724fa5ba2d8.html,https://www.basic-fit.com/de-de/clubs/basic-fit-essen-limbecker-stra%C3%9Fe-25-35ba537b96e040ebbc10b724fa5ba2d8.html,,phase3_basic_fit; slug=basic-fit-essen-limbecker-stra%C3%9Fe-25-35ba537b96e040ebbc10b724fa5ba2d8,germany_phase3
de_940ab93460,Basic-Fit,Basic-Fit Navigation,Mierendorffweg 1,45279,Essen,Germany,51.434628,7.110364,READY_TO_IMPORT,VERIFIED_CURRENT,,https://www.basic-fit.com/de-de/clubs/basic-fit-essen-mierendorffweg-24-7-a666e84e51bd448394af052de1e202c4.html,https://www.basic-fit.com/de-de/clubs/basic-fit-essen-mierendorffweg-24-7-a666e84e51bd448394af052de1e202c4.html,,phase3_basic_fit; slug=basic-fit-essen-mierendorffweg-24-7-a666e84e51bd448394af052de1e202c4,germany_phase3
de_7d545e3407,Basic-Fit,Basic-Fit Navigation,Willy-Brandt-Platz 7,45127,Essen,Germany,51.45267,7.0131250000000005,READY_TO_IMPORT,VERIFIED_CURRENT,,https://www.basic-fit.com/de-de/clubs/basic-fit-essen-willy-brandt-platz-ae653d62e6944f30a8f18958bf7a91fd.html,https://www.basic-fit.com/de-de/clubs/basic-fit-essen-willy-brandt-platz-ae653d62e6944f30a8f18958bf7a91fd.html,,phase3_basic_fit; slug=basic-fit-essen-willy-brandt-platz-ae653d62e6944f30a8f18958bf7a91fd,germany_phase3
de_98d35af602,Basic-Fit,Basic-Fit Navigation,Europa-Allee 48,60327,Frankfurt am Main,Germany,50.10902,8.645479,READY_TO_IMPORT,VERIFIED_CURRENT,,https://www.basic-fit.com/de-de/clubs/basic-fit-frankfurt-am-main-europa-allee-24-7-39b6b3c860d9497b993ed669ea0e3c50.html,https://www.basic-fit.com/de-de/clubs/basic-fit-frankfurt-am-main-europa-allee-24-7-39b6b3c860d9497b993ed669ea0e3c50.html,,phase3_basic_fit; slug=basic-fit-frankfurt-am-main-europa-allee-24-7-39b6b3c860d9497b993ed669ea0e3c50,germany_phase3
de_875c059db5,Basic-Fit,Basic-Fit Navigation,Grüneburgweg 58,60322,Frankfurt am Main,Germany,50.12123876037652,8.671713933600335,READY_TO_IMPORT,VERIFIED_CURRENT,,https://www.basic-fit.com/de-de/clubs/basic-fit-frankfurt-am-main-gruneburgweg-58-7c7d601762f740579d13470fce7155f9.html,https://www.basic-fit.com/de-de/clubs/basic-fit-frankfurt-am-main-gruneburgweg-58-7c7d601762f740579d13470fce7155f9.html,,phase3_basic_fit; slug=basic-fit-frankfurt-am-main-gruneburgweg-58-7c7d601762f740579d13470fce7155f9,germany_phase3
de_d335aeffdd,Basic-Fit,Basic-Fit Navigation,Dr.-Tusch-Str. 1-3,50226,Frechen,Germany,50.90855,6.80688,READY_TO_IMPORT,VERIFIED_CURRENT,,https://www.basic-fit.com/de-de/clubs/basic-fit-frechen-dr.-tusch-str.-1-3-a565f0bdfdf8491c9a192864d7bce8f9.html,https://www.basic-fit.com/de-de/clubs/basic-fit-frechen-dr.-tusch-str.-1-3-a565f0bdfdf8491c9a192864d7bce8f9.html,,phase3_basic_fit; slug=basic-fit-frechen-dr.-tusch-str.-1-3-a565f0bdfdf8491c9a192864d7bce8f9,germany_phase3
de_5df682d2a7,Basic-Fit,Basic-Fit Navigation,Zita-Kaiser-Str. 7,79106,Freiburg im Breisgau,Germany,48.01418,7.849769,READY_TO_IMPORT,VERIFIED_CURRENT,,https://www.basic-fit.com/de-de/clubs/basic-fit-freiburg-im-breisgau-zita-kaiser-str.-7-4fbbe24bbce44b86af83a59415bd1917.html,https://www.basic-fit.com/de-de/clubs/basic-fit-freiburg-im-breisgau-zita-kaiser-str.-7-4fbbe24bbce44b86af83a59415bd1917.html,,phase3_basic_fit; slug=basic-fit-freiburg-im-breisgau-zita-kaiser-str.-7-4fbbe24bbce44b86af83a59415bd19,germany_phase3
de_dc61a2c23e,Basic-Fit,Basic-Fit Navigation,Bochumer Str. 1,45879,Gelsenkirchen,Germany,51.504281,7.103125,READY_TO_IMPORT,VERIFIED_CURRENT,,https://www.basic-fit.com/de-de/clubs/basic-fit-gelsenkirchen-bochumer-str.-24-7-73160a9c3afb4067a21c294db4a1dcbc.html,https://www.basic-fit.com/de-de/clubs/basic-fit-gelsenkirchen-bochumer-str.-24-7-73160a9c3afb4067a21c294db4a1dcbc.html,,phase3_basic_fit; slug=basic-fit-gelsenkirchen-bochumer-str.-24-7-73160a9c3afb4067a21c294db4a1dcbc,germany_phase3
de_bed1db54e0,Basic-Fit,Basic-Fit Navigation,Schulstr. 4,48599,Gronau,Germany,52.211006,7.024394,READY_TO_IMPORT,VERIFIED_CURRENT,,https://www.basic-fit.com/de-de/clubs/basic-fit-gronau-schulstr.-4-24-7-1179fcdf58824a7aaba30964b14358d5.html,https://www.basic-fit.com/de-de/clubs/basic-fit-gronau-schulstr.-4-24-7-1179fcdf58824a7aaba30964b14358d5.html,,phase3_basic_fit; slug=basic-fit-gronau-schulstr.-4-24-7-1179fcdf58824a7aaba30964b14358d5,germany_phase3
de_b171cc05b7,Basic-Fit,Basic-Fit Navigation,Friedrich-Ebert-Platz 3,58095,Hagen,Germany,51.358636,7.474446,READY_TO_IMPORT,VERIFIED_CURRENT,,https://www.basic-fit.com/de-de/clubs/basic-fit-hagen-friedrich-ebert-platz-1d00d593bd0f4968bbed807e1a497b9f.html,https://www.basic-fit.com/de-de/clubs/basic-fit-hagen-friedrich-ebert-platz-1d00d593bd0f4968bbed807e1a497b9f.html,,phase3_basic_fit; slug=basic-fit-hagen-friedrich-ebert-platz-1d00d593bd0f4968bbed807e1a497b9f,germany_phase3
de_d6290c69b7,Basic-Fit,Basic-Fit Navigation,Fuhlsbüttler Str. 144,22305,Hamburg,Germany,53.591159,10.044831,READY_TO_IMPORT,VERIFIED_CURRENT,,https://www.basic-fit.com/de-de/clubs/basic-fit-hamburg-fuhlsbuttler-str.-144-24-7-a0501c94bf544fbc9cdef666ebfe075c.html,https://www.basic-fit.com/de-de/clubs/basic-fit-hamburg-fuhlsbuttler-str.-144-24-7-a0501c94bf544fbc9cdef666ebfe075c.html,,phase3_basic_fit; slug=basic-fit-hamburg-fuhlsbuttler-str.-144-24-7-a0501c94bf544fbc9cdef666ebfe075c,germany_phase3
de_31b33d56f7,Basic-Fit,Basic-Fit Navigation,Heessenerstr. 35,59065,Hamm,Germany,51.691905,7.814033,READY_TO_IMPORT,VERIFIED_CURRENT,,https://www.basic-fit.com/de-de/clubs/basic-fit-hamm-heessenerstr.-35-24-7-ec899e1d105e4780a98065b98f978161.html,https://www.basic-fit.com/de-de/clubs/basic-fit-hamm-heessenerstr.-35-24-7-ec899e1d105e4780a98065b98f978161.html,,phase3_basic_fit; slug=basic-fit-hamm-heessenerstr.-35-24-7-ec899e1d105e4780a98065b98f978161,germany_phase3
de_1ea7f7a5bf,Basic-Fit,Basic-Fit Navigation,Hauptstraße 9-13,69117,Heidelberg,Germany,49.41006,8.694311,READY_TO_IMPORT,VERIFIED_CURRENT,,https://www.basic-fit.com/de-de/clubs/basic-fit-heidelberg-hauptstra%C3%9Fe-9-13-0149abeeaf164617bc3d6450b8b3df20.html,https://www.basic-fit.com/de-de/clubs/basic-fit-heidelberg-hauptstra%C3%9Fe-9-13-0149abeeaf164617bc3d6450b8b3df20.html,,phase3_basic_fit; slug=basic-fit-heidelberg-hauptstra%C3%9Fe-9-13-0149abeeaf164617bc3d6450b8b3df20,germany_phase3
de_f701e1d146,Basic-Fit,Basic-Fit Navigation,Bahnhofstr. 25-29,44623,Herne,Germany,51.539,7.223995,READY_TO_IMPORT,VERIFIED_CURRENT,,https://www.basic-fit.com/de-de/clubs/basic-fit-herne-bahnhofstr.-24-7-cd5d9ce1fcc642029e57f26c01d73073.html,https://www.basic-fit.com/de-de/clubs/basic-fit-herne-bahnhofstr.-24-7-cd5d9ce1fcc642029e57f26c01d73073.html,,phase3_basic_fit; slug=basic-fit-herne-bahnhofstr.-24-7-cd5d9ce1fcc642029e57f26c01d73073,germany_phase3
de_3ca1ee7cb5,Basic-Fit,Basic-Fit Navigation,Mainzer Str. 75,67657,Kaiserslautern,Germany,49.452124,7.786121,READY_TO_IMPORT,VERIFIED_CURRENT,,https://www.basic-fit.com/de-de/clubs/basic-fit-kaiserslautern-mainzer-str.-75-24-7-0964e39bcdc3415cbd52ae0839e0aa9c.html,https://www.basic-fit.com/de-de/clubs/basic-fit-kaiserslautern-mainzer-str.-75-24-7-0964e39bcdc3415cbd52ae0839e0aa9c.html,,phase3_basic_fit; slug=basic-fit-kaiserslautern-mainzer-str.-75-24-7-0964e39bcdc3415cbd52ae0839e0aa9c,germany_phase3
de_082c2de22c,Basic-Fit,Basic-Fit Navigation,Schloßstr. 18,56068,Koblenz,Germany,50.3566666,7.5961555,READY_TO_IMPORT,VERIFIED_CURRENT,,https://www.basic-fit.com/de-de/clubs/basic-fit-koblenz-schlo%C3%9Fstr.-24-7-515ea4b60629489d9e5096f4fa20ee60.html,https://www.basic-fit.com/de-de/clubs/basic-fit-koblenz-schlo%C3%9Fstr.-24-7-515ea4b60629489d9e5096f4fa20ee60.html,,phase3_basic_fit; slug=basic-fit-koblenz-schlo%C3%9Fstr.-24-7-515ea4b60629489d9e5096f4fa20ee60,germany_phase3
de_519b7fd0c8,Basic-Fit,Basic-Fit Navigation,Peter-Huppertz-Str. 11,51063,Köln,Germany,50.971016,7.012781,READY_TO_IMPORT,VERIFIED_CURRENT,,https://www.basic-fit.com/de-de/clubs/basic-fit-k%C3%B6ln-peter-huppertz-str.-24-7-2d0e9b53b53146ba8b37f82e64f58b05.html,https://www.basic-fit.com/de-de/clubs/basic-fit-k%C3%B6ln-peter-huppertz-str.-24-7-2d0e9b53b53146ba8b37f82e64f58b05.html,,phase3_basic_fit; slug=basic-fit-k%C3%B6ln-peter-huppertz-str.-24-7-2d0e9b53b53146ba8b37f82e64f58b05,germany_phase3
de_3b11a4bd04,Basic-Fit,Basic-Fit Navigation,Spichernstr. 8,50672,Köln,Germany,50.942682,6.936341,READY_TO_IMPORT,VERIFIED_CURRENT,,https://www.basic-fit.com/de-de/clubs/basic-fit-k%C3%B6ln-spichernstr.-8-2c18e6a54b894bda95fc792d1279e600.html,https://www.basic-fit.com/de-de/clubs/basic-fit-k%C3%B6ln-spichernstr.-8-2c18e6a54b894bda95fc792d1279e600.html,,phase3_basic_fit; slug=basic-fit-k%C3%B6ln-spichernstr.-8-2c18e6a54b894bda95fc792d1279e600,germany_phase3
de_177c76b1b0,Basic-Fit,Basic-Fit Navigation,Marktstraße 6,30880,Laatzen,Germany,52.3093,9.8122,READY_TO_IMPORT,VERIFIED_CURRENT,,https://www.basic-fit.com/de-de/clubs/basic-fit-laatzen-marktstra%C3%9Fe-24-7-863b6b323e764058863f677d449d8092.html,https://www.basic-fit.com/de-de/clubs/basic-fit-laatzen-marktstra%C3%9Fe-24-7-863b6b323e764058863f677d449d8092.html,,phase3_basic_fit; slug=basic-fit-laatzen-marktstra%C3%9Fe-24-7-863b6b323e764058863f677d449d8092,germany_phase3
de_c12978b22f,Basic-Fit,Basic-Fit Navigation,Erwitter Str. 113,59557,Lippstadt,Germany,51.65748,8.344029,READY_TO_IMPORT,VERIFIED_CURRENT,,https://www.basic-fit.com/de-de/clubs/basic-fit-lippstadt-erwitter-str.-24-7-7b63fd3dfd0641caadaa5e7c3618f8cf.html,https://www.basic-fit.com/de-de/clubs/basic-fit-lippstadt-erwitter-str.-24-7-7b63fd3dfd0641caadaa5e7c3618f8cf.html,,phase3_basic_fit; slug=basic-fit-lippstadt-erwitter-str.-24-7-7b63fd3dfd0641caadaa5e7c3618f8cf,germany_phase3
de_fe0240d669,Basic-Fit,Basic-Fit Navigation,Bromberger Straße 1,58511,Lüdenscheid,Germany,51.2163,7.6502,READY_TO_IMPORT,VERIFIED_CURRENT,,https://www.basic-fit.com/de-de/clubs/basic-fit-ludenscheid-bromberger-stra%C3%9Fe-cbfb5cb0ed4944d6879a0eb1aaf3ee06.html,https://www.basic-fit.com/de-de/clubs/basic-fit-ludenscheid-bromberger-stra%C3%9Fe-cbfb5cb0ed4944d6879a0eb1aaf3ee06.html,,phase3_basic_fit; slug=basic-fit-ludenscheid-bromberger-stra%C3%9Fe-cbfb5cb0ed4944d6879a0eb1aaf3ee06,germany_phase3
de_ca3565d53f,Basic-Fit,Basic-Fit Navigation,Rathausplatz 4,58507,Lüdenscheid,Germany,51.217706,7.629389,READY_TO_IMPORT,VERIFIED_CURRENT,,https://www.basic-fit.com/de-de/clubs/basic-fit-ludenscheid-rathausplatz-24-7-bc1f48ef3ac94cd5957c3fbe3e6a2a1a.html,https://www.basic-fit.com/de-de/clubs/basic-fit-ludenscheid-rathausplatz-24-7-bc1f48ef3ac94cd5957c3fbe3e6a2a1a.html,,phase3_basic_fit; slug=basic-fit-ludenscheid-rathausplatz-24-7-bc1f48ef3ac94cd5957c3fbe3e6a2a1a,germany_phase3
de_de1bb48349,Basic-Fit,Basic-Fit Navigation,Aktienstr. 338,45473,Mülheim an der Ruhr,Germany,51.448273,6.912942,READY_TO_IMPORT,VERIFIED_CURRENT,,https://www.basic-fit.com/de-de/clubs/basic-fit-mulheim-an-der-ruhr-aktienstr.-338-b5d88cd688044861b6cd075cce94319a.html,https://www.basic-fit.com/de-de/clubs/basic-fit-mulheim-an-der-ruhr-aktienstr.-338-b5d88cd688044861b6cd075cce94319a.html,,phase3_basic_fit; slug=basic-fit-mulheim-an-der-ruhr-aktienstr.-338-b5d88cd688044861b6cd075cce94319a,germany_phase3
de_46c4ac4565,Basic-Fit,Basic-Fit Navigation,Marsstraße. 20,80686,München,Germany,48.1435405,11.5580363,READY_TO_IMPORT,VERIFIED_CURRENT,,https://www.basic-fit.com/de-de/clubs/basic-fit-munchen-marsstra%C3%9Fe.-20-41a2b596c037459aade23297d9192a02.html,https://www.basic-fit.com/de-de/clubs/basic-fit-munchen-marsstra%C3%9Fe.-20-41a2b596c037459aade23297d9192a02.html,,phase3_basic_fit; slug=basic-fit-munchen-marsstra%C3%9Fe.-20-41a2b596c037459aade23297d9192a02,germany_phase3
de_9a1a54b67d,Basic-Fit,Basic-Fit Navigation,Moosacher Str. 67,80809,München,Germany,48.185456,11.554101,READY_TO_IMPORT,VERIFIED_CURRENT,,https://www.basic-fit.com/de-de/clubs/basic-fit-munchen-moosacher-str.-67-6f943efae15048ed9213a408e6742e13.html,https://www.basic-fit.com/de-de/clubs/basic-fit-munchen-moosacher-str.-67-6f943efae15048ed9213a408e6742e13.html,,phase3_basic_fit; slug=basic-fit-munchen-moosacher-str.-67-6f943efae15048ed9213a408e6742e13,germany_phase3
de_d869f9ef69,Basic-Fit,Basic-Fit Navigation,Juri-Gagarin-Ring 1,17036,Neubrandenburg,Germany,53.555944,13.293077,READY_TO_IMPORT,VERIFIED_CURRENT,,https://www.basic-fit.com/de-de/clubs/basic-fit-neubrandenburg-juri-gagarin-ring-1-f363204f196148f497a9bf0b32df1d90.html,https://www.basic-fit.com/de-de/clubs/basic-fit-neubrandenburg-juri-gagarin-ring-1-f363204f196148f497a9bf0b32df1d90.html,,phase3_basic_fit; slug=basic-fit-neubrandenburg-juri-gagarin-ring-1-f363204f196148f497a9bf0b32df1d90,germany_phase3
de_7d6748ae15,Basic-Fit,Basic-Fit Navigation,Aliceplatz 11,63065,Offenbach am Main,Germany,50.10349,8.76131,READY_TO_IMPORT,VERIFIED_CURRENT,,https://www.basic-fit.com/de-de/clubs/basic-fit-offenbach-am-main-aliceplatz-9f55a7d6dd9c47f886eae47e2353551d.html,https://www.basic-fit.com/de-de/clubs/basic-fit-offenbach-am-main-aliceplatz-9f55a7d6dd9c47f886eae47e2353551d.html,,phase3_basic_fit; slug=basic-fit-offenbach-am-main-aliceplatz-9f55a7d6dd9c47f886eae47e2353551d,germany_phase3
de_b35f6e7a6a,Basic-Fit,Basic-Fit Navigation,Heiligengeiststr. 4-5,26121,Oldenburg,Germany,53.14406,8.213222,READY_TO_IMPORT,VERIFIED_CURRENT,,https://www.basic-fit.com/de-de/clubs/basic-fit-oldenburg-heiligengeiststr.-4-5-427567f5af684ed0bae34056fa904cd0.html,https://www.basic-fit.com/de-de/clubs/basic-fit-oldenburg-heiligengeiststr.-4-5-427567f5af684ed0bae34056fa904cd0.html,,phase3_basic_fit; slug=basic-fit-oldenburg-heiligengeiststr.-4-5-427567f5af684ed0bae34056fa904cd0,germany_phase3
de_d54be9ec3f,Basic-Fit,Basic-Fit Navigation,Dordrechtring 42,45657,Recklinghausen,Germany,51.61056,7.20859,READY_TO_IMPORT,VERIFIED_CURRENT,,https://www.basic-fit.com/de-de/clubs/basic-fit-recklinghausen-dordrechtring-42-15f827ecfb624bf7a4419c7546f099c6.html,https://www.basic-fit.com/de-de/clubs/basic-fit-recklinghausen-dordrechtring-42-15f827ecfb624bf7a4419c7546f099c6.html,,phase3_basic_fit; slug=basic-fit-recklinghausen-dordrechtring-42-15f827ecfb624bf7a4419c7546f099c6,germany_phase3
de_255c05c2e4,Basic-Fit,Basic-Fit Navigation,Hauptstr. 129,33378,Rheda-Wiedenbrück,Germany,51.843623,8.296527,READY_TO_IMPORT,VERIFIED_CURRENT,,https://www.basic-fit.com/de-de/clubs/basic-fit-rheda-wiedenbruck-hauptstr.-24-7-b4796343eff247f7841eed75413bd0c2.html,https://www.basic-fit.com/de-de/clubs/basic-fit-rheda-wiedenbruck-hauptstr.-24-7-b4796343eff247f7841eed75413bd0c2.html,,phase3_basic_fit; slug=basic-fit-rheda-wiedenbruck-hauptstr.-24-7-b4796343eff247f7841eed75413bd0c2,germany_phase3
de_fb9ff45ba3,Basic-Fit,Basic-Fit Navigation,Zehntstr. 2-4,97421,Schweinfurt,Germany,50.04563,10.230735,READY_TO_IMPORT,VERIFIED_CURRENT,,https://www.basic-fit.com/de-de/clubs/basic-fit-schweinfurt-zehntstr.-24-7-14ce4702d70d4b85b727905e1444dd11.html,https://www.basic-fit.com/de-de/clubs/basic-fit-schweinfurt-zehntstr.-24-7-14ce4702d70d4b85b727905e1444dd11.html,,phase3_basic_fit; slug=basic-fit-schweinfurt-zehntstr.-24-7-14ce4702d70d4b85b727905e1444dd11,germany_phase3
de_5bd9d9ab60,Basic-Fit,Basic-Fit Navigation,Broßhauser Straße 28,42697,Solingen,Germany,51.167308,6.99744,READY_TO_IMPORT,VERIFIED_CURRENT,,https://www.basic-fit.com/de-de/clubs/basic-fit-solingen-bro%C3%9Fhauser-stra%C3%9Fe-28-a0a624b0ace549dd8adf80c2abd072bd.html,https://www.basic-fit.com/de-de/clubs/basic-fit-solingen-bro%C3%9Fhauser-stra%C3%9Fe-28-a0a624b0ace549dd8adf80c2abd072bd.html,,phase3_basic_fit; slug=basic-fit-solingen-bro%C3%9Fhauser-stra%C3%9Fe-28-a0a624b0ace549dd8adf80c2abd072,germany_phase3
de_7be9c617f3,Basic-Fit,Basic-Fit Navigation,Kölner Straße 99,42651,Solingen,Germany,51.171545,7.081943,READY_TO_IMPORT,VERIFIED_CURRENT,,https://www.basic-fit.com/de-de/clubs/basic-fit-solingen-k%C3%B6lner-stra%C3%9Fe-99-747bbc5fcda8403690f53d83ffa4b749.html,https://www.basic-fit.com/de-de/clubs/basic-fit-solingen-k%C3%B6lner-stra%C3%9Fe-99-747bbc5fcda8403690f53d83ffa4b749.html,,phase3_basic_fit; slug=basic-fit-solingen-k%C3%B6lner-stra%C3%9Fe-99-747bbc5fcda8403690f53d83ffa4b749,germany_phase3
de_f444149f12,Basic-Fit,Basic-Fit Navigation,Postplatz 1,67346,Speyer,Germany,49.317811,8.431943,READY_TO_IMPORT,VERIFIED_CURRENT,,https://www.basic-fit.com/de-de/clubs/basic-fit-speyer-postplatz-1-f03ab13c137944818d25f4d5e6c8fd50.html,https://www.basic-fit.com/de-de/clubs/basic-fit-speyer-postplatz-1-f03ab13c137944818d25f4d5e6c8fd50.html,,phase3_basic_fit; slug=basic-fit-speyer-postplatz-1-f03ab13c137944818d25f4d5e6c8fd50,germany_phase3
de_5292b5e3c6,Basic-Fit,Basic-Fit Navigation,Wiener Straße 43,70469,Stuttgart,Germany,48.812863,9.163939,READY_TO_IMPORT,VERIFIED_CURRENT,,https://www.basic-fit.com/de-de/clubs/basic-fit-stuttgart-wiener-str.-43-90668e46376b4891b929aac5e6e42970.html,https://www.basic-fit.com/de-de/clubs/basic-fit-stuttgart-wiener-str.-43-90668e46376b4891b929aac5e6e42970.html,,phase3_basic_fit; slug=basic-fit-stuttgart-wiener-str.-43-90668e46376b4891b929aac5e6e42970,germany_phase3
de_25d688ff81,Basic-Fit,Basic-Fit Navigation,Über Brücken 6,54294,Trier,Germany,49.750055,6.623017,READY_TO_IMPORT,VERIFIED_CURRENT,,https://www.basic-fit.com/de-de/clubs/basic-fit-trier-uber-brucken.-24-7-4ca1799a3fbf4071a1bee21ecc841c66.html,https://www.basic-fit.com/de-de/clubs/basic-fit-trier-uber-brucken.-24-7-4ca1799a3fbf4071a1bee21ecc841c66.html,,phase3_basic_fit; slug=basic-fit-trier-uber-brucken.-24-7-4ca1799a3fbf4071a1bee21ecc841c66,germany_phase3
de_d7dd8bc930,Basic-Fit,Basic-Fit Navigation,Elisabeth-Schiemann-Bogen 1,85716,Unterschleißheim,Germany,48.271753,11.559797,READY_TO_IMPORT,VERIFIED_CURRENT,,https://www.basic-fit.com/de-de/clubs/basic-fit-unterschlei%C3%9Fheim-elisabeth-schiemann-bogen-1-ebfd443340e44f27b912c1ebbb5b2f2b.html,https://www.basic-fit.com/de-de/clubs/basic-fit-unterschlei%C3%9Fheim-elisabeth-schiemann-bogen-1-ebfd443340e44f27b912c1ebbb5b2f2b.html,,phase3_basic_fit; slug=basic-fit-unterschlei%C3%9Fheim-elisabeth-schiemann-bogen-1-ebfd443340e44f27b912,germany_phase3
de_13c09a1e1e,Basic-Fit,Basic-Fit Navigation,Ludweilerstraße 3,66333,Völklingen,Germany,49.244617,6.839067,READY_TO_IMPORT,VERIFIED_CURRENT,,https://www.basic-fit.com/de-de/clubs/basic-fit-v%C3%B6lklingen-ludweilerstra%C3%9Fe-891bd1992899498ca75892b10bd7444f.html,https://www.basic-fit.com/de-de/clubs/basic-fit-v%C3%B6lklingen-ludweilerstra%C3%9Fe-891bd1992899498ca75892b10bd7444f.html,,phase3_basic_fit; slug=basic-fit-v%C3%B6lklingen-ludweilerstra%C3%9Fe-891bd1992899498ca75892b10bd7444f,germany_phase3
de_90be765769,Basic-Fit,Basic-Fit Navigation,Bahnhofstraße 10,26382,Wilhelmshaven,Germany,53.518455,8.117078,READY_TO_IMPORT,VERIFIED_CURRENT,,https://www.basic-fit.com/de-de/clubs/basic-fit-wilhelmshaven-bahnhofstra%C3%9Fe-10-2b4ffd33402c4ad3a3b457ca81c13ff2.html,https://www.basic-fit.com/de-de/clubs/basic-fit-wilhelmshaven-bahnhofstra%C3%9Fe-10-2b4ffd33402c4ad3a3b457ca81c13ff2.html,,phase3_basic_fit; slug=basic-fit-wilhelmshaven-bahnhofstra%C3%9Fe-10-2b4ffd33402c4ad3a3b457ca81c13ff2,germany_phase3
de_3ed559cd38,Basic-Fit,Basic-Fit Navigation,Mainzer Str. 114a,67547,Worms,Germany,49.650227,8.360809,READY_TO_IMPORT,VERIFIED_CURRENT,,https://www.basic-fit.com/de-de/clubs/basic-fit-worms-mainzer-str.-24-7-9390d022cab84320a38c7131178df866.html,https://www.basic-fit.com/de-de/clubs/basic-fit-worms-mainzer-str.-24-7-9390d022cab84320a38c7131178df866.html,,phase3_basic_fit; slug=basic-fit-worms-mainzer-str.-24-7-9390d022cab84320a38c7131178df866,germany_phase3
de_93e974a958,Basic-Fit,Basic-Fit Navigation,Hallplatz 7,66482,Zweibrücken,Germany,49.249919,7.36112,READY_TO_IMPORT,VERIFIED_CURRENT,,https://www.basic-fit.com/de-de/clubs/basic-fit-zweibrucken-hallplatz-7-3e7189b0cdd144c5a11aa534533e6ce4.html,https://www.basic-fit.com/de-de/clubs/basic-fit-zweibrucken-hallplatz-7-3e7189b0cdd144c5a11aa534533e6ce4.html,,phase3_basic_fit; slug=basic-fit-zweibrucken-hallplatz-7-3e7189b0cdd144c5a11aa534533e6ce4,germany_phase3
de_85ca8d8f48,clever fit,clever fit Achern,Karl-Bold-Str. 6,77855,Achern,Germany,48.63697510000001,8.0524094,READY_TO_IMPORT,VERIFIED_CURRENT,,https://www.clever-fit.com/de/fitnessstudio/achern/,https://www.clever-fit.com/de/fitnessstudio/achern/,,,germany_phase1
de_b23422e90c,clever fit,clever fit Achim,Fritz-Lieken-Eck 2,28832,Achim,Germany,53.01690379999999,9.0324692,READY_TO_IMPORT,VERIFIED_CURRENT,,https://www.clever-fit.com/de/fitnessstudio/achim/,https://www.clever-fit.com/de/fitnessstudio/achim/,,,germany_phase1
de_e41008ffca,clever fit,clever fit Ahaus,Von-Braun-Straße 54,48683,Ahaus,Germany,52.0740383,7.0239202,READY_TO_IMPORT,VERIFIED_CURRENT,,https://www.clever-fit.com/de/fitnessstudio/ahaus/,https://www.clever-fit.com/de/fitnessstudio/ahaus/,,,germany_phase1
de_b8e3530c49,clever fit,clever fit Aichach,Maxstraße 2-4,86551,Aichach,Germany,48.4412002,11.1123628,READY_TO_IMPORT,VERIFIED_CURRENT,,https://www.clever-fit.com/de/fitnessstudio/aichach/,https://www.clever-fit.com/de/fitnessstudio/aichach/,,,germany_phase1
de_f5c8c6d98e,clever fit,clever fit Albstadt,Schillerstr. 15,72458,Albstadt,Germany,48.2109337,9.0205989,READY_TO_IMPORT,VERIFIED_CURRENT,,https://www.clever-fit.com/de/fitnessstudio/albstadt/,https://www.clever-fit.com/de/fitnessstudio/albstadt/,,,germany_phase1
de_f00560f96d,clever fit,clever fit Altenburg,Fabrikstraße 31,04600,Altenburg,Germany,50.9962607,12.4423496,READY_TO_IMPORT,VERIFIED_CURRENT,,https://www.clever-fit.com/de/fitnessstudio/altenburg/,https://www.clever-fit.com/de/fitnessstudio/altenburg/,,,germany_phase1
de_7055e7fa38,clever fit,clever fit Altenkunstadt,Langheimer Straße 93,96260,Altenkunstadt,Germany,50.1199068,11.2327601,READY_TO_IMPORT,VERIFIED_CURRENT,,https://www.clever-fit.com/de/fitnessstudio/altenkunstadt/,https://www.clever-fit.com/de/fitnessstudio/altenkunstadt/,,,germany_phase1
de_09234e3384,clever fit,clever fit Alzenau,Hanauer Str. 121a,63755,Alzenau,Germany,50.0878834,9.056275699999999,READY_TO_IMPORT,VERIFIED_CURRENT,,https://www.clever-fit.com/de/fitnessstudio/alzenau/,https://www.clever-fit.com/de/fitnessstudio/alzenau/,,,germany_phase1
de_498cd90e87,clever fit,clever fit Amberg Plus,Bayreuther Straße 78A,92224,Amberg,Germany,49.46163203260869,11.85119485274392,READY_TO_IMPORT,VERIFIED_CURRENT,,https://www.clever-fit.com/de/fitnessstudio/amberg-plus/,https://www.clever-fit.com/de/fitnessstudio/amberg-plus/,,,germany_phase1
de_1a4a28da2a,clever fit,clever fit Ansbach,Feuchtwanger Straße 101,91522,Ansbach,Germany,49.2924465,10.5571461,READY_TO_IMPORT,VERIFIED_CURRENT,,https://www.clever-fit.com/de/fitnessstudio/ansbach/,https://www.clever-fit.com/de/fitnessstudio/ansbach/,,,germany_phase1
de_6474180552,clever fit,clever fit Arnsberg,Zum Schützenhof 1,59821,Arnsberg,Germany,51.3956889,8.0696272,READY_TO_IMPORT,VERIFIED_CURRENT,,https://www.clever-fit.com/de/fitnessstudio/arnsberg/,https://www.clever-fit.com/de/fitnessstudio/arnsberg/,,,germany_phase1
de_96348f6a9d,clever fit,clever fit Aschheim,Karl-Hammerschmidt-Straße 32,85609,Aschheim,Germany,48.14928,11.68306,READY_TO_IMPORT,VERIFIED_CURRENT,,https://www.clever-fit.com/de/fitnessstudio/aschheim/,https://www.clever-fit.com/de/fitnessstudio/aschheim/,,,germany_phase1
de_3ccf579e2d,clever fit,clever fit Augsburg-Hochzoll,Hochzollerstraße 9,86163,Augsburg,Germany,48.3535426,10.9452543,READY_TO_IMPORT,VERIFIED_CURRENT,,https://www.clever-fit.com/de/fitnessstudio/augsburg-hochzoll/,https://www.clever-fit.com/de/fitnessstudio/augsburg-hochzoll/,,,germany_phase1
de_0405b63be1,clever fit,clever fit Augsburg-Lechhausen,Linke Brandstraße 5,86167,Augsburg,Germany,48.3871931,10.9153663,READY_TO_IMPORT,VERIFIED_CURRENT,,https://www.clever-fit.com/de/fitnessstudio/augsburg-lechhausen/,https://www.clever-fit.com/de/fitnessstudio/augsburg-lechhausen/,,,germany_phase1
de_b3c7592dca,clever fit,clever fit Augsburg-Oberhausen,Holzweg 25,86156,Augsburg,Germany,48.38975749999999,10.8658157,READY_TO_IMPORT,VERIFIED_CURRENT,,https://www.clever-fit.com/de/fitnessstudio/augsburg-oberhausen/,https://www.clever-fit.com/de/fitnessstudio/augsburg-oberhausen/,,,germany_phase1
de_fa6c3a5577,clever fit,clever fit Babenhausen,Straße der Gemeinschaft 6,64832,Babenhausen,Germany,49.9579518,8.9672339,READY_TO_IMPORT,VERIFIED_CURRENT,,https://www.clever-fit.com/de/fitnessstudio/babenhausen/,https://www.clever-fit.com/de/fitnessstudio/babenhausen/,,,germany_phase1
de_4cf9891a39,clever fit,clever fit Bad Camberg,Frankfurter Straße 60-62,65520,Bad Camberg,Germany,50.2951115,8.2694345,READY_TO_IMPORT,VERIFIED_CURRENT,,https://www.clever-fit.com/de/fitnessstudio/bad-camberg/,https://www.clever-fit.com/de/fitnessstudio/bad-camberg/,,,germany_phase1
de_e477361d4b,clever fit,clever fit Bad Dürkheim,Gustav-Kirchhoff-Straße 3,67098,Bad Dürkheim,Germany,49.4724781,8.203851799999999,READY_TO_IMPORT,VERIFIED_CURRENT,,https://www.clever-fit.com/de/fitnessstudio/bad-duerkheim/,https://www.clever-fit.com/de/fitnessstudio/bad-duerkheim/,,,germany_phase1
de_f834f41535,clever fit,clever fit Bad Dürrheim,Hofstraße 5,78073,Bad Dürrheim,Germany,48.019407,8.5330823,READY_TO_IMPORT,VERIFIED_CURRENT,,https://www.clever-fit.com/de/fitnessstudio/bad-duerrheim/,https://www.clever-fit.com/de/fitnessstudio/bad-duerrheim/,,,germany_phase1
de_ba0c824c5f,clever fit,clever fit Bad Hersfeld,Hünfelder Str. 69,36251,Bad Hersfeld,Germany,50.8566029,9.7222635,READY_TO_IMPORT,VERIFIED_CURRENT,,https://www.clever-fit.com/de/fitnessstudio/bad-hersfeld/,https://www.clever-fit.com/de/fitnessstudio/bad-hersfeld/,,,germany_phase1
de_714032985e,clever fit,clever fit Bad Kreuznach,Alzeyer Str. 23,55543,Bad Kreuznach,Germany,49.8412124,7.872697899999999,READY_TO_IMPORT,VERIFIED_CURRENT,,https://www.clever-fit.com/de/fitnessstudio/bad-kreuznach/,https://www.clever-fit.com/de/fitnessstudio/bad-kreuznach/,,,germany_phase1
de_1c11121e2b,clever fit,clever fit Bad König,Bahnhofstraße 13,64732,Bad König,Germany,49.7413493,9.003965599999999,READY_TO_IMPORT,VERIFIED_CURRENT,,https://www.clever-fit.com/de/fitnessstudio/bad-koenig/,https://www.clever-fit.com/de/fitnessstudio/bad-koenig/,,,germany_phase1
de_687cf433f6,clever fit,clever fit Bad Mergentheim,Beim Oelsteg 7-9,97980,Bad Mergentheim,Germany,49.4956047,9.7675257,READY_TO_IMPORT,VERIFIED_CURRENT,,https://www.clever-fit.com/de/fitnessstudio/bad-mergentheim/,https://www.clever-fit.com/de/fitnessstudio/bad-mergentheim/,,,germany_phase1
de_ce9ce3fc92,clever fit,clever fit Bad Oldesloe,Industriestraße 8a,23843,Bad Oldesloe,Germany,53.80137999999999,10.38832,READY_TO_IMPORT,VERIFIED_CURRENT,,https://www.clever-fit.com/de/fitnessstudio/bad-oldesloe/,https://www.clever-fit.com/de/fitnessstudio/bad-oldesloe/,,,germany_phase1
de_c9db0e2121,clever fit,clever fit Bad Reichenhall,Berchtesgadener Straße 5-7,83435,Bad Reichenhall,Germany,47.7176155,12.8768963,READY_TO_IMPORT,VERIFIED_CURRENT,,https://www.clever-fit.com/de/fitnessstudio/bad-reichenhall/,https://www.clever-fit.com/de/fitnessstudio/bad-reichenhall/,,,germany_phase1
de_41e1523898,clever fit,clever fit Bad Salzuflen,Hoffmannstraße 19,32105,Bad Salzuflen,Germany,52.0769756,8.752844,READY_TO_IMPORT,VERIFIED_CURRENT,,https://www.clever-fit.com/de/fitnessstudio/bad-salzuflen/,https://www.clever-fit.com/de/fitnessstudio/bad-salzuflen/,,,germany_phase1
de_b62b3018c5,clever fit,clever fit Bad Saulgau,Schwarzenbacher Str. 1,88348,Bad Saulgau,Germany,48.00745260000001,9.5068906,READY_TO_IMPORT,VERIFIED_CURRENT,,https://www.clever-fit.com/de/fitnessstudio/bad-saulgau/,https://www.clever-fit.com/de/fitnessstudio/bad-saulgau/,,,germany_phase1
de_8277fe9781,clever fit,clever fit Bad Schwalbach,Nikolaus-August-Otto-Straße 16,65307,Bad Schwalbach,Germany,50.1473084,8.0409244,READY_TO_IMPORT,VERIFIED_CURRENT,,https://www.clever-fit.com/de/fitnessstudio/bad-schwalbach/,https://www.clever-fit.com/de/fitnessstudio/bad-schwalbach/,,,germany_phase1
de_e75468acd8,clever fit,clever fit Bad Schwartau,Hauptstraße 50,23611,Bad Schwartau,Germany,53.905519,10.6741065,READY_TO_IMPORT,VERIFIED_CURRENT,,https://www.clever-fit.com/de/fitnessstudio/bad-schwartau/,https://www.clever-fit.com/de/fitnessstudio/bad-schwartau/,,,germany_phase1
de_169255f14d,clever fit,clever fit Bad Tölz,Albert-Schäffenacker-Str. 7,83646,Bad Tölz,Germany,47.7574124,11.5854642,READY_TO_IMPORT,VERIFIED_CURRENT,,https://www.clever-fit.com/de/fitnessstudio/bad-toelz/,https://www.clever-fit.com/de/fitnessstudio/bad-toelz/,,,germany_phase1
de_8077424dbf,clever fit,clever fit Filderstadt,Heinrich-Hermann-Straße 5,70794,Baden-Württemberg - Filderstadt,Germany,48.6600926,9.2227465,READY_TO_IMPORT,VERIFIED_CURRENT,,https://www.clever-fit.com/de/fitnessstudio/filderstadt/,https://www.clever-fit.com/de/fitnessstudio/filderstadt/,,,germany_phase1
de_dbdfa363d8,clever fit,clever fit Balingen,Binsdorferstr. 23,72336,Balingen,Germany,48.2836852,8.837024,READY_TO_IMPORT,VERIFIED_CURRENT,,https://www.clever-fit.com/de/fitnessstudio/balingen/,https://www.clever-fit.com/de/fitnessstudio/balingen/,,,germany_phase1
de_158127aea4,clever fit,clever fit Bautzen,Edison Strasse 17,02625,Bautzen,Germany,51.1634429,14.4269897,READY_TO_IMPORT,VERIFIED_CURRENT,,https://www.clever-fit.com/de/fitnessstudio/bautzen/,https://www.clever-fit.com/de/fitnessstudio/bautzen/,,,germany_phase1
de_1e818838dd,clever fit,clever fit Bayreuth,Himmelkronstraße 1 - 3,95445,Bayreuth,Germany,49.954425,11.5506448,READY_TO_IMPORT,VERIFIED_CURRENT,,https://www.clever-fit.com/de/fitnessstudio/bayreuth/,https://www.clever-fit.com/de/fitnessstudio/bayreuth/,,,germany_phase1
de_20ca1d4f5d,clever fit,clever fit Bebra,Hersfelder Str. 15,36179,Bebra,Germany,50.96499009999999,9.795335699999999,READY_TO_IMPORT,VERIFIED_CURRENT,,https://www.clever-fit.com/de/fitnessstudio/bebra/,https://www.clever-fit.com/de/fitnessstudio/bebra/,,,germany_phase1
de_90423b3b4f,clever fit,clever fit Berchtesgaden,Triftplatz 3,83471,Berchtesgaden,Germany,47.6244746,13.0001708,READY_TO_IMPORT,VERIFIED_CURRENT,,https://www.clever-fit.com/de/fitnessstudio/berchtesgaden/,https://www.clever-fit.com/de/fitnessstudio/berchtesgaden/,,,germany_phase1
de_d983cf0000,clever fit,clever fit Bergen auf Rügen,Gingster Chaussee 6,18528,Bergen auf Rügen,Germany,54.42345109999999,13.4165739,READY_TO_IMPORT,VERIFIED_CURRENT,,https://www.clever-fit.com/de/fitnessstudio/bergen-auf-ruegen/,https://www.clever-fit.com/de/fitnessstudio/bergen-auf-ruegen/,,,germany_phase1
de_def879cbfa,clever fit,clever fit Bergisch Gladbach-Bensberg,Schloßstraße 7,51429,Bergisch Gladbach,Germany,50.9668419,7.157096999999999,READY_TO_IMPORT,VERIFIED_CURRENT,,https://www.clever-fit.com/de/fitnessstudio/bergisch-gladbach/,https://www.clever-fit.com/de/fitnessstudio/bergisch-gladbach/,,,germany_phase1
de_9b899ee0b0,clever fit,clever fit Berlin-Charlottenburg,Joachimsthalerstr. 19,10719,Berlin,Germany,52.5011301,13.3306429,READY_TO_IMPORT,VERIFIED_CURRENT,,https://www.clever-fit.com/de/fitnessstudio/berlin-charlottenburg/,https://www.clever-fit.com/de/fitnessstudio/berlin-charlottenburg/,,,germany_phase1
de_39269d88b4,clever fit,clever fit Berlin-Mahlsdorf,Hultschiner Damm 90,12623,Berlin,Germany,52.4829438,13.6021201,READY_TO_IMPORT,VERIFIED_CURRENT,,https://www.clever-fit.com/de/fitnessstudio/berlin-mahlsdorf/,https://www.clever-fit.com/de/fitnessstudio/berlin-mahlsdorf/,,,germany_phase1
de_879216a10b,clever fit,clever fit Berlin-Marienfelde,Malteserstraße 135,12277,Berlin,Germany,52.4195939,13.358684,READY_TO_IMPORT,VERIFIED_CURRENT,,https://www.clever-fit.com/de/fitnessstudio/berlin-marienfelde/,https://www.clever-fit.com/de/fitnessstudio/berlin-marienfelde/,,,germany_phase1
de_3f1a2f7595,clever fit,clever fit Berlin-Marzahn,Helene-Weigel-Platz 5,12681,Berlin,Germany,52.52812040000001,13.5392654,READY_TO_IMPORT,VERIFIED_CURRENT,,https://www.clever-fit.com/de/fitnessstudio/berlin-marzahn/,https://www.clever-fit.com/de/fitnessstudio/berlin-marzahn/,,,germany_phase1
de_2661e31bc8,clever fit,clever fit Berlin-Pankow,Rosenthaler Weg 24b,13127,Berlin,Germany,52.605942,13.420047,READY_TO_IMPORT,VERIFIED_CURRENT,,https://www.clever-fit.com/de/fitnessstudio/berlin-pankow/,https://www.clever-fit.com/de/fitnessstudio/berlin-pankow/,,,germany_phase1
de_2223a85667,clever fit,clever fit Berlin-Zehlendorf,Martin-Buber-Straße 12,14163,Berlin,Germany,52.43510320000001,13.2582181,READY_TO_IMPORT,VERIFIED_CURRENT,,https://www.clever-fit.com/de/fitnessstudio/berlin-zehlendorf/,https://www.clever-fit.com/de/fitnessstudio/berlin-zehlendorf/,,,germany_phase1
de_c1b0ea9311,clever fit,clever fit Berlin-Buch,Walter-Friedrich-Str. 1,13125,Berlin-Buch,Germany,52.6341692,13.4967273,READY_TO_IMPORT,VERIFIED_CURRENT,,https://www.clever-fit.com/de/fitnessstudio/berlin-buch/,https://www.clever-fit.com/de/fitnessstudio/berlin-buch/,,,germany_phase1
de_e799abe2cb,clever fit,clever fit Bernau bei Berlin,Börnicker Chaussee 1-2,16321,Bernau,Germany,52.676786,13.5962912,READY_TO_IMPORT,VERIFIED_CURRENT,,https://www.clever-fit.com/de/fitnessstudio/clever-fit-bernau/,https://www.clever-fit.com/de/fitnessstudio/clever-fit-bernau/,,,germany_phase1
de_81ed418a18,clever fit,clever fit Bielefeld,Ritterstraße 1,33602,Bielefeld,Germany,52.0213648,8.5287243,READY_TO_IMPORT,VERIFIED_CURRENT,,https://www.clever-fit.com/de/fitnessstudio/bielefeld/,https://www.clever-fit.com/de/fitnessstudio/bielefeld/,,,germany_phase1
de_287909b1e0,clever fit,clever fit Birkenwerder,Hauptstraße 38/40,16547,Birkenwerder,Germany,52.6890194,13.2824292,READY_TO_IMPORT,VERIFIED_CURRENT,,https://www.clever-fit.com/de/fitnessstudio/birkenwerder/,https://www.clever-fit.com/de/fitnessstudio/birkenwerder/,,,germany_phase1
de_55dffc5f3f,clever fit,clever fit Bobingen,Königsbrunner Straße 1 F,86399,Bobingen,Germany,48.2645397,10.8410241,READY_TO_IMPORT,VERIFIED_CURRENT,,https://www.clever-fit.com/de/fitnessstudio/bobingen/,https://www.clever-fit.com/de/fitnessstudio/bobingen/,,,germany_phase1
de_bd0cf65c68,clever fit,clever fit Bochum,Kemnader Straße 319,44797,Bochum,Germany,51.4285478,7.243265,READY_TO_IMPORT,VERIFIED_CURRENT,,https://www.clever-fit.com/de/fitnessstudio/bochum/,https://www.clever-fit.com/de/fitnessstudio/bochum/,,,germany_phase1
de_2b21f89aeb,clever fit,clever fit Bohmte-Hunteburg,Hauptstraße 26,49163,Bohmte,Germany,52.4365213,8.270779,READY_TO_IMPORT,VERIFIED_CURRENT,,https://www.clever-fit.com/de/fitnessstudio/bohmte-hunteburg/,https://www.clever-fit.com/de/fitnessstudio/bohmte-hunteburg/,,,germany_phase1
de_f25960c60d,clever fit,clever fit Bonn-Endenich,Erich-Hoffmann-Straße 12,53121,Bonn,Germany,50.7270542,7.067898800000001,READY_TO_IMPORT,VERIFIED_CURRENT,,https://www.clever-fit.com/de/fitnessstudio/bonn-endenich/,https://www.clever-fit.com/de/fitnessstudio/bonn-endenich/,,,germany_phase1
de_3bbffff02a,clever fit,clever fit Borken,Nina-Winkel-Straße 2,46325,Borken,Germany,51.8346902,6.8318711,READY_TO_IMPORT,VERIFIED_CURRENT,,https://www.clever-fit.com/de/fitnessstudio/borken/,https://www.clever-fit.com/de/fitnessstudio/borken/,,,germany_phase1
de_5f7126678c,clever fit,clever fit Bramsche,Industriestraße 56,49565,Bramsche,Germany,52.4530924,7.9657216,READY_TO_IMPORT,VERIFIED_CURRENT,,https://www.clever-fit.com/de/fitnessstudio/bramsche/,https://www.clever-fit.com/de/fitnessstudio/bramsche/,,,germany_phase1
de_0d698ea6a0,clever fit,clever fit Brandenburg an der Havel,Willi-Sänger-Straße 15 a-b,14770,Brandenburg,Germany,52.417719,12.5519368,READY_TO_IMPORT,VERIFIED_CURRENT,,https://www.clever-fit.com/de/fitnessstudio/brandenburg-an-der-havel/,https://www.clever-fit.com/de/fitnessstudio/brandenburg-an-der-havel/,,,germany_phase1
de_0a28e5f442,clever fit,clever fit Bremen-Blumenthal,Lüssumer Straße 105,28779,Bremen,Germany,53.1915286,8.5751822,READY_TO_IMPORT,VERIFIED_CURRENT,,https://www.clever-fit.com/de/fitnessstudio/bremen-blumenthal/,https://www.clever-fit.com/de/fitnessstudio/bremen-blumenthal/,,,germany_phase1
de_697ed1cdf3,clever fit,clever fit Bremen-Vegesack,Zum Alten Speicher 2,28759,Bremen,Germany,53.1682855,8.626851499999999,READY_TO_IMPORT,VERIFIED_CURRENT,,https://www.clever-fit.com/de/fitnessstudio/bremen-vegesack/,https://www.clever-fit.com/de/fitnessstudio/bremen-vegesack/,,,germany_phase1
de_2b821fd461,clever fit,clever fit Bremen-Burglesum,Stader Landstraße 41 - 43,28719,Bremen-Burglesum,Germany,53.1681525,8.7098757,READY_TO_IMPORT,VERIFIED_CURRENT,,https://www.clever-fit.com/de/fitnessstudio/bremen-burglesum/,https://www.clever-fit.com/de/fitnessstudio/bremen-burglesum/,,,germany_phase1
de_b10bce0d0d,clever fit,clever fit Bremerhaven,Bürgermeister-Smidt-Str. 10,27568,Bremerhaven,Germany,53.5415988,8.5806274,READY_TO_IMPORT,VERIFIED_CURRENT,,https://www.clever-fit.com/de/fitnessstudio/bremerhaven/,https://www.clever-fit.com/de/fitnessstudio/bremerhaven/,,,germany_phase1
de_5510a7e02e,clever fit,clever fit Bremervörde,Ludwigstraße 14,27432,Bremervörde,Germany,53.4873642,9.1403254,READY_TO_IMPORT,VERIFIED_CURRENT,,https://www.clever-fit.com/de/fitnessstudio/bremervoerde/,https://www.clever-fit.com/de/fitnessstudio/bremervoerde/,,,germany_phase1
de_3791d4274c,clever fit,clever fit Brunsbüttel,Emil-von-Behring-Straße 14,25541,Brunsbüttel,Germany,53.9005401,9.1232206,READY_TO_IMPORT,VERIFIED_CURRENT,,https://www.clever-fit.com/de/fitnessstudio/brunsbuettel/,https://www.clever-fit.com/de/fitnessstudio/brunsbuettel/,,,germany_phase1
de_78ad4cbf6d,clever fit,clever fit Brüggen,Borner Str. 72 A,41379,Brüggen,Germany,51.2445604,6.1936953,READY_TO_IMPORT,VERIFIED_CURRENT,,https://www.clever-fit.com/de/fitnessstudio/brueggen/,https://www.clever-fit.com/de/fitnessstudio/brueggen/,,,germany_phase1
de_80a91fc49b,clever fit,clever fit Bubenreuth,Am Bauhof 2,91088,Bubenreuth,Germany,49.6282501,11.0123272,READY_TO_IMPORT,VERIFIED_CURRENT,,https://www.clever-fit.com/de/fitnessstudio/bubenreuth/,https://www.clever-fit.com/de/fitnessstudio/bubenreuth/,,,germany_phase1
de_772592a1fb,clever fit,clever fit Burghausen,Gewerbegebiet Lindach 10,84489,Burghausen,Germany,48.1629411,12.8044196,READY_TO_IMPORT,VERIFIED_CURRENT,,https://www.clever-fit.com/de/fitnessstudio/burghausen/,https://www.clever-fit.com/de/fitnessstudio/burghausen/,,,germany_phase1
de_afee822809,clever fit,clever fit Burglengenfeld,Im Naabtalpark 50,93133,Burglengenfeld,Germany,49.19086859999999,12.0444752,READY_TO_IMPORT,VERIFIED_CURRENT,,https://www.clever-fit.com/de/fitnessstudio/burglengenfeld/,https://www.clever-fit.com/de/fitnessstudio/burglengenfeld/,,,germany_phase1
de_e2efd5a385,clever fit,clever fit Burladingen,Jahnstraße 1,72393,Burladingen,Germany,48.2917749,9.0980423,READY_TO_IMPORT,VERIFIED_CURRENT,,https://www.clever-fit.com/de/fitnessstudio/burladingen/,https://www.clever-fit.com/de/fitnessstudio/burladingen/,,,germany_phase1
de_3093f57102,clever fit,clever fit Buxtehude,Alter Postweg 6,21641,Buxtehude,Germany,53.46494999999999,9.70825,READY_TO_IMPORT,VERIFIED_CURRENT,,https://www.clever-fit.com/de/fitnessstudio/buxtehude/,https://www.clever-fit.com/de/fitnessstudio/buxtehude/,,,germany_phase1
de_49ee80783c,clever fit,clever fit Bühl,Meister-Erwin-Str. 29,77815,Bühl,Germany,48.7019859,8.1334336,READY_TO_IMPORT,VERIFIED_CURRENT,,https://www.clever-fit.com/de/fitnessstudio/buehl-cf/,https://www.clever-fit.com/de/fitnessstudio/buehl-cf/,,,germany_phase1
de_fb1876d74a,clever fit,clever fit Castrop-Rauxel,Dortmunder Straße 32,44575,Castrop-Rauxel,Germany,51.5469679,7.318083000000001,READY_TO_IMPORT,VERIFIED_CURRENT,,https://www.clever-fit.com/de/fitnessstudio/castrop-rauxel-cf/,https://www.clever-fit.com/de/fitnessstudio/castrop-rauxel-cf/,,,germany_phase1
de_f302b38cf0,clever fit,clever fit Celle,77er Str. 52,29221,Celle,Germany,52.615545,10.0875675,READY_TO_IMPORT,VERIFIED_CURRENT,,https://www.clever-fit.com/de/fitnessstudio/celle/,https://www.clever-fit.com/de/fitnessstudio/celle/,,,germany_phase1
de_ffb96d0e1c,clever fit,clever fit Cham,Gewerbepark Chammünster Nord 3,93413,Cham,Germany,49.2064819,12.6812004,READY_TO_IMPORT,VERIFIED_CURRENT,,https://www.clever-fit.com/de/fitnessstudio/cham/,https://www.clever-fit.com/de/fitnessstudio/cham/,,,germany_phase1
de_f17e48c7d4,clever fit,clever fit Chemnitz,Blankenauer Straße 74,09113,Chemnitz,Germany,50.8577071,12.9303233,READY_TO_IMPORT,VERIFIED_CURRENT,,https://www.clever-fit.com/de/fitnessstudio/chemnitz/,https://www.clever-fit.com/de/fitnessstudio/chemnitz/,,,germany_phase1
de_4e41979804,clever fit,clever fit Clausthal-Zellerfeld,Osteröderstraße 5,38678,Clausthal-Zellerfeld,Germany,51.8026113,10.3325194,READY_TO_IMPORT,VERIFIED_CURRENT,,https://www.clever-fit.com/de/fitnessstudio/clausthal-zellerfeld/,https://www.clever-fit.com/de/fitnessstudio/clausthal-zellerfeld/,,,germany_phase1
de_10f380f335,clever fit,clever fit Cuxhaven,Abschnede 198-200,27472,Cuxhaven,Germany,53.8450246,8.697200700000002,READY_TO_IMPORT,VERIFIED_CURRENT,,https://www.clever-fit.com/de/fitnessstudio/cuxhaven/,https://www.clever-fit.com/de/fitnessstudio/cuxhaven/,,,germany_phase1
de_8375b85fd9,clever fit,clever fit Dachau,Wettersteinring 12,85221,Dachau,Germany,48.2415179,11.4494448,READY_TO_IMPORT,VERIFIED_CURRENT,,https://www.clever-fit.com/de/fitnessstudio/dachau/,https://www.clever-fit.com/de/fitnessstudio/dachau/,,,germany_phase1
de_39c8431377,clever fit,clever fit Damme,Südring 32,49401,Damme,Germany,52.5154124,8.1876789,READY_TO_IMPORT,VERIFIED_CURRENT,,https://www.clever-fit.com/de/fitnessstudio/damme/,https://www.clever-fit.com/de/fitnessstudio/damme/,,,germany_phase1
de_a227982416,clever fit,clever fit Darmstadt,Pallaswiesenstraße 174,64293,Darmstadt,Germany,49.8840596,8.631978,READY_TO_IMPORT,VERIFIED_CURRENT,,https://www.clever-fit.com/de/fitnessstudio/darmstadt/,https://www.clever-fit.com/de/fitnessstudio/darmstadt/,,,germany_phase1
de_ea8df6b040,clever fit,clever fit Oberhaching,Raiffeisenallee 3,82041,Deisenhofen,Germany,48.03106,11.58203,READY_TO_IMPORT,VERIFIED_CURRENT,,https://www.clever-fit.com/de/fitnessstudio/oberhaching/,https://www.clever-fit.com/de/fitnessstudio/oberhaching/,,,germany_phase1
de_cd934c5262,clever fit,clever fit Delmenhorst,Weberstraße 5,27753,Delmenhorst,Germany,53.05391119999999,8.630220699999999,READY_TO_IMPORT,VERIFIED_CURRENT,,https://www.clever-fit.com/de/fitnessstudio/delmenhorst/,https://www.clever-fit.com/de/fitnessstudio/delmenhorst/,,,germany_phase1
de_d95db85bc5,clever fit,clever fit Dessau-Roßlau,Kurt-Weill-Straße 38,06844,Dessau-Roßlau,Germany,51.8413012,12.2449235,READY_TO_IMPORT,VERIFIED_CURRENT,,https://www.clever-fit.com/de/fitnessstudio/dessau-rosslau/,https://www.clever-fit.com/de/fitnessstudio/dessau-rosslau/,,,germany_phase1
de_6802ffe36a,clever fit,clever fit Kirchheim Teck,Kelterstraße 69,73265,Dettingen unter Teck,Germany,48.6240687,9.4503129,READY_TO_IMPORT,VERIFIED_CURRENT,,https://www.clever-fit.com/de/fitnessstudio/kirchheim-teck/,https://www.clever-fit.com/de/fitnessstudio/kirchheim-teck/,,,germany_phase1
de_7d69b497b6,clever fit,clever fit Dieburg,Am Bauhof 2a,64807,Dieburg,Germany,49.90517879999999,8.8451711,READY_TO_IMPORT,VERIFIED_CURRENT,,https://www.clever-fit.com/de/fitnessstudio/dieburg/,https://www.clever-fit.com/de/fitnessstudio/dieburg/,,,germany_phase1
de_0507fe4b87,clever fit,clever fit Dietzenbach,Voltastraße 9,63128,Dietzenbach,Germany,50.00354,8.791089999999999,READY_TO_IMPORT,VERIFIED_CURRENT,,https://www.clever-fit.com/de/fitnessstudio/dietzenbach/,https://www.clever-fit.com/de/fitnessstudio/dietzenbach/,,,germany_phase1
de_0c21f35d91,clever fit,clever fit Dillenburg,Hirschwiese 7,35683,Dillenburg,Germany,50.7664474,8.2880588,READY_TO_IMPORT,VERIFIED_CURRENT,,https://www.clever-fit.com/de/fitnessstudio/dillenburg/,https://www.clever-fit.com/de/fitnessstudio/dillenburg/,,,germany_phase1
de_209053ddc0,clever fit,clever fit Dillingen,Johannes-Scheiffele-Straße 13,89407,Dillingen,Germany,48.5779405,10.4744536,READY_TO_IMPORT,VERIFIED_CURRENT,,https://www.clever-fit.com/de/fitnessstudio/dillingen/,https://www.clever-fit.com/de/fitnessstudio/dillingen/,,,germany_phase1
de_4ed80f4f8b,clever fit,clever fit Dingolfing,Bräuhausgasse 29,84130,Dingolfing,Germany,48.6320681,12.5022087,COMING_SOON,COMING_SOON,,https://www.clever-fit.com/de/fitnessstudio/dingolfing/,https://www.clever-fit.com/de/fitnessstudio/dingolfing/,,,germany_phase1
de_d03dc156db,clever fit,clever fit Donaueschingen,Hagelrainstr. 6,78166,Donaueschingen,Germany,47.9575901,8.4890066,READY_TO_IMPORT,VERIFIED_CURRENT,,https://www.clever-fit.com/de/fitnessstudio/donaueschingen/,https://www.clever-fit.com/de/fitnessstudio/donaueschingen/,,,germany_phase1
de_168fb74a72,clever fit,clever fit Donauwörth,Dr.-Friedrich-Drechsler-Str. 23,86609,Donauwörth,Germany,48.7091733,10.7596756,READY_TO_IMPORT,VERIFIED_CURRENT,,https://www.clever-fit.com/de/fitnessstudio/donauwoerth/,https://www.clever-fit.com/de/fitnessstudio/donauwoerth/,,,germany_phase1
de_db9cf80542,clever fit,clever fit Dresden-Löbtau,Kesselsdorferstrasse 8,01159,Dresden,Germany,51.0439168,13.7030609,READY_TO_IMPORT,VERIFIED_CURRENT,,https://www.clever-fit.com/de/fitnessstudio/dresden-loebtau/,https://www.clever-fit.com/de/fitnessstudio/dresden-loebtau/,,,germany_phase1
de_ce4b74ecc6,clever fit,clever fit Dresden-Waldschlösschen,Am Brauhaus 8,01099,Dresden,Germany,51.0683917,13.7782553,READY_TO_IMPORT,VERIFIED_CURRENT,,https://www.clever-fit.com/de/fitnessstudio/dresden-waldschloesschen/,https://www.clever-fit.com/de/fitnessstudio/dresden-waldschloesschen/,,,germany_phase1
de_0e2b7840e6,clever fit,clever fit Duderstadt,Industriestraße 26d,37115,Duderstadt,Germany,51.5117443,10.2447544,READY_TO_IMPORT,VERIFIED_CURRENT,,https://www.clever-fit.com/de/fitnessstudio/duderstadt/,https://www.clever-fit.com/de/fitnessstudio/duderstadt/,,,germany_phase1
de_18d5a04974,clever fit,clever fit Eckernförde,Rendsburger Str. 115,24340,Eckernförde,Germany,54.45428459999999,9.835460099999999,READY_TO_IMPORT,VERIFIED_CURRENT,,https://www.clever-fit.com/de/fitnessstudio/eckernfoerde/,https://www.clever-fit.com/de/fitnessstudio/eckernfoerde/,,,germany_phase1
de_b08a846da9,clever fit,clever fit Eggenfelden,Sudetenstraße 2,84307,Eggenfelden,Germany,48.4005632,12.7553601,READY_TO_IMPORT,VERIFIED_CURRENT,,https://www.clever-fit.com/de/fitnessstudio/eggenfelden/,https://www.clever-fit.com/de/fitnessstudio/eggenfelden/,,,germany_phase1
de_cafb9311be,clever fit,clever fit Ehingen,Biberacherstr. 67,89584,Ehingen,Germany,48.2722267,9.7265415,READY_TO_IMPORT,VERIFIED_CURRENT,,https://www.clever-fit.com/de/fitnessstudio/ehingen-cf/,https://www.clever-fit.com/de/fitnessstudio/ehingen-cf/,,,germany_phase1
de_d9a5be3523,clever fit,clever fit Eisenhüttenstadt,Fährstraße 35,15890,Eisenhüttenstadt,Germany,52.1438228,14.6484612,READY_TO_IMPORT,VERIFIED_CURRENT,,https://www.clever-fit.com/de/fitnessstudio/eisenhuettenstadt/,https://www.clever-fit.com/de/fitnessstudio/eisenhuettenstadt/,,,germany_phase1
de_2a1c8ed7c5,clever fit,clever fit Eisleben,Herner Straße 7,06295,Eisleben,Germany,51.5126024,11.574132,READY_TO_IMPORT,VERIFIED_CURRENT,,https://www.clever-fit.com/de/fitnessstudio/eisleben/,https://www.clever-fit.com/de/fitnessstudio/eisleben/,,,germany_phase1
de_60593bb8d2,clever fit,clever fit Elmshorn,Flamweg 42,25335,Elmshorn,Germany,53.7552511,9.648849799999999,READY_TO_IMPORT,VERIFIED_CURRENT,,https://www.clever-fit.com/de/fitnessstudio/elmshorn/,https://www.clever-fit.com/de/fitnessstudio/elmshorn/,,,germany_phase1
de_9b34e13c51,clever fit,clever fit Elsterwerda,Lauchhammer Str. 31,04910,Elsterwerda,Germany,51.4610397,13.5259005,READY_TO_IMPORT,VERIFIED_CURRENT,,https://www.clever-fit.com/de/fitnessstudio/elsterwerda/,https://www.clever-fit.com/de/fitnessstudio/elsterwerda/,,,germany_phase1
de_724ed8861b,clever fit,clever fit Emsdetten,Grevener Damm 210,48282,Emsdetten,Germany,52.15708189999999,7.5529724,READY_TO_IMPORT,VERIFIED_CURRENT,,https://www.clever-fit.com/de/fitnessstudio/emsdetten/,https://www.clever-fit.com/de/fitnessstudio/emsdetten/,,,germany_phase1
de_b7bc78d3d6,clever fit,clever fit Eningen,In der Raite 20,72800,Eningen,Germany,48.48240269999999,9.2536843,READY_TO_IMPORT,VERIFIED_CURRENT,,https://www.clever-fit.com/de/fitnessstudio/eningen/,https://www.clever-fit.com/de/fitnessstudio/eningen/,,,germany_phase1
de_cbcd18a1c9,clever fit,clever fit Erbach,Friedrich-Ebert-Straße 18,64711,Erbach,Germany,49.65488739999999,8.993897982209033,READY_TO_IMPORT,VERIFIED_CURRENT,,https://www.clever-fit.com/de/fitnessstudio/erbach/,https://www.clever-fit.com/de/fitnessstudio/erbach/,,,germany_phase1
de_3744bf91db,clever fit,clever fit Erding,Franz-Brombach-Straße 11-13,85435,Erding,Germany,48.31275,11.89058,READY_TO_IMPORT,VERIFIED_CURRENT,,https://www.clever-fit.com/de/fitnessstudio/erding/,https://www.clever-fit.com/de/fitnessstudio/erding/,,,germany_phase1
de_9936156668,clever fit,clever fit Erftstadt,Gustav-Heinemann-Straße 2,50374,Erftstadt,Germany,50.80203820000001,6.8132915,READY_TO_IMPORT,VERIFIED_CURRENT,,https://www.clever-fit.com/de/fitnessstudio/erftstadt/,https://www.clever-fit.com/de/fitnessstudio/erftstadt/,,,germany_phase1
de_4157ab81a0,clever fit,clever fit Eschwege,Stad 46-54,37269,Eschwege,Germany,51.18886999999999,10.05628,READY_TO_IMPORT,VERIFIED_CURRENT,,https://www.clever-fit.com/de/fitnessstudio/eschwege/,https://www.clever-fit.com/de/fitnessstudio/eschwege/,,,germany_phase1
de_67ad6bafa0,clever fit,clever fit Eutin,Markt 7-8,23701,Eutin,Germany,54.1366613,10.616154,READY_TO_IMPORT,VERIFIED_CURRENT,,https://www.clever-fit.com/de/fitnessstudio/eutin/,https://www.clever-fit.com/de/fitnessstudio/eutin/,,,germany_phase1
de_e711be9bb0,clever fit,clever fit Falkensee,Poststraße 48/50,14612,Falkensee,Germany,52.5613317,13.0862535,READY_TO_IMPORT,VERIFIED_CURRENT,,https://www.clever-fit.com/de/fitnessstudio/falkensee/,https://www.clever-fit.com/de/fitnessstudio/falkensee/,,,germany_phase1
de_2fe177d2aa,clever fit,clever fit Flensburg,Schleswiger Str. 80,24941,Flensburg,Germany,54.76795,9.433828499999999,READY_TO_IMPORT,VERIFIED_CURRENT,,https://www.clever-fit.com/de/fitnessstudio/flensburg/,https://www.clever-fit.com/de/fitnessstudio/flensburg/,,,germany_phase1
de_31308cafb3,clever fit,clever fit Forchheim,Daimlerstraße 12,91301,Forchheim,Germany,49.7022564,11.0621081,READY_TO_IMPORT,VERIFIED_CURRENT,,https://www.clever-fit.com/de/fitnessstudio/forchheim/,https://www.clever-fit.com/de/fitnessstudio/forchheim/,,,germany_phase1
de_0c794b7fb8,clever fit,clever fit Frankenberg,Ruhrstraße 4,35066,Frankenberg,Germany,51.0598264,8.781868099999999,READY_TO_IMPORT,VERIFIED_CURRENT,,https://www.clever-fit.com/de/fitnessstudio/frankenberg/,https://www.clever-fit.com/de/fitnessstudio/frankenberg/,,,germany_phase1
de_4b98017a1d,clever fit,clever fit Frankfurt (Oder),Heilbronner Strasse 30,15230,Frankfurt (Oder),Germany,52.3423423,14.5471983,READY_TO_IMPORT,VERIFIED_CURRENT,,https://www.clever-fit.com/de/fitnessstudio/frankfurt-oder/,https://www.clever-fit.com/de/fitnessstudio/frankfurt-oder/,,,germany_phase1
de_c32ad46bf5,clever fit,clever fit Frankfurt Höchst,Königsteiner Straße 11 - 13,65929,Frankfurt am Main / Höchst,Germany,50.1012939,8.5487704,READY_TO_IMPORT,VERIFIED_CURRENT,,https://www.clever-fit.com/de/fitnessstudio/frankfurt-hoechst/,https://www.clever-fit.com/de/fitnessstudio/frankfurt-hoechst/,,,germany_phase1
de_7d46eafff6,clever fit,clever fit Freilassing,Lindenstraße 34,83395,Freilassing,Germany,47.837987,12.9791913,READY_TO_IMPORT,VERIFIED_CURRENT,,https://www.clever-fit.com/de/fitnessstudio/freilassing/,https://www.clever-fit.com/de/fitnessstudio/freilassing/,,,germany_phase1
de_137967609c,clever fit,clever fit Freudenstadt,Rudolf-Diesel-Str. 19,72250,Freudenstadt,Germany,48.4642523,8.445418,READY_TO_IMPORT,VERIFIED_CURRENT,,https://www.clever-fit.com/de/fitnessstudio/freudenstadt/,https://www.clever-fit.com/de/fitnessstudio/freudenstadt/,,,germany_phase1
de_6773e79582,clever fit,clever fit Friedberg,Hanauer Straße 39,61169,Friedberg,Germany,50.3328526,8.759407399999999,READY_TO_IMPORT,VERIFIED_CURRENT,,https://www.clever-fit.com/de/fitnessstudio/friedberg/,https://www.clever-fit.com/de/fitnessstudio/friedberg/,,,germany_phase1
de_6f46b0f006,clever fit,clever fit Friesoythe,Am alten Hafen 24,26169,Friesoythe,Germany,53.0203528,7.8529011,READY_TO_IMPORT,VERIFIED_CURRENT,,https://www.clever-fit.com/de/fitnessstudio/friesoythe/,https://www.clever-fit.com/de/fitnessstudio/friesoythe/,,,germany_phase1
de_170bf58418,clever fit,clever fit Fulda,Kothenbachweg 2-4,36041,Fulda,Germany,50.5458735,9.6743318,READY_TO_IMPORT,VERIFIED_CURRENT,,https://www.clever-fit.com/de/fitnessstudio/fulda/,https://www.clever-fit.com/de/fitnessstudio/fulda/,,,germany_phase1
de_d98cdbc988,clever fit,clever fit Fürstenfeldbruck,Starenweg 3,82256,Fürstenfeldbruck,Germany,48.1866944,11.2452941,READY_TO_IMPORT,VERIFIED_CURRENT,,https://www.clever-fit.com/de/fitnessstudio/fuerstenfeldbruck/,https://www.clever-fit.com/de/fitnessstudio/fuerstenfeldbruck/,,,germany_phase1
de_913f3f86e8,clever fit,clever fit Fürth,Bahnhofplatz  10,90762,Fürth,Germany,49.4705703,10.9888963,READY_TO_IMPORT,VERIFIED_CURRENT,,https://www.clever-fit.com/de/fitnessstudio/fuerth/,https://www.clever-fit.com/de/fitnessstudio/fuerth/,,,germany_phase1
de_6aed206d72,clever fit,clever fit Ganderkesee,Zur Straßenmeisterei 11,27777,Ganderkesee,Germany,53.0464,8.55858,READY_TO_IMPORT,VERIFIED_CURRENT,,https://www.clever-fit.com/de/fitnessstudio/ganderkesee/,https://www.clever-fit.com/de/fitnessstudio/ganderkesee/,,,germany_phase1
de_19b3baa8c4,clever fit,clever fit Garching,Walther-von-Dyck-Str 10,85748,Garching bei München,Germany,48.2650711,11.6714347,READY_TO_IMPORT,VERIFIED_CURRENT,,https://www.clever-fit.com/de/fitnessstudio/garching/,https://www.clever-fit.com/de/fitnessstudio/garching/,,,germany_phase1
de_a46e7fed55,clever fit,clever fit Geilenkirchen,An Fürthenrode 41,52511,Geilenkirchen,Germany,50.9830765,6.116858499999999,READY_TO_IMPORT,VERIFIED_CURRENT,,https://www.clever-fit.com/de/fitnessstudio/geilenkirchen/,https://www.clever-fit.com/de/fitnessstudio/geilenkirchen/,,,germany_phase1
de_3e45210052,clever fit,clever fit Geislingen,Siechenöschle 5,73312,Geislingen an der Steige,Germany,48.62939338195606,9.809234623313529,READY_TO_IMPORT,VERIFIED_CURRENT,,https://www.clever-fit.com/de/fitnessstudio/geislingen/,https://www.clever-fit.com/de/fitnessstudio/geislingen/,,,germany_phase1
de_960a2e2461,clever fit,clever fit Geldern,Weseler Straße 162,47608,Geldern,Germany,51.5225759,6.349852599999999,READY_TO_IMPORT,VERIFIED_CURRENT,,https://www.clever-fit.com/de/fitnessstudio/geldern/,https://www.clever-fit.com/de/fitnessstudio/geldern/,,,germany_phase1
de_3a9e521e22,clever fit,clever fit Gengenbach,Leutkirchstraße 63,77723,Gengenbach,Germany,48.41084,8.00625,READY_TO_IMPORT,VERIFIED_CURRENT,,https://www.clever-fit.com/de/fitnessstudio/gengenbach/,https://www.clever-fit.com/de/fitnessstudio/gengenbach/,,,germany_phase1
de_8bbcfef9cb,clever fit,clever fit Geretsried,Jeschkenstraße 29,82538,Geretsried,Germany,47.8493783,11.4950419,READY_TO_IMPORT,VERIFIED_CURRENT,,https://www.clever-fit.com/de/fitnessstudio/geretsried/,https://www.clever-fit.com/de/fitnessstudio/geretsried/,,,germany_phase1
de_c04489ebf6,clever fit,clever fit Gersthofen,Adelbertstraße 2,86368,Gersthofen,Germany,48.41124809999999,10.880509328836041,READY_TO_IMPORT,VERIFIED_CURRENT,,https://www.clever-fit.com/de/fitnessstudio/gersthofen/,https://www.clever-fit.com/de/fitnessstudio/gersthofen/,,,germany_phase1
de_5422a17414,clever fit,clever fit Gießen,Bahnhofstraße 82,35390,Gießen,Germany,50.5809717,8.6645521,READY_TO_IMPORT,VERIFIED_CURRENT,,https://www.clever-fit.com/de/fitnessstudio/giessen/,https://www.clever-fit.com/de/fitnessstudio/giessen/,,,germany_phase1
de_5f146092f2,clever fit,clever fit Gladbeck,Horster Str. 230,45968,Gladbeck,Germany,51.5531847,7.0024004,READY_TO_IMPORT,VERIFIED_CURRENT,,https://www.clever-fit.com/de/fitnessstudio/gladbeck/,https://www.clever-fit.com/de/fitnessstudio/gladbeck/,,,germany_phase1
de_3b80cd94dc,clever fit,clever fit Gomaringen,Bahnhofstrasse 43,72810,Gomaringen,Germany,48.45833649999999,9.1007345,READY_TO_IMPORT,VERIFIED_CURRENT,,https://www.clever-fit.com/de/fitnessstudio/gomaringen/,https://www.clever-fit.com/de/fitnessstudio/gomaringen/,,,germany_phase1
de_040d872b9e,clever fit,clever fit Gotha,Europakreuzung 1,99867,Gotha,Germany,50.9511526,10.6949334,READY_TO_IMPORT,VERIFIED_CURRENT,,https://www.clever-fit.com/de/fitnessstudio/gotha/,https://www.clever-fit.com/de/fitnessstudio/gotha/,,,germany_phase1
de_8679344704,clever fit,clever fit Greifswald,Ernst-Thälmann-Ring 56,17491,Greifswald,Germany,54.0786296,13.4138046,READY_TO_IMPORT,VERIFIED_CURRENT,,https://www.clever-fit.com/de/fitnessstudio/greifswald/,https://www.clever-fit.com/de/fitnessstudio/greifswald/,,,germany_phase1
de_98a9a865cc,clever fit,clever fit Groß-Umstadt,Georg-August-Zinn-Straße 77,64823,Groß-Umstadt,Germany,49.8715864,8.9174438,READY_TO_IMPORT,VERIFIED_CURRENT,,https://www.clever-fit.com/de/fitnessstudio/gross-umstadt/,https://www.clever-fit.com/de/fitnessstudio/gross-umstadt/,,,germany_phase1
de_b39e136acc,clever fit,clever fit Großostheim,Aschaffenburger Straße 35,63762,Großostheim,Germany,49.92717210000001,9.079381099999999,READY_TO_IMPORT,VERIFIED_CURRENT,,https://www.clever-fit.com/de/fitnessstudio/grossostheim/,https://www.clever-fit.com/de/fitnessstudio/grossostheim/,,,germany_phase1
de_7551ad77e7,clever fit,clever fit THE GYM Großwallstadt,Einsteinstraße 2,63868,Grosswallstadt,Germany,49.88283000000001,9.144589999999999,READY_TO_IMPORT,VERIFIED_CURRENT,,https://www.clever-fit.com/de/fitnessstudio/the-gym-grosswallstadt/,https://www.clever-fit.com/de/fitnessstudio/the-gym-grosswallstadt/,,,germany_phase1
de_8ef3035a33,clever fit,clever fit Göppingen,Stuttgarter Straße 2,73033,Göppingen,Germany,48.70425378505641,9.646208652149602,READY_TO_IMPORT,VERIFIED_CURRENT,,https://www.clever-fit.com/de/fitnessstudio/goeppingen/,https://www.clever-fit.com/de/fitnessstudio/goeppingen/,,,germany_phase1
de_411e380e45,clever fit,clever fit Güstrow,Ebereschenweg 2,18273,Güstrow,Germany,53.8099463,12.1930802,COMING_SOON,COMING_SOON,,https://www.clever-fit.com/de/fitnessstudio/guestrow/,https://www.clever-fit.com/de/fitnessstudio/guestrow/,,,germany_phase1
de_aad04db0c6,clever fit,clever fit Hadamar,Hospitalstraße 2,65589,Hadamar,Germany,50.4467334,8.0466894,READY_TO_IMPORT,VERIFIED_CURRENT,,https://www.clever-fit.com/de/fitnessstudio/hadamar/,https://www.clever-fit.com/de/fitnessstudio/hadamar/,,,germany_phase1
de_0285c7e128,clever fit,clever fit Hagen,Enneperstr. 150,58135,Hagen,Germany,51.33908539999999,7.394597699999998,READY_TO_IMPORT,VERIFIED_CURRENT,,https://www.clever-fit.com/de/fitnessstudio/hagen/,https://www.clever-fit.com/de/fitnessstudio/hagen/,,,germany_phase1
de_a844eaf7ee,clever fit,clever fit Hagen am Teutoburger Wald,Hüttenstraße 22,49170,Hagen am Teutoburger Wald,Germany,52.19936089999999,7.9876316,READY_TO_IMPORT,VERIFIED_CURRENT,,https://www.clever-fit.com/de/fitnessstudio/hagen-am-teutoburger-wald/,https://www.clever-fit.com/de/fitnessstudio/hagen-am-teutoburger-wald/,,,germany_phase1
de_2914b2e44c,clever fit,clever fit Haiger,Allendorfer Str. 10-12,35708,Haiger,Germany,50.7434789,8.2007615,READY_TO_IMPORT,VERIFIED_CURRENT,,https://www.clever-fit.com/de/fitnessstudio/haiger/,https://www.clever-fit.com/de/fitnessstudio/haiger/,,,germany_phase1
de_f44980e309,clever fit,clever fit Halberstadt,Rudolf-Diesel-Straße 14,38820,Halberstadt,Germany,51.8815088,11.0585844,READY_TO_IMPORT,VERIFIED_CURRENT,,https://www.clever-fit.com/de/fitnessstudio/halberstadt/,https://www.clever-fit.com/de/fitnessstudio/halberstadt/,,,germany_phase1
de_512d068ece,clever fit,clever fit Halle-Mitte,Burgstraße 33,06114,Halle (Saale),Germany,51.495404443307535,11.95711648095092,READY_TO_IMPORT,VERIFIED_CURRENT,,https://www.clever-fit.com/de/fitnessstudio/halle-mitte/,https://www.clever-fit.com/de/fitnessstudio/halle-mitte/,,,germany_phase1
de_e4afd51ad3,clever fit,clever fit Halle-Neustadt,Rennbahnring 09,06124,Halle (Saale),Germany,51.4806448,11.9421853,READY_TO_IMPORT,VERIFIED_CURRENT,,https://www.clever-fit.com/de/fitnessstudio/halle-neustadt/,https://www.clever-fit.com/de/fitnessstudio/halle-neustadt/,,,germany_phase1
de_9e17a5eb45,clever fit,clever fit Bamberg,Emil-Kemmer-Str. 13,96103,Hallstadt (Bamberg),Germany,49.9169707,10.8698452,READY_TO_IMPORT,VERIFIED_CURRENT,,https://www.clever-fit.com/de/fitnessstudio/bamberg/,https://www.clever-fit.com/de/fitnessstudio/bamberg/,,,germany_phase1
de_85e359c3e2,clever fit,clever fit Haltern am See,Recklinghäuser Str. 169,45721,Haltern am See,Germany,51.7262555,7.187654999999999,READY_TO_IMPORT,VERIFIED_CURRENT,,https://www.clever-fit.com/de/fitnessstudio/haltern-am-see/,https://www.clever-fit.com/de/fitnessstudio/haltern-am-see/,,,germany_phase1
de_0871032ab4,clever fit,clever fit Hamburg-Finkenwerder,Neßdeich 190,21129,Hamburg,Germany,53.536936,9.8457939,READY_TO_IMPORT,VERIFIED_CURRENT,,https://www.clever-fit.com/de/fitnessstudio/hamburg-finkenwerder/,https://www.clever-fit.com/de/fitnessstudio/hamburg-finkenwerder/,,,germany_phase1
de_4ff2fc0be2,clever fit,clever fit Hamburg-Neugraben,Cuxhavener Str. 344,21149,Hamburg,Germany,53.4729,9.85271,READY_TO_IMPORT,VERIFIED_CURRENT,,https://www.clever-fit.com/de/fitnessstudio/hamburg-neugraben/,https://www.clever-fit.com/de/fitnessstudio/hamburg-neugraben/,,,germany_phase1
de_be3d285f85,clever fit,clever fit Hamburg-Niendorf,Ernst-Mittelbach-Ring 49- 55,22455,Hamburg,Germany,53.6412985,9.948072,READY_TO_IMPORT,VERIFIED_CURRENT,,https://www.clever-fit.com/de/fitnessstudio/hamburg-niendorf/,https://www.clever-fit.com/de/fitnessstudio/hamburg-niendorf/,,,germany_phase1
de_fd557a61ac,clever fit,clever fit Hamburg-Osdorf,Bornheide 9,22549,Hamburg,Germany,53.5823843,9.8553564,READY_TO_IMPORT,VERIFIED_CURRENT,,https://www.clever-fit.com/de/fitnessstudio/hamburg-osdorf/,https://www.clever-fit.com/de/fitnessstudio/hamburg-osdorf/,,,germany_phase1
de_33006cf5d9,clever fit,clever fit Hamburg-Rothenburgsort,Billhorner Deich 94,20539,Hamburg,Germany,53.5389294,10.0430182,READY_TO_IMPORT,VERIFIED_CURRENT,,https://www.clever-fit.com/de/fitnessstudio/hamburg-rothenburgsort/,https://www.clever-fit.com/de/fitnessstudio/hamburg-rothenburgsort/,,,germany_phase1
de_014e66691a,clever fit,clever fit Hameln,Zinngießer Straße 8,31789,Hameln,Germany,52.0846132,9.3406042,READY_TO_IMPORT,VERIFIED_CURRENT,,https://www.clever-fit.com/de/fitnessstudio/hameln/,https://www.clever-fit.com/de/fitnessstudio/hameln/,,,germany_phase1
de_7c82211728,clever fit,clever fit Hammelburg,Kissinger Straße 84,97762,Hammelburg,Germany,50.1131521,9.9020684,READY_TO_IMPORT,VERIFIED_CURRENT,,https://www.clever-fit.com/de/fitnessstudio/hammelburg/,https://www.clever-fit.com/de/fitnessstudio/hammelburg/,,,germany_phase1
de_f17294d212,clever fit,clever fit Hanau,Adalbert-Eisenhuth-Straße 9,63457,Hanau,Germany,50.0935363,8.9568239,READY_TO_IMPORT,VERIFIED_CURRENT,,https://www.clever-fit.com/de/fitnessstudio/hanau/,https://www.clever-fit.com/de/fitnessstudio/hanau/,,,germany_phase1
de_e8602296bc,clever fit,clever fit Hanau-Mitte,Kurt-Blaum-Platz 8,63450,Hanau,Germany,50.1304736,8.922602099999999,READY_TO_IMPORT,VERIFIED_CURRENT,,https://www.clever-fit.com/de/fitnessstudio/hanau-mitte/,https://www.clever-fit.com/de/fitnessstudio/hanau-mitte/,,,germany_phase1
de_41a2d5e25f,clever fit,clever fit Harsefeld,Jahnstraße 17,21698,Harsefeld,Germany,53.4431217,9.4919388,READY_TO_IMPORT,VERIFIED_CURRENT,,https://www.clever-fit.com/de/fitnessstudio/harsefeld/,https://www.clever-fit.com/de/fitnessstudio/harsefeld/,,,germany_phase1
de_bbcda18d1e,clever fit,clever fit Haßloch,Hans-Böckler-Straße 20,67454,Haßloch,Germany,49.348158,8.244115999999963,READY_TO_IMPORT,VERIFIED_CURRENT,,https://www.clever-fit.com/de/fitnessstudio/hassloch/,https://www.clever-fit.com/de/fitnessstudio/hassloch/,,,germany_phase1
de_7dfde6884a,clever fit,clever fit Heide,Meldorfer Strasse 191,25746,Heide,Germany,54.1812839,9.0910076,READY_TO_IMPORT,VERIFIED_CURRENT,,https://www.clever-fit.com/de/fitnessstudio/heide/,https://www.clever-fit.com/de/fitnessstudio/heide/,,,germany_phase1
de_6bbfc7cf0a,clever fit,clever fit Heidelberg,Im Breitspiel 8,69126,Heidelberg,Germany,49.363610999999985,8.685775228836068,READY_TO_IMPORT,VERIFIED_CURRENT,,https://www.clever-fit.com/de/fitnessstudio/heidelberg/,https://www.clever-fit.com/de/fitnessstudio/heidelberg/,,,germany_phase1
de_eb10504c53,clever fit,clever fit Heidenau,Dresdner Straße 83,01809,Heidenau,Germany,50.9854561,13.8620718,READY_TO_IMPORT,VERIFIED_CURRENT,,https://www.clever-fit.com/de/fitnessstudio/heidenau/,https://www.clever-fit.com/de/fitnessstudio/heidenau/,,,germany_phase1
de_53266f906b,clever fit,clever fit Heilbronn-West,Neckargartacher Str. 72,74080,Heilbronn,Germany,49.14599370000001,9.1962157,READY_TO_IMPORT,VERIFIED_CURRENT,,https://www.clever-fit.com/de/fitnessstudio/heilbronn-west/,https://www.clever-fit.com/de/fitnessstudio/heilbronn-west/,,,germany_phase1
de_56a1d379a2,clever fit,clever fit Heiligenhaus,Rheinlandstr. 59 a,42579,Heiligenhaus,Germany,51.32605,6.9574053,READY_TO_IMPORT,VERIFIED_CURRENT,,https://www.clever-fit.com/de/fitnessstudio/heiligenhaus/,https://www.clever-fit.com/de/fitnessstudio/heiligenhaus/,,,germany_phase1
de_1a033bebc7,clever fit,clever fit Heinsberg,Grebbener Str. 20,52525,Heinsberg,Germany,51.0535286,6.135786599999999,READY_TO_IMPORT,VERIFIED_CURRENT,,https://www.clever-fit.com/de/fitnessstudio/heinsberg/,https://www.clever-fit.com/de/fitnessstudio/heinsberg/,,,germany_phase1
de_c05f516f81,clever fit,clever fit Hemer,Bahnhofstr. 6,58675,Hemer,Germany,51.3845653,7.7688532,READY_TO_IMPORT,VERIFIED_CURRENT,,https://www.clever-fit.com/de/fitnessstudio/hemer/,https://www.clever-fit.com/de/fitnessstudio/hemer/,,,germany_phase1
de_8d06c91507,clever fit,clever fit Hemmoor,Am Zentrum 4,21745,Hemmor,Germany,53.6863426,9.1591399,READY_TO_IMPORT,VERIFIED_CURRENT,,https://www.clever-fit.com/de/fitnessstudio/hemmoor/,https://www.clever-fit.com/de/fitnessstudio/hemmoor/,,,germany_phase1
de_98b8b499b1,clever fit,clever fit Hennigsdorf,Postplatz 4a - 4c,16761,Hennigsdorf,Germany,52.637068,13.2049538,READY_TO_IMPORT,VERIFIED_CURRENT,,https://www.clever-fit.com/de/fitnessstudio/hennigsdorf/,https://www.clever-fit.com/de/fitnessstudio/hennigsdorf/,,,germany_phase1
de_abd319b430,clever fit,clever fit Heppenheim,Hunsrückstraße 1,64646,Heppenheim,Germany,49.6392679,8.6163662,READY_TO_IMPORT,VERIFIED_CURRENT,,https://www.clever-fit.com/de/fitnessstudio/heppenheim/,https://www.clever-fit.com/de/fitnessstudio/heppenheim/,,,germany_phase1
de_2d9b5cae06,clever fit,clever fit Herborn,Gewerbepark Untere Au 3,35745,Herborn,Germany,50.669178,8.309429999999999,READY_TO_IMPORT,VERIFIED_CURRENT,,https://www.clever-fit.com/de/fitnessstudio/herborn/,https://www.clever-fit.com/de/fitnessstudio/herborn/,,,germany_phase1
de_28691ed10c,clever fit,clever fit Herdecke,Hauptstr. 63,58313,Herdecke,Germany,51.4012314,7.433121499999999,READY_TO_IMPORT,VERIFIED_CURRENT,,https://www.clever-fit.com/de/fitnessstudio/herdecke/,https://www.clever-fit.com/de/fitnessstudio/herdecke/,,,germany_phase1
de_cccbe48370,clever fit,clever fit Hersbruck,Nürnberger Str. 14,91217,Hersbruck,Germany,49.5097821,11.4266772,READY_TO_IMPORT,VERIFIED_CURRENT,,https://www.clever-fit.com/de/fitnessstudio/hersbruck/,https://www.clever-fit.com/de/fitnessstudio/hersbruck/,,,germany_phase1
de_0bf72957cf,clever fit,clever fit Hilden,Auf dem Sand 4-6,40721,Hilden,Germany,51.1762979,6.9251805,READY_TO_IMPORT,VERIFIED_CURRENT,,https://www.clever-fit.com/de/fitnessstudio/hilden/,https://www.clever-fit.com/de/fitnessstudio/hilden/,,,germany_phase1
de_be30f703e5,clever fit,clever fit Hof,Kulmbacher Str. 21,95030,Hof,Germany,50.3181289,11.9028543,READY_TO_IMPORT,VERIFIED_CURRENT,,https://www.clever-fit.com/de/fitnessstudio/hof/,https://www.clever-fit.com/de/fitnessstudio/hof/,,,germany_phase1
de_49a065786c,clever fit,clever fit Holzgerlingen,Römerstrasse 14,71088,Holzgerlingen,Germany,48.6351125,9.0078497,READY_TO_IMPORT,VERIFIED_CURRENT,,https://www.clever-fit.com/de/fitnessstudio/holzgerlingen/,https://www.clever-fit.com/de/fitnessstudio/holzgerlingen/,,,germany_phase1
de_bb3ee13a7f,clever fit,clever fit Hoyerswerda,Lipezker Platz 3-8,02977,Hoyerswerda,Germany,51.44348799999999,14.2707926,READY_TO_IMPORT,VERIFIED_CURRENT,,https://www.clever-fit.com/de/fitnessstudio/hoyerswerda/,https://www.clever-fit.com/de/fitnessstudio/hoyerswerda/,,,germany_phase1
de_c8d3dfc689,clever fit,clever fit Husum,Dieselstraße 1,25813,Husum,Germany,54.4895414,9.0750412,READY_TO_IMPORT,VERIFIED_CURRENT,,https://www.clever-fit.com/de/fitnessstudio/husum/,https://www.clever-fit.com/de/fitnessstudio/husum/,,,germany_phase1
de_d96b210e8c,clever fit,clever fit Höchberg,Leibnizstr 9,97204,Höchberg,Germany,49.7698379,9.866577999999999,READY_TO_IMPORT,VERIFIED_CURRENT,,https://www.clever-fit.com/de/fitnessstudio/hoechberg/,https://www.clever-fit.com/de/fitnessstudio/hoechberg/,,,germany_phase1
de_9e758747e4,clever fit,clever fit Höchstadt,Kieferndorfer Weg 58b,91315,Höchstadt a.d.Aisch,Germany,49.7058273,10.8273987,READY_TO_IMPORT,VERIFIED_CURRENT,,https://www.clever-fit.com/de/fitnessstudio/hoechstadt/,https://www.clever-fit.com/de/fitnessstudio/hoechstadt/,,,germany_phase1
de_db1df9cb72,clever fit,clever fit Ibbenbüren,Gutenbergstr. 6,49477,Ibbenbüren,Germany,52.2582682,7.7167121,READY_TO_IMPORT,VERIFIED_CURRENT,,https://www.clever-fit.com/de/fitnessstudio/ibbenbueren/,https://www.clever-fit.com/de/fitnessstudio/ibbenbueren/,,,germany_phase1
de_b5514aac58,clever fit,clever fit Idstein,Black & Decker Str. 17,65510,Idstein,Germany,50.211613,8.254508999999999,READY_TO_IMPORT,VERIFIED_CURRENT,,https://www.clever-fit.com/de/fitnessstudio/idstein/,https://www.clever-fit.com/de/fitnessstudio/idstein/,,,germany_phase1
de_63980364ab,clever fit,clever fit Ingolstadt,Neuburger Straße 65,85057,Ingolstadt,Germany,48.768737632156345,11.401193253372973,READY_TO_IMPORT,VERIFIED_CURRENT,,https://www.clever-fit.com/de/fitnessstudio/ingolstadt/,https://www.clever-fit.com/de/fitnessstudio/ingolstadt/,,,germany_phase1
de_cc806a4b98,clever fit,clever fit Ismaning,Oskar-Messter-Str. 25,85737,Ismaning,Germany,48.2338047,11.6795116,READY_TO_IMPORT,VERIFIED_CURRENT,,https://www.clever-fit.com/de/fitnessstudio/ismaning/,https://www.clever-fit.com/de/fitnessstudio/ismaning/,,,germany_phase1
de_3de500c00a,clever fit,clever fit Itzehoe,Oelixdorfer Str. 2,25524,Itzehoe,Germany,53.9243835,9.5296706,READY_TO_IMPORT,VERIFIED_CURRENT,,https://www.clever-fit.com/de/fitnessstudio/itzehoe/,https://www.clever-fit.com/de/fitnessstudio/itzehoe/,,,germany_phase1
de_06688ae734,clever fit,clever fit Jena,Leutragraben 2-4,07743,Jena,Germany,50.9288853,11.5833874,READY_TO_IMPORT,VERIFIED_CURRENT,,https://www.clever-fit.com/de/fitnessstudio/jena/,https://www.clever-fit.com/de/fitnessstudio/jena/,,,germany_phase1
de_e3261f22e9,clever fit,clever fit Jülich,Margaretenstr. 12,52428,Jülich,Germany,50.9075202,6.3610349,READY_TO_IMPORT,VERIFIED_CURRENT,,https://www.clever-fit.com/de/fitnessstudio/juelich/,https://www.clever-fit.com/de/fitnessstudio/juelich/,,,germany_phase1
de_93ba18f53d,clever fit,clever fit Kaltenkirchen,Porschering 12,24568,Kaltenkirchen,Germany,53.8286404,9.970943499999999,READY_TO_IMPORT,VERIFIED_CURRENT,,https://www.clever-fit.com/de/fitnessstudio/kaltenkirchen/,https://www.clever-fit.com/de/fitnessstudio/kaltenkirchen/,,,germany_phase1
de_445c71ffa9,clever fit,clever fit Kamp-Lintfort,Am Rathaus 2-4,47475,Kamp - Lintfort,Germany,51.50398000000001,6.54758,READY_TO_IMPORT,VERIFIED_CURRENT,,https://www.clever-fit.com/de/fitnessstudio/kamp-lintfort/,https://www.clever-fit.com/de/fitnessstudio/kamp-lintfort/,,,germany_phase1
de_026f22570a,clever fit,clever fit Karben,Bahnhofstrasse 195,61184,Karben,Germany,50.2338627,8.7548367,READY_TO_IMPORT,VERIFIED_CURRENT,,https://www.clever-fit.com/de/fitnessstudio/karben/,https://www.clever-fit.com/de/fitnessstudio/karben/,,,germany_phase1
de_33e38f10f3,clever fit,clever fit Karlsruhe,Zeppelinstraße 14,76185,Karlsruhe,Germany,49.0026667,8.360580299999999,READY_TO_IMPORT,VERIFIED_CURRENT,,https://www.clever-fit.com/de/fitnessstudio/karlsruhe/,https://www.clever-fit.com/de/fitnessstudio/karlsruhe/,,,germany_phase1
de_fe753c01ab,clever fit,clever fit Kaufbeuren,Am Graben 10,87600,Kaufbeuren,Germany,47.8797607,10.6254094,READY_TO_IMPORT,VERIFIED_CURRENT,,https://www.clever-fit.com/de/fitnessstudio/kaufbeuren/,https://www.clever-fit.com/de/fitnessstudio/kaufbeuren/,,,germany_phase1
de_de7e833051,clever fit,clever fit Kempten,Bahnhofstraße 1,87435,Kempten,Germany,47.7239064,10.3151625,READY_TO_IMPORT,VERIFIED_CURRENT,,https://www.clever-fit.com/de/fitnessstudio/kempten/,https://www.clever-fit.com/de/fitnessstudio/kempten/,,,germany_phase1
de_84fe1b3ea7,clever fit,clever fit Kerpen,Stiftsstr. 224,50171,Kerpen,Germany,50.8669485,6.6763249,READY_TO_IMPORT,VERIFIED_CURRENT,,https://www.clever-fit.com/de/fitnessstudio/kerpen/,https://www.clever-fit.com/de/fitnessstudio/kerpen/,,,germany_phase1
de_3bd50f6698,clever fit,clever fit Kirchseeon,Siriusstraße 7,85614,Kirchseeon,Germany,48.0830806,11.8531213,READY_TO_IMPORT,VERIFIED_CURRENT,,https://www.clever-fit.com/de/fitnessstudio/kirchseeon/,https://www.clever-fit.com/de/fitnessstudio/kirchseeon/,,,germany_phase1
de_cca3f7bb01,clever fit,clever fit Kitzingen,Flugplatzstrasse 25a,97318,Kitzingen,Germany,49.74163,10.18408,READY_TO_IMPORT,VERIFIED_CURRENT,,https://www.clever-fit.com/de/fitnessstudio/kitzingen/,https://www.clever-fit.com/de/fitnessstudio/kitzingen/,,,germany_phase1
de_981c5c070c,clever fit,clever fit Kolbermoor,Rosenheimer Str. 58,83059,Kolbermoor,Germany,47.84814,12.0773,READY_TO_IMPORT,VERIFIED_CURRENT,,https://www.clever-fit.com/de/fitnessstudio/kolbermoor/,https://www.clever-fit.com/de/fitnessstudio/kolbermoor/,,,germany_phase1
de_b14bf2ca57,clever fit,clever fit Konstanz,Rudolf-Diesel-Str. 1,78467,Konstanz,Germany,47.67404,9.15254,READY_TO_IMPORT,VERIFIED_CURRENT,,https://www.clever-fit.com/de/fitnessstudio/konstanz/,https://www.clever-fit.com/de/fitnessstudio/konstanz/,,,germany_phase1
de_45896bdad9,clever fit,clever fit Korbach,Am Mühlengraben 2,34497,Korbach,Germany,51.2810777,8.8591807,READY_TO_IMPORT,VERIFIED_CURRENT,,https://www.clever-fit.com/de/fitnessstudio/korbach/,https://www.clever-fit.com/de/fitnessstudio/korbach/,,,germany_phase1
de_801dbdbfe0,clever fit,clever fit Kreuzau,Flemingstr. 7. - 11,52372,Kreuzau,Germany,50.7499974,6.4882681,READY_TO_IMPORT,VERIFIED_CURRENT,,https://www.clever-fit.com/de/fitnessstudio/kreuzau/,https://www.clever-fit.com/de/fitnessstudio/kreuzau/,,,germany_phase1
de_31b8813318,clever fit,clever fit Kulmbach,Kronacher Str. 27,95326,Kulmbach,Germany,50.11225289999999,11.4465811,READY_TO_IMPORT,VERIFIED_CURRENT,,https://www.clever-fit.com/de/fitnessstudio/kulmbach/,https://www.clever-fit.com/de/fitnessstudio/kulmbach/,,,germany_phase1
de_054e99c903,clever fit,clever fit Königs-Wusterhausen,Fontaneplatz 9d,15711,Königs-Wusterhausen,Germany,52.28846,13.61693,READY_TO_IMPORT,VERIFIED_CURRENT,,https://www.clever-fit.com/de/fitnessstudio/koenigs-wusterhausen/,https://www.clever-fit.com/de/fitnessstudio/koenigs-wusterhausen/,,,germany_phase1
de_21d1334210,clever fit,clever fit Königsbrunn,Hunnenstraße 2,86343,Königsbrunn,Germany,48.29016370000001,10.8893497,READY_TO_IMPORT,VERIFIED_CURRENT,,https://www.clever-fit.com/de/fitnessstudio/koenigsbrunn/,https://www.clever-fit.com/de/fitnessstudio/koenigsbrunn/,,,germany_phase1
de_037dfc302b,clever fit,clever fit Amberg-Kümmersbruck,Porschestraße 2,92245,Kümmersbruck,Germany,49.42695084978231,11.873723571129217,READY_TO_IMPORT,VERIFIED_CURRENT,,https://www.clever-fit.com/de/fitnessstudio/amberg-kuemmersbruck/,https://www.clever-fit.com/de/fitnessstudio/amberg-kuemmersbruck/,,,germany_phase1
de_fcbabac7bc,clever fit,clever fit Lahr,Europastraße 5,77933,Lahr,Germany,48.3487044,7.8250305,READY_TO_IMPORT,VERIFIED_CURRENT,,https://www.clever-fit.com/de/fitnessstudio/lahr/,https://www.clever-fit.com/de/fitnessstudio/lahr/,,,germany_phase1
de_8cc2a4806a,clever fit,clever fit Lampertheim,Wilhelmstraße 45,68623,Lampertheim,Germany,49.5942313,8.470319,READY_TO_IMPORT,VERIFIED_CURRENT,,https://www.clever-fit.com/de/fitnessstudio/lampertheim/,https://www.clever-fit.com/de/fitnessstudio/lampertheim/,,,germany_phase1
de_4ed042a0c7,clever fit,clever fit Landsberg am Lech,Augsburger Str. 52,86899,Landsberg am Lech,Germany,48.0611854,10.8675961,READY_TO_IMPORT,VERIFIED_CURRENT,,https://www.clever-fit.com/de/fitnessstudio/landsberg-am-lech/,https://www.clever-fit.com/de/fitnessstudio/landsberg-am-lech/,,,germany_phase1
de_2c61e059d0,clever fit,clever fit Landshut,Oberndorferstraße 2,84032,Landshut,Germany,48.550208,12.1383947,READY_TO_IMPORT,VERIFIED_CURRENT,,https://www.clever-fit.com/de/fitnessstudio/landshut/,https://www.clever-fit.com/de/fitnessstudio/landshut/,,,germany_phase1
de_e60f00bb7f,clever fit,clever fit Landshut-West,Ludwig-Erhard-Str. 36,84034,Landshut,Germany,48.5414086,12.1069909,READY_TO_IMPORT,VERIFIED_CURRENT,,https://www.clever-fit.com/de/fitnessstudio/landshut-west/,https://www.clever-fit.com/de/fitnessstudio/landshut-west/,,,germany_phase1
de_21befb935e,clever fit,clever fit Langen,Bahnstraße 2,63225,Langen,Germany,49.9892949,8.6747714,READY_TO_IMPORT,VERIFIED_CURRENT,,https://www.clever-fit.com/de/fitnessstudio/langen/,https://www.clever-fit.com/de/fitnessstudio/langen/,,,germany_phase1
de_73dbce0acd,clever fit,clever fit Langenfeld,Bahnhofstraße 41,40764,Langenfeld,Germany,51.1007842,6.9404381,READY_TO_IMPORT,VERIFIED_CURRENT,,https://www.clever-fit.com/de/fitnessstudio/langenfeld/,https://www.clever-fit.com/de/fitnessstudio/langenfeld/,,,germany_phase1
de_a271279e59,clever fit,clever fit Langenhagen,Marktplatz 5,30853,Langenhagen,Germany,52.4394943,9.7386506,READY_TO_IMPORT,VERIFIED_CURRENT,,https://www.clever-fit.com/de/fitnessstudio/langenhagen/,https://www.clever-fit.com/de/fitnessstudio/langenhagen/,,,germany_phase1
de_ebc4abfbf0,clever fit,clever fit Langweid am Lech,Parkstraße 33,86462,Langweid,Germany,48.46989,10.8560474,READY_TO_IMPORT,VERIFIED_CURRENT,,https://www.clever-fit.com/de/fitnessstudio/langweid-am-lech/,https://www.clever-fit.com/de/fitnessstudio/langweid-am-lech/,,,germany_phase1
de_de0976b73f,clever fit,clever fit Leipzig,Holzhäuser Straße 124,04299,Leipzig,Germany,51.3188447,12.4294106,READY_TO_IMPORT,VERIFIED_CURRENT,,https://www.clever-fit.com/de/fitnessstudio/leipzig/,https://www.clever-fit.com/de/fitnessstudio/leipzig/,,,germany_phase1
de_e508d5b81f,clever fit,clever fit Leipzig Mitte,Kohlgartenstr. 11,04315,Leipzig,Germany,51.34400979999999,12.3946369,READY_TO_IMPORT,VERIFIED_CURRENT,,https://www.clever-fit.com/de/fitnessstudio/leipzig-mitte/,https://www.clever-fit.com/de/fitnessstudio/leipzig-mitte/,,,germany_phase1
de_2519f6d8fa,clever fit,clever fit Leonberg,Römerstraße 74,71229,Leonberg,Germany,48.7963408,9.0105082,READY_TO_IMPORT,VERIFIED_CURRENT,,https://www.clever-fit.com/de/fitnessstudio/leonberg/,https://www.clever-fit.com/de/fitnessstudio/leonberg/,,,germany_phase1
de_02381c6299,clever fit,clever fit Lich,Zum Fuchsstrauch 2,35423,Lich,Germany,50.5161775,8.8054332,READY_TO_IMPORT,VERIFIED_CURRENT,,https://www.clever-fit.com/de/fitnessstudio/lich/,https://www.clever-fit.com/de/fitnessstudio/lich/,,,germany_phase1
de_fd2c545767,clever fit,clever fit Lichtenfels,Reuthstraße 39,96215,Lichtenfels,Germany,50.1345913,11.051801,READY_TO_IMPORT,VERIFIED_CURRENT,,https://www.clever-fit.com/de/fitnessstudio/lichtenfels/,https://www.clever-fit.com/de/fitnessstudio/lichtenfels/,,,germany_phase1
de_88f42e62d5,clever fit,clever fit Lindenberg,Hauptstr. 52-54,88161,Lindenberg,Germany,47.60290819999999,9.8884261,READY_TO_IMPORT,VERIFIED_CURRENT,,https://www.clever-fit.com/de/fitnessstudio/lindenberg/,https://www.clever-fit.com/de/fitnessstudio/lindenberg/,,,germany_phase1
de_a5232bfebd,clever fit,clever fit Linz am Rhein,Asbacher Straße 75,53545,Linz am Rhein,Germany,50.5708382,7.288558600000001,READY_TO_IMPORT,VERIFIED_CURRENT,,https://www.clever-fit.com/de/fitnessstudio/linz-am-rhein/,https://www.clever-fit.com/de/fitnessstudio/linz-am-rhein/,,,germany_phase1
de_58d88b489c,clever fit,clever fit Lippstadt,Erwitter Straße 93,59557,Lippstadt,Germany,51.6608017,8.3447573,READY_TO_IMPORT,VERIFIED_CURRENT,,https://www.clever-fit.com/de/fitnessstudio/lippstadt/,https://www.clever-fit.com/de/fitnessstudio/lippstadt/,,,germany_phase1
de_7e0b41a208,clever fit,clever fit Lohr am Main,Weinbergweg 6,97816,Lohr am Main,Germany,50.0013344,9.5738908,READY_TO_IMPORT,VERIFIED_CURRENT,,https://www.clever-fit.com/de/fitnessstudio/lohr-am-main/,https://www.clever-fit.com/de/fitnessstudio/lohr-am-main/,,,germany_phase1
de_ea09d751a9,clever fit,clever fit Ludwigsfelde,Potsdamer Straße 54b,14974,Ludwigsfelde,Germany,52.3028427,13.2566644,READY_TO_IMPORT,VERIFIED_CURRENT,,https://www.clever-fit.com/de/fitnessstudio/ludwigsfelde/,https://www.clever-fit.com/de/fitnessstudio/ludwigsfelde/,,,germany_phase1
de_778f7bf973,clever fit,clever fit Ludwigshafen,Mannheimer Straße 65,67071,Ludwigshafen am Rhein,Germany,49.4890307,8.3855272,READY_TO_IMPORT,VERIFIED_CURRENT,,https://www.clever-fit.com/de/fitnessstudio/ludwigshafen/,https://www.clever-fit.com/de/fitnessstudio/ludwigshafen/,,,germany_phase1
de_56bec40c14,clever fit,clever fit Bad Oeynhausen,Ringstr. 36,32584,Löhne,Germany,52.2054032,8.7829961,READY_TO_IMPORT,VERIFIED_CURRENT,,https://www.clever-fit.com/de/fitnessstudio/bad-oeynhausen/,https://www.clever-fit.com/de/fitnessstudio/bad-oeynhausen/,,,germany_phase1
de_8899a562e9,clever fit,clever fit Lübeck-Ost,Im Gleisdreieck 4,23566,Lübeck,Germany,53.8703467,10.7415937,READY_TO_IMPORT,VERIFIED_CURRENT,,https://www.clever-fit.com/de/fitnessstudio/luebeck-ost/,https://www.clever-fit.com/de/fitnessstudio/luebeck-ost/,,,germany_phase1
de_9d25d2ce03,clever fit,clever fit Lübeck-Süd,Kronsforder Allee 126A,23560,Lübeck,Germany,53.8417559,10.6777359,READY_TO_IMPORT,VERIFIED_CURRENT,,https://www.clever-fit.com/de/fitnessstudio/luebeck-sued/,https://www.clever-fit.com/de/fitnessstudio/luebeck-sued/,,,germany_phase1
de_5d89b057fc,clever fit,clever fit Mannheim-Neckarstadt,Maybachstraße 10-12,68169,Mannheim,Germany,49.5042596709019,8.471940694477453,READY_TO_IMPORT,VERIFIED_CURRENT,,https://www.clever-fit.com/de/fitnessstudio/mannheim-neckarstadt/,https://www.clever-fit.com/de/fitnessstudio/mannheim-neckarstadt/,,,germany_phase1
de_4f6a2e7339,clever fit,clever fit Marktheidenfeld,Georg-Mayr-Straße 6,97828,Marktheidenfeld,Germany,49.849242,9.6004779,READY_TO_IMPORT,VERIFIED_CURRENT,,https://www.clever-fit.com/de/fitnessstudio/marktheidenfeld/,https://www.clever-fit.com/de/fitnessstudio/marktheidenfeld/,,,germany_phase1
de_557acff0bc,clever fit,clever fit Marktredwitz,Wölsauer Straße 8,95615,Marktredwitz,Germany,50.0039697,12.0982159,READY_TO_IMPORT,VERIFIED_CURRENT,,https://www.clever-fit.com/de/fitnessstudio/marktredwitz/,https://www.clever-fit.com/de/fitnessstudio/marktredwitz/,,,germany_phase1
de_79de10224e,clever fit,clever fit Mechernich,Bruchgasse 21,53894,Mechernich,Germany,50.5895078,6.663294899999999,READY_TO_IMPORT,VERIFIED_CURRENT,,https://www.clever-fit.com/de/fitnessstudio/mechernich/,https://www.clever-fit.com/de/fitnessstudio/mechernich/,,,germany_phase1
de_d726c60253,clever fit,clever fit Melle,Am Elseufer  5,49324,Melle,Germany,52.2052401,8.3403114,READY_TO_IMPORT,VERIFIED_CURRENT,,https://www.clever-fit.com/de/fitnessstudio/melle/,https://www.clever-fit.com/de/fitnessstudio/melle/,,,germany_phase1
de_58586f439a,clever fit,clever fit Memmingen,Zeissweg 2,87700,Memmingen,Germany,47.966928,10.1833164,READY_TO_IMPORT,VERIFIED_CURRENT,,https://www.clever-fit.com/de/fitnessstudio/memmingen/,https://www.clever-fit.com/de/fitnessstudio/memmingen/,,,germany_phase1
de_ac8848341e,clever fit,clever fit Mering,Wallbergstraße 10-12,86415,Mering,Germany,48.256495,10.9859582,READY_TO_IMPORT,VERIFIED_CURRENT,,https://www.clever-fit.com/de/fitnessstudio/mering/,https://www.clever-fit.com/de/fitnessstudio/mering/,,,germany_phase1
de_044d3790e3,clever fit,clever fit Metzingen,Stettertstr. 6/1,72555,Metzingen,Germany,48.5331098,9.2759296,READY_TO_IMPORT,VERIFIED_CURRENT,,https://www.clever-fit.com/de/fitnessstudio/metzingen/,https://www.clever-fit.com/de/fitnessstudio/metzingen/,,,germany_phase1
de_28751ff5bb,clever fit,clever fit Miesbach,Oskar-von-Miller-Straße 12,83714,Miesbach,Germany,47.79671,11.8379846,READY_TO_IMPORT,VERIFIED_CURRENT,,https://www.clever-fit.com/de/fitnessstudio/miesbach/,https://www.clever-fit.com/de/fitnessstudio/miesbach/,,,germany_phase1
de_924b7716b2,clever fit,clever fit Moormerland,Theodor-Heuss-Straße 10f,26802,Moormerland,Germany,53.3096744,7.485142000000001,READY_TO_IMPORT,VERIFIED_CURRENT,,https://www.clever-fit.com/de/fitnessstudio/moormerland/,https://www.clever-fit.com/de/fitnessstudio/moormerland/,,,germany_phase1
de_6e88263039,clever fit,clever fit Mosbach,Pfalzgraf-Otto-Straße 48/1,74821,Mosbach,Germany,49.3422531,9.128268799999999,READY_TO_IMPORT,VERIFIED_CURRENT,,https://www.clever-fit.com/de/fitnessstudio/mosbach/,https://www.clever-fit.com/de/fitnessstudio/mosbach/,,,germany_phase1
de_9eeaf783af,clever fit,clever fit Munster,Emminger Weg 2,29633,Munster,Germany,52.98483,10.08887,READY_TO_IMPORT,VERIFIED_CURRENT,,https://www.clever-fit.com/de/fitnessstudio/munster/,https://www.clever-fit.com/de/fitnessstudio/munster/,,,germany_phase1
de_a67ebb87ec,clever fit,clever fit Mölln,Delvenauweg 4,23879,Mölln,Germany,53.6132703,10.6742784,READY_TO_IMPORT,VERIFIED_CURRENT,,https://www.clever-fit.com/de/fitnessstudio/moelln/,https://www.clever-fit.com/de/fitnessstudio/moelln/,,,germany_phase1
de_12d9490645,clever fit,clever fit Mönchengladbach,Rheindahlener Straße 6,41189,Mönchengladbach,Germany,51.1318735,6.409247799999999,READY_TO_IMPORT,VERIFIED_CURRENT,,https://www.clever-fit.com/de/fitnessstudio/moenchengladbach/,https://www.clever-fit.com/de/fitnessstudio/moenchengladbach/,,,germany_phase1
de_4c29cb6ed4,clever fit,clever fit Mörlenbach,Weinheimer Straße 50,69509,Mörlenbach,Germany,49.5926756,8.7316894,READY_TO_IMPORT,VERIFIED_CURRENT,,https://www.clever-fit.com/de/fitnessstudio/moerlenbach/,https://www.clever-fit.com/de/fitnessstudio/moerlenbach/,,,germany_phase1
de_23b040effb,clever fit,clever fit Mössingen,Maybachstr. 3,72116,Mössingen,Germany,48.4079827,9.0408786,READY_TO_IMPORT,VERIFIED_CURRENT,,https://www.clever-fit.com/de/fitnessstudio/moessingen/,https://www.clever-fit.com/de/fitnessstudio/moessingen/,,,germany_phase1
de_16673a8bf0,clever fit,clever fit Mühlacker,Bahnhofstraße 98-100,75417,Mühlacker,Germany,48.9519629,8.8439956,READY_TO_IMPORT,VERIFIED_CURRENT,,https://www.clever-fit.com/de/fitnessstudio/muehlacker/,https://www.clever-fit.com/de/fitnessstudio/muehlacker/,,,germany_phase1
de_14e2c4e60d,clever fit,clever fit Mühldorf am Inn,Bürgermeister-Hauch-Straße 1,84453,Mühldorf,Germany,48.2611346,12.5441745,READY_TO_IMPORT,VERIFIED_CURRENT,,https://www.clever-fit.com/de/fitnessstudio/muehldorf-am-inn/,https://www.clever-fit.com/de/fitnessstudio/muehldorf-am-inn/,,,germany_phase1
de_47c99d8554,clever fit,clever fit Basic Fit - München-Mitte,Marsstraße 20,80335,München,Germany,48.1434885,11.5581372,READY_TO_IMPORT,VERIFIED_CURRENT,,https://www.clever-fit.com/de/fitnessstudio/muenchen-mitte/,https://www.clever-fit.com/de/fitnessstudio/muenchen-mitte/,,,germany_phase1
de_ec415a4ee3,clever fit,clever fit Basic Fit - München-Olympiapark,Moosacher Straße 67,80809,München,Germany,48.18537509999999,11.5542967,READY_TO_IMPORT,VERIFIED_CURRENT,,https://www.clever-fit.com/de/fitnessstudio/muenchen-olympiapark/,https://www.clever-fit.com/de/fitnessstudio/muenchen-olympiapark/,,,germany_phase1
de_30a97e8efb,clever fit,clever fit München-Berg am Laim,Berg-am-Laim-Straße 99,81673,München,Germany,48.1300268,11.6225554,READY_TO_IMPORT,VERIFIED_CURRENT,,https://www.clever-fit.com/de/fitnessstudio/muenchen-berg-am-laim/,https://www.clever-fit.com/de/fitnessstudio/muenchen-berg-am-laim/,,,germany_phase1
de_240632d404,clever fit,clever fit München-Giesing,Chiemgaustraße 148,81549,München,Germany,48.1084431,11.6050205,READY_TO_IMPORT,VERIFIED_CURRENT,,https://www.clever-fit.com/de/fitnessstudio/muenchen-giesing/,https://www.clever-fit.com/de/fitnessstudio/muenchen-giesing/,,,germany_phase1
de_e0137aecbb,clever fit,clever fit München-Aubing,Bodenseestraße 279-281,81249,München-Aubing,Germany,48.141915,11.4192402,READY_TO_IMPORT,VERIFIED_CURRENT,,https://www.clever-fit.com/de/fitnessstudio/muenchen-aubing/,https://www.clever-fit.com/de/fitnessstudio/muenchen-aubing/,,,germany_phase1
de_153f67c97a,clever fit,clever fit Münster Süd,Hammer Straße 343,48153,Münster,Germany,51.930649,7.627667700000001,READY_TO_IMPORT,VERIFIED_CURRENT,,https://www.clever-fit.com/de/fitnessstudio/muenster-sued/,https://www.clever-fit.com/de/fitnessstudio/muenster-sued/,,,germany_phase1
de_c46acdfac5,clever fit,clever fit Nagold,Meisterweg 15,72202,Nagold,Germany,48.5485407,8.724253899999999,READY_TO_IMPORT,VERIFIED_CURRENT,,https://www.clever-fit.com/de/fitnessstudio/nagold/,https://www.clever-fit.com/de/fitnessstudio/nagold/,,,germany_phase1
de_56ae0430cf,clever fit,clever fit Nauen,Dammstraße 27,14641,Nauen,Germany,52.6117198,12.8819631,READY_TO_IMPORT,VERIFIED_CURRENT,,https://www.clever-fit.com/de/fitnessstudio/nauen/,https://www.clever-fit.com/de/fitnessstudio/nauen/,,,germany_phase1
de_cd6d23a1dc,clever fit,clever fit Neu Wulmstorf,Bahnhofstraße 33-37,21629,Neu Wulmstorf,Germany,53.4671989,9.7923622,READY_TO_IMPORT,VERIFIED_CURRENT,,https://www.clever-fit.com/de/fitnessstudio/neu-wulmstorf/,https://www.clever-fit.com/de/fitnessstudio/neu-wulmstorf/,,,germany_phase1
de_0412056d72,clever fit,clever fit Neu-Isenburg,Frankfurter Str. 175-181,63263,Neu-Isenburg,Germany,50.0484556,8.6949936,READY_TO_IMPORT,VERIFIED_CURRENT,,https://www.clever-fit.com/de/fitnessstudio/neu-isenburg/,https://www.clever-fit.com/de/fitnessstudio/neu-isenburg/,,,germany_phase1
de_b44d46d81a,clever fit,clever fit Neu-Ulm,Otto-Hahn-Str. 4,89231,Neu-Ulm,Germany,48.3881908,10.0353805,READY_TO_IMPORT,VERIFIED_CURRENT,,https://www.clever-fit.com/de/fitnessstudio/neu-ulm/,https://www.clever-fit.com/de/fitnessstudio/neu-ulm/,,,germany_phase1
de_3623e52e68,clever fit,clever fit Basic Fit - Neubrandenburg,Juri-Gagarin-Ring 1,17036,Neubrandenburg,Germany,53.5543369,13.2930968,READY_TO_IMPORT,VERIFIED_CURRENT,,https://www.clever-fit.com/de/fitnessstudio/neubrandenburg/,https://www.clever-fit.com/de/fitnessstudio/neubrandenburg/,,,germany_phase1
de_1c495c3034,clever fit,clever fit Neuburg,Längenmühlweg 28,86633,Neuburg/Donau,Germany,48.7261812,11.1977774,READY_TO_IMPORT,VERIFIED_CURRENT,,https://www.clever-fit.com/de/fitnessstudio/neuburg/,https://www.clever-fit.com/de/fitnessstudio/neuburg/,,,germany_phase1
de_360477094f,clever fit,clever fit Neufahrn bei München,Zeppelinstraße 2,85375,Neufahrn,Germany,48.3140462,11.6505444,READY_TO_IMPORT,VERIFIED_CURRENT,,https://www.clever-fit.com/de/fitnessstudio/neufahrn-bei-muenchen/,https://www.clever-fit.com/de/fitnessstudio/neufahrn-bei-muenchen/,,,germany_phase1
de_b66716ee25,clever fit,clever fit Neukirchen-Vluyn,Pascalstraße 5,47506,Neukirchen-Vluyn,Germany,51.43284209999999,6.5457478,READY_TO_IMPORT,VERIFIED_CURRENT,,https://www.clever-fit.com/de/fitnessstudio/neukirchen-vluyn/,https://www.clever-fit.com/de/fitnessstudio/neukirchen-vluyn/,,,germany_phase1
de_b5af57b03f,clever fit,clever fit Neuruppin,August-Bebel-Str. 47-48,16816,Neuruppin,Germany,52.92535849999999,12.8035921,READY_TO_IMPORT,VERIFIED_CURRENT,,https://www.clever-fit.com/de/fitnessstudio/neuruppin/,https://www.clever-fit.com/de/fitnessstudio/neuruppin/,,,germany_phase1
de_eace88fa8c,clever fit,clever fit Neuss,Am Reuschenberger Markt 2,41466,Neuss,Germany,51.1666099,6.6833952,READY_TO_IMPORT,VERIFIED_CURRENT,,https://www.clever-fit.com/de/fitnessstudio/neuss/,https://www.clever-fit.com/de/fitnessstudio/neuss/,,,germany_phase1
de_38ff638441,clever fit,clever fit Neustadt a. d. Donau,Gewerbepark 17 b,93333,Neustadt an der Donau,Germany,48.7927004,11.7640346,READY_TO_IMPORT,VERIFIED_CURRENT,,https://www.clever-fit.com/de/fitnessstudio/neustadt-a-d-donau/,https://www.clever-fit.com/de/fitnessstudio/neustadt-a-d-donau/,,,germany_phase1
de_0dab456dde,clever fit,clever fit Neuötting,Braumeisterstraße 4,84524,Neuötting,Germany,48.2414851,12.7107922,READY_TO_IMPORT,VERIFIED_CURRENT,,https://www.clever-fit.com/de/fitnessstudio/neuoetting/,https://www.clever-fit.com/de/fitnessstudio/neuoetting/,,,germany_phase1
de_20f9a8ef6f,clever fit,clever fit Nierstein,Boschstraße 1,55283,Nierstein,Germany,49.8638132,8.3316495,READY_TO_IMPORT,VERIFIED_CURRENT,,https://www.clever-fit.com/de/fitnessstudio/nierstein/,https://www.clever-fit.com/de/fitnessstudio/nierstein/,,,germany_phase1
de_19dd995402,clever fit,clever fit Nordenham,Friedrich-Ebert-Straße 6-12,26954,Nordenham,Germany,53.4854362,8.484919099999999,READY_TO_IMPORT,VERIFIED_CURRENT,,https://www.clever-fit.com/de/fitnessstudio/nordenham/,https://www.clever-fit.com/de/fitnessstudio/nordenham/,,,germany_phase1
de_0d884d0945,clever fit,clever fit Northeim,Grafenhof 3,37154,Northeim,Germany,51.7063412,9.998259,READY_TO_IMPORT,VERIFIED_CURRENT,,https://www.clever-fit.com/de/fitnessstudio/northeim/,https://www.clever-fit.com/de/fitnessstudio/northeim/,,,germany_phase1
de_0bb919ff5c,clever fit,clever fit Nördlingen,Bachäcker 3,86720,Nördlingen,Germany,48.8602208,10.4706719,READY_TO_IMPORT,VERIFIED_CURRENT,,https://www.clever-fit.com/de/fitnessstudio/noerdlingen/,https://www.clever-fit.com/de/fitnessstudio/noerdlingen/,,,germany_phase1
de_9eef9a6c05,clever fit,clever fit Nürnberg-Süd,Dieselstraße 77,90441,Nürnberg,Germany,49.4284414,11.0307579,READY_TO_IMPORT,VERIFIED_CURRENT,,https://www.clever-fit.com/de/fitnessstudio/nuernberg-sued/,https://www.clever-fit.com/de/fitnessstudio/nuernberg-sued/,,,germany_phase1
de_a9d0effee6,clever fit,clever fit Nürtingen,Steinenbergstraße 10,72622,Nürtingen,Germany,48.627543,9.340145699999999,READY_TO_IMPORT,VERIFIED_CURRENT,,https://www.clever-fit.com/de/fitnessstudio/nuertingen/,https://www.clever-fit.com/de/fitnessstudio/nuertingen/,,,germany_phase1
de_f97d915e10,clever fit,clever fit Oberlungwitz,Poststraße 2,09353,Oberlungwitz,Germany,50.78686446072226,12.72376339447745,READY_TO_IMPORT,VERIFIED_CURRENT,,https://www.clever-fit.com/de/fitnessstudio/oberlungwitz/,https://www.clever-fit.com/de/fitnessstudio/oberlungwitz/,,,germany_phase1
de_72b3124a56,clever fit,clever fit Oberursel,Adenauerallee 21,61440,Oberursel,Germany,50.200614,8.5837203,READY_TO_IMPORT,VERIFIED_CURRENT,,https://www.clever-fit.com/de/fitnessstudio/oberursel/,https://www.clever-fit.com/de/fitnessstudio/oberursel/,,,germany_phase1
de_d681e42cc1,clever fit,clever fit Offenburg,Heinrich-Hertz-Str. 13,77656,Offenburg,Germany,48.47420959999999,7.929621300000001,READY_TO_IMPORT,VERIFIED_CURRENT,,https://www.clever-fit.com/de/fitnessstudio/offenburg/,https://www.clever-fit.com/de/fitnessstudio/offenburg/,,,germany_phase1
de_fdf641c13a,clever fit,clever fit Olching,Feursstraße 56,82140,Olching,Germany,48.2157929,11.3474697,READY_TO_IMPORT,VERIFIED_CURRENT,,https://www.clever-fit.com/de/fitnessstudio/olching/,https://www.clever-fit.com/de/fitnessstudio/olching/,,,germany_phase1
de_39f4480ebb,clever fit,clever fit Olpe,Bilsteiner Straße 19,57462,Olpe,Germany,51.0368338,7.8586392,READY_TO_IMPORT,VERIFIED_CURRENT,,https://www.clever-fit.com/de/fitnessstudio/olpe/,https://www.clever-fit.com/de/fitnessstudio/olpe/,,,germany_phase1
de_6128d343f3,clever fit,clever fit Oranienburg,Berliner Straße 57-59,16515,Oranienburg,Germany,52.74686,13.23689,READY_TO_IMPORT,VERIFIED_CURRENT,,https://www.clever-fit.com/de/fitnessstudio/oranienburg/,https://www.clever-fit.com/de/fitnessstudio/oranienburg/,,,germany_phase1
de_3b1f0ae536,clever fit,clever fit Osnabrück,Am Schürholz 5,49078,Osnabrück,Germany,52.2654147,7.974735499999999,READY_TO_IMPORT,VERIFIED_CURRENT,,https://www.clever-fit.com/de/fitnessstudio/osnabrueck/,https://www.clever-fit.com/de/fitnessstudio/osnabrueck/,,,germany_phase1
de_fd8f43b3d4,clever fit,clever fit Pegnitz,Bahnhofsteig 10,91257,Pegnitz,Germany,49.75669,11.54484,READY_TO_IMPORT,VERIFIED_CURRENT,,https://www.clever-fit.com/de/fitnessstudio/pegnitz/,https://www.clever-fit.com/de/fitnessstudio/pegnitz/,,,germany_phase1
de_b54aca4d54,clever fit,clever fit Pfaffenhofen,Ledererstr. 9,85276,Pfaffenhofen,Germany,48.5243605,11.5337588,READY_TO_IMPORT,VERIFIED_CURRENT,,https://www.clever-fit.com/de/fitnessstudio/pfaffenhofen/,https://www.clever-fit.com/de/fitnessstudio/pfaffenhofen/,,,germany_phase1
de_aa87b3ee13,clever fit,clever fit Pfarrkirchen,Steffelsöd 16,84347,Pfarrkirchen,Germany,48.4454286,12.9329447,READY_TO_IMPORT,VERIFIED_CURRENT,,https://www.clever-fit.com/de/fitnessstudio/pfarrkirchen/,https://www.clever-fit.com/de/fitnessstudio/pfarrkirchen/,,,germany_phase1
de_aac7ffd4e4,clever fit,clever fit Pforzheim,Östliche Karl-Friedrich-Straße 69,75175,Pforzheim,Germany,48.89246929999999,8.7092305,READY_TO_IMPORT,VERIFIED_CURRENT,,https://www.clever-fit.com/de/fitnessstudio/pforzheim/,https://www.clever-fit.com/de/fitnessstudio/pforzheim/,,,germany_phase1
de_8608b7b4a2,clever fit,clever fit Pfullingen,Gönningerstr. 99,72793,Pfullingen,Germany,48.4561911,9.2187444,READY_TO_IMPORT,VERIFIED_CURRENT,,https://www.clever-fit.com/de/fitnessstudio/pfullingen/,https://www.clever-fit.com/de/fitnessstudio/pfullingen/,,,germany_phase1
de_4ff67d404a,clever fit,clever fit Pirna,Longuyoner Str. 1,01796,Pirna,Germany,50.950258,13.9519072,READY_TO_IMPORT,VERIFIED_CURRENT,,https://www.clever-fit.com/de/fitnessstudio/pirna/,https://www.clever-fit.com/de/fitnessstudio/pirna/,,,germany_phase1
de_9c074f45f9,clever fit,clever fit Plauen,Trögerstr. 1,08527,Plauen,Germany,50.49191649999999,12.1424622,READY_TO_IMPORT,VERIFIED_CURRENT,,https://www.clever-fit.com/de/fitnessstudio/plauen/,https://www.clever-fit.com/de/fitnessstudio/plauen/,,,germany_phase1
de_419c1efb91,clever fit,clever fit Starnberg,Gut Schmalzhof 1f,82343,Pöcking,Germany,47.9828391,11.3158792,READY_TO_IMPORT,VERIFIED_CURRENT,,https://www.clever-fit.com/de/fitnessstudio/starnberg/,https://www.clever-fit.com/de/fitnessstudio/starnberg/,,,germany_phase1
de_122b8bb78f,clever fit,clever fit Radevormwald,Schlossmacherstraße 7,42477,Radevormwald,Germany,51.2019408,7.359824599999999,READY_TO_IMPORT,VERIFIED_CURRENT,,https://www.clever-fit.com/de/fitnessstudio/radevormwald/,https://www.clever-fit.com/de/fitnessstudio/radevormwald/,,,germany_phase1
de_f080817988,clever fit,clever fit Rastatt,Bahnhofstraße 4-6,76437,Rastatt,Germany,48.85775599999999,8.2075362,READY_TO_IMPORT,VERIFIED_CURRENT,,https://www.clever-fit.com/de/fitnessstudio/rastatt/,https://www.clever-fit.com/de/fitnessstudio/rastatt/,,,germany_phase1
de_537d9182b2,clever fit,clever fit Rathenow,Märkischer Platz 2,14712,Rathenow,Germany,52.60637389999999,12.3412933,READY_TO_IMPORT,VERIFIED_CURRENT,,https://www.clever-fit.com/de/fitnessstudio/rathenow/,https://www.clever-fit.com/de/fitnessstudio/rathenow/,,,germany_phase1
de_0893f9419b,clever fit,clever fit Ratingen-Breitscheid Premium,An der Pönt 45,40885,Ratingen,Germany,51.3516947,6.8652881,READY_TO_IMPORT,VERIFIED_CURRENT,,https://www.clever-fit.com/de/fitnessstudio/ratingen-breitscheid-premium/,https://www.clever-fit.com/de/fitnessstudio/ratingen-breitscheid-premium/,,,germany_phase1
de_2bca6b07cf,clever fit,clever fit Regensburg,Merianweg 4,93051,Regensburg,Germany,49.005467400000015,12.062323546627054,READY_TO_IMPORT,VERIFIED_CURRENT,,https://www.clever-fit.com/de/fitnessstudio/regensburg/,https://www.clever-fit.com/de/fitnessstudio/regensburg/,,,germany_phase1
de_0ed7494bf6,clever fit,clever fit Regenstauf,Regensburger Straße 31,93128,Regenstauf,Germany,49.1182486,12.1270129,READY_TO_IMPORT,VERIFIED_CURRENT,,https://www.clever-fit.com/de/fitnessstudio/regenstauf/,https://www.clever-fit.com/de/fitnessstudio/regenstauf/,,,germany_phase1
de_2cd31b1815,clever fit,clever fit Reichenbach,Lengenfelder Str. 3,08468,Reichenbach,Germany,50.61519999999999,12.31024,READY_TO_IMPORT,VERIFIED_CURRENT,,https://www.clever-fit.com/de/fitnessstudio/reichenbach/,https://www.clever-fit.com/de/fitnessstudio/reichenbach/,,,germany_phase1
de_7514c20ee4,clever fit,clever fit Rendsburg,Anton-Schmid Straße 6,24768,Rendsburg,Germany,54.3063359,9.6429685,READY_TO_IMPORT,VERIFIED_CURRENT,,https://www.clever-fit.com/de/fitnessstudio/rendsburg/,https://www.clever-fit.com/de/fitnessstudio/rendsburg/,,,germany_phase1
de_e951a21337,clever fit,clever fit Reutlingen THE GYM,Tübinger Straße 96,72764,Reutlingen,Germany,48.4948207,9.1958636,READY_TO_IMPORT,VERIFIED_CURRENT,,https://www.clever-fit.com/de/fitnessstudio/reutlingen-city-cf/,https://www.clever-fit.com/de/fitnessstudio/reutlingen-city-cf/,,,germany_phase1
de_4a9681dee8,clever fit,clever fit Reutlingen-Sondelfingen,Heubergstraße 11,72766,Reutlingen,Germany,48.5138486,9.2173646,READY_TO_IMPORT,VERIFIED_CURRENT,,https://www.clever-fit.com/de/fitnessstudio/reutlingen-sondelfingen/,https://www.clever-fit.com/de/fitnessstudio/reutlingen-sondelfingen/,,,germany_phase1
de_7a84e11573,clever fit,clever fit Rheda Wiedenbrück,Herzebrocker Str. 29,33378,Rheda-Wiedenbrück,Germany,51.8596005,8.2796716,READY_TO_IMPORT,VERIFIED_CURRENT,,https://www.clever-fit.com/de/fitnessstudio/rheda-wiedenbrueck/,https://www.clever-fit.com/de/fitnessstudio/rheda-wiedenbrueck/,,,germany_phase1
de_291a3d99c9,clever fit,clever fit Rheinfelden,Peter-Krauseneck-Strasse 16,79618,Rheinfelden,Germany,47.5710431,7.7946141,READY_TO_IMPORT,VERIFIED_CURRENT,,https://www.clever-fit.com/de/fitnessstudio/rheinfelden/,https://www.clever-fit.com/de/fitnessstudio/rheinfelden/,,,germany_phase1
de_91528b5f44,clever fit,clever fit Rostock-Mitte,Maßmannstraße 14,18057,Rostock,Germany,54.0905762,12.1058938,READY_TO_IMPORT,VERIFIED_CURRENT,,https://www.clever-fit.com/de/fitnessstudio/rostock-mitte/,https://www.clever-fit.com/de/fitnessstudio/rostock-mitte/,,,germany_phase1
de_0f0df57926,clever fit,clever fit Rostock-Ost,Albert-Schweitzer-Straße 48,18147,Rostock,Germany,54.11631,12.14951,READY_TO_IMPORT,VERIFIED_CURRENT,,https://www.clever-fit.com/de/fitnessstudio/rostock-ost/,https://www.clever-fit.com/de/fitnessstudio/rostock-ost/,,,germany_phase1
de_23477f1ae7,clever fit,clever fit Rotenburg (Wümme),Verdener Straße 75,27356,Rotenburg,Germany,53.0982743,9.3797181,READY_TO_IMPORT,VERIFIED_CURRENT,,https://www.clever-fit.com/de/fitnessstudio/rotenburg-wuemme/,https://www.clever-fit.com/de/fitnessstudio/rotenburg-wuemme/,,,germany_phase1
de_b8235585e7,clever fit,clever fit Rottweil,Tuttlinger Straße 67,78628,Rottweil,Germany,48.1501674,8.640954700000002,READY_TO_IMPORT,VERIFIED_CURRENT,,https://www.clever-fit.com/de/fitnessstudio/rottweil/,https://www.clever-fit.com/de/fitnessstudio/rottweil/,,,germany_phase1
de_5c0a33f857,clever fit,clever fit Röthenbach a.d. Pegnitz,Rückersdorferstr. 45/47,90552,Röthenbach,Germany,49.4851049,11.2445905,READY_TO_IMPORT,VERIFIED_CURRENT,,https://www.clever-fit.com/de/fitnessstudio/roethenbach-a-d-pegnitz/,https://www.clever-fit.com/de/fitnessstudio/roethenbach-a-d-pegnitz/,,,germany_phase1
de_b49d230bef,clever fit,clever fit Schleiz,Oschitzer Straße 31,07907,Schleiz,Germany,50.5744661,11.801424,READY_TO_IMPORT,VERIFIED_CURRENT,,https://www.clever-fit.com/de/fitnessstudio/schleiz/,https://www.clever-fit.com/de/fitnessstudio/schleiz/,,,germany_phase1
de_2adec3b27e,clever fit,clever fit Schleswig,Berliner Str. 39,24837,Schleswig,Germany,54.5242178,9.5567083,READY_TO_IMPORT,VERIFIED_CURRENT,,https://www.clever-fit.com/de/fitnessstudio/schleswig/,https://www.clever-fit.com/de/fitnessstudio/schleswig/,,,germany_phase1
de_ce0ff624d6,clever fit,clever fit Schneverdingen,Harburger Str. 52,29640,Schneverdingen,Germany,53.1234443,9.8037315,READY_TO_IMPORT,VERIFIED_CURRENT,,https://www.clever-fit.com/de/fitnessstudio/schneverdingen/,https://www.clever-fit.com/de/fitnessstudio/schneverdingen/,,,germany_phase1
de_705dd89f67,clever fit,clever fit Schongau,Schwabsoiener Str. 3,86956,Schongau,Germany,47.8079609,10.8789229,READY_TO_IMPORT,VERIFIED_CURRENT,,https://www.clever-fit.com/de/fitnessstudio/schongau/,https://www.clever-fit.com/de/fitnessstudio/schongau/,,,germany_phase1
de_24a7e608e9,clever fit,clever fit Schopfheim,Hohe-Flum-Straße 57,79650,Schopfheim,Germany,47.643405,7.810817699999999,COMING_SOON,COMING_SOON,,https://www.clever-fit.com/de/fitnessstudio/schopfheim/,https://www.clever-fit.com/de/fitnessstudio/schopfheim/,,,germany_phase1
de_48601f44f4,clever fit,clever fit Schorndorf,Stuttgarter Str. 11,73614,Schorndorf,Germany,48.8053811,9.5177654,READY_TO_IMPORT,VERIFIED_CURRENT,,https://www.clever-fit.com/de/fitnessstudio/schorndorf/,https://www.clever-fit.com/de/fitnessstudio/schorndorf/,,,germany_phase1
de_7ad25a9f19,clever fit,clever fit Schramberg,Lauterbacher Straße 16,78713,Schramberg,Germany,48.2226867,8.3831337,READY_TO_IMPORT,VERIFIED_CURRENT,,https://www.clever-fit.com/de/fitnessstudio/schramberg/,https://www.clever-fit.com/de/fitnessstudio/schramberg/,,,germany_phase1
de_91226b319a,clever fit,clever fit Schrobenhausen,Rudolf-Diesel-Str. 5,86529,Schrobenhausen,Germany,48.5656753,11.2896612,READY_TO_IMPORT,VERIFIED_CURRENT,,https://www.clever-fit.com/de/fitnessstudio/schrobenhausen/,https://www.clever-fit.com/de/fitnessstudio/schrobenhausen/,,,germany_phase1
de_552adfc37c,clever fit,clever fit Schwabmünchen,Kaufbeurer Straße 54,86830,Schwabmünchen,Germany,48.1705232,10.7555922,READY_TO_IMPORT,VERIFIED_CURRENT,,https://www.clever-fit.com/de/fitnessstudio/schwabmuenchen-cf/,https://www.clever-fit.com/de/fitnessstudio/schwabmuenchen-cf/,,,germany_phase1
de_0f64cad7a9,clever fit,clever fit Schwandorf,Regensburger Straße 47,92421,Schwandorf,Germany,49.3176387,12.1043004,READY_TO_IMPORT,VERIFIED_CURRENT,,https://www.clever-fit.com/de/fitnessstudio/schwandorf/,https://www.clever-fit.com/de/fitnessstudio/schwandorf/,,,germany_phase1
de_fd318c300f,clever fit,clever fit Schwedt,Landgrabenpark 1,16303,Schwedt/Oder,Germany,53.065546,14.2734919,READY_TO_IMPORT,VERIFIED_CURRENT,,https://www.clever-fit.com/de/fitnessstudio/schwedt/,https://www.clever-fit.com/de/fitnessstudio/schwedt/,,,germany_phase1
de_504933c8c4,clever fit,clever fit Schweinfurt,Landwehrstrasse 44,97421,Schweinfurt,Germany,50.0427595,10.2183758,READY_TO_IMPORT,VERIFIED_CURRENT,,https://www.clever-fit.com/de/fitnessstudio/schweinfurt/,https://www.clever-fit.com/de/fitnessstudio/schweinfurt/,,,germany_phase1
de_da6448d196,clever fit,clever fit Schwenningen,Roßbergstraße 2,78056,Schwenningen,Germany,48.0623373,8.555000999999999,READY_TO_IMPORT,VERIFIED_CURRENT,,https://www.clever-fit.com/de/fitnessstudio/schwenningen-cf/,https://www.clever-fit.com/de/fitnessstudio/schwenningen-cf/,,,germany_phase1
de_3ad98e5d89,clever fit,clever fit Schwentinental,Mergenthaler Straße 3,24223,Schwentinental,Germany,54.2868991,10.2258971,READY_TO_IMPORT,VERIFIED_CURRENT,,https://www.clever-fit.com/de/fitnessstudio/schwentinental/,https://www.clever-fit.com/de/fitnessstudio/schwentinental/,,,germany_phase1
de_148f7cf98f,clever fit,clever fit Schwäbisch Gmünd,Ledergasse 44,73525,Schwäbisch Gmünd,Germany,48.8010518,9.793096499999999,READY_TO_IMPORT,VERIFIED_CURRENT,,https://www.clever-fit.com/de/fitnessstudio/schwaebisch-gmuend/,https://www.clever-fit.com/de/fitnessstudio/schwaebisch-gmuend/,,,germany_phase1
de_df28a10931,clever fit,clever fit Seelze,Immengarten 10a,30926,Seelze,Germany,52.38920210000001,9.577874699999999,READY_TO_IMPORT,VERIFIED_CURRENT,,https://www.clever-fit.com/de/fitnessstudio/seelze/,https://www.clever-fit.com/de/fitnessstudio/seelze/,,,germany_phase1
de_8133a6caea,clever fit,clever fit Meckelfeld,Melkerstieg 20,21217,Seevetal,Germany,53.424549,10.0281906,READY_TO_IMPORT,VERIFIED_CURRENT,,https://www.clever-fit.com/de/fitnessstudio/meckelfeld/,https://www.clever-fit.com/de/fitnessstudio/meckelfeld/,,,germany_phase1
de_dbaf35213a,clever fit,clever fit Senden,Industriestr. 1A,48308,Senden,Germany,51.8465089,7.4877881,READY_TO_IMPORT,VERIFIED_CURRENT,,https://www.clever-fit.com/de/fitnessstudio/senden/,https://www.clever-fit.com/de/fitnessstudio/senden/,,,germany_phase1
de_2d1e5d2d1f,clever fit,clever fit Siegen,Freudenberger Str. 448,57072,Siegen,Germany,50.8829747,7.9691867,READY_TO_IMPORT,VERIFIED_CURRENT,,https://www.clever-fit.com/de/fitnessstudio/siegen-cf/,https://www.clever-fit.com/de/fitnessstudio/siegen-cf/,,,germany_phase1
de_4314d119ed,clever fit,clever fit Sigmaringen,Friedrich-List-Str. 11,72488,Sigmaringen,Germany,48.0819262,9.2382667,READY_TO_IMPORT,VERIFIED_CURRENT,,https://www.clever-fit.com/de/fitnessstudio/sigmaringen-cf/,https://www.clever-fit.com/de/fitnessstudio/sigmaringen-cf/,,,germany_phase1
de_d6fb7e5d1f,clever fit,clever fit Sonneberg,Neustädter Straße 199,96515,Sonneberg,Germany,50.3429082,11.1510279,READY_TO_IMPORT,VERIFIED_CURRENT,,https://www.clever-fit.com/de/fitnessstudio/sonneberg-cf/,https://www.clever-fit.com/de/fitnessstudio/sonneberg-cf/,,,germany_phase1
de_742d7b5c37,clever fit,clever fit Sonthofen,Immenstädterstraße 13b,87527,Sonthofen,Germany,47.5107312,10.2743325,READY_TO_IMPORT,VERIFIED_CURRENT,,https://www.clever-fit.com/de/fitnessstudio/sonthofen/,https://www.clever-fit.com/de/fitnessstudio/sonthofen/,,,germany_phase1
de_4482ddaba4,clever fit,clever fit Stade,Hansestraße 30,21682,Stade,Germany,53.60851899999999,9.4757763,READY_TO_IMPORT,VERIFIED_CURRENT,,https://www.clever-fit.com/de/fitnessstudio/stade-cf/,https://www.clever-fit.com/de/fitnessstudio/stade-cf/,,,germany_phase1
de_93c4fccc63,clever fit,clever fit Stadtallendorf,Niederkleiner Str. 7,35260,Stadtallendorf,Germany,50.8240384,9.0149644,READY_TO_IMPORT,VERIFIED_CURRENT,,https://www.clever-fit.com/de/fitnessstudio/stadtallendorf-cf/,https://www.clever-fit.com/de/fitnessstudio/stadtallendorf-cf/,,,germany_phase1
de_f71988ed68,clever fit,clever fit Steinfurt,Goldstraße 13,48565,Steinfurt,Germany,52.149096,7.3276948,READY_TO_IMPORT,VERIFIED_CURRENT,,https://www.clever-fit.com/de/fitnessstudio/steinfurt/,https://www.clever-fit.com/de/fitnessstudio/steinfurt/,,,germany_phase1
de_ad27023c97,clever fit,clever fit Stolberg,Steinfurt 2,52222,Stolberg,Germany,50.7931259,6.227606799999999,COMING_SOON,COMING_SOON,,https://www.clever-fit.com/de/fitnessstudio/stolberg-cf/,https://www.clever-fit.com/de/fitnessstudio/stolberg-cf/,,,germany_phase1
de_06611d85e9,clever fit,clever fit Stralsund,Gewerbestraße 6,18437,Stralsund,Germany,54.3103938,13.0453441,READY_TO_IMPORT,VERIFIED_CURRENT,,https://www.clever-fit.com/de/fitnessstudio/stralsund/,https://www.clever-fit.com/de/fitnessstudio/stralsund/,,,germany_phase1
de_413f7a1c53,clever fit,clever fit NEXT Straßlach,Gewerbestrasse 5,82064,Straßlach-Dingharting,Germany,47.9973006,11.510488,READY_TO_IMPORT,VERIFIED_CURRENT,,https://www.clever-fit.com/de/fitnessstudio/strasslach-cf/,https://www.clever-fit.com/de/fitnessstudio/strasslach-cf/,,,germany_phase1
de_b57ba11b92,clever fit,clever fit Stuttgart-Vaihingen,Handwerkstr. 4,70565,Stuttgart,Germany,48.72176,9.129579999999999,READY_TO_IMPORT,VERIFIED_CURRENT,,https://www.clever-fit.com/de/fitnessstudio/stuttgart-vaihingen/,https://www.clever-fit.com/de/fitnessstudio/stuttgart-vaihingen/,,,germany_phase1
de_608ce565bf,clever fit,clever fit Sulz am Neckar,Rosenstrasse 12,72172,Sulz,Germany,48.36637229999999,8.6353185,READY_TO_IMPORT,VERIFIED_CURRENT,,https://www.clever-fit.com/de/fitnessstudio/sulz-am-neckar/,https://www.clever-fit.com/de/fitnessstudio/sulz-am-neckar/,,,germany_phase1
de_97736c22d3,clever fit,clever fit Tauberbischofsheim,Ringstraße 22,97941,Tauberbischofsheim,Germany,49.6234417,9.661833399999999,READY_TO_IMPORT,VERIFIED_CURRENT,,https://www.clever-fit.com/de/fitnessstudio/tauberbischofsheim/,https://www.clever-fit.com/de/fitnessstudio/tauberbischofsheim/,,,germany_phase1
de_97c4531c8f,clever fit,clever fit Teltow,Potsdamer Straße 37B,14513,Teltow,Germany,52.400902,13.253171000000066,READY_TO_IMPORT,VERIFIED_CURRENT,,https://www.clever-fit.com/de/fitnessstudio/teltow/,https://www.clever-fit.com/de/fitnessstudio/teltow/,,,germany_phase1
de_31ae2f6392,clever fit,clever fit Traunreut,Waginger Straße 5,83301,Traunreut,Germany,47.9613035,12.6114003,READY_TO_IMPORT,VERIFIED_CURRENT,,https://www.clever-fit.com/de/fitnessstudio/traunreut/,https://www.clever-fit.com/de/fitnessstudio/traunreut/,,,germany_phase1
de_a255057dd4,clever fit,clever fit Traunstein,Kotzinger Straße 25,83278,Traunstein,Germany,47.8837063,12.6279067,READY_TO_IMPORT,VERIFIED_CURRENT,,https://www.clever-fit.com/de/fitnessstudio/traunstein/,https://www.clever-fit.com/de/fitnessstudio/traunstein/,,,germany_phase1
de_d700ea3f8a,clever fit,clever fit Tuttlingen,Schlößleweg 1,78532,Tuttlingen,Germany,47.9839408,8.8290053,READY_TO_IMPORT,VERIFIED_CURRENT,,https://www.clever-fit.com/de/fitnessstudio/tuttlingen/,https://www.clever-fit.com/de/fitnessstudio/tuttlingen/,,,germany_phase1
de_35598b092c,clever fit,clever fit Uelzen,Bohldamm 61 a + b,29525,Uelzen,Germany,52.96103650000001,10.546279,READY_TO_IMPORT,VERIFIED_CURRENT,,https://www.clever-fit.com/de/fitnessstudio/uelzen/,https://www.clever-fit.com/de/fitnessstudio/uelzen/,,,germany_phase1
de_2ae67b55e2,clever fit,clever fit Uetersen,Großer Sand 2,25436,Uetersen,Germany,53.6832964,9.6648006,READY_TO_IMPORT,VERIFIED_CURRENT,,https://www.clever-fit.com/de/fitnessstudio/uetersen/,https://www.clever-fit.com/de/fitnessstudio/uetersen/,,,germany_phase1
de_59aba41fc5,clever fit,clever fit Ulm,In der Wanne 47,89075,Ulm,Germany,48.4038344,9.9521771,READY_TO_IMPORT,VERIFIED_CURRENT,,https://www.clever-fit.com/de/fitnessstudio/ulm/,https://www.clever-fit.com/de/fitnessstudio/ulm/,,,germany_phase1
de_b9fd085b8b,clever fit,clever fit Unterföhring,Feringastr. 14,85774,Unterföhring,Germany,48.1778306,11.6352415,READY_TO_IMPORT,VERIFIED_CURRENT,,https://www.clever-fit.com/de/fitnessstudio/unterfoehring/,https://www.clever-fit.com/de/fitnessstudio/unterfoehring/,,,germany_phase1
de_af9d495c77,clever fit,clever fit Unterhaching,Inselkammerstraße 12 -14,82008,Unterhaching,Germany,48.05513999999999,11.6103401,READY_TO_IMPORT,VERIFIED_CURRENT,,https://www.clever-fit.com/de/fitnessstudio/unterhaching/,https://www.clever-fit.com/de/fitnessstudio/unterhaching/,,,germany_phase1
de_a8dc676d8a,clever fit,clever fit Basic Fit - Unterschleißheim,Elisabeth-Schiemann-Bogen,85716,Unterschleißheim,Germany,48.27202643827183,11.560434584968204,READY_TO_IMPORT,VERIFIED_CURRENT,,https://www.clever-fit.com/de/fitnessstudio/unterschleissheim/,https://www.clever-fit.com/de/fitnessstudio/unterschleissheim/,,,germany_phase1
de_f834e46f30,clever fit,clever fit Usingen,Neuer Marktplatz 2,61250,Usingen,Germany,50.334771,8.533237999999999,READY_TO_IMPORT,VERIFIED_CURRENT,,https://www.clever-fit.com/de/fitnessstudio/usingen/,https://www.clever-fit.com/de/fitnessstudio/usingen/,,,germany_phase1
de_51bf50b0a0,clever fit,clever fit Varel,Obernstraße 8,26316,Varel,Germany,53.3953785,8.1399599,READY_TO_IMPORT,VERIFIED_CURRENT,,https://www.clever-fit.com/de/fitnessstudio/varel/,https://www.clever-fit.com/de/fitnessstudio/varel/,,,germany_phase1
de_c8049f6846,clever fit,clever fit Vaterstetten,Rossinistraße 15-19,85598,Vaterstetten,Germany,48.1052288,11.7875526,READY_TO_IMPORT,VERIFIED_CURRENT,,https://www.clever-fit.com/de/fitnessstudio/vaterstetten/,https://www.clever-fit.com/de/fitnessstudio/vaterstetten/,,,germany_phase1
de_fc9fe46477,clever fit,clever fit Velbert-Langenberg,Froweinplatz 6a,42555,Velbert,Germany,51.3528339,7.1215297,READY_TO_IMPORT,VERIFIED_CURRENT,,https://www.clever-fit.com/de/fitnessstudio/velbert-langenberg/,https://www.clever-fit.com/de/fitnessstudio/velbert-langenberg/,,,germany_phase1
de_251ea2b5bf,clever fit,clever fit Velbert-Neviges,Schieferbruch 2-6,42553,Velbert,Germany,51.3050724,7.1065823,READY_TO_IMPORT,VERIFIED_CURRENT,,https://www.clever-fit.com/de/fitnessstudio/velbert-neviges/,https://www.clever-fit.com/de/fitnessstudio/velbert-neviges/,,,germany_phase1
de_025300e046,clever fit,clever fit Viersen,Grefrather Str. 67,41749,Viersen,Germany,51.2945986,6.3640222,READY_TO_IMPORT,VERIFIED_CURRENT,,https://www.clever-fit.com/de/fitnessstudio/viersen/,https://www.clever-fit.com/de/fitnessstudio/viersen/,,,germany_phase1
de_71141617ad,clever fit,clever fit Villingen-Schwenningen,Klinikstraße 3,78052,Villingen - Schwenningen,Germany,48.0631486,8.500143399999999,READY_TO_IMPORT,VERIFIED_CURRENT,,https://www.clever-fit.com/de/fitnessstudio/villingen-schwenningen/,https://www.clever-fit.com/de/fitnessstudio/villingen-schwenningen/,,,germany_phase1
de_d5761b486d,clever fit,clever fit Vilsbiburg,Ohmstraße 8,84137,Vilsbiburg,Germany,48.4522185,12.3339939,READY_TO_IMPORT,VERIFIED_CURRENT,,https://www.clever-fit.com/de/fitnessstudio/vilsbiburg/,https://www.clever-fit.com/de/fitnessstudio/vilsbiburg/,,,germany_phase1
de_a9220ae12d,clever fit,clever fit Vilshofen,Kapuzinerstr. 11,94474,Vilshofen,Germany,48.6348299,13.1837296,READY_TO_IMPORT,VERIFIED_CURRENT,,https://www.clever-fit.com/de/fitnessstudio/vilshofen/,https://www.clever-fit.com/de/fitnessstudio/vilshofen/,,,germany_phase1
de_7ec9059427,clever fit,clever fit Voerde,Poststraße 43,46562,Voerde,Germany,51.6289266,6.6474461,READY_TO_IMPORT,VERIFIED_CURRENT,,https://www.clever-fit.com/de/fitnessstudio/voerde/,https://www.clever-fit.com/de/fitnessstudio/voerde/,,,germany_phase1
de_49fdb61929,clever fit,clever fit Waldkraiburg,Berlinerstr. 9,84478,Waldkraiburg,Germany,48.207964,12.4016625,READY_TO_IMPORT,VERIFIED_CURRENT,,https://www.clever-fit.com/de/fitnessstudio/waldkraiburg/,https://www.clever-fit.com/de/fitnessstudio/waldkraiburg/,,,germany_phase1
de_0e3efa48d6,clever fit,clever fit Waldshut-Tiengen,Berliner Straße 12,79761,Waldshut - Tiengen,Germany,47.632647,8.2808609,READY_TO_IMPORT,VERIFIED_CURRENT,,https://www.clever-fit.com/de/fitnessstudio/waldshut-tiengen/,https://www.clever-fit.com/de/fitnessstudio/waldshut-tiengen/,,,germany_phase1
de_5990ff9b56,clever fit,clever fit Waren-Müritz,Marcus-Str. 4,17192,Waren,Germany,53.51458909999999,12.7304761,READY_TO_IMPORT,VERIFIED_CURRENT,,https://www.clever-fit.com/de/fitnessstudio/waren-mueritz/,https://www.clever-fit.com/de/fitnessstudio/waren-mueritz/,,,germany_phase1
de_e9250f15db,clever fit,clever fit Warstein,Hauptstraße  63-65,59581,Warstein,Germany,51.445128,8.3542022,READY_TO_IMPORT,VERIFIED_CURRENT,,https://www.clever-fit.com/de/fitnessstudio/warstein/,https://www.clever-fit.com/de/fitnessstudio/warstein/,,,germany_phase1
de_b18bd5ed2b,clever fit,clever fit Biberach,Untere Stegwiesen 14,88447,Warthausen,Germany,48.1336208,9.8045736,READY_TO_IMPORT,VERIFIED_CURRENT,,https://www.clever-fit.com/de/fitnessstudio/biberach/,https://www.clever-fit.com/de/fitnessstudio/biberach/,,,germany_phase1
de_27c5f0d12f,clever fit,clever fit Wasserburg am Inn,Am Aussichtsturm 5,83512,Wasserburg am Inn,Germany,48.05579669999999,12.2361408,READY_TO_IMPORT,VERIFIED_CURRENT,,https://www.clever-fit.com/de/fitnessstudio/wasserburg-am-inn/,https://www.clever-fit.com/de/fitnessstudio/wasserburg-am-inn/,,,germany_phase1
de_c1df519aaa,clever fit,clever fit Weilheim,Münchener Str. 67A,82362,Weilheim,Germany,47.8521735,11.1515961,READY_TO_IMPORT,VERIFIED_CURRENT,,https://www.clever-fit.com/de/fitnessstudio/weilheim/,https://www.clever-fit.com/de/fitnessstudio/weilheim/,,,germany_phase1
de_e4945e6781,clever fit,clever fit Weimar,Rießnerstraße 12,99427,Weimar,Germany,50.99411895590862,11.326113617790993,READY_TO_IMPORT,VERIFIED_CURRENT,,https://www.clever-fit.com/de/fitnessstudio/weimar/,https://www.clever-fit.com/de/fitnessstudio/weimar/,,,germany_phase1
de_d242907d49,clever fit,clever fit Weingarten,Danziger Str. 5,88250,Weingarten,Germany,47.8196387,9.6441061,READY_TO_IMPORT,VERIFIED_CURRENT,,https://www.clever-fit.com/de/fitnessstudio/weingarten/,https://www.clever-fit.com/de/fitnessstudio/weingarten/,,,germany_phase1
de_2367967d0e,clever fit,clever fit Weinheim,Quittenstraße 3,69469,Weinheim,Germany,49.5289438,8.6575402,READY_TO_IMPORT,VERIFIED_CURRENT,,https://www.clever-fit.com/de/fitnessstudio/weinheim/,https://www.clever-fit.com/de/fitnessstudio/weinheim/,,,germany_phase1
de_83149bb6b4,clever fit,clever fit Weißenburg,Eichstätter Straße 29 a,91781,Weißenburg,Germany,49.0280944,10.985605,READY_TO_IMPORT,VERIFIED_CURRENT,,https://www.clever-fit.com/de/fitnessstudio/weissenburg/,https://www.clever-fit.com/de/fitnessstudio/weissenburg/,,,germany_phase1
de_4341c19639,clever fit,clever fit Welzheim,Industriestr. 7,73642,Welzheim,Germany,48.8746819,9.6304205,READY_TO_IMPORT,VERIFIED_CURRENT,,https://www.clever-fit.com/de/fitnessstudio/welzheim/,https://www.clever-fit.com/de/fitnessstudio/welzheim/,,,germany_phase1
de_f58e8c6667,clever fit,clever fit Wendelstein,Querstraße 4,90530,Wendelstein,Germany,49.3520473,11.1467334,READY_TO_IMPORT,VERIFIED_CURRENT,,https://www.clever-fit.com/de/fitnessstudio/wendelstein/,https://www.clever-fit.com/de/fitnessstudio/wendelstein/,,,germany_phase1
de_5dfc0434fb,clever fit,clever fit Werder / Havel,Adolf-Damaschke-Straße 60,14542,Werder (Havel),Germany,52.3921402,12.9275042,READY_TO_IMPORT,VERIFIED_CURRENT,,https://www.clever-fit.com/de/fitnessstudio/werder-havel/,https://www.clever-fit.com/de/fitnessstudio/werder-havel/,,,germany_phase1
de_71326e310a,clever fit,clever fit Werl,Steinerstraße 45,59457,Werl,Germany,51.550476,7.915009899999999,READY_TO_IMPORT,VERIFIED_CURRENT,,https://www.clever-fit.com/de/fitnessstudio/werl/,https://www.clever-fit.com/de/fitnessstudio/werl/,,,germany_phase1
de_dc3d0d5a98,clever fit,clever fit Wermelskirchen,Eich 36-42,42929,Wermelskirchen,Germany,51.1371601,7.210106799999999,READY_TO_IMPORT,VERIFIED_CURRENT,,https://www.clever-fit.com/de/fitnessstudio/wermelskirchen/,https://www.clever-fit.com/de/fitnessstudio/wermelskirchen/,,,germany_phase1
de_b1fd65a4c8,clever fit,clever fit Werne,Moormannplatz 14-20,59368,Werne,Germany,51.6638903,7.6367027,READY_TO_IMPORT,VERIFIED_CURRENT,,https://www.clever-fit.com/de/fitnessstudio/werne/,https://www.clever-fit.com/de/fitnessstudio/werne/,,,germany_phase1
de_7c556bebd8,clever fit,clever fit Wernigerode,Ilsenburger Str. 31c,38855,Wernigerode,Germany,51.837505,10.7680428,READY_TO_IMPORT,VERIFIED_CURRENT,,https://www.clever-fit.com/de/fitnessstudio/wernigerode/,https://www.clever-fit.com/de/fitnessstudio/wernigerode/,,,germany_phase1
de_efd9e2fd48,clever fit,clever fit Wetzlar,Naunheimer Straße 38,35576,Wetzlar,Germany,50.5757679,8.5084135,READY_TO_IMPORT,VERIFIED_CURRENT,,https://www.clever-fit.com/de/fitnessstudio/wetzlar/,https://www.clever-fit.com/de/fitnessstudio/wetzlar/,,,germany_phase1
de_abe0c29e22,clever fit,clever fit Wiesbaden,Äppelallee /Hagenauer Str. 1b,65203,Wiesbaden,Germany,50.0476588,8.230517599999999,READY_TO_IMPORT,VERIFIED_CURRENT,,https://www.clever-fit.com/de/fitnessstudio/wiesbaden/,https://www.clever-fit.com/de/fitnessstudio/wiesbaden/,,,germany_phase1
de_57beda88a9,clever fit,clever fit Wiesbaden Nordenstadt,Ostring 17,65205,Wiesbaden,Germany,50.06066209999999,8.3488432,READY_TO_IMPORT,VERIFIED_CURRENT,,https://www.clever-fit.com/de/fitnessstudio/wiesbaden-nordenstadt/,https://www.clever-fit.com/de/fitnessstudio/wiesbaden-nordenstadt/,,,germany_phase1
de_e8d2ae19c3,clever fit,clever fit Winsen/Luhe,Brahmsallee 27,21423,Winsen/Luhe,Germany,53.35953,10.20765,READY_TO_IMPORT,VERIFIED_CURRENT,,https://www.clever-fit.com/de/fitnessstudio/winsen-luhe/,https://www.clever-fit.com/de/fitnessstudio/winsen-luhe/,,,germany_phase1
de_d303825f07,clever fit,clever fit Wismar,Turnerweg 4,23966,Wismar,Germany,53.8891544,11.4678148,READY_TO_IMPORT,VERIFIED_CURRENT,,https://www.clever-fit.com/de/fitnessstudio/wismar/,https://www.clever-fit.com/de/fitnessstudio/wismar/,,,germany_phase1
de_ded6dc6c3b,clever fit,clever fit Wittenberge,Lindenbergerstr. 12,19322,Wittenberge,Germany,52.5808166,13.518511,READY_TO_IMPORT,VERIFIED_CURRENT,,https://www.clever-fit.com/de/fitnessstudio/wittenberge/,https://www.clever-fit.com/de/fitnessstudio/wittenberge/,,,germany_phase1
de_0f2669c661,clever fit,clever fit Wittmund,Auricher Straße 12,26409,Wittmund,Germany,53.5753753,7.777388599999998,READY_TO_IMPORT,VERIFIED_CURRENT,,https://www.clever-fit.com/de/fitnessstudio/wittmund/,https://www.clever-fit.com/de/fitnessstudio/wittmund/,,,germany_phase1
de_dabf26afe3,clever fit,clever fit Wolfratshausen,Bürgermeister-Seidl-Str. 7,82515,Wolfratshausen,Germany,47.90479670000001,11.422936,READY_TO_IMPORT,VERIFIED_CURRENT,,https://www.clever-fit.com/de/fitnessstudio/wolfratshausen/,https://www.clever-fit.com/de/fitnessstudio/wolfratshausen/,,,germany_phase1
de_6bd74abf7f,clever fit,clever fit Wülfrath,Zur Loev 29,42489,Wülfrath,Germany,51.2822058,7.034519299999999,READY_TO_IMPORT,VERIFIED_CURRENT,,https://www.clever-fit.com/de/fitnessstudio/wuelfrath/,https://www.clever-fit.com/de/fitnessstudio/wuelfrath/,,,germany_phase1
de_35c5ccf338,clever fit,clever fit Würselen,Krefelder Straße 12-16,52146,Würselen,Germany,50.826505,6.1293048,READY_TO_IMPORT,VERIFIED_CURRENT,,https://www.clever-fit.com/de/fitnessstudio/wuerselen/,https://www.clever-fit.com/de/fitnessstudio/wuerselen/,,,germany_phase1
de_234233f2a9,clever fit,clever fit Würzburg-Heidingsfeld,Winterhäuserstr. 75,97084,Würzburg,Germany,49.7589973,9.969002399999999,READY_TO_IMPORT,VERIFIED_CURRENT,,https://www.clever-fit.com/de/fitnessstudio/wuerzburg-heidingsfeld/,https://www.clever-fit.com/de/fitnessstudio/wuerzburg-heidingsfeld/,,,germany_phase1
de_0836a32d9e,clever fit,clever fit Zeven,Lange Straße 13 - 15,27404,Zeven,Germany,53.2935726,9.278270599999999,READY_TO_IMPORT,VERIFIED_CURRENT,,https://www.clever-fit.com/de/fitnessstudio/zeven/,https://www.clever-fit.com/de/fitnessstudio/zeven/,,,germany_phase1
de_0a81115c59,clever fit,clever fit Zossen,Bahnhofstraße 15 - 16,15806,Zossen,Germany,52.2179849,13.4404497,READY_TO_IMPORT,VERIFIED_CURRENT,,https://www.clever-fit.com/de/fitnessstudio/zossen/,https://www.clever-fit.com/de/fitnessstudio/zossen/,,,germany_phase1
de_c5e6c2a25f,clever fit,clever fit Östringen,Industriestraße 9,76684,Östringen,Germany,49.2110433,8.693936299999999,READY_TO_IMPORT,VERIFIED_CURRENT,,https://www.clever-fit.com/de/fitnessstudio/oestringen/,https://www.clever-fit.com/de/fitnessstudio/oestringen/,,,germany_phase1
de_9700fc0d78,clever fit,clever fit Überlingen,Zum Degenhardt 17,88662,Überlingen,Germany,47.7782251,9.196509599999999,READY_TO_IMPORT,VERIFIED_CURRENT,,https://www.clever-fit.com/de/fitnessstudio/ueberlingen/,https://www.clever-fit.com/de/fitnessstudio/ueberlingen/,,,germany_phase1
de_35530cd7c9,EASYFITNESS,EASYFITNESS Achern,Severinstraße 2,77855,Achern,Germany,48.635189,8.062992,READY_TO_IMPORT,VERIFIED_CURRENT,ok,https://easyfitness.club/studio/easyfitness-achern/,https://easyfitness.club/studio/easyfitness-achern/,,easy_postid=49658,germany_phase1
de_669fbe71e2,EASYFITNESS,EASYFITNESS Achim,Borsteler Landstraße 4,28832,Achim,Germany,53.014308,9.034174,READY_TO_IMPORT,VERIFIED_CURRENT,ok,https://easyfitness.club/studio/easyfitness-achim/,https://easyfitness.club/studio/easyfitness-achim/,,easy_postid=29742,germany_phase1
de_1321d53251,EASYFITNESS,EASYFITNESS Ahaus,Markt 22,48683,Ahaus,Germany,52.07579,7.007459,READY_TO_IMPORT,VERIFIED_CURRENT,ok,https://easyfitness.club/studio/easyfitness-ahaus/,https://easyfitness.club/studio/easyfitness-ahaus/,,easy_postid=26328,germany_phase1
de_07134db858,EASYFITNESS,EASYFITNESS Ahrensburg,Hagener Allee 25,22926,Ahrensburg,Germany,53.671118,10.238987,READY_TO_IMPORT,VERIFIED_CURRENT,ok,https://easyfitness.club/studio/easyfitness-ahrensburg/,https://easyfitness.club/studio/easyfitness-ahrensburg/,,easy_postid=220609,germany_phase1
de_0b14bdf0e6,EASYFITNESS,Easyfitness Alsfeld,Alicestraße 11,36304,Alsfeld,Germany,50.751481,9.266757,READY_TO_IMPORT,VERIFIED_CURRENT,ok,https://easyfitness.club/studio/easyfitness-alsfeld/,https://easyfitness.club/studio/easyfitness-alsfeld/,,easy_postid=217264,germany_phase1
de_9ac94d22a3,EASYFITNESS,EASYFITNESS Aßlar,Industriestraße 8,35614,Aßlar,Germany,50.581206,8.476289,READY_TO_IMPORT,VERIFIED_CURRENT,ok,https://easyfitness.club/studio/easyfitness-asslar/,https://easyfitness.club/studio/easyfitness-asslar/,,easy_postid=26330,germany_phase1
de_29ebfee79f,EASYFITNESS,EASYFITNESS Bad Bergzabern,Friedrich-Ebert-Straße 42,76887,Bad Bergzabern,Germany,49.093761,7.999483,READY_TO_IMPORT,VERIFIED_CURRENT,ok,https://easyfitness.club/studio/easyfitness-bad-bergzabern/,https://easyfitness.club/studio/easyfitness-bad-bergzabern/,,easy_postid=26331,germany_phase1
de_83df7017c2,EASYFITNESS,EASYFITNESS Bad Hersfeld,Konrad-Zuse-Str. 13,36251,Bad Hersfeld,Germany,50.868564,9.723042,READY_TO_IMPORT,VERIFIED_CURRENT,ok,https://easyfitness.club/studio/easyfitness-bad-hersfeld/,https://easyfitness.club/studio/easyfitness-bad-hersfeld/,,easy_postid=27030,germany_phase1
de_8005ce9d01,EASYFITNESS,EASYFITNESS EMS Bad Hersfeld,Badestube 7,36251,Bad Hersfeld,Germany,50.868597,9.71037,NEEDS_REVIEW,VERIFIED_CURRENT,ok,https://easyfitness.club/studio/ems-bad-hersfeld/,https://easyfitness.club/studio/ems-bad-hersfeld/,,easy_postid=214327; ems_only_not_normal_gym; ems_only_not_normal_gym; ems_only_not_normal_gym; ems_only_not_normal_gym,germany_phase1
de_06b635ea83,EASYFITNESS,EASYFITNESS Bad Langensalza,Bad Nauheimer Straße 34,99947,Bad Langensalza,Germany,51.103258,10.650722,READY_TO_IMPORT,VERIFIED_CURRENT,ok,https://easyfitness.club/studio/easyfitness-bad-langensalza/,https://easyfitness.club/studio/easyfitness-bad-langensalza/,,easy_postid=50705,germany_phase1
de_e286be218e,EASYFITNESS,EASYFITNESS Bad Nenndorf,Piepmühle 11,31542,Bad Nenndorf,Germany,,,NEEDS_COORDINATES,VERIFIED_CURRENT,ambiguous,https://easyfitness.club/studio/easyfitness-bad-nenndorf/,https://easyfitness.club/studio/easyfitness-bad-nenndorf/,,easy_postid=27031,germany_phase1
de_b7b9cba278,EASYFITNESS,EASYFITNESS EMS Bad Pyrmont,Kirchstraße 19,31812,Bad Pyrmont,Germany,51.984612,9.254293,NEEDS_REVIEW,VERIFIED_CURRENT,ok,https://easyfitness.club/studio/easyfitness-ems-bad-pyrmont/,https://easyfitness.club/studio/easyfitness-ems-bad-pyrmont/,,easy_postid=213036; ems_only_not_normal_gym; ems_only_not_normal_gym; ems_only_not_normal_gym; ems_only_not_normal_gym,germany_phase1
de_81d53089a9,EASYFITNESS,EASYFITNESS Bad Salzuflen,Schloßstraße 69,32108,Bad Salzuflen,Germany,52.075681,8.755774,READY_TO_IMPORT,VERIFIED_CURRENT,ok,https://easyfitness.club/studio/easyfitness-bad-salzuflen/,https://easyfitness.club/studio/easyfitness-bad-salzuflen/,,easy_postid=47512,germany_phase1
de_1c8413781a,EASYFITNESS,EASYFITNESS Baden-Baden,Flugstraße 7,76532,Baden-Baden,Germany,48.792377,8.190985,READY_TO_IMPORT,VERIFIED_CURRENT,ok,https://easyfitness.club/studio/easyfitness-baden-baden/,https://easyfitness.club/studio/easyfitness-baden-baden/,,easy_postid=37789,germany_phase1
de_61e127bb29,EASYFITNESS,EASYFITNESS Bamberg,Jäckstraße 31,96052,Bamberg,Germany,49.904898,10.881574,READY_TO_IMPORT,VERIFIED_CURRENT,ok,https://easyfitness.club/studio/easyfitness-bamberg/,https://easyfitness.club/studio/easyfitness-bamberg/,,easy_postid=50420,germany_phase1
de_c1add6e06c,EASYFITNESS,EASYFITNESS EMS Barsinghausen,Egestorfer Str. 4,30890,Barsinghausen,Germany,52.300871,9.470696,NEEDS_REVIEW,VERIFIED_CURRENT,ok,https://easyfitness.club/studio/easyfitness-ems-barsinghausen/,https://easyfitness.club/studio/easyfitness-ems-barsinghausen/,,easy_postid=209653; ems_only_not_normal_gym; ems_only_not_normal_gym; ems_only_not_normal_gym; ems_only_not_normal_gym,germany_phase1
de_484a4c6988,EASYFITNESS,EASYFITNESS Bassum -The Smart Gym-,Sulinger Str. 10,27211,Bassum,Germany,52.846528,8.727618,READY_TO_IMPORT,VERIFIED_CURRENT,ok,https://easyfitness.club/studio/easyfitness-bassum/,https://easyfitness.club/studio/easyfitness-bassum/,,easy_postid=47052,germany_phase1
de_ba96aa3d64,EASYFITNESS,EASYFITNESS Bensheim,Neuhofstr. 13A,64625,Bensheim,Germany,49.682374,8.58867,READY_TO_IMPORT,VERIFIED_CURRENT,ok,https://easyfitness.club/studio/easyfitness-bensheim/,https://easyfitness.club/studio/easyfitness-bensheim/,,easy_postid=27033,germany_phase1
de_ae5573aca1,EASYFITNESS,EASYFITNESS Bergen,Beethovenstraße 3,29303,Bergen,Germany,52.814325,9.957931,READY_TO_IMPORT,VERIFIED_CURRENT,ok,https://easyfitness.club/studio/easyfitness-bergen/,https://easyfitness.club/studio/easyfitness-bergen/,,easy_postid=219127,germany_phase1
de_6f209e5d9b,EASYFITNESS,EASYFITNESS Bergkamen,Legionärstr. 1,59192,Bergkamen,Germany,51.612845,7.586973,READY_TO_IMPORT,VERIFIED_CURRENT,ok,https://easyfitness.club/studio/easyfitness-bergkamen/,https://easyfitness.club/studio/easyfitness-bergkamen/,,easy_postid=50429,germany_phase1
de_1de89a5526,EASYFITNESS,EASYFITNESS Bielefeld,Bahnhofstraße 23-25,33602,Bielefeld,Germany,52.025107,8.531465,READY_TO_IMPORT,VERIFIED_CURRENT,ok,https://easyfitness.club/studio/easyfitness-bielefeld/,https://easyfitness.club/studio/easyfitness-bielefeld/,,easy_postid=38873,germany_phase1
de_e703b9e32d,EASYFITNESS,EASYFITNESS EMS Bielefeld,Hillegosser Straße 10,33719,Bielefeld,Germany,52.031272,8.604356,NEEDS_REVIEW,VERIFIED_CURRENT,ok,https://easyfitness.club/studio/easyfitness-ems-bielefeld/,https://easyfitness.club/studio/easyfitness-ems-bielefeld/,,easy_postid=218170; ems_only_not_normal_gym; ems_only_not_normal_gym; ems_only_not_normal_gym; ems_only_not_normal_gym,germany_phase1
de_3c45136f9b,EASYFITNESS,EASYFITNESS Bocholt,Westend 31-39,46399,Bocholt,Germany,51.838688,6.603473,READY_TO_IMPORT,VERIFIED_CURRENT,ok,https://easyfitness.club/studio/easyfitness-bocholt/,https://easyfitness.club/studio/easyfitness-bocholt/,,easy_postid=81186,germany_phase1
de_86059e4167,EASYFITNESS,EASYFITNESS Bochum,Viktoriastr. 14c,44787,Bochum,Germany,51.480177,7.215571,READY_TO_IMPORT,VERIFIED_CURRENT,ok,https://easyfitness.club/studio/easyfitness-bochum/,https://easyfitness.club/studio/easyfitness-bochum/,,easy_postid=208362,germany_phase1
de_293df5eafd,EASYFITNESS,EASYFITNESS Bornheim,Königstraße 25,53332,Bornheim,Germany,50.76088,6.995441,READY_TO_IMPORT,VERIFIED_CURRENT,ok,https://easyfitness.club/studio/easyfitness-bornheim/,https://easyfitness.club/studio/easyfitness-bornheim/,,easy_postid=46932,germany_phase1
de_30e42e7845,EASYFITNESS,EASYFITNESS Bottrop,Hansastraße 7,46236,Bottrop,Germany,51.521882,6.925205,READY_TO_IMPORT,VERIFIED_CURRENT,ok,https://easyfitness.club/studio/easyfitness-bottrop/,https://easyfitness.club/studio/easyfitness-bottrop/,,easy_postid=42864,germany_phase1
de_2ce688fd9e,EASYFITNESS,EASYFITNESS Brake -The Smart Gym-,Kirchenstrasse 38,26919,Brake,Germany,53.322679,8.480834,READY_TO_IMPORT,VERIFIED_CURRENT,ok,https://easyfitness.club/studio/easyfitness-brake/,https://easyfitness.club/studio/easyfitness-brake/,,easy_postid=47115,germany_phase1
de_8b5298c997,EASYFITNESS,EASYFITNESS Brandenburg a. d. Havel,Sankt-Annen-Str. 38,14776,Brandenburg an der Havel,Germany,52.408603,12.563077,READY_TO_IMPORT,VERIFIED_CURRENT,ok,https://easyfitness.club/studio/easyfitness-brandenburg-a-d-havel/,https://easyfitness.club/studio/easyfitness-brandenburg-a-d-havel/,,easy_postid=211205,germany_phase1
de_e5db67d441,EASYFITNESS,EASYFITNESS Braunlage -The Smart Gym-,Am Buchholzplatz 5,38700,Braunlage,Germany,51.719491,10.615984,READY_TO_IMPORT,VERIFIED_CURRENT,ok,https://easyfitness.club/studio/easyfitness-braunlage-the-smart-gym/,https://easyfitness.club/studio/easyfitness-braunlage-the-smart-gym/,,easy_postid=218620,germany_phase1
de_70852efcb2,EASYFITNESS,EASYFITNESS Braunschweig,Münchenstr. 12,38118,Braunschweig,Germany,52.254885,10.495201,READY_TO_IMPORT,VERIFIED_CURRENT,ok,https://easyfitness.club/studio/easyfitness-braunschweig/,https://easyfitness.club/studio/easyfitness-braunschweig/,,easy_postid=27036,germany_phase1
de_999f372b0c,EASYFITNESS,EASYFITNESS EMS Braunschweig,"Packhof Braunschweig, Schild 11",38100,Braunschweig,Germany,,,NEEDS_REVIEW,VERIFIED_CURRENT,failed,https://easyfitness.club/studio/easyfitness-ems-braunschweig/,https://easyfitness.club/studio/easyfitness-ems-braunschweig/,,easy_postid=216116; ems_only_not_normal_gym; ems_only_not_normal_gym; ems_only_not_normal_gym; ems_only_not_normal_gym,germany_phase1
de_679f036b01,EASYFITNESS,EASYFITNESS Bremen &#8211; Die Fabrik,Hermann-Ritter-Straße 110,28197,Bremen,Germany,53.077469,8.772544,READY_TO_IMPORT,VERIFIED_CURRENT,ok,https://easyfitness.club/studio/easyfitness-bremen-die-fabrik/,https://easyfitness.club/studio/easyfitness-bremen-die-fabrik/,,easy_postid=46738,germany_phase1
de_8e7dc6ed2c,EASYFITNESS,EASYFITNESS Bremen Blumenthal,Striekenkamp 40,28777,Bremen,Germany,53.192818,8.548892,READY_TO_IMPORT,VERIFIED_CURRENT,ok,https://easyfitness.club/studio/easyfitness-bremen-blumenthal/,https://easyfitness.club/studio/easyfitness-bremen-blumenthal/,,easy_postid=29709,germany_phase1
de_1fe2007fd3,EASYFITNESS,EASYFITNESS Bremen-Osterholz,Elisabeth-Selbert-Str. 5,28307,Bremen,Germany,53.059055,8.922269,READY_TO_IMPORT,VERIFIED_CURRENT,ok,https://easyfitness.club/studio/easyfitness-bremen-ost/,https://easyfitness.club/studio/easyfitness-bremen-ost/,,easy_postid=27038,germany_phase1
de_a319f0cf96,EASYFITNESS,EASYFITNESS Bremen-Vahr,"Berliner Freiheit 9A, 9B",28327,Bremen,Germany,,,NEEDS_COORDINATES,VERIFIED_CURRENT,failed,https://easyfitness.club/studio/easyfitness-bremen-vahr/,https://easyfitness.club/studio/easyfitness-bremen-vahr/,,easy_postid=45064,germany_phase1
de_eed19b4a67,EASYFITNESS,EASYFITNESS Bremen-Brinkum,Feldstraße 2,28816,Brinkum,Germany,53.011564,8.788308,READY_TO_IMPORT,VERIFIED_CURRENT,ok,https://easyfitness.club/studio/easyfitness-bremen-brinkum/,https://easyfitness.club/studio/easyfitness-bremen-brinkum/,,easy_postid=27039,germany_phase1
de_23b822af0d,EASYFITNESS,EASYFITNESS Bruchhausen-Vilsen -The Smart Gym-,Bahnhofstr. 41-45,27305,Bruchhausen-Vilsen,Germany,52.82353,8.986823,READY_TO_IMPORT,VERIFIED_CURRENT,ok,https://easyfitness.club/studio/easyfitness-bruchhausen-vilsen/,https://easyfitness.club/studio/easyfitness-bruchhausen-vilsen/,,easy_postid=32552,germany_phase1
de_de38c76c26,EASYFITNESS,EASYFITNESS Burg,Conrad-Tack-Ring 32,39288,Burg,Germany,52.265844,11.857386,READY_TO_IMPORT,VERIFIED_CURRENT,ok,https://easyfitness.club/studio/easyfitness-burg/,https://easyfitness.club/studio/easyfitness-burg/,,easy_postid=29710,germany_phase1
de_63187e72e1,EASYFITNESS,EASYFITNESS Burgdorf,Leineweberstr.2,31303,Burgdorf,Germany,52.447255,10.03923,READY_TO_IMPORT,VERIFIED_CURRENT,ok,https://easyfitness.club/studio/easyfitness-burgdorf/,https://easyfitness.club/studio/easyfitness-burgdorf/,,easy_postid=27041,germany_phase1
de_cd6ce85942,EASYFITNESS,EASYFITNESS EMS Burgdorf,Poststraße 12,31303,Burgdorf,Germany,52.446486,10.009184,NEEDS_REVIEW,VERIFIED_CURRENT,ok,https://easyfitness.club/studio/easyfitness-ems-burgdorf/,https://easyfitness.club/studio/easyfitness-ems-burgdorf/,,easy_postid=215574; ems_only_not_normal_gym; ems_only_not_normal_gym; ems_only_not_normal_gym; ems_only_not_normal_gym,germany_phase1
de_7f2cce8572,EASYFITNESS,EASYFITNESS EMS Großburgwedel,Von-Alten-Straße 21,30938,Burgwedel,Germany,52.493628,9.859737,NEEDS_REVIEW,VERIFIED_CURRENT,ok,https://easyfitness.club/studio/easyfitness-ems-grossburgwedel/,https://easyfitness.club/studio/easyfitness-ems-grossburgwedel/,,easy_postid=146988; ems_only_not_normal_gym; ems_only_not_normal_gym; ems_only_not_normal_gym; ems_only_not_normal_gym,germany_phase1
de_29cef47c5c,EASYFITNESS,EASYFITNESS Bösel,Am Steinkamp 2,26219,Bösel,Germany,,,NEEDS_COORDINATES,VERIFIED_CURRENT,ambiguous,https://easyfitness.club/studio/easyfitness-boesel/,https://easyfitness.club/studio/easyfitness-boesel/,,easy_postid=220045,germany_phase1
de_3eab9db816,EASYFITNESS,EASYFITNESS Bückeburg,Lange Straße 37,31675,Bückeburg,Germany,52.260922,9.044399,READY_TO_IMPORT,VERIFIED_CURRENT,ok,https://easyfitness.club/studio/easyfitness-bueckeburg/,https://easyfitness.club/studio/easyfitness-bueckeburg/,,easy_postid=129359,germany_phase1
de_99e8f6a4bf,EASYFITNESS,EASYFITNESS EMS Bückeburg,Obertorstr. 14,31675,Bückeburg,Germany,52.261711,9.056197,NEEDS_REVIEW,VERIFIED_CURRENT,ok,https://easyfitness.club/studio/easyfitness-ems-bueckeburg/,https://easyfitness.club/studio/easyfitness-ems-bueckeburg/,,easy_postid=136569; ems_only_not_normal_gym; ems_only_not_normal_gym; ems_only_not_normal_gym; ems_only_not_normal_gym,germany_phase1
de_6362967d70,EASYFITNESS,EASYFITNESS EMS Celle,Bergstraße 51,29221,Celle,Germany,52.622987,10.082626,NEEDS_REVIEW,VERIFIED_CURRENT,ok,https://easyfitness.club/studio/easyfitness-ems-celle/,https://easyfitness.club/studio/easyfitness-ems-celle/,,easy_postid=217373; ems_only_not_normal_gym; ems_only_not_normal_gym; ems_only_not_normal_gym; ems_only_not_normal_gym,germany_phase1
de_a4b02472fd,EASYFITNESS,EASYFITNESS Cloppenburg,Mühlenstr. 35 - 37,49661,Cloppenburg,Germany,52.845881,8.042969,READY_TO_IMPORT,VERIFIED_CURRENT,ok,https://easyfitness.club/studio/easyfitness-cloppenburg/,https://easyfitness.club/studio/easyfitness-cloppenburg/,,easy_postid=27042,germany_phase1
de_b9ad6c1090,EASYFITNESS,EASYFITNESS Coesfeld,Dülmenerstr. 25,48653,Coesfeld,Germany,51.937226,7.168399,READY_TO_IMPORT,VERIFIED_CURRENT,ok,https://easyfitness.club/studio/easyfitness-coesfeld/,https://easyfitness.club/studio/easyfitness-coesfeld/,,easy_postid=27044,germany_phase1
de_a266445655,EASYFITNESS,EASYFITNESS Cottbus,Sielower Chausee 38,03044,Cottbus,Germany,51.783212,14.317249,READY_TO_IMPORT,VERIFIED_CURRENT,ok,https://easyfitness.club/studio/easyfitness-cottbus/,https://easyfitness.club/studio/easyfitness-cottbus/,,easy_postid=49657,germany_phase1
de_3c73820013,EASYFITNESS,EASYFITNESS Dillenburg,Stadionstrasse 2,35683,Dillenburg,Germany,50.740569,8.281121,READY_TO_IMPORT,VERIFIED_CURRENT,ok,https://easyfitness.club/studio/easyfitness-dillenburg/,https://easyfitness.club/studio/easyfitness-dillenburg/,,easy_postid=27045,germany_phase1
de_17defc67d6,EASYFITNESS,EASYFITNESS Dodenhof,Posthausen 1,28869,Dodenhof (Ottersberg/Posthausen),Germany,53.060824,9.168125,READY_TO_IMPORT,VERIFIED_CURRENT,suspicious,https://easyfitness.club/studio/easyfitness-dodenhof/,https://easyfitness.club/studio/easyfitness-dodenhof/,,easy_postid=29711; soft_postal,germany_phase1
de_8674d4437b,EASYFITNESS,EASYFITNESS Dormagen,Hamburger Str. 17a,41540,Dormagen,Germany,51.092058,6.80939,READY_TO_IMPORT,VERIFIED_CURRENT,ok,https://easyfitness.club/studio/easyfitness-dormagen/,https://easyfitness.club/studio/easyfitness-dormagen/,,easy_postid=27046,germany_phase1
de_c94b6e2873,EASYFITNESS,EASYFITNESS Dresden Weißig,An der Prießnitzaue 1-3 / Hochlandcenter,01328,Dresden,Germany,,,NEEDS_COORDINATES,VERIFIED_CURRENT,failed,https://easyfitness.club/studio/easyfitness-dresden-weissig/,https://easyfitness.club/studio/easyfitness-dresden-weissig/,,easy_postid=27048,germany_phase1
de_bba313466c,EASYFITNESS,EASYFITNESS Einbeck,Altendorfer Tor 29,37574,Einbeck,Germany,51.813477,9.884673,READY_TO_IMPORT,VERIFIED_CURRENT,ok,https://easyfitness.club/studio/easyfitness-einbeck/,https://easyfitness.club/studio/easyfitness-einbeck/,,easy_postid=27050,germany_phase1
de_f7e41eb90e,EASYFITNESS,EASYFITNESS Emden,Auricher Str. 150,26721,Emden,Germany,53.386083,7.209409,READY_TO_IMPORT,VERIFIED_CURRENT,ok,https://easyfitness.club/studio/easyfitness-emden/,https://easyfitness.club/studio/easyfitness-emden/,,easy_postid=41823,germany_phase1
de_cd361749f6,EASYFITNESS,EASYFITNESS Ennigerloh,Ennigerstraße 1,59320,Ennigerloh,Germany,51.835074,8.023323,READY_TO_IMPORT,VERIFIED_CURRENT,ok,https://easyfitness.club/studio/easyfitness-ennigerloh/,https://easyfitness.club/studio/easyfitness-ennigerloh/,,easy_postid=27051,germany_phase1
de_b41877fa73,EASYFITNESS,EASYFITNESS Erfurt,Schlachthofstr. 43,99085,Erfurt,Germany,50.987996,11.043186,READY_TO_IMPORT,VERIFIED_CURRENT,ok,https://easyfitness.club/studio/easyfitness-erfurt/,https://easyfitness.club/studio/easyfitness-erfurt/,,easy_postid=27133,germany_phase1
de_6938980cfc,EASYFITNESS,EASYFITNESS EMS Garbsen,Asternstr.1,30827,Garbsen,Germany,52.435727,9.600499,NEEDS_REVIEW,VERIFIED_CURRENT,ok,https://easyfitness.club/studio/easyfitness-ems-garbsen/,https://easyfitness.club/studio/easyfitness-ems-garbsen/,,easy_postid=218493; ems_only_not_normal_gym; ems_only_not_normal_gym; ems_only_not_normal_gym; ems_only_not_normal_gym,germany_phase1
de_f3cd48a5f2,EASYFITNESS,EASYFITNESS Garrel,Karpfenweg 1,49681,Garrel,Germany,52.966369,8.023917,READY_TO_IMPORT,VERIFIED_CURRENT,ok,https://easyfitness.club/studio/easyfitness-garrel/,https://easyfitness.club/studio/easyfitness-garrel/,,easy_postid=178085,germany_phase1
de_ced8ce7c55,EASYFITNESS,EASYFITNESS Georgensgmünd -The Smart Gym-,Breite Str. 19,91166,Georgensgmünd,Germany,49.195602,11.019301,READY_TO_IMPORT,VERIFIED_CURRENT,ok,https://easyfitness.club/studio/easyfitness-georgensgmuend/,https://easyfitness.club/studio/easyfitness-georgensgmuend/,,easy_postid=46108,germany_phase1
de_42eae1fc8a,EASYFITNESS,EASYFITNESS Gernsbach -The Smart Gym-,Baccarat Straße 41,76593,Gernsbach,Germany,48.775573,8.345007,READY_TO_IMPORT,VERIFIED_CURRENT,ok,https://easyfitness.club/studio/easyfitness-gernsbach/,https://easyfitness.club/studio/easyfitness-gernsbach/,,easy_postid=217265,germany_phase1
de_62004ebca4,EASYFITNESS,EASYFITNESS Gifhorn,Am Allerkanal 4,38518,Gifhorn,Germany,52.461035,10.539749,READY_TO_IMPORT,VERIFIED_CURRENT,ok,https://easyfitness.club/studio/easyfitness-gifhorn/,https://easyfitness.club/studio/easyfitness-gifhorn/,,easy_postid=27055,germany_phase1
de_70f2a2ed90,EASYFITNESS,EASYFITNESS Gnarrenburg -The Smart Gym-,Hindenburgstraße 78,27442,Gnarrenburg,Germany,,,NEEDS_COORDINATES,VERIFIED_CURRENT,ambiguous,https://easyfitness.club/studio/easyfitness-gnarrenburg/,https://easyfitness.club/studio/easyfitness-gnarrenburg/,,easy_postid=45089,germany_phase1
de_b6ca103e10,EASYFITNESS,EASYFITNESS Goslar,Klubgartenstr. 10,38640,Goslar,Germany,51.910624,10.419967,READY_TO_IMPORT,VERIFIED_CURRENT,ok,https://easyfitness.club/studio/easyfitness-goslar/,https://easyfitness.club/studio/easyfitness-goslar/,,easy_postid=27056,germany_phase1
de_bfe298953f,EASYFITNESS,EASYFITNESS Großwallstadt,Einsteinstr. 4A,63868,Großwallstadt,Germany,49.88223,9.143928,READY_TO_IMPORT,VERIFIED_CURRENT,ok,https://easyfitness.club/studio/easyfitness-grosswallstadt/,https://easyfitness.club/studio/easyfitness-grosswallstadt/,,easy_postid=27058,germany_phase1
de_b337ec17d3,EASYFITNESS,EASYFITNESS Grömitz -The Smart Gym-,Grömitzer Höhe 3,23743,Grömitz,Germany,54.148749,10.951091,READY_TO_IMPORT,VERIFIED_CURRENT,ok,https://easyfitness.club/studio/easyfitness-groemitz/,https://easyfitness.club/studio/easyfitness-groemitz/,,easy_postid=38894,germany_phase1
de_ebea20a958,EASYFITNESS,EASYFITNESS Gunzenhausen,Tachauer Str. 2a,91710,Gunzenhausen,Germany,49.122391,10.769093,READY_TO_IMPORT,VERIFIED_CURRENT,ok,https://easyfitness.club/studio/easyfitness-gunzenhausen/,https://easyfitness.club/studio/easyfitness-gunzenhausen/,,easy_postid=29748,germany_phase1
de_60d36e5642,EASYFITNESS,EASYFITNESS Göttingen,Groner Straße 29/31,37073,Göttingen,Germany,51.531847,9.934664,READY_TO_IMPORT,VERIFIED_CURRENT,ok,https://easyfitness.club/studio/easyfitness-goettingen/,https://easyfitness.club/studio/easyfitness-goettingen/,,easy_postid=29712,germany_phase1
de_d60d69eb99,EASYFITNESS,EASYFITNESS Hachenburg,Adolf-Münch-Weg 5,57627,Hachenburg,Germany,50.663366,7.813441,READY_TO_IMPORT,VERIFIED_CURRENT,ok,https://easyfitness.club/studio/easyfitness-hachenburg/,https://easyfitness.club/studio/easyfitness-hachenburg/,,easy_postid=37579,germany_phase1
de_a42c3f8478,EASYFITNESS,EASYFITNESS Hagenow -THE SMART GYM-,Steegener Chaussee 11b,19230,Hagenow,Germany,53.420966,11.185612,READY_TO_IMPORT,VERIFIED_CURRENT,ok,https://easyfitness.club/studio/easyfitness-hagenow/,https://easyfitness.club/studio/easyfitness-hagenow/,,easy_postid=220057,germany_phase1
de_5a7ce480ed,EASYFITNESS,EASYFITNESS Halberstadt,Große Ringstraße 50/51,38820,Halberstadt,Germany,51.895638,11.077941,READY_TO_IMPORT,VERIFIED_CURRENT,ok,https://easyfitness.club/studio/easyfitness-halberstadt/,https://easyfitness.club/studio/easyfitness-halberstadt/,,easy_postid=27131,germany_phase1
de_56e29cde45,EASYFITNESS,EASYFITNESS Halle Saale,Südstadtring 58,06128,Halle (Saale),Germany,51.448961,11.952678,READY_TO_IMPORT,VERIFIED_CURRENT,ok,https://easyfitness.club/studio/easyfitness-halle-saale/,https://easyfitness.club/studio/easyfitness-halle-saale/,,easy_postid=219126,germany_phase1
de_86ffba289e,EASYFITNESS,EASYFITNESS Hamburg-Altona,Stresemannstr. 23,22769,Hamburg,Germany,53.559557,9.96169,READY_TO_IMPORT,VERIFIED_CURRENT,ok,https://easyfitness.club/studio/easyfitness-hamburg-altona/,https://easyfitness.club/studio/easyfitness-hamburg-altona/,,easy_postid=27134,germany_phase1
de_18242af43f,EASYFITNESS,EASYFITNESS Hamburg-Jenfeld,Barsbütteler Straße 37,22043,Hamburg,Germany,53.570897,10.142696,READY_TO_IMPORT,VERIFIED_CURRENT,ok,https://easyfitness.club/studio/easyfitness-hamburg-jenfeld/,https://easyfitness.club/studio/easyfitness-hamburg-jenfeld/,,easy_postid=48215,germany_phase1
de_56ab73ade5,EASYFITNESS,EASYFITNESS Hamburg-Rahlstedt,Merkurring 38-40,22143,Hamburg,Germany,53.605942,10.184961,READY_TO_IMPORT,VERIFIED_CURRENT,ok,https://easyfitness.club/studio/easyfitness-hamburg-rahlstedt/,https://easyfitness.club/studio/easyfitness-hamburg-rahlstedt/,,easy_postid=27062,germany_phase1
de_98e1d8b39e,EASYFITNESS,EASYFITNESS Hamburg-Wandsbek,Von-Bargen-Straße 18 A,22041,Hamburg,Germany,53.575516,10.08182,READY_TO_IMPORT,VERIFIED_CURRENT,ok,https://easyfitness.club/studio/easyfitness-hamburg-wandsbek/,https://easyfitness.club/studio/easyfitness-hamburg-wandsbek/,,easy_postid=25707,germany_phase1
de_8b0ce9856e,EASYFITNESS,EASYFITNESS Hambühren -The Smart Gym-,Hehlenbruchweg 5,29313,Hambühren,Germany,52.633377,9.977957,READY_TO_IMPORT,VERIFIED_CURRENT,ok,https://easyfitness.club/studio/easyfitness-hambuehren-the-smart-gym/,https://easyfitness.club/studio/easyfitness-hambuehren-the-smart-gym/,,easy_postid=219277,germany_phase1
de_066be6b6c8,EASYFITNESS,EASYFITNESS Hameln,Marienthaler Straße 2,31789,Hameln,Germany,52.102752,9.389134,READY_TO_IMPORT,VERIFIED_CURRENT,ok,https://easyfitness.club/studio/easyfitness-hameln/,https://easyfitness.club/studio/easyfitness-hameln/,,easy_postid=27064,germany_phase1
de_3d9d4a34af,EASYFITNESS,EASYFITNESS Hann. Münden,Am Wittenborn 1,34346,Hann. Münden,Germany,51.404255,9.66334,READY_TO_IMPORT,VERIFIED_CURRENT,ok,https://easyfitness.club/studio/easyfitness-hann-muenden/,https://easyfitness.club/studio/easyfitness-hann-muenden/,,easy_postid=27065,germany_phase1
de_eaa4a511a7,EASYFITNESS,EASYFITNESS EMS Hannover Marktkirche,Schmiedestrasse 6,30159,Hannover,Germany,52.371996,9.736052,NEEDS_REVIEW,VERIFIED_CURRENT,ok,https://easyfitness.club/studio/easyfitness-ems-hannover-marktkirche/,https://easyfitness.club/studio/easyfitness-ems-hannover-marktkirche/,,easy_postid=184712; ems_only_not_normal_gym; ems_only_not_normal_gym; ems_only_not_normal_gym; ems_only_not_normal_gym,germany_phase1
de_26b22524e7,EASYFITNESS,EASYFITNESS EMS Hannover-Podbi,Podbielskistraße 138,30177,Hannover,Germany,52.396974,9.770202,NEEDS_REVIEW,VERIFIED_CURRENT,ok,https://easyfitness.club/studio/easyfitness-ems-podbi/,https://easyfitness.club/studio/easyfitness-ems-podbi/,,easy_postid=67072; ems_only_not_normal_gym; ems_only_not_normal_gym; ems_only_not_normal_gym; ems_only_not_normal_gym,germany_phase1
de_fb1a5a06f4,EASYFITNESS,EASYFITNESS EMS Hannover-Süd,Marienstr. 54,30171,Hannover,Germany,52.369321,9.751491,NEEDS_REVIEW,VERIFIED_CURRENT,ok,https://easyfitness.club/studio/easyfitness-ems-suedstadt/,https://easyfitness.club/studio/easyfitness-ems-suedstadt/,,easy_postid=49484; ems_only_not_normal_gym; ems_only_not_normal_gym; ems_only_not_normal_gym; ems_only_not_normal_gym,germany_phase1
de_06c19867a4,EASYFITNESS,EASYFITNESS EMS Kirchrode,Großer Hillen 4,30559,Hannover,Germany,52.361126,9.826551,NEEDS_REVIEW,VERIFIED_CURRENT,ok,https://easyfitness.club/studio/easyfitness-ems-kirchrode/,https://easyfitness.club/studio/easyfitness-ems-kirchrode/,,easy_postid=210215; ems_only_not_normal_gym; ems_only_not_normal_gym; ems_only_not_normal_gym; ems_only_not_normal_gym,germany_phase1
de_f5d5e1f203,EASYFITNESS,EASYFITNESS EMS Lister Meile,Celler Str. 79,30161,Hannover,Germany,52.385455,9.745494,NEEDS_REVIEW,VERIFIED_CURRENT,ok,https://easyfitness.club/studio/easyfitness-ems-lister-meile/,https://easyfitness.club/studio/easyfitness-ems-lister-meile/,,easy_postid=164264; ems_only_not_normal_gym; ems_only_not_normal_gym; ems_only_not_normal_gym; ems_only_not_normal_gym,germany_phase1
de_3d9dbdec92,EASYFITNESS,EASYFITNESS EMS Ricklingen,Pfarrstraße 45,30459,Hannover,Germany,52.347085,9.72313,NEEDS_REVIEW,VERIFIED_CURRENT,ok,https://easyfitness.club/studio/easyfitness-ems-ricklingen/,https://easyfitness.club/studio/easyfitness-ems-ricklingen/,,easy_postid=211928; ems_only_not_normal_gym; ems_only_not_normal_gym; ems_only_not_normal_gym; ems_only_not_normal_gym,germany_phase1
de_9375bc9745,EASYFITNESS,EASYFITNESS Hannover-Badenstedt,Badenstedter Straße 130,30453,Hannover,Germany,52.35987,9.678516,READY_TO_IMPORT,VERIFIED_CURRENT,ok,https://easyfitness.club/studio/easyfitness-hannover-badenstedt/,https://easyfitness.club/studio/easyfitness-hannover-badenstedt/,,easy_postid=33764,germany_phase1
de_0a68c83618,EASYFITNESS,EASYFITNESS Hannover-Lahe,Rendsburger Str. 18-20,30659,Hannover,Germany,52.420502,9.831645,READY_TO_IMPORT,VERIFIED_CURRENT,ok,https://easyfitness.club/studio/easyfitness-hannover-lahe/,https://easyfitness.club/studio/easyfitness-hannover-lahe/,,easy_postid=27066,germany_phase1
de_aea60eadaa,EASYFITNESS,EASYFITNESS Hannover-List,Hamburger Allee 2-4,30161,Hannover,Germany,52.37979,9.743799,READY_TO_IMPORT,VERIFIED_CURRENT,ok,https://easyfitness.club/studio/easyfitness-hannover-list/,https://easyfitness.club/studio/easyfitness-hannover-list/,,easy_postid=27130,germany_phase1
de_76e77f36a2,EASYFITNESS,EASYFITNESS Hannover-Misburg,Anderter Str. 53,30629,Hannover,Germany,52.38512,9.860579,READY_TO_IMPORT,VERIFIED_CURRENT,ok,https://easyfitness.club/studio/easyfitness-hannover-misburg/,https://easyfitness.club/studio/easyfitness-hannover-misburg/,,easy_postid=27136,germany_phase1
de_645055acbc,EASYFITNESS,EASYFITNESS Hannover-Süd,Anna-Zammert-Straße 27,30171,Hannover,Germany,52.365849,9.763054,READY_TO_IMPORT,VERIFIED_CURRENT,ok,https://easyfitness.club/studio/easyfitness-hannover-sued/,https://easyfitness.club/studio/easyfitness-hannover-sued/,,easy_postid=27067,germany_phase1
de_b59786562e,EASYFITNESS,EASYFITNESS Hannover-Wettbergen,Berliner Str. 6 B,30457,Hannover,Germany,52.32686,9.695296,READY_TO_IMPORT,VERIFIED_CURRENT,ok,https://easyfitness.club/studio/easyfitness-wettbergen/,https://easyfitness.club/studio/easyfitness-wettbergen/,,easy_postid=27115,germany_phase1
de_35149cf59f,EASYFITNESS,EASYFITNESS Hannover-Wülfel,Hildesheimer Straße 420,30519,Hannover,Germany,52.324749,9.781887,READY_TO_IMPORT,VERIFIED_CURRENT,ok,https://easyfitness.club/studio/easyfitness-hannover-wuelfel/,https://easyfitness.club/studio/easyfitness-hannover-wuelfel/,,easy_postid=33142,germany_phase1
de_d959b78e52,EASYFITNESS,EASYFITNESS Harsum &#8211; Premium &#8211;,Morgenstern 5a,31177,Harsum,Germany,52.207437,9.967976,READY_TO_IMPORT,VERIFIED_CURRENT,ok,https://easyfitness.club/studio/easyfitness-harsum/,https://easyfitness.club/studio/easyfitness-harsum/,,easy_postid=218196,germany_phase1
de_100ed022f9,EASYFITNESS,EASYFITNESS Hattingen,Heggerstr. 24,45525,Hattingen,Germany,51.399623,7.185432,READY_TO_IMPORT,VERIFIED_CURRENT,ok,https://easyfitness.club/studio/easyfitness-hattingen/,https://easyfitness.club/studio/easyfitness-hattingen/,,easy_postid=27068,germany_phase1
de_4188ffcfc0,EASYFITNESS,EASYFITNESS Helmstedt,Von Guericke Str. 1,38350,Helmstedt,Germany,52.240505,10.987898,READY_TO_IMPORT,VERIFIED_CURRENT,ok,https://easyfitness.club/studio/easyfitness-helmstedt/,https://easyfitness.club/studio/easyfitness-helmstedt/,,easy_postid=27069,germany_phase1
de_1073690648,EASYFITNESS,EASYFITNESS Hemer,Hauptstraße 180,58675,Hemer,Germany,51.385778,7.765593,READY_TO_IMPORT,VERIFIED_CURRENT,ok,https://easyfitness.club/studio/easyfitness-hemer/,https://easyfitness.club/studio/easyfitness-hemer/,,easy_postid=41812,germany_phase1
de_f027eecdf3,EASYFITNESS,EASYFITNESS Heppenheim,Tiergartenstr. 7a,64646,Heppenheim,Germany,49.635933,8.618593,READY_TO_IMPORT,VERIFIED_CURRENT,ok,https://easyfitness.club/studio/easyfitness-heppenheim-2/,https://easyfitness.club/studio/easyfitness-heppenheim-2/,,easy_postid=220508,germany_phase1
de_fe9d713e1d,EASYFITNESS,EASYFITNESS EMS Hildesheim,Schuhstr. 7,31134,Hildesheim,Germany,52.1507,9.94879,NEEDS_REVIEW,VERIFIED_CURRENT,ok,https://easyfitness.club/studio/easyfitness-ems-hildesheim/,https://easyfitness.club/studio/easyfitness-ems-hildesheim/,,easy_postid=50784; ems_only_not_normal_gym; ems_only_not_normal_gym; ems_only_not_normal_gym; ems_only_not_normal_gym,germany_phase1
de_e7df733ab6,EASYFITNESS,EASYFITNESS Hildesheim &#8211; City,Bismarckstr. 6,31135,Hildesheim,Germany,52.157666,9.959915,READY_TO_IMPORT,VERIFIED_CURRENT,ok,https://easyfitness.club/studio/easyfitness-hildesheim-city/,https://easyfitness.club/studio/easyfitness-hildesheim-city/,,easy_postid=27071,germany_phase1
de_ac41731db9,EASYFITNESS,EASYFITNESS Hildesheim &#8211; Itzum,Hansering 114,31141,Hildesheim,Germany,52.124455,9.985894,READY_TO_IMPORT,VERIFIED_CURRENT,ok,https://easyfitness.club/studio/easyfitness-hildesheim-itzum/,https://easyfitness.club/studio/easyfitness-hildesheim-itzum/,,easy_postid=27072,germany_phase1
de_c0c94bec94,EASYFITNESS,EASYFITNESS Hildesheim &#8211; Phoenix,Phoenixallee 2,31137,Hildesheim,Germany,52.151329,9.931862,READY_TO_IMPORT,VERIFIED_CURRENT,ok,https://easyfitness.club/studio/easyfitness-hildesheim-phoenix/,https://easyfitness.club/studio/easyfitness-hildesheim-phoenix/,,easy_postid=27073,germany_phase1
de_a385869edb,EASYFITNESS,EASYFITNESS EMS Hockenheim,Karlsruher Str. 17,68766,Hockenheim,Germany,49.318168,8.544661,NEEDS_REVIEW,VERIFIED_CURRENT,ok,https://easyfitness.club/studio/easyfitness-ems-hockenheim/,https://easyfitness.club/studio/easyfitness-ems-hockenheim/,,easy_postid=216034; ems_only_not_normal_gym; ems_only_not_normal_gym; ems_only_not_normal_gym; ems_only_not_normal_gym,germany_phase1
de_83cba86867,EASYFITNESS,EASYFITNESS Hof,An den Mühlwiesen 1,95032,Hof,Germany,50.279901,11.922382,READY_TO_IMPORT,VERIFIED_CURRENT,ok,https://easyfitness.club/studio/easyfitness-hof/,https://easyfitness.club/studio/easyfitness-hof/,,easy_postid=218172,germany_phase1
de_f80fe7c89f,EASYFITNESS,EASYFITNESS Hohenhameln -The Smart Gym-,Im Hoken 25,31249,Hohenhameln,Germany,52.256397,10.065643,READY_TO_IMPORT,VERIFIED_CURRENT,ok,https://easyfitness.club/studio/easyfitness-hohenhameln/,https://easyfitness.club/studio/easyfitness-hohenhameln/,,easy_postid=39040,germany_phase1
de_1e87017121,EASYFITNESS,EASYFITNESS Holzminden -The Smart Gym-,Bahnhofstraße 5a,37603,Holzminden,Germany,51.82531,9.450479,READY_TO_IMPORT,VERIFIED_CURRENT,ok,https://easyfitness.club/studio/easyfitness-holzminden/,https://easyfitness.club/studio/easyfitness-holzminden/,,easy_postid=45370,germany_phase1
de_b141bdde13,EASYFITNESS,EASYFITNESS Karlsruhe,Heinrich-Wittmannstr. 23,76131,Karlsruhe,Germany,49.009045,8.44273,READY_TO_IMPORT,VERIFIED_CURRENT,ok,https://easyfitness.club/studio/easyfitness-karlsruhe/,https://easyfitness.club/studio/easyfitness-karlsruhe/,,easy_postid=213789,germany_phase1
de_c45c14a5ef,EASYFITNESS,EASYFITNESS Kelkheim,Pestalozzistraße 1,65779,Kelkheim,Germany,50.13865,8.447917,READY_TO_IMPORT,VERIFIED_CURRENT,ok,https://easyfitness.club/studio/easyfitness-kelkheim/,https://easyfitness.club/studio/easyfitness-kelkheim/,,easy_postid=27077,germany_phase1
de_4c681d331b,EASYFITNESS,EASYFITNESS Kirchlengern,Im Obrock 29,32278,Kirchlengern,Germany,52.197948,8.638007,READY_TO_IMPORT,VERIFIED_CURRENT,ok,https://easyfitness.club/studio/easyfitness-kirchlengern/,https://easyfitness.club/studio/easyfitness-kirchlengern/,,easy_postid=211873,germany_phase1
de_8deaa51444,EASYFITNESS,EASYFITNESS Korschenbroich,Auf den Kempen 6,41352,Korschenbroich,Germany,51.19854,6.55591,READY_TO_IMPORT,VERIFIED_CURRENT,ok,https://easyfitness.club/studio/easyfitness-korschenbroich/,https://easyfitness.club/studio/easyfitness-korschenbroich/,,easy_postid=155610,germany_phase1
de_c4670157ec,EASYFITNESS,EASYFITNESS Landau,Marie-Curie-Straße 9,76829,Landau,Germany,49.192492,8.137087,READY_TO_IMPORT,VERIFIED_CURRENT,ok,https://easyfitness.club/studio/easyfitness-landau/,https://easyfitness.club/studio/easyfitness-landau/,,easy_postid=27079,germany_phase1
de_81fa26f7c8,EASYFITNESS,EASYFITNESS EMS Langenhagen,Walsroderstr. 128a,30853,Langenhagen,Germany,52.44685,9.739045,NEEDS_REVIEW,VERIFIED_CURRENT,ok,https://easyfitness.club/studio/easyfitness-ems-langenhagen/,https://easyfitness.club/studio/easyfitness-ems-langenhagen/,,easy_postid=155498; ems_only_not_normal_gym; ems_only_not_normal_gym; ems_only_not_normal_gym; ems_only_not_normal_gym,germany_phase1
de_051eaf62dc,EASYFITNESS,EASYFITNESS Leer,Sägemühlenstraße 7,26789,Leer,Germany,53.225145,7.463953,READY_TO_IMPORT,VERIFIED_CURRENT,ok,https://easyfitness.club/studio/easyfitness-leer/,https://easyfitness.club/studio/easyfitness-leer/,,easy_postid=27080,germany_phase1
de_e0657dc17b,EASYFITNESS,EASYFITNESS Lehrte,Poststraße 10,31275,Lehrte,Germany,52.377284,9.975014,READY_TO_IMPORT,VERIFIED_CURRENT,ok,https://easyfitness.club/studio/easyfitness-lehrte/,https://easyfitness.club/studio/easyfitness-lehrte/,,easy_postid=81159,germany_phase1
de_d82fcca3fa,EASYFITNESS,EASYFITNESS Leiferde,Gilder Weg 70,38542,Leiferde,Germany,52.441634,10.43576,READY_TO_IMPORT,VERIFIED_CURRENT,ok,https://easyfitness.club/studio/easyfitness-leiferde/,https://easyfitness.club/studio/easyfitness-leiferde/,,easy_postid=219890,germany_phase1
de_54693f55cf,EASYFITNESS,EASYFITNESS Leinefelde-Worbis,Breitenhölzerstr. 2,37327,Leinefelde,Germany,51.389174,10.329653,READY_TO_IMPORT,VERIFIED_CURRENT,ok,https://easyfitness.club/studio/easyfitness-leinefelde/,https://easyfitness.club/studio/easyfitness-leinefelde/,,easy_postid=181345,germany_phase1
de_2885e86490,EASYFITNESS,EASYFITNESS Lemgo,Lagesche Straße 19,32657,Lemgo,Germany,52.022307,8.890146,READY_TO_IMPORT,VERIFIED_CURRENT,ok,https://easyfitness.club/studio/easyfitness-lemgo/,https://easyfitness.club/studio/easyfitness-lemgo/,,easy_postid=40460,germany_phase1
de_0eba427413,EASYFITNESS,EASYFITNESS Lingen,Große Str. 14-16,49808,Lingen,Germany,52.523044,7.315304,READY_TO_IMPORT,VERIFIED_CURRENT,ok,https://easyfitness.club/studio/easyfitness-lingen/,https://easyfitness.club/studio/easyfitness-lingen/,,easy_postid=27086,germany_phase1
de_d5d02f566e,EASYFITNESS,EASYFITNESS Lübbecke,Zeiss-Str. 2,32312,Lübbecke,Germany,52.324645,8.622271,READY_TO_IMPORT,VERIFIED_CURRENT,ok,https://easyfitness.club/studio/easyfitness-luebbecke/,https://easyfitness.club/studio/easyfitness-luebbecke/,,easy_postid=27087,germany_phase1
de_ac3fd7ec90,EASYFITNESS,EASYFITNESS Lübeck-Dänischburg,Dänischburger Landstraße 81,23569,Lübeck,Germany,53.911985,10.733109,READY_TO_IMPORT,VERIFIED_CURRENT,ok,https://easyfitness.club/studio/easyfitness-luebeck-daenischburg/,https://easyfitness.club/studio/easyfitness-luebeck-daenischburg/,,easy_postid=47398,germany_phase1
de_17145e5362,EASYFITNESS,EASYFITNESS Lübeck-Mitte,Königstraße 84-96,23552,Lübeck,Germany,53.865169,10.686083,READY_TO_IMPORT,VERIFIED_CURRENT,ok,https://easyfitness.club/studio/easyfitness-luebeck-mitte/,https://easyfitness.club/studio/easyfitness-luebeck-mitte/,,easy_postid=27132,germany_phase1
de_de646ca2c5,EASYFITNESS,EASYFITNESS Magdeburg,Otto-von-Guericke-Straße 14,39104,Magdeburg,Germany,52.130013,11.630649,READY_TO_IMPORT,VERIFIED_CURRENT,ok,https://easyfitness.club/studio/easyfitness-magdeburg/,https://easyfitness.club/studio/easyfitness-magdeburg/,,easy_postid=47400,germany_phase1
de_c3c5ab9d21,EASYFITNESS,EASYFITNESS Maisach,Bahnhofstrasse 23,82216,Maisach,Germany,48.214659,11.258645,READY_TO_IMPORT,VERIFIED_CURRENT,ok,https://easyfitness.club/studio/easyfitness-maisach/,https://easyfitness.club/studio/easyfitness-maisach/,,easy_postid=48627,germany_phase1
de_308627ae9b,EASYFITNESS,EASYFITNESS Marburg,Krummbogen 14,35039,Marburg,Germany,50.816057,8.776444,READY_TO_IMPORT,VERIFIED_CURRENT,ok,https://easyfitness.club/studio/easyfitness-marburg/,https://easyfitness.club/studio/easyfitness-marburg/,,easy_postid=27088,germany_phase1
de_72186e74c5,EASYFITNESS,EASYFITNESS Marsberg,Dütlingstalweg 8,34431,Marsberg,Germany,51.454471,8.83675,READY_TO_IMPORT,VERIFIED_CURRENT,ok,https://easyfitness.club/studio/easyfitness-marsberg/,https://easyfitness.club/studio/easyfitness-marsberg/,,easy_postid=47180,germany_phase1
de_228a4d3251,EASYFITNESS,EASYFITNESS Meitingen,Via Claudia 2b,86405,Meitingen,Germany,48.556508,10.853083,READY_TO_IMPORT,VERIFIED_CURRENT,ok,https://easyfitness.club/studio/easyfitness-meitingen/,https://easyfitness.club/studio/easyfitness-meitingen/,,easy_postid=220213,germany_phase1
de_219939833b,EASYFITNESS,EASYFITNESS EMS Minden,Hufschmiede 3,32423,Minden,Germany,52.290297,8.916216,NEEDS_REVIEW,VERIFIED_CURRENT,ok,https://easyfitness.club/studio/easyfitness-ems-minden/,https://easyfitness.club/studio/easyfitness-ems-minden/,,easy_postid=209175; ems_only_not_normal_gym; ems_only_not_normal_gym; ems_only_not_normal_gym; ems_only_not_normal_gym,germany_phase1
de_1934e06254,EASYFITNESS,EASYFITNESS Munster -THE SMART GYM-,Wilhelm-Bockelmann-Straße 35,29633,Munster,Germany,52.988165,10.085893,READY_TO_IMPORT,VERIFIED_CURRENT,ok,https://easyfitness.club/studio/easyfitness-munster-the-smart-gym/,https://easyfitness.club/studio/easyfitness-munster-the-smart-gym/,,easy_postid=217387,germany_phase1
de_d71324e33a,EASYFITNESS,EASYFITNESS Mömlingen,Am Schlaggraben 6,63853,Mömlingen,Germany,49.850138,9.075816,READY_TO_IMPORT,VERIFIED_CURRENT,ok,https://easyfitness.club/studio/easyfitness-moemlingen/,https://easyfitness.club/studio/easyfitness-moemlingen/,,easy_postid=212897,germany_phase1
de_53852bcef8,EASYFITNESS,EASYFITNESS Mönchengladbach,Lürriper Str. 17,41065,Mönchengladbach,Germany,51.195806,6.447989,READY_TO_IMPORT,VERIFIED_CURRENT,ok,https://easyfitness.club/studio/easyfitness-moenchengladbach/,https://easyfitness.club/studio/easyfitness-moenchengladbach/,,easy_postid=80839,germany_phase1
de_13447a3a73,EASYFITNESS,EASYFITNESS Mörfelden-Walldorf,Hessenring 13a,64546,Mörfelden-Walldorf,Germany,49.985762,8.587014,READY_TO_IMPORT,VERIFIED_CURRENT,ok,https://easyfitness.club/studio/easyfitness-moerfelden-walldorf/,https://easyfitness.club/studio/easyfitness-moerfelden-walldorf/,,easy_postid=209405,germany_phase1
de_e05d5ace23,EASYFITNESS,EASYFITNESS Mühlhausen,Altenburgstr. 7,99974,Mühlhausen,Germany,,,NEEDS_COORDINATES,VERIFIED_CURRENT,ambiguous,https://easyfitness.club/studio/easyfitness-muehlhausen/,https://easyfitness.club/studio/easyfitness-muehlhausen/,,easy_postid=27091,germany_phase1
de_86c3c63a8a,EASYFITNESS,EASYFITNESS Neuburg a.d. Donau,Nördliche Grünauer Straße 21,86633,Neuburg a.d. Donau,Germany,48.739168,11.21388,READY_TO_IMPORT,VERIFIED_CURRENT,ok,https://easyfitness.club/studio/easyfitness-neuburg-a-d-donau/,https://easyfitness.club/studio/easyfitness-neuburg-a-d-donau/,,easy_postid=29715,germany_phase1
de_164ca2f1c8,EASYFITNESS,EASYFITNESS Neustadt in Holstein &#8211; Premium &#8211;,Werftstraße 9,23730,Neustadt,Germany,54.102762,10.811548,READY_TO_IMPORT,VERIFIED_CURRENT,ok,https://easyfitness.club/studio/easyfitness-neustadt-in-holstein/,https://easyfitness.club/studio/easyfitness-neustadt-in-holstein/,,easy_postid=49636,germany_phase1
de_ce51163b04,EASYFITNESS,EASYFITNESS Neustadt am Rübenberge,Ernst Abbe Ring 17a,31535,Neustadt am Rbge,Germany,52.507014,9.47311,READY_TO_IMPORT,VERIFIED_CURRENT,ok,https://easyfitness.club/studio/easyfitness-neustadt-am-ruebenberge/,https://easyfitness.club/studio/easyfitness-neustadt-am-ruebenberge/,,easy_postid=215177,germany_phase1
de_dd487a97cf,EASYFITNESS,EASYFITNESS EMS Neustadt am Rübenberge,Mittelstraße 19,31535,Neustadt am Rübenberge,Germany,52.506143,9.461167,NEEDS_REVIEW,VERIFIED_CURRENT,ok,https://easyfitness.club/studio/easyfitness-ems-neustadt-am-ruebenberge/,https://easyfitness.club/studio/easyfitness-ems-neustadt-am-ruebenberge/,,easy_postid=152658; ems_only_not_normal_gym; ems_only_not_normal_gym; ems_only_not_normal_gym; ems_only_not_normal_gym,germany_phase1
de_b799cd9d4a,EASYFITNESS,EASYFITNESS Nidderau,Siemensstr. 2,61130,Nidderau,Germany,50.241319,8.868241,READY_TO_IMPORT,VERIFIED_CURRENT,ok,https://easyfitness.club/studio/easyfitness-nidderau/,https://easyfitness.club/studio/easyfitness-nidderau/,,easy_postid=48448,germany_phase1
de_604a78d17e,EASYFITNESS,EASYFITNESS Nienburg,Auf dem Kampe 6,31582,Nienburg (Weser),Germany,52.640336,9.236912,READY_TO_IMPORT,VERIFIED_CURRENT,ok,https://easyfitness.club/studio/easyfitness-nienburg-3/,https://easyfitness.club/studio/easyfitness-nienburg-3/,,easy_postid=217891,germany_phase1
de_a05cc86b25,EASYFITNESS,EASYFITNESS Norden,Bahnhofstraße 1a,26506,Norden,Germany,53.590375,7.21577,READY_TO_IMPORT,VERIFIED_CURRENT,ok,https://easyfitness.club/studio/easyfitness-norden/,https://easyfitness.club/studio/easyfitness-norden/,,easy_postid=47803,germany_phase1
de_1c1da3391e,EASYFITNESS,EASYFITNESS Northeim,Von-Menzel-Str. 4,37154,Northeim,Germany,51.694024,9.990553,READY_TO_IMPORT,VERIFIED_CURRENT,ok,https://easyfitness.club/studio/easyfitness-northeim/,https://easyfitness.club/studio/easyfitness-northeim/,,easy_postid=27094,germany_phase1
de_db7275fd0a,EASYFITNESS,EASYFITNESS Oberneuland,Rockwinkeler Heerstraße 14,28355,Oberneuland,Germany,53.089904,8.935163,READY_TO_IMPORT,VERIFIED_CURRENT,ok,https://easyfitness.club/studio/easyfitness-oberneuland/,https://easyfitness.club/studio/easyfitness-oberneuland/,,easy_postid=42862,germany_phase1
de_e8c64c1d79,EASYFITNESS,EASYFITNESS Bad Eilsen,Am Kohlenberg 2,31683,Obernkirchen,Germany,52.256413,9.135416,READY_TO_IMPORT,VERIFIED_CURRENT,ok,https://easyfitness.club/studio/easyfitness-bad-eilsen/,https://easyfitness.club/studio/easyfitness-bad-eilsen/,,easy_postid=220592,germany_phase1
de_daafe00e5c,EASYFITNESS,EASYFITNESS Oldenburg,Ammergaustraße 43,26123,Oldenburg,Germany,53.162376,8.228448,READY_TO_IMPORT,VERIFIED_CURRENT,ok,https://easyfitness.club/studio/easyfitness-oldenburg/,https://easyfitness.club/studio/easyfitness-oldenburg/,,easy_postid=216108,germany_phase1
de_953193a714,EASYFITNESS,EASYFITNESS Oyten -The Smart Gym-,Wehlacker 4-6,28876,Oyten,Germany,53.059338,9.028105,READY_TO_IMPORT,VERIFIED_CURRENT,ok,https://easyfitness.club/studio/easyfitness-oyten/,https://easyfitness.club/studio/easyfitness-oyten/,,easy_postid=42112,germany_phase1
de_3963a9dd07,EASYFITNESS,EASYFITNESS Pegnitz,Nürnberger Str. 26,91257,Pegnitz,Germany,49.747686,11.538481,READY_TO_IMPORT,VERIFIED_CURRENT,ok,https://easyfitness.club/studio/easyfitness-pegnitz/,https://easyfitness.club/studio/easyfitness-pegnitz/,,easy_postid=220402,germany_phase1
de_498a02e058,EASYFITNESS,EASYFITNESS Peine,An der Ziegelei 10,31228,Peine,Germany,52.333729,10.192744,READY_TO_IMPORT,VERIFIED_CURRENT,ok,https://easyfitness.club/studio/easyfitness-peine/,https://easyfitness.club/studio/easyfitness-peine/,,easy_postid=27096,germany_phase1
de_901290ae74,EASYFITNESS,EASYFITNESS Peine City,Hagenstr. 17,31224,Peine,Germany,52.323718,10.228824,READY_TO_IMPORT,VERIFIED_CURRENT,ok,https://easyfitness.club/studio/easyfitness-peine-city/,https://easyfitness.club/studio/easyfitness-peine-city/,,easy_postid=29716,germany_phase1
de_c842410289,EASYFITNESS,EASYFITNESS Petershagen,Bückeburger Str. 13,32469,Petershagen,Germany,52.366135,9.004754,READY_TO_IMPORT,VERIFIED_CURRENT,ok,https://easyfitness.club/studio/easyfitness-petershagen/,https://easyfitness.club/studio/easyfitness-petershagen/,,easy_postid=112427,germany_phase1
de_2699582e9a,EASYFITNESS,EASYFITNESS Pirmasens,Hillstr. 6,66953,Pirmasens,Germany,49.212312,7.599866,READY_TO_IMPORT,VERIFIED_CURRENT,ok,https://easyfitness.club/studio/easyfitness-pirmasens/,https://easyfitness.club/studio/easyfitness-pirmasens/,,easy_postid=27097,germany_phase1
de_f51930b419,EASYFITNESS,EASYFITNESS Quedlinburg,Steinweg 44,06484,Quedlinburg,Germany,51.790313,11.15482,READY_TO_IMPORT,VERIFIED_CURRENT,ok,https://easyfitness.club/studio/easyfitness-quedlinburg/,https://easyfitness.club/studio/easyfitness-quedlinburg/,,easy_postid=27099,germany_phase1
de_dae9bdb6e1,EASYFITNESS,EASYFITNESS Rastatt,Karlsruher Str. 27,76437,Rastatt,Germany,48.865072,8.218706,READY_TO_IMPORT,VERIFIED_CURRENT,ok,https://easyfitness.club/studio/easyfitness-rastatt/,https://easyfitness.club/studio/easyfitness-rastatt/,,easy_postid=49576,germany_phase1
de_15275e0fdc,EASYFITNESS,EASYFITNESS Regensburg,Rudolf-Vogt-Straße 23,93053,Regensburg,Germany,49.000321,12.105549,READY_TO_IMPORT,VERIFIED_CURRENT,ok,https://easyfitness.club/studio/easyfitness-regensburg/,https://easyfitness.club/studio/easyfitness-regensburg/,,easy_postid=92482,germany_phase1
de_181cbc723f,EASYFITNESS,EASYFITNESS Reutlingen -THE SMART GYM-,Metzgerstraße 59,72764,Reutlingen,Germany,48.491741,9.213719,READY_TO_IMPORT,VERIFIED_CURRENT,ok,https://easyfitness.club/studio/easyfitness-reutlingen/,https://easyfitness.club/studio/easyfitness-reutlingen/,,easy_postid=219919,germany_phase1
de_06dd54a054,EASYFITNESS,EASYFITNESS Riedstadt,Stockstädter Strasse 5-7,64560,Riedstadt,Germany,49.825789,8.48665,READY_TO_IMPORT,VERIFIED_CURRENT,ok,https://easyfitness.club/studio/easyfitness-riedstadt/,https://easyfitness.club/studio/easyfitness-riedstadt/,,easy_postid=27100,germany_phase1
de_7b57136f51,EASYFITNESS,EASYFITNESS Rinteln,Detmolder Str. 27 - 29,31737,Rinteln,Germany,52.174909,9.073994,READY_TO_IMPORT,VERIFIED_CURRENT,ok,https://easyfitness.club/studio/easyfitness-rinteln/,https://easyfitness.club/studio/easyfitness-rinteln/,,easy_postid=27101,germany_phase1
de_423e6adc5e,EASYFITNESS,EASYFITNESS EMS Ronnenberg,Lange Reihe 11,30952,Ronnenberg,Germany,52.318038,9.659065,NEEDS_REVIEW,VERIFIED_CURRENT,ok,https://easyfitness.club/studio/easyfitness-ems-ronnenberg/,https://easyfitness.club/studio/easyfitness-ems-ronnenberg/,,easy_postid=213168; ems_only_not_normal_gym; ems_only_not_normal_gym; ems_only_not_normal_gym; ems_only_not_normal_gym,germany_phase1
de_58e03d598b,EASYFITNESS,EASYFITNESS Rostock -The Smart Gym-,Walter-Stoecker-Straße 1,18069,Rostock,Germany,54.098779,12.073091,READY_TO_IMPORT,VERIFIED_CURRENT,ok,https://easyfitness.club/studio/easyfitness-rostock/,https://easyfitness.club/studio/easyfitness-rostock/,,easy_postid=217263,germany_phase1
de_fd90a95d94,EASYFITNESS,EASYFITNESS Rostock Groß Klein -THE SMART GYM-,Schiffbauerring 71,18109,Rostock,Germany,54.14871,12.075752,READY_TO_IMPORT,VERIFIED_CURRENT,ok,https://easyfitness.club/studio/easyfitness-rostock-gross-klein-the-smart-gym/,https://easyfitness.club/studio/easyfitness-rostock-gross-klein-the-smart-gym/,,easy_postid=220028,germany_phase1
de_0a61ae69f2,EASYFITNESS,EASYFITNESS Rothenburg o.d.T.,Erlbacher Straße 80,91541,Rothenburg ob der Tauber,Germany,49.370482,10.192927,READY_TO_IMPORT,VERIFIED_CURRENT,ok,https://easyfitness.club/studio/easyfitness-rothenburg-o-d-t/,https://easyfitness.club/studio/easyfitness-rothenburg-o-d-t/,,easy_postid=208759,germany_phase1
de_773d0a7fbc,EASYFITNESS,EASYFITNESS Rödermark,Raiffeisenstraße 6,63322,Rödermark,Germany,49.970403,8.831028,READY_TO_IMPORT,VERIFIED_CURRENT,ok,https://easyfitness.club/studio/easyfitness-roedermark/,https://easyfitness.club/studio/easyfitness-roedermark/,,easy_postid=215984,germany_phase1
de_6f87cac700,EASYFITNESS,EASYFITNESS Rüsselsheim,Eisenstraße 5,65428,Rüsselsheim,Germany,49.975912,8.420002,READY_TO_IMPORT,VERIFIED_CURRENT,ok,https://easyfitness.club/studio/easyfitness-ruesselsheim/,https://easyfitness.club/studio/easyfitness-ruesselsheim/,,easy_postid=50246,germany_phase1
de_7632f08ee5,EASYFITNESS,EASYFITNESS Rüsselsheim Königstädten,Bensheimer Str. 61,65428,Rüsselsheim,Germany,49.96742,8.450422,READY_TO_IMPORT,VERIFIED_CURRENT,ok,https://easyfitness.club/studio/easyfitness-koenigstaedten/,https://easyfitness.club/studio/easyfitness-koenigstaedten/,,easy_postid=211904,germany_phase1
de_4653a697ff,EASYFITNESS,EASYFITNESS Sachsenheim,Lammstraße 2,74343,Sachsenheim,Germany,48.9598,9.063476,READY_TO_IMPORT,VERIFIED_CURRENT,ok,https://easyfitness.club/studio/easyfitness-sachsenheim/,https://easyfitness.club/studio/easyfitness-sachsenheim/,,easy_postid=29722,germany_phase1
de_caa7b48aa9,EASYFITNESS,EASYFITNESS Salzgitter-Lebenstedt,Leibnizstraße 5,38228,Salzgitter,Germany,52.144251,10.315413,READY_TO_IMPORT,VERIFIED_CURRENT,ok,https://easyfitness.club/studio/easyfitness-salzgitter-lebenstedt/,https://easyfitness.club/studio/easyfitness-salzgitter-lebenstedt/,,easy_postid=31662,germany_phase1
de_feaae16ef6,EASYFITNESS,EASYFITNESS Sangerhausen,Kylische Straße 28-34,06526,Sangerhausen,Germany,51.473341,11.296285,READY_TO_IMPORT,VERIFIED_CURRENT,ok,https://easyfitness.club/studio/easyfitness-sangerhausen/,https://easyfitness.club/studio/easyfitness-sangerhausen/,,easy_postid=27104,germany_phase1
de_fa3f6fa8d4,EASYFITNESS,EASYFITNESS Schmalkalden,Haindorfsgasse 15,98574,Schmalkalden,Germany,50.722161,10.44949,READY_TO_IMPORT,VERIFIED_CURRENT,ok,https://easyfitness.club/studio/easyfitness-schmalkalden/,https://easyfitness.club/studio/easyfitness-schmalkalden/,,easy_postid=27105,germany_phase1
de_e313e1de68,EASYFITNESS,EASYFITNESS Schramberg,Heiligenbronner Str. 26,78713,Schramberg,Germany,48.230742,8.423029,READY_TO_IMPORT,VERIFIED_CURRENT,ok,https://easyfitness.club/studio/easyfitness-schramberg/,https://easyfitness.club/studio/easyfitness-schramberg/,,easy_postid=38249,germany_phase1
de_1535d4dd89,EASYFITNESS,EASYFITNESS Schwalbach,Am Kronberger Hang 2,65824,Schwalbach am Taunus,Germany,50.163873,8.533484,READY_TO_IMPORT,VERIFIED_CURRENT,ok,https://easyfitness.club/studio/easyfitness-schwalbach/,https://easyfitness.club/studio/easyfitness-schwalbach/,,easy_postid=27106,germany_phase1
de_6d8852a032,EASYFITNESS,EASYFITNESS Schwenningen,Villingerstraße 142,78054,Schwenningen,Germany,48.063035,8.514842,READY_TO_IMPORT,VERIFIED_CURRENT,ok,https://easyfitness.club/studio/easyfitness-schwenningen/,https://easyfitness.club/studio/easyfitness-schwenningen/,,easy_postid=27108,germany_phase1
de_c31d6d8708,EASYFITNESS,EASYFITNESS Schwerte,Am Markt 11,58239,Schwerte,Germany,51.44015,7.568701,READY_TO_IMPORT,VERIFIED_CURRENT,ok,https://easyfitness.club/studio/easyfitness-schwerte/,https://easyfitness.club/studio/easyfitness-schwerte/,,easy_postid=34200,germany_phase1
de_ca2443e5f2,EASYFITNESS,EASYFITNESS Schöllkrippen -The Smart Gym-,Aschaffenburger Str. 50,63825,Schöllkrippen,Germany,,,NEEDS_COORDINATES,VERIFIED_CURRENT,ambiguous,https://easyfitness.club/studio/easyfitness-schoellkrippen/,https://easyfitness.club/studio/easyfitness-schoellkrippen/,,easy_postid=47888,germany_phase1
de_09599bd859,EASYFITNESS,EASYFITNESS Seelze,Hannoversche Str. 65,30926,Seelze,Germany,52.392985,9.607913,READY_TO_IMPORT,VERIFIED_CURRENT,ok,https://easyfitness.club/studio/easyfitness-seelze/,https://easyfitness.club/studio/easyfitness-seelze/,,easy_postid=81172,germany_phase1
de_8094fecb83,EASYFITNESS,EASYFITNESS Soltau,Lüneburger Straße 109,29614,Soltau,Germany,52.987384,9.862633,READY_TO_IMPORT,VERIFIED_CURRENT,ok,https://easyfitness.club/studio/easyfitness-soltau/,https://easyfitness.club/studio/easyfitness-soltau/,,easy_postid=48626,germany_phase1
de_3802a6aa5b,EASYFITNESS,EASYFITNESS Stadthagen,Hüttenstr. 7,31655,Stadthagen,Germany,52.324335,9.185434,READY_TO_IMPORT,VERIFIED_CURRENT,ok,https://easyfitness.club/studio/easyfitness-stadthagen/,https://easyfitness.club/studio/easyfitness-stadthagen/,,easy_postid=129382,germany_phase1
de_735c127481,EASYFITNESS,EASYFITNESS Stein,Forum 1,90547,Stein,Germany,49.411555,11.012315,READY_TO_IMPORT,VERIFIED_CURRENT,ok,https://easyfitness.club/studio/easyfitness-stein/,https://easyfitness.club/studio/easyfitness-stein/,,easy_postid=216673,germany_phase1
de_4f0a845c8e,EASYFITNESS,EASYFITNESS Stuttgart-Hedelfingen,Otto-Hirsch-Brücken 17,70329,Stuttgart,Germany,48.760972,9.255663,READY_TO_IMPORT,VERIFIED_CURRENT,ok,https://easyfitness.club/studio/easyfitness-stuttgart-hedelfingen/,https://easyfitness.club/studio/easyfitness-stuttgart-hedelfingen/,,easy_postid=29724,germany_phase1
de_0b7bf9bea2,EASYFITNESS,EASYFITNESS Sulingen,Nienburger Straße 190,27232,Sulingen,Germany,52.681491,8.837795,READY_TO_IMPORT,VERIFIED_CURRENT,ok,https://easyfitness.club/studio/easyfitness-sulingen/,https://easyfitness.club/studio/easyfitness-sulingen/,,easy_postid=40796,germany_phase1
de_ae522a938f,EASYFITNESS,EASYFITNESS Syke,Suurend 3-5,28857,Syke,Germany,52.915561,8.816149,READY_TO_IMPORT,VERIFIED_CURRENT,ok,https://easyfitness.club/studio/easyfitness-syke/,https://easyfitness.club/studio/easyfitness-syke/,,easy_postid=27110,germany_phase1
de_093b66568f,EASYFITNESS,EASYFITNESS Traunreut -THE SMART GYM-,Kantstr. 4,83301,Traunreut,Germany,47.963609,12.592097,READY_TO_IMPORT,VERIFIED_CURRENT,ok,https://easyfitness.club/studio/easyfitness-traunreut/,https://easyfitness.club/studio/easyfitness-traunreut/,,easy_postid=220182,germany_phase1
de_d3b1d2d39b,EASYFITNESS,EASYFITNESS Uelzen,Bahnhofstraße 2 b,29525,Uelzen,Germany,,,NEEDS_COORDINATES,VERIFIED_CURRENT,ambiguous,https://easyfitness.club/studio/easyfitness-uelzen/,https://easyfitness.club/studio/easyfitness-uelzen/,,easy_postid=213195,germany_phase1
de_8d7d211fb8,EASYFITNESS,EASYFITNESS Usingen,Am Riedborn 18,61250,Usingen,Germany,50.333157,8.527008,READY_TO_IMPORT,VERIFIED_CURRENT,ok,https://easyfitness.club/studio/easyfitness-usingen/,https://easyfitness.club/studio/easyfitness-usingen/,,easy_postid=95004,germany_phase1
de_1a2e6675dc,EASYFITNESS,EASYFITNESS Vechelde,Peinerstraße 9,38159,Vechelde,Germany,52.263227,10.366101,READY_TO_IMPORT,VERIFIED_CURRENT,ok,https://easyfitness.club/studio/easyfitness-vechelde/,https://easyfitness.club/studio/easyfitness-vechelde/,,easy_postid=218200,germany_phase1
de_54c914058c,EASYFITNESS,EASYFITNESS Vellmar,Berliner Str. 10-14,34246,Vellmar,Germany,51.34754,9.477053,READY_TO_IMPORT,VERIFIED_CURRENT,ok,https://easyfitness.club/studio/easyfitness-vellmar/,https://easyfitness.club/studio/easyfitness-vellmar/,,easy_postid=49464,germany_phase1
de_ca4788119f,EASYFITNESS,EASYFITNESS Verden,Brunnenweg 1,27283,Verden/Aller,Germany,52.924792,9.236653,READY_TO_IMPORT,VERIFIED_CURRENT,ok,https://easyfitness.club/studio/easyfitness-verden/,https://easyfitness.club/studio/easyfitness-verden/,,easy_postid=27112,germany_phase1
de_895a859a50,EASYFITNESS,EASYFITNESS Viersen,Albertstraße 9,41751,Viersen,Germany,51.256654,6.332336,READY_TO_IMPORT,VERIFIED_CURRENT,ok,https://easyfitness.club/studio/easyfitness-viersen/,https://easyfitness.club/studio/easyfitness-viersen/,,easy_postid=217896,germany_phase1
de_6238b7bcad,EASYFITNESS,EASYFITNESS Vlotho,Valdorfer Str. 100,32602,Vlotho,Germany,52.157463,8.848233,READY_TO_IMPORT,VERIFIED_CURRENT,ok,https://easyfitness.club/studio/easyfitness-vlotho/,https://easyfitness.club/studio/easyfitness-vlotho/,,easy_postid=49316,germany_phase1
de_eeec9aa5ac,EASYFITNESS,EASYFITNESS Wegberg,Bahnhofstraße 42,41844,Wegberg,Germany,51.143712,6.279613,READY_TO_IMPORT,VERIFIED_CURRENT,ok,https://easyfitness.club/studio/easyfitness-wegberg/,https://easyfitness.club/studio/easyfitness-wegberg/,,easy_postid=29717,germany_phase1
de_5966466d24,EASYFITNESS,EASYFITNESS Weil der Stadt -The Smart Gym-,Siemensstraße 6,71263,Weil der Stadt,Germany,48.756977,8.86891,READY_TO_IMPORT,VERIFIED_CURRENT,ok,https://easyfitness.club/studio/easyfitness-weil-der-stadt-the-smart-gym/,https://easyfitness.club/studio/easyfitness-weil-der-stadt-the-smart-gym/,,easy_postid=213218,germany_phase1
de_a4e48db5e3,EASYFITNESS,EASYFITNESS Weilburg,Johann-Ernst-Straße 6,35781,Weilburg,Germany,50.483349,8.285566,READY_TO_IMPORT,VERIFIED_CURRENT,ok,https://easyfitness.club/studio/easyfitness-weilburg/,https://easyfitness.club/studio/easyfitness-weilburg/,,easy_postid=27114,germany_phase1
de_be762b67b6,EASYFITNESS,EASYFITNESS Weimar,Ernst-Busse-Straße 33,99427,Weimar,Germany,51.00843,11.33481,READY_TO_IMPORT,VERIFIED_CURRENT,ok,https://easyfitness.club/studio/easyfitness-weimar/,https://easyfitness.club/studio/easyfitness-weimar/,,easy_postid=50545,germany_phase1
de_1593defa94,EASYFITNESS,EASYFITNESS Wendeburg -The Smart Gym-,Büssingstraße 8,38176,Wendeburg,Germany,52.319643,10.399278,READY_TO_IMPORT,VERIFIED_CURRENT,ok,https://easyfitness.club/studio/easyfitness-wendeburg/,https://easyfitness.club/studio/easyfitness-wendeburg/,,easy_postid=29719,germany_phase1
de_748758bcc5,EASYFITNESS,EASYFITNESS Wernberg Köblitz -The Smart Gym-,Am Franzosengraben 6,92533,Wernberg Köblitz,Germany,49.541355,12.156392,READY_TO_IMPORT,VERIFIED_CURRENT,ok,https://easyfitness.club/studio/wernberg-koeblitz-the-smart-gym/,https://easyfitness.club/studio/wernberg-koeblitz-the-smart-gym/,,easy_postid=218120,germany_phase1
de_e8874a06f1,EASYFITNESS,EASYFITNESS Wertheim,Am Stammholz 2,97877,Wertheim,Germany,49.7787,9.478475,READY_TO_IMPORT,VERIFIED_CURRENT,ok,https://easyfitness.club/studio/easyfitness-wertheim/,https://easyfitness.club/studio/easyfitness-wertheim/,,easy_postid=114101,germany_phase1
de_3bdeec2967,EASYFITNESS,EASYFITNESS Wesel,Esplanade 22,46483,Wesel,Germany,51.655553,6.617502,READY_TO_IMPORT,VERIFIED_CURRENT,ok,https://easyfitness.club/studio/easyfitness-wesel/,https://easyfitness.club/studio/easyfitness-wesel/,,easy_postid=29745,germany_phase1
de_d062f210a7,EASYFITNESS,EASYFITNESS Wiesloch,Hauptstr. 65,69168,Wiesloch,Germany,49.295177,8.70126,READY_TO_IMPORT,VERIFIED_CURRENT,ok,https://easyfitness.club/studio/easyfitness-wiesloch/,https://easyfitness.club/studio/easyfitness-wiesloch/,,easy_postid=48286,germany_phase1
de_dfc011b9c8,EASYFITNESS,EASYFITNESS Willich,Friedrichstr. 27,47877,Willich,Germany,51.263896,6.550971,READY_TO_IMPORT,VERIFIED_CURRENT,ok,https://easyfitness.club/studio/easyfitness-willich/,https://easyfitness.club/studio/easyfitness-willich/,,easy_postid=47775,germany_phase1
de_de2f4d5fed,EASYFITNESS,EASYFITNESS Winsen,Osttangente 200,21423,Winsen,Germany,53.351369,10.224951,READY_TO_IMPORT,VERIFIED_CURRENT,ok,https://easyfitness.club/studio/easyfitness-winsen/,https://easyfitness.club/studio/easyfitness-winsen/,,easy_postid=50824,germany_phase1
de_e3b85f90d3,EASYFITNESS,EASYFITNESS Wismar,Lübsche Straße 21,23966,Wismar,Germany,53.892225,11.462835,READY_TO_IMPORT,VERIFIED_CURRENT,ok,https://easyfitness.club/studio/easyfitness-wismar/,https://easyfitness.club/studio/easyfitness-wismar/,,easy_postid=27116,germany_phase1
de_38fa19becf,EASYFITNESS,EASYFITNESS Witzenhausen,Mündener Str. 15a,37213,Witzenhausen,Germany,51.34737,9.854748,READY_TO_IMPORT,VERIFIED_CURRENT,ok,https://easyfitness.club/studio/easyfitness-witzenhausen/,https://easyfitness.club/studio/easyfitness-witzenhausen/,,easy_postid=50654,germany_phase1
de_17cad8076f,EASYFITNESS,EASYFITNESS Wolfenbüttel,Am Alten Schlachthof 6,38304,Wolfenbüttel,Germany,52.1635,10.511273,READY_TO_IMPORT,VERIFIED_CURRENT,ok,https://easyfitness.club/studio/easyfitness-wolfenbuettel/,https://easyfitness.club/studio/easyfitness-wolfenbuettel/,,easy_postid=27117,germany_phase1
de_83ced21c0f,EASYFITNESS,EASYFITNESS EMS Wolfsburg,Steimker Promenade 6a,38446,Wolfsburg,Germany,52.414505,10.818454,NEEDS_REVIEW,VERIFIED_CURRENT,ok,https://easyfitness.club/studio/easyfitness-ems-wolfsburg/,https://easyfitness.club/studio/easyfitness-ems-wolfsburg/,,easy_postid=219134; ems_only_not_normal_gym; ems_only_not_normal_gym; ems_only_not_normal_gym; ems_only_not_normal_gym,germany_phase1
de_e8b4f15ec2,EASYFITNESS,EASYFITNESS EMS Wunstorf,Hagenburger Str. 1,31515,Wunstorf,Germany,52.42908,9.426459,NEEDS_REVIEW,VERIFIED_CURRENT,ok,https://easyfitness.club/studio/easyfitness-ems-wunstorf/,https://easyfitness.club/studio/easyfitness-ems-wunstorf/,,easy_postid=212881; ems_only_not_normal_gym; ems_only_not_normal_gym; ems_only_not_normal_gym; ems_only_not_normal_gym,germany_phase1
de_0716604245,EASYFITNESS,EASYFITNESS Wunstorf,Industriestr. 2a,31515,Wunstorf,Germany,52.417139,9.450037,READY_TO_IMPORT,VERIFIED_CURRENT,ok,https://easyfitness.club/studio/easyfitness-wunstorf/,https://easyfitness.club/studio/easyfitness-wunstorf/,,easy_postid=31575,germany_phase1
de_64f4db5752,ELBGYM,ELBGYM Hamburg Alsterufer,Warburgstraße 1‑2,20354,Hamburg,Germany,53.559523,9.994402,READY_TO_IMPORT,VERIFIED_CURRENT,ok,https://www.fitnessfirst.de/clubs/hamburg-alsterufer,https://www.fitnessfirst.de/clubs/hamburg-alsterufer,Fitness First,phase2_ff_itemlist_expand; rebranded_to_elbgym_phase2,germany_phase2
de_b7d8dcfb6f,ELBGYM,ELBGYM Hamburg Eppendorf Straßenbahnring,Straßenbahnring 8,20251,Hamburg,Germany,53.5821,10.0064,READY_TO_IMPORT,VERIFIED_CURRENT,,https://www.fitnessfirst.de/clubs/hamburg-eppendorf-strassenbahnring,https://www.fitnessfirst.de/clubs/hamburg-eppendorf-strassenbahnring,Fitness First,phase2_ff_itemlist_expand; rebranded_to_elbgym_phase2,germany_phase2
de_ae2588bbb5,ELBGYM,ELBGYM Hamburg Innenstadt Dammtorpark,Gorch‑Fock‑Wall 3,20354,Hamburg,Germany,53.557699,9.985618,READY_TO_IMPORT,VERIFIED_CURRENT,ok,https://www.fitnessfirst.de/clubs/hamburg-innenstadt-dammtorpark,https://www.fitnessfirst.de/clubs/hamburg-innenstadt-dammtorpark,Fitness First,phase2_ff_itemlist_expand; rebranded_to_elbgym_phase2,germany_phase2
de_40d6f9137f,ELBGYM,ELBGYM Hamburg Stadthöfe,Bleichenbrücke 9,20354,Hamburg,Germany,53.551625,9.987558,READY_TO_IMPORT,VERIFIED_CURRENT,ok,https://www.fitnessfirst.de/clubs/hamburg-stadthoefe,https://www.fitnessfirst.de/clubs/hamburg-stadthoefe,Fitness First,phase2_ff_itemlist_expand; rebranded_to_elbgym_phase2,germany_phase2
de_5f769863f4,ELBGYM,ELBGYM Hamburg Winterhude,Humboldtstraße 58,22086,Hamburg,Germany,53.576163,10.022889,READY_TO_IMPORT,VERIFIED_CURRENT,suspicious,https://www.fitnessfirst.de/clubs/hamburg-winterhude,https://www.fitnessfirst.de/clubs/hamburg-winterhude,Fitness First,phase2_ff_itemlist_expand; soft_postal; rebranded_to_elbgym_phase2,germany_phase2
de_4b5d4eaac8,ELBGYM,ELBGYM München DER Bogen,Prinzregentenstraße 159,81677,München,Germany,48.1325,11.588,READY_TO_IMPORT,VERIFIED_CURRENT,,https://www.fitnessfirst.de/clubs/muenchen-bogen,https://www.fitnessfirst.de/clubs/muenchen-bogen,Fitness First,phase2_ff_itemlist_expand; rebranded_to_elbgym_phase2,germany_phase2
de_903014c9cf,ELBGYM,ELBGYM München Hofstatt,Sendlinger Straße 10,80331,München,Germany,48.136064,11.571457,READY_TO_IMPORT,VERIFIED_CURRENT,ok,https://www.fitnessfirst.de/clubs/muenchen-hofstatt,https://www.fitnessfirst.de/clubs/muenchen-hofstatt,Fitness First,phase2_ff_itemlist_expand; rebranded_to_elbgym_phase2,germany_phase2
de_dac5e94282,ELEMENTS,ELEMENTS Eschborn,Katharina-Paulus-Straße 2,65760,Eschborn,Germany,50.132287,8.559735,READY_TO_IMPORT,VERIFIED_CURRENT,ok,https://www.elements.com/fitnessstudio-eschborn/,https://www.elements.com/fitnessstudio-eschborn/,,phase3_elements_official; migros_freizeit_deutschland,germany_phase3
de_56d6d1cd58,ELEMENTS,ELEMENTS Eschenheimer Turm,Bleichstraße 57,60313,Frankfurt,Germany,50.117073,8.680867,READY_TO_IMPORT,VERIFIED_CURRENT,ok,https://www.elements.com/eschenheimer-turm/fitnessstudio-frankfurt-innenstadt/,https://www.elements.com/eschenheimer-turm/fitnessstudio-frankfurt-innenstadt/,,phase3_elements_official; migros_freizeit_deutschland,germany_phase3
de_3e5b63f2be,ELEMENTS,ELEMENTS Henninger Turm,Hainer Weg 60,60599,Frankfurt,Germany,50.097467,8.693151,READY_TO_IMPORT,VERIFIED_CURRENT,ok,https://www.elements.com/henninger-turm/fitnessstudio-sachsenhausen/,https://www.elements.com/henninger-turm/fitnessstudio-sachsenhausen/,,phase3_elements_official; migros_freizeit_deutschland,germany_phase3
de_c1d8f74b26,ELEMENTS,ELEMENTS Balanstraße,Balanstraße 73,81541,München,Germany,48.118196,11.602731,READY_TO_IMPORT,VERIFIED_CURRENT,ok,https://www.elements.com/balanstrasse/fitnessstudio-giesing/,https://www.elements.com/balanstrasse/fitnessstudio-giesing/,,phase3_elements_official; migros_freizeit_deutschland,germany_phase3
de_34a6c0c5c6,ELEMENTS,ELEMENTS Donnersbergerbrücke,Erika-Mann-Straße 61,80636,München,Germany,48.143351,11.536757,READY_TO_IMPORT,VERIFIED_CURRENT,ok,https://www.elements.com/donnersbergerbruecke/fitnessstudio-neuhausen/,https://www.elements.com/donnersbergerbruecke/fitnessstudio-neuhausen/,,phase3_elements_official; migros_freizeit_deutschland,germany_phase3
de_3299bf3ce5,ELEMENTS,ELEMENTS Siemensallee,Baierbrunner Straße 85,81379,München,Germany,48.092581,11.530475,READY_TO_IMPORT,VERIFIED_CURRENT,ok,https://www.elements.com/siemensallee/fitnessstudio-sendling/,https://www.elements.com/siemensallee/fitnessstudio-sendling/,,phase3_elements_official; migros_freizeit_deutschland,germany_phase3
de_f257e9b64a,ELEMENTS,ELEMENTS Paulinenbrücke,Feinstraße 4,70178,Stuttgart,Germany,48.769586,9.17304,READY_TO_IMPORT,VERIFIED_CURRENT,ok,https://www.elements.com/paulinenbruecke/fitnessstudio-stuttgart/,https://www.elements.com/paulinenbruecke/fitnessstudio-stuttgart/,,phase3_elements_official; migros_freizeit_deutschland,germany_phase3
de_b4fe7ac5ab,Fitness First,Fitness First Berlin Hellersdorf,,,,Germany,,,NEEDS_REVIEW,VERIFIED_CURRENT,,https://www.fitnessfirst.de/clubs/berlin-hellersdorf,https://www.fitnessfirst.de/clubs/berlin-hellersdorf,,phase2_ff_itemlist_expand,germany_phase2
de_9be4c773cf,Fitness First,Fitness First Berlin Lichterfelde,,,,Germany,,,NEEDS_REVIEW,VERIFIED_CURRENT,,https://www.fitnessfirst.de/clubs/berlin-lichterfelde,https://www.fitnessfirst.de/clubs/berlin-lichterfelde,,phase2_ff_itemlist_expand,germany_phase2
de_7fbeb74c33,Fitness First,Fitness First Berlin Prager Platz,,,,Germany,,,NEEDS_REVIEW,VERIFIED_CURRENT,,https://www.fitnessfirst.de/clubs/berlin-prager-platz,https://www.fitnessfirst.de/clubs/berlin-prager-platz,,phase2_ff_itemlist_expand,germany_phase2
de_12ebf1a6d6,Fitness First,Fitness First {{ queryHeadline }},,,,Germany,,,NEEDS_REVIEW,VERIFIED_CURRENT,,https://www.fitnessfirst.de/clubs,https://www.fitnessfirst.de/clubs,,phase2_ff_itemlist_expand; listing_hub_not_a_club,germany_phase2
de_95d3d6d5a4,Fitness First,Fitness First Berlin Friedrichshain Ladies,Frankfurter Allee 57-59,10247,Berlin,Germany,52.5155,13.4546,READY_TO_IMPORT,VERIFIED_CURRENT,,https://www.fitnessfirst.de/clubs/berlin-women-friedrichshain,https://www.fitnessfirst.de/clubs/berlin-women-friedrichshain,,phase2_ff_itemlist_expand,germany_phase2
de_096431dfd4,Fitness First,Fitness First Berlin Pankow Ladies,Breite Straße 33-34,13187,Berlin,Germany,52.5696,13.4063,READY_TO_IMPORT,VERIFIED_CURRENT,,https://www.fitnessfirst.de/clubs/berlin-women-pankow,https://www.fitnessfirst.de/clubs/berlin-women-pankow,,phase2_ff_itemlist_expand,germany_phase2
de_1cd6f1cba2,Fitness First,Fitness First Berlin Prenzlauer Berg,Schönhauser Allee 80,10439,Berlin,Germany,52.55,13.4141,READY_TO_IMPORT,VERIFIED_CURRENT,,https://www.fitnessfirst.de/clubs/berlin-prenzlauer-berg,https://www.fitnessfirst.de/clubs/berlin-prenzlauer-berg,,phase2_ff_itemlist_expand,germany_phase2
de_4d33a4b967,Fitness First,Fitness First Berlin Schöneberg,Bautzener Straße 20‑24,10829,Berlin,Germany,52.492162,13.371307,READY_TO_IMPORT,VERIFIED_CURRENT,ok,https://www.fitnessfirst.de/clubs/berlin-schoeneberg,https://www.fitnessfirst.de/clubs/berlin-schoeneberg,,phase2_ff_itemlist_expand,germany_phase2
de_06decf5794,Fitness First,Fitness First Berlin Steglitz,Schloßstraße 110,12163,Berlin,Germany,52.460848,13.325327,READY_TO_IMPORT,VERIFIED_CURRENT,,https://www.fitnessfirst.de/clubs/berlin-steglitz,https://www.fitnessfirst.de/clubs/berlin-steglitz,,phase2_ff_itemlist_expand,germany_phase2
de_06f5efd875,Fitness First,Fitness First Berlin Steglitz im Schloss - Ladies,Schloßstraße 33-36,12163,Berlin,Germany,52.4577,13.3212,READY_TO_IMPORT,VERIFIED_CURRENT,,https://www.fitnessfirst.de/clubs/berlin-women-steglitz-im-schloss,https://www.fitnessfirst.de/clubs/berlin-women-steglitz-im-schloss,,phase2_ff_itemlist_expand,germany_phase2
de_84770adfa7,Fitness First,Fitness First Berlin Wedding,Müllerstraße 35,13353,Berlin,Germany,52.549033,13.355159,READY_TO_IMPORT,VERIFIED_CURRENT,ok,https://www.fitnessfirst.de/clubs/berlin-wedding,https://www.fitnessfirst.de/clubs/berlin-wedding,,phase2_ff_itemlist_expand,germany_phase2
de_068eabd572,Fitness First,Fitness First Berlin Wilmersdorf,Wilmersdorfer Straße 108-111,10627,Berlin,Germany,52.5059,13.307,READY_TO_IMPORT,VERIFIED_CURRENT,,https://www.fitnessfirst.de/clubs/berlin-wilmersdorf,https://www.fitnessfirst.de/clubs/berlin-wilmersdorf,,phase2_ff_itemlist_expand,germany_phase2
de_ad204fc89c,Fitness First,Fitness First Berlin Zehlendorfer Welle,Clayallee 328-334,14169,Berlin,Germany,52.4376,13.2621,READY_TO_IMPORT,VERIFIED_CURRENT,,https://www.fitnessfirst.de/clubs/berlin-zehlendorfer-welle,https://www.fitnessfirst.de/clubs/berlin-zehlendorfer-welle,,phase2_ff_itemlist_expand,germany_phase2
de_cd18f6ec15,Fitness First,Fitness First Berlin Gendarmenmarkt,Obere Stegwiesen 10,88400,Biberach an der Riß,Germany,48.127828,9.802391,READY_TO_IMPORT,VERIFIED_CURRENT,ok,https://www.fitnessfirst.de/clubs/berlin-gendarmenmarkt,https://www.fitnessfirst.de/clubs/berlin-gendarmenmarkt,,phase2_ff_itemlist_expand,germany_phase2
de_b7d7725ed8,Fitness First,Fitness First Bielefeld Am Boulevard,Boulevard 1,33613,Bielefeld,Germany,52.0266,8.5326,READY_TO_IMPORT,VERIFIED_CURRENT,,https://www.fitnessfirst.de/clubs/bielefeld-boulevard-1,https://www.fitnessfirst.de/clubs/bielefeld-boulevard-1,,phase2_ff_itemlist_expand,germany_phase2
de_d78bafeab5,Fitness First,Fitness First Bielefeld Herforder Straße,Stadtheider Straße 10,33609,Bielefeld,Germany,52.0302,8.5531,READY_TO_IMPORT,VERIFIED_CURRENT,,https://www.fitnessfirst.de/clubs/bielefeld-mitte,https://www.fitnessfirst.de/clubs/bielefeld-mitte,,phase2_ff_itemlist_expand,germany_phase2
de_5887bc94ab,Fitness First,Fitness First Bremen Neustadt,Duckwitzstraße 55,28199,Bremen,Germany,53.066093,8.769109,READY_TO_IMPORT,VERIFIED_CURRENT,ok,https://www.fitnessfirst.de/clubs/bremen-neustadt,https://www.fitnessfirst.de/clubs/bremen-neustadt,,phase2_ff_itemlist_expand,germany_phase2
de_80a7dcad08,Fitness First,Fitness First Bremen Süd,Volkmannstraße 2,28201,Bremen,Germany,53.0641,8.8057,READY_TO_IMPORT,VERIFIED_CURRENT,,https://www.fitnessfirst.de/clubs/bremen-sued,https://www.fitnessfirst.de/clubs/bremen-sued,,phase2_ff_itemlist_expand,germany_phase2
de_374f743401,Fitness First,Fitness First Bremen Überseestadt,Konsul-Smidt-Straße 18a,28217,Bremen,Germany,53.0844,8.7857,READY_TO_IMPORT,VERIFIED_CURRENT,,https://www.fitnessfirst.de/clubs/bremen-ueberseestadt,https://www.fitnessfirst.de/clubs/bremen-ueberseestadt,,phase2_ff_itemlist_expand,germany_phase2
de_8f0fa8e787,Fitness First,Fitness First Dresden Altstadt,Grunaer Straße 14,01069,Dresden,Germany,51.0413,13.7376,READY_TO_IMPORT,VERIFIED_CURRENT,,https://www.fitnessfirst.de/clubs/dresden-altstadt,https://www.fitnessfirst.de/clubs/dresden-altstadt,,phase2_ff_itemlist_expand,germany_phase2
de_2d570d15a4,Fitness First,Fitness First Dresden Postplatz,Postplatz 1,01067,Dresden,Germany,51.05102,13.733965,READY_TO_IMPORT,VERIFIED_CURRENT,ok,https://www.fitnessfirst.de/clubs/dresden-postplatz,https://www.fitnessfirst.de/clubs/dresden-postplatz,,phase2_ff_itemlist_expand,germany_phase2
de_3324b08e8e,Fitness First,Fitness First Düsseldorf Am Seestern,Fritz-Vomfelde-Straße 26,40547,Düsseldorf,Germany,51.239868,6.736599,READY_TO_IMPORT,VERIFIED_CURRENT,ok,https://www.fitnessfirst.de/clubs/duesseldorf-seestern,https://www.fitnessfirst.de/clubs/duesseldorf-seestern,,phase2_ff_itemlist_expand,germany_phase2
de_993b1036a3,Fitness First,Fitness First Düsseldorf Düsseltal,Grafenbergerallee 297,40237,Düsseldorf,Germany,51.225,6.786,READY_TO_IMPORT,VERIFIED_CURRENT,,https://www.fitnessfirst.de/clubs/duesseldorf-duesseltal,https://www.fitnessfirst.de/clubs/duesseldorf-duesseltal,,phase2_ff_itemlist_expand,germany_phase2
de_726edaea61,Fitness First,Fitness First Düsseldorf Holthausen,Bonner Straße 29,40589,Düsseldorf,Germany,51.1735,6.8481,READY_TO_IMPORT,VERIFIED_CURRENT,,https://www.fitnessfirst.de/clubs/duesseldorf-holthausen,https://www.fitnessfirst.de/clubs/duesseldorf-holthausen,,phase2_ff_itemlist_expand,germany_phase2
de_b0e793cdd8,Fitness First,Fitness First Düsseldorf Im Lighthouse,Derendorfer Allee 6,40476,Düsseldorf,Germany,51.2516,6.7921,READY_TO_IMPORT,VERIFIED_CURRENT,,https://www.fitnessfirst.de/clubs/duesseldorf-derendorf-im-lighthouse,https://www.fitnessfirst.de/clubs/duesseldorf-derendorf-im-lighthouse,,phase2_ff_itemlist_expand,germany_phase2
de_b9014ff109,Fitness First,Fitness First Düsseldorf In der KÖ - Galerie,Königsallee 60,40212,Düsseldorf,Germany,51.2258,6.7829,READY_TO_IMPORT,VERIFIED_CURRENT,,https://www.fitnessfirst.de/clubs/duesseldorf-in-der-koe-galerie,https://www.fitnessfirst.de/clubs/duesseldorf-in-der-koe-galerie,,phase2_ff_itemlist_expand,germany_phase2
de_a36f0d229e,Fitness First,Fitness First Esslingen Adenauerbrücke,Rennstraße 28,73728,Esslingen am Neckar,Germany,48.7424,9.3108,READY_TO_IMPORT,VERIFIED_CURRENT,,https://www.fitnessfirst.de/clubs/esslingen-adenauerbruecke,https://www.fitnessfirst.de/clubs/esslingen-adenauerbruecke,,phase2_ff_itemlist_expand,germany_phase2
de_4847872224,Fitness First,Fitness First Esslingen Hengstenberg Areal,Mettinger Straße 113,73728,Esslingen am Neckar,Germany,48.7405,9.319,READY_TO_IMPORT,VERIFIED_CURRENT,,https://www.fitnessfirst.de/clubs/esslingen-hengstenberg,https://www.fitnessfirst.de/clubs/esslingen-hengstenberg,,phase2_ff_itemlist_expand,germany_phase2
de_3fe9a7d53c,Fitness First,Fitness First Esslingen Im Dick,Kollwitzstraße 1,73728,Esslingen am Neckar,Germany,48.740766,9.298834,READY_TO_IMPORT,VERIFIED_CURRENT,ok,https://www.fitnessfirst.de/clubs/esslingen-das-dick,https://www.fitnessfirst.de/clubs/esslingen-das-dick,,phase2_ff_itemlist_expand,germany_phase2
de_1fbf735b54,Fitness First,Fitness First Frankfurt Preungesheim,August‑Schanz‑Straße 33‑35,60433,Frankfurt am Main,Germany,50.161006,8.688116,READY_TO_IMPORT,VERIFIED_CURRENT,ok,https://www.fitnessfirst.de/clubs/frankfurt-preungesheim,https://www.fitnessfirst.de/clubs/frankfurt-preungesheim,,phase2_ff_itemlist_expand,germany_phase2
de_442710aa3c,Fitness First,Fitness First Göppingen Am Autohof,Am Autohof 43,73037,Göppingen,Germany,48.698922,9.681555,READY_TO_IMPORT,VERIFIED_CURRENT,ok,https://www.fitnessfirst.de/clubs/goeppingen-am-autohof,https://www.fitnessfirst.de/clubs/goeppingen-am-autohof,,phase2_ff_itemlist_expand,germany_phase2
de_001869ffe4,Fitness First,Fitness First Göppingen City,Hohenstaufenstraße 16,73033,Göppingen,Germany,48.703928,9.663491,READY_TO_IMPORT,VERIFIED_CURRENT,ok,https://www.fitnessfirst.de/clubs/goeppingen-city,https://www.fitnessfirst.de/clubs/goeppingen-city,,phase2_ff_itemlist_expand,germany_phase2
de_b7a3b694ed,Fitness First,Fitness First Göppingen Stauferpark,Manfred-Wörner-Straße 109,73037,Göppingen,Germany,48.713607,9.689407,READY_TO_IMPORT,VERIFIED_CURRENT,ok,https://www.fitnessfirst.de/clubs/goeppingen-stauferpark,https://www.fitnessfirst.de/clubs/goeppingen-stauferpark,,phase2_ff_itemlist_expand,germany_phase2
de_d70f0eabc0,Fitness First,Fitness First Göttingen An der Uni,Weender Landstraße 8,37073,Göttingen,Germany,51.538877,9.934773,READY_TO_IMPORT,VERIFIED_CURRENT,ok,https://www.fitnessfirst.de/clubs/goettingen,https://www.fitnessfirst.de/clubs/goettingen,,phase2_ff_itemlist_expand,germany_phase2
de_5622935f20,Fitness First,Fitness First Göttingen Im Carré,Weender Straße 75,37073,Göttingen,Germany,51.536458,9.934065,READY_TO_IMPORT,VERIFIED_CURRENT,ok,https://www.fitnessfirst.de/clubs/goettingen-im-carre,https://www.fitnessfirst.de/clubs/goettingen-im-carre,,phase2_ff_itemlist_expand,germany_phase2
de_ae9319845d,Fitness First,Fitness First Hamburg Altona,Stresemannstraße 300,22761,Hamburg,Germany,53.562948,9.932612,READY_TO_IMPORT,VERIFIED_CURRENT,ok,https://www.fitnessfirst.de/clubs/hamburg-altona,https://www.fitnessfirst.de/clubs/hamburg-altona,,phase2_ff_itemlist_expand,germany_phase2
de_b0aeb5a923,Fitness First,Fitness First Hamburg Eppendorf,Falkenried 88,20251,Hamburg,Germany,53.5874,9.9767,READY_TO_IMPORT,VERIFIED_CURRENT,,https://www.fitnessfirst.de/clubs/hamburg-eppendorf,https://www.fitnessfirst.de/clubs/hamburg-eppendorf,,phase2_ff_itemlist_expand,germany_phase2
de_628630cfd3,Fitness First,Fitness First Hamburg Harburg Hafen,Theodor-Yorck-Straße 4,21079,Hamburg,Germany,53.462425,9.987713,READY_TO_IMPORT,VERIFIED_CURRENT,ok,https://www.fitnessfirst.de/clubs/hamburg-harburg-hafen,https://www.fitnessfirst.de/clubs/hamburg-harburg-hafen,,phase2_ff_itemlist_expand,germany_phase2
de_69c7f92b82,Fitness First,Fitness First Hamburg Harburg Lüneburger Tor,Lüneburger Tor 8,21073,Hamburg,Germany,53.459431,9.983931,READY_TO_IMPORT,VERIFIED_CURRENT,ok,https://www.fitnessfirst.de/clubs/hamburg-harburg-lueneburger-tor,https://www.fitnessfirst.de/clubs/hamburg-harburg-lueneburger-tor,,phase2_ff_itemlist_expand,germany_phase2
de_778cad95d4,Fitness First,Fitness First Hamburg Jungfernstieg,Ballindamm 39,20095,Hamburg,Germany,53.552075,9.995458,READY_TO_IMPORT,VERIFIED_CURRENT,ok,https://www.fitnessfirst.de/clubs/hamburg-mitte-jungfernstieg,https://www.fitnessfirst.de/clubs/hamburg-mitte-jungfernstieg,,phase2_ff_itemlist_expand,germany_phase2
de_41fb44010c,Fitness First,Fitness First Hamburg Langenhorn,Langenhorner Markt 1-18,22415,Hamburg,Germany,53.649922,10.013273,READY_TO_IMPORT,VERIFIED_CURRENT,ok,https://www.fitnessfirst.de/clubs/hamburg-langenhorn,https://www.fitnessfirst.de/clubs/hamburg-langenhorn,,phase2_ff_itemlist_expand,germany_phase2
de_4e91792c6b,Fitness First,Fitness First Hamburg Niendorf,Kollaustraße 127-135,22453,Hamburg,Germany,53.615156,9.951361,READY_TO_IMPORT,VERIFIED_CURRENT,ok,https://www.fitnessfirst.de/clubs/hamburg-niendorf,https://www.fitnessfirst.de/clubs/hamburg-niendorf,,phase2_ff_itemlist_expand,germany_phase2
de_ff4848f44f,Fitness First,Fitness First Hamburg Rödingsmarkt,Rödingsmarkt 9,20459,Hamburg,Germany,53.548158,9.987459,READY_TO_IMPORT,VERIFIED_CURRENT,ok,https://www.fitnessfirst.de/clubs/hamburg-neustadt-roedingsmarkt,https://www.fitnessfirst.de/clubs/hamburg-neustadt-roedingsmarkt,,phase2_ff_itemlist_expand,germany_phase2
de_136cb7831a,Fitness First,Fitness First Hamburg St. Georg,Glockengießerwall 3,20095,Hamburg,Germany,53.553427,10.003876,READY_TO_IMPORT,VERIFIED_CURRENT,ok,https://www.fitnessfirst.de/clubs/hamburg-st-georg-hbf,https://www.fitnessfirst.de/clubs/hamburg-st-georg-hbf,,phase2_ff_itemlist_expand,germany_phase2
de_c6a44e82db,Fitness First,Fitness First Hamburg Stephansplatz,Gorch-Fock-Wall 1a,20354,Hamburg,Germany,53.558021,9.988141,READY_TO_IMPORT,VERIFIED_CURRENT,ok,https://www.fitnessfirst.de/clubs/hamburg-stephansplatz,https://www.fitnessfirst.de/clubs/hamburg-stephansplatz,,phase2_ff_itemlist_expand,germany_phase2
de_3e743f7607,Fitness First,Fitness First Hamburg Wandsbek,Wandsbeker Marktstraße 2,22041,Hamburg,Germany,53.570486,10.061476,READY_TO_IMPORT,VERIFIED_CURRENT,ok,https://www.fitnessfirst.de/clubs/hamburg-wandsbek,https://www.fitnessfirst.de/clubs/hamburg-wandsbek,,phase2_ff_itemlist_expand,germany_phase2
de_14852810cc,Fitness First,Fitness First Hannover City,Große Packhofstraße 41-45,30159,Hannover,Germany,52.373398,9.736587,READY_TO_IMPORT,VERIFIED_CURRENT,ok,https://www.fitnessfirst.de/clubs/hannover-city,https://www.fitnessfirst.de/clubs/hannover-city,,phase2_ff_itemlist_expand,germany_phase2
de_b080bc19cf,Fitness First,Fitness First Hannover Georgstraße,Georgstraße 10-14,30159,Hannover,Germany,52.37473,9.7361,READY_TO_IMPORT,VERIFIED_CURRENT,ok,https://www.fitnessfirst.de/clubs/hannover-georgstrasse,https://www.fitnessfirst.de/clubs/hannover-georgstrasse,,phase2_ff_itemlist_expand,germany_phase2
de_5a176ef6f5,Fitness First,Fitness First Heidenheim Am Brenzpark,Schnaitheimer Straße 76,89520,Heidenheim an der Brenz,Germany,48.69024,10.156012,READY_TO_IMPORT,VERIFIED_CURRENT,ok,https://www.fitnessfirst.de/clubs/heidenheim-am-brenzpark,https://www.fitnessfirst.de/clubs/heidenheim-am-brenzpark,,phase2_ff_itemlist_expand,germany_phase2
de_acae431b5b,Fitness First,Fitness First Heidenheim Steinheimer Straße,Steinheimer Straße 53,89522,Heidenheim an der Brenz,Germany,48.679406,10.109858,READY_TO_IMPORT,VERIFIED_CURRENT,suspicious,https://www.fitnessfirst.de/clubs/heidenheim-steinheimer,https://www.fitnessfirst.de/clubs/heidenheim-steinheimer,,phase2_ff_itemlist_expand; soft_postal,germany_phase2
de_a0ca54894a,Fitness First,Fitness First Idar-Oberstein Am Festplatz,Vollmersbachstraße 78,55743,Idar-Oberstein,Germany,49.723778,7.316679,READY_TO_IMPORT,VERIFIED_CURRENT,ok,https://www.fitnessfirst.de/clubs/idar-oberstein-festplatz,https://www.fitnessfirst.de/clubs/idar-oberstein-festplatz,,phase2_ff_itemlist_expand,germany_phase2
de_79a4d0d0cf,Fitness First,Fitness First Idar-Oberstein Am Kreisel,Vollmersbachstraße 71,55743,Idar-Oberstein,Germany,49.726722,7.320126,READY_TO_IMPORT,VERIFIED_CURRENT,ok,https://www.fitnessfirst.de/clubs/idar-oberstein-kreisel,https://www.fitnessfirst.de/clubs/idar-oberstein-kreisel,,phase2_ff_itemlist_expand,germany_phase2
de_77ed4057f6,Fitness First,Fitness First Köln Bayenthal,Bonner Straße 271,50968,Köln,Germany,50.908078,6.963726,READY_TO_IMPORT,VERIFIED_CURRENT,ok,https://www.fitnessfirst.de/clubs/koeln-bayenthal,https://www.fitnessfirst.de/clubs/koeln-bayenthal,,phase2_ff_itemlist_expand,germany_phase2
de_255e9cac76,Fitness First,Fitness First Köln Breite Straße,Breite Straße 80-90,50667,Köln,Germany,50.939472,6.949352,READY_TO_IMPORT,VERIFIED_CURRENT,ok,https://www.fitnessfirst.de/clubs/fitnessstudio-koeln-breite-strasse,https://www.fitnessfirst.de/clubs/fitnessstudio-koeln-breite-strasse,,phase2_ff_itemlist_expand,germany_phase2
de_b527762759,Fitness First,Fitness First Köln Ehrenfeld,Venloer Straße 389,50825,Köln,Germany,50.950898,6.915102,READY_TO_IMPORT,VERIFIED_CURRENT,ok,https://www.fitnessfirst.de/clubs/koeln-ehrenfeld,https://www.fitnessfirst.de/clubs/koeln-ehrenfeld,,phase2_ff_itemlist_expand,germany_phase2
de_07f7a84bb8,Fitness First,Fitness First Köln Eigelstein-Viertel,Eigelstein 80-88,50668,Köln,Germany,50.948352,6.957183,READY_TO_IMPORT,VERIFIED_CURRENT,ok,https://www.fitnessfirst.de/clubs/koeln-eigelstein,https://www.fitnessfirst.de/clubs/koeln-eigelstein,,phase2_ff_itemlist_expand,germany_phase2
de_6420412f5e,Fitness First,Fitness First Köln Schildergasse,Schildergasse 94-96,50667,Köln,Germany,50.93645,6.953118,READY_TO_IMPORT,VERIFIED_CURRENT,ok,https://www.fitnessfirst.de/clubs/koeln-innenstadt-schildergasse,https://www.fitnessfirst.de/clubs/koeln-innenstadt-schildergasse,,phase2_ff_itemlist_expand,germany_phase2
de_f504a8b66d,Fitness First,Fitness First Köln Sülz,Luxemburger Straße 253,50939,Köln,Germany,50.916956,6.929401,READY_TO_IMPORT,VERIFIED_CURRENT,ok,https://www.fitnessfirst.de/clubs/koeln-suelz,https://www.fitnessfirst.de/clubs/koeln-suelz,,phase2_ff_itemlist_expand,germany_phase2
de_0031d9f70a,Fitness First,Fitness First Leipzig Thomaskirche,Petersstraße 20,04109,Leipzig,Germany,51.338867,12.374202,READY_TO_IMPORT,VERIFIED_CURRENT,ok,https://www.fitnessfirst.de/clubs/leipzig-thomaskirche,https://www.fitnessfirst.de/clubs/leipzig-thomaskirche,,phase2_ff_itemlist_expand,germany_phase2
de_c85780403f,Fitness First,Fitness First Magdeburg Sudenburg,Fichtestraße 29A,39112,Magdeburg,Germany,52.117762,11.595041,READY_TO_IMPORT,VERIFIED_CURRENT,ok,https://www.fitnessfirst.de/clubs/magdeburg-sudenburg,https://www.fitnessfirst.de/clubs/magdeburg-sudenburg,,phase2_ff_itemlist_expand,germany_phase2
de_d0d0d3c1ca,Fitness First,Fitness First Mannheim Im Quartier,Q6/9,68161,Mannheim,Germany,49.486959,8.471806,READY_TO_IMPORT,VERIFIED_CURRENT,ok,https://www.fitnessfirst.de/clubs/mannheim-im-quartier,https://www.fitnessfirst.de/clubs/mannheim-im-quartier,,phase2_ff_itemlist_expand,germany_phase2
de_8e0dc3dc85,Fitness First,Fitness First Mannheim Neckarau,Casterfeldstraße 108-120,68199,Mannheim,Germany,49.446174,8.508284,READY_TO_IMPORT,VERIFIED_CURRENT,ok,https://www.fitnessfirst.de/clubs/mannheim-neckarau,https://www.fitnessfirst.de/clubs/mannheim-neckarau,,phase2_ff_itemlist_expand,germany_phase2
de_d757442525,Fitness First,Fitness First Mannheim Sandhofen,Viernheimer Weg 56-60,68307,Mannheim,Germany,49.549513,8.453105,READY_TO_IMPORT,VERIFIED_CURRENT,ok,https://www.fitnessfirst.de/clubs/mannheim-sandhofen,https://www.fitnessfirst.de/clubs/mannheim-sandhofen,,phase2_ff_itemlist_expand,germany_phase2
de_37d394102b,Fitness First,Fitness First Merzig City,Alter Leinpfad 5,66663,Merzig,Germany,49.444687,6.634906,READY_TO_IMPORT,VERIFIED_CURRENT,ok,https://www.fitnessfirst.de/clubs/merzig-city,https://www.fitnessfirst.de/clubs/merzig-city,,phase2_ff_itemlist_expand,germany_phase2
de_51314667bf,Fitness First,Fitness First Merzig Saarwiesenring,Saarwiesenring 9,66663,Merzig,Germany,49.44554,6.624082,READY_TO_IMPORT,VERIFIED_CURRENT,ok,https://www.fitnessfirst.de/clubs/merzig-saarwiesenring,https://www.fitnessfirst.de/clubs/merzig-saarwiesenring,,phase2_ff_itemlist_expand,germany_phase2
de_821b814627,Fitness First,Fitness First Mönchengladbach Eicken,Süchtelner Straße 30,41066,Mönchengladbach,Germany,51.212393,6.459328,READY_TO_IMPORT,VERIFIED_CURRENT,ok,https://www.fitnessfirst.de/clubs/moenchengladbach-eicken,https://www.fitnessfirst.de/clubs/moenchengladbach-eicken,,phase2_ff_itemlist_expand,germany_phase2
de_b5bf0f70fb,Fitness First,Fitness First Mönchengladbach Rheydt,Friedrich-Ebert-Straße 219-229,41236,Mönchengladbach,Germany,51.173498,6.439231,READY_TO_IMPORT,VERIFIED_CURRENT,ok,https://www.fitnessfirst.de/clubs/moenchengladbach-rheydt,https://www.fitnessfirst.de/clubs/moenchengladbach-rheydt,,phase2_ff_itemlist_expand,germany_phase2
de_de6b3e289b,Fitness First,Fitness First München Am Marienplatz,Kaufingerstraße 17,80331,München,Germany,48.137709,11.571422,READY_TO_IMPORT,VERIFIED_CURRENT,ok,https://www.fitnessfirst.de/clubs/muenchen-innenstadt-am-marienplatz,https://www.fitnessfirst.de/clubs/muenchen-innenstadt-am-marienplatz,,phase2_ff_itemlist_expand,germany_phase2
de_cfc8e694c5,Fitness First,Fitness First München Haidhausen,Einsteinstr. 130,81675,München,Germany,48.1325,11.6031,READY_TO_IMPORT,VERIFIED_CURRENT,,https://www.fitnessfirst.de/clubs/muenchen-haidhausen,https://www.fitnessfirst.de/clubs/muenchen-haidhausen,,phase2_ff_itemlist_expand,germany_phase2
de_7d596c655a,Fitness First,Fitness First München Laim,Landsberger Str. 374,80687,München,Germany,48.144564,11.490107,READY_TO_IMPORT,VERIFIED_CURRENT,ok,https://www.fitnessfirst.de/clubs/muenchen-laim,https://www.fitnessfirst.de/clubs/muenchen-laim,,phase2_ff_itemlist_expand,germany_phase2
de_37fedd7fc0,Fitness First,Fitness First München Moosach,,,München,Germany,,,NEEDS_REVIEW,VERIFIED_CURRENT,,https://www.fitnessfirst.de/clubs/muenchen-moosach,https://www.fitnessfirst.de/clubs/muenchen-moosach,,phase2_ff_itemlist_expand,germany_phase2
de_6630eb5a38,Fitness First,Fitness First München Schwabing,Feilitzschstraße 6,80802,München,Germany,48.1625,11.5861,READY_TO_IMPORT,VERIFIED_CURRENT,,https://www.fitnessfirst.de/clubs/muenchen-schwabing,https://www.fitnessfirst.de/clubs/muenchen-schwabing,,phase2_ff_itemlist_expand,germany_phase2
de_765bfc20bb,Fitness First,Fitness First München Sendling,Lindwurmstraße 114,80337,München,Germany,48.129,11.561,READY_TO_IMPORT,VERIFIED_CURRENT,,https://www.fitnessfirst.de/clubs/muenchen-sendling,https://www.fitnessfirst.de/clubs/muenchen-sendling,,phase2_ff_itemlist_expand,germany_phase2
de_34beebe30d,Fitness First,Fitness First Münster Aaseestadt,Weseler Straße 71,48151,Münster,Germany,51.9515,7.612,READY_TO_IMPORT,VERIFIED_CURRENT,,https://www.fitnessfirst.de/clubs/muenster-aaseestadt,https://www.fitnessfirst.de/clubs/muenster-aaseestadt,,phase2_ff_itemlist_expand,germany_phase2
de_3d595f81fc,Fitness First,Fitness First Münster Germania-Campus,Grevener Straße 85,48159,Münster,Germany,51.976659,7.611856,READY_TO_IMPORT,VERIFIED_CURRENT,ok,https://www.fitnessfirst.de/clubs/muenster-germania-campus,https://www.fitnessfirst.de/clubs/muenster-germania-campus,,phase2_ff_itemlist_expand,germany_phase2
de_6458d00831,Fitness First,Fitness First Paderborn Kernstadt,Frankfurter Weg 30 a+b,33106,Paderborn,Germany,,,NEEDS_COORDINATES,VERIFIED_CURRENT,ambiguous,https://www.fitnessfirst.de/clubs/paderborn-kernstadt,https://www.fitnessfirst.de/clubs/paderborn-kernstadt,,phase2_ff_itemlist_expand,germany_phase2
de_fe4e944c23,Fitness First,Fitness First Potsdam,Babelsberger Straße 16,14473,Potsdam,Germany,52.392435,13.065234,READY_TO_IMPORT,VERIFIED_CURRENT,,https://www.fitnessfirst.de/clubs/potsdam,https://www.fitnessfirst.de/clubs/potsdam,,phase2_ff_itemlist_expand,germany_phase2
de_40db98d977,Fitness First,Fitness First Regensburg Kirchmeierstraße,Kirchmeierstraße 8A,93051,Regensburg,Germany,49.0106,12.0864,READY_TO_IMPORT,VERIFIED_CURRENT,,https://www.fitnessfirst.de/clubs/regensburg-kirchmeierstrasse,https://www.fitnessfirst.de/clubs/regensburg-kirchmeierstrasse,,phase2_ff_itemlist_expand,germany_phase2
de_fcc9cb6858,Fitness First,Fitness First Regensburg Pfaffenstein,Am Europakanal 32,93059,Regensburg,Germany,49.028291,12.085932,READY_TO_IMPORT,VERIFIED_CURRENT,ok,https://www.fitnessfirst.de/clubs/regensburg-pfaffenstein,https://www.fitnessfirst.de/clubs/regensburg-pfaffenstein,,phase2_ff_itemlist_expand,germany_phase2
de_735c148b22,Fitness First,Fitness First Stuttgart Bad Cannstatt,Daimlerstraße 67,70372,Stuttgart,Germany,48.8045,9.2167,READY_TO_IMPORT,VERIFIED_CURRENT,,https://www.fitnessfirst.de/clubs/stuttgart-bad-cannstatt,https://www.fitnessfirst.de/clubs/stuttgart-bad-cannstatt,,phase2_ff_itemlist_expand,germany_phase2
de_d094c957c0,Fitness First,Fitness First Stuttgart Hauptstätter Straße,Hauptstätter Straße 107,70178,Stuttgart,Germany,48.767707,9.172663,READY_TO_IMPORT,VERIFIED_CURRENT,ok,https://www.fitnessfirst.de/clubs/stuttgart-hauptstaetter,https://www.fitnessfirst.de/clubs/stuttgart-hauptstaetter,,phase2_ff_itemlist_expand,germany_phase2
de_93439e6556,Fitness First,Fitness First Stuttgart Rotebühl,Rotebühlplatz 21-25,70178,Stuttgart,Germany,48.7743,9.1717,READY_TO_IMPORT,VERIFIED_CURRENT,,https://www.fitnessfirst.de/clubs/stuttgart-rotebuehl,https://www.fitnessfirst.de/clubs/stuttgart-rotebuehl,,phase2_ff_itemlist_expand,germany_phase2
de_16bb67e185,Fitness First,Fitness First Stuttgart Zuffenhausen,Stammheimer Straße 45,70435,Stuttgart,Germany,48.832,9.1742,READY_TO_IMPORT,VERIFIED_CURRENT,,https://www.fitnessfirst.de/clubs/stuttgart-zuffenhausen,https://www.fitnessfirst.de/clubs/stuttgart-zuffenhausen,,phase2_ff_itemlist_expand,germany_phase2
de_ade08a54d0,Fitness First,Fitness First Trier Nord,Metternichstraße 42,54292,Trier,Germany,49.771222,6.677498,READY_TO_IMPORT,VERIFIED_CURRENT,ok,https://www.fitnessfirst.de/clubs/trier-nord,https://www.fitnessfirst.de/clubs/trier-nord,,phase2_ff_itemlist_expand,germany_phase2
de_f07a08bb7b,Fitness First,Fitness First Trier West,Diedenhofener Straße 1,54294,Trier,Germany,49.731779,6.608515,READY_TO_IMPORT,VERIFIED_CURRENT,ok,https://www.fitnessfirst.de/clubs/trier-west,https://www.fitnessfirst.de/clubs/trier-west,,phase2_ff_itemlist_expand,germany_phase2
de_ee1d40532c,Fitness First,Fitness First Trier Zentrum,Ostallee 3-5,54290,Trier,Germany,49.756512,6.650342,READY_TO_IMPORT,VERIFIED_CURRENT,ok,https://www.fitnessfirst.de/clubs/trier-zentrum,https://www.fitnessfirst.de/clubs/trier-zentrum,,phase2_ff_itemlist_expand,germany_phase2
de_c535e41c77,Fitness First,Fitness First Wiesbaden Bahnhofsplatz,Bahnhofsplatz 3,65189,Wiesbaden,Germany,50.070922,8.241192,READY_TO_IMPORT,VERIFIED_CURRENT,ok,https://www.fitnessfirst.de/clubs/wiesbaden-bahnhofsplatz,https://www.fitnessfirst.de/clubs/wiesbaden-bahnhofsplatz,,phase2_ff_itemlist_expand,germany_phase2
de_a8b99ceac8,Fitness First,Fitness First Wiesbaden Im Künstlerviertel,Im Rad 42,65197,Wiesbaden,Germany,50.072628,8.214115,READY_TO_IMPORT,VERIFIED_CURRENT,ok,https://www.fitnessfirst.de/clubs/wiesbaden-kuenstlerviertel,https://www.fitnessfirst.de/clubs/wiesbaden-kuenstlerviertel,,phase2_ff_itemlist_expand,germany_phase2
de_a3761f5a83,FitX,FitX Fitnessstudio Aachen-Europaplatz,Europaplatz 17,52068,Aachen,Germany,50.7805807,6.1066811000001,READY_TO_IMPORT,VERIFIED_CURRENT,,https://www.fitx.de/fitnessstudios/aachen-europaplatz,https://www.fitx.de/fitnessstudios/aachen-europaplatz,,phase2_sitemap; slug=aachen-europaplatz,germany_phase2
de_0e5a12ea28,FitX,FitX Fitnessstudio Arnsberg,Bahnhofstraße 84,59759,Arnsberg,Germany,51.4341333,7.9838152,READY_TO_IMPORT,VERIFIED_CURRENT,,https://www.fitx.de/fitnessstudios/arnsberg-huesten,https://www.fitx.de/fitnessstudios/arnsberg-huesten,,phase2_sitemap; slug=arnsberg-huesten,germany_phase2
de_db178c3204,FitX,FitX Fitnessstudio Augsburg-Lechhausen,Meraner Straße 7,86165,Augsburg,Germany,48.3811879,10.9307081,READY_TO_IMPORT,VERIFIED_CURRENT,,https://www.fitx.de/fitnessstudios/augsburg-lechhausen,https://www.fitx.de/fitnessstudios/augsburg-lechhausen,,phase2_sitemap; slug=augsburg-lechhausen,germany_phase2
de_f22d68a759,FitX,FitX Fitnessstudio Berlin-Alexanderplatz,Alexanderstraße 7,10178,Berlin,Germany,52.5230361,13.4166955,READY_TO_IMPORT,VERIFIED_CURRENT,,https://www.fitx.de/fitnessstudios/berlin-alexanderplatz,https://www.fitx.de/fitnessstudios/berlin-alexanderplatz,,phase2_sitemap; slug=berlin-alexanderplatz,germany_phase2
de_40448676ae,FitX,FitX Fitnessstudio Berlin-Biesdorf,Weißenhöher Straße 88-108,12683,Berlin,Germany,52.5063189,13.5590061,READY_TO_IMPORT,VERIFIED_CURRENT,,https://www.fitx.de/fitnessstudios/berlin-biesdorf,https://www.fitx.de/fitnessstudios/berlin-biesdorf,,phase2_sitemap; slug=berlin-biesdorf,germany_phase2
de_b80dfffee1,FitX,FitX Fitnessstudio Berlin-East Side Mall,Tamara-Danz-Straße 11,10243,Berlin,Germany,52.5064596,13.4460136,READY_TO_IMPORT,VERIFIED_CURRENT,,https://www.fitx.de/fitnessstudios/berlin-east-side-mall,https://www.fitx.de/fitnessstudios/berlin-east-side-mall,,phase2_sitemap; slug=berlin-east-side-mall,germany_phase2
de_fa92002941,FitX,FitX Fitnessstudio Berlin-Hellersdorf,Hellersdorfer Straße 235,12627,Berlin,Germany,52.5363612,13.6026499,READY_TO_IMPORT,VERIFIED_CURRENT,,https://www.fitx.de/fitnessstudios/berlin-hellersdorf,https://www.fitx.de/fitnessstudios/berlin-hellersdorf,,phase2_sitemap; slug=berlin-hellersdorf,germany_phase2
de_e1c7079343,FitX,FitX Fitnessstudio Berlin-Ku'damm,Kurfürstendamm 156,10709,Berlin,Germany,52.4988028,13.3032356,READY_TO_IMPORT,VERIFIED_CURRENT,,https://www.fitx.de/fitnessstudios/berlin-wilmersdorf,https://www.fitx.de/fitnessstudios/berlin-wilmersdorf,,phase2_sitemap; slug=berlin-wilmersdorf,germany_phase2
de_fd1f004fd3,FitX,FitX Fitnessstudio Berlin-Landsberger Allee,Oderbruchstraße 14,10369,Berlin,Germany,52.5301367,13.4616695,READY_TO_IMPORT,VERIFIED_CURRENT,,https://www.fitx.de/fitnessstudios/berlin-landsberger-allee,https://www.fitx.de/fitnessstudios/berlin-landsberger-allee,,phase2_sitemap; slug=berlin-landsberger-allee,germany_phase2
de_a3dfb5ae47,FitX,FitX Fitnessstudio Berlin-Moabit,Stromstraße 11-17,10551,Berlin,Germany,52.5271907,13.3438487,READY_TO_IMPORT,VERIFIED_CURRENT,,https://www.fitx.de/fitnessstudios/berlin-moabit,https://www.fitx.de/fitnessstudios/berlin-moabit,,phase2_sitemap; slug=berlin-moabit,germany_phase2
de_063ec6145c,FitX,FitX Fitnessstudio Berlin-Schöneberg,Hauptstraße 141,10827,Berlin,Germany,52.4856059,13.3560587,READY_TO_IMPORT,VERIFIED_CURRENT,,https://www.fitx.de/fitnessstudios/berlin-schoeneberg,https://www.fitx.de/fitnessstudios/berlin-schoeneberg,,phase2_sitemap; slug=berlin-schoeneberg,germany_phase2
de_dcc1c94816,FitX,FitX Fitnessstudio Berlin-Spandau,Am Juliusturm 44,13599,Berlin,Germany,52.53802,13.21874,READY_TO_IMPORT,VERIFIED_CURRENT,,https://www.fitx.de/fitnessstudios/berlin-spandau,https://www.fitx.de/fitnessstudios/berlin-spandau,,phase2_sitemap; slug=berlin-spandau,germany_phase2
de_745f01252d,FitX,FitX Fitnessstudio Berlin-Südkreuz,Wilhelm-Kabus-Straße 77,10829,Berlin,Germany,52.4778628,13.3646502,READY_TO_IMPORT,VERIFIED_CURRENT,,https://www.fitx.de/fitnessstudios/berlin-suedkreuz,https://www.fitx.de/fitnessstudios/berlin-suedkreuz,,phase2_sitemap; slug=berlin-suedkreuz,germany_phase2
de_fc144fbc54,FitX,FitX Fitnessstudio Berlin-Tempelhof,Ullsteinstraße 128,12109,Berlin,Germany,52.4539579,13.3878757,READY_TO_IMPORT,VERIFIED_CURRENT,,https://www.fitx.de/fitnessstudios/berlin-tempelhof,https://www.fitx.de/fitnessstudios/berlin-tempelhof,,phase2_sitemap; slug=berlin-tempelhof,germany_phase2
de_55d1dd56dd,FitX,FitX Fitnessstudio Berlin-Tierpark,Otto-Schmirgal-Straße 7,10319,Berlin,Germany,52.4971,13.52074,READY_TO_IMPORT,VERIFIED_CURRENT,,https://www.fitx.de/fitnessstudios/berlin-tierpark,https://www.fitx.de/fitnessstudios/berlin-tierpark,,phase2_sitemap; slug=berlin-tierpark,germany_phase2
de_b12fa861a9,FitX,FitX Fitnessstudio Berlin-Waidmannslust,Oraniendamm 6-10,13469,Berlin,Germany,52.6074596,13.325573,READY_TO_IMPORT,VERIFIED_CURRENT,,https://www.fitx.de/fitnessstudios/berlin-waidmannslust,https://www.fitx.de/fitnessstudios/berlin-waidmannslust,,phase2_sitemap; slug=berlin-waidmannslust,germany_phase2
de_3cfaf2d915,FitX,FitX Fitnessstudio Bielefeld-Mitte,Herforder Straße 271,33609,Bielefeld,Germany,52.0392883,8.5673323,READY_TO_IMPORT,VERIFIED_CURRENT,,https://www.fitx.de/fitnessstudios/bielefeld-mitte,https://www.fitx.de/fitnessstudios/bielefeld-mitte,,phase2_sitemap; slug=bielefeld-mitte,germany_phase2
de_7f2c78f9db,FitX,FitX Fitnessstudio Bielefeld-Sieker,Detmolder Straße 279,33605,Bielefeld,Germany,52.0032979,8.5662887999999,READY_TO_IMPORT,VERIFIED_CURRENT,,https://www.fitx.de/fitnessstudios/bielefeld-sieker,https://www.fitx.de/fitnessstudios/bielefeld-sieker,,phase2_sitemap; slug=bielefeld-sieker,germany_phase2
de_60264db06a,FitX,FitX Fitnessstudio Bochum-Harpen,Harpener Hellweg 7,44805,Bochum,Germany,51.4941635,7.2584079000001,READY_TO_IMPORT,VERIFIED_CURRENT,,https://www.fitx.de/fitnessstudios/bochum-harpen,https://www.fitx.de/fitnessstudios/bochum-harpen,,phase2_sitemap; slug=bochum-harpen,germany_phase2
de_37cd1d864e,FitX,FitX Fitnessstudio Bochum-Innenstadt,Wittener Straße 2,44789,Bochum,Germany,51.4787029,7.2254977,READY_TO_IMPORT,VERIFIED_CURRENT,,https://www.fitx.de/fitnessstudios/bochum-innenstadt,https://www.fitx.de/fitnessstudios/bochum-innenstadt,,phase2_sitemap; slug=bochum-innenstadt,germany_phase2
de_8ccc92326a,FitX,FitX Fitnessstudio Bochum-Riemke,Herner Straße 412-414,44807,Bochum,Germany,51.5138678,7.2120255,READY_TO_IMPORT,VERIFIED_CURRENT,,https://www.fitx.de/fitnessstudios/bochum-riemke,https://www.fitx.de/fitnessstudios/bochum-riemke,,phase2_sitemap; slug=bochum-riemke,germany_phase2
de_07e2f91d8c,FitX,FitX Fitnessstudio Bochum-Wattenscheid,Friedrich-Lueg-Straße 2-8,44867,Bochum,Germany,51.4696074,7.1305558,READY_TO_IMPORT,VERIFIED_CURRENT,,https://www.fitx.de/fitnessstudios/bochum-wattenscheid,https://www.fitx.de/fitnessstudios/bochum-wattenscheid,,phase2_sitemap; slug=bochum-wattenscheid,germany_phase2
de_51459489d1,FitX,FitX Fitnessstudio Bonn-Duisdorf,Am Schickshof 6,53123,Bonn,Germany,50.7142471,7.0453825,READY_TO_IMPORT,VERIFIED_CURRENT,,https://www.fitx.de/fitnessstudios/bonn-duisdorf,https://www.fitx.de/fitnessstudios/bonn-duisdorf,,phase2_sitemap; slug=bonn-duisdorf,germany_phase2
de_80c0f6a557,FitX,FitX Fitnessstudio Bottrop-Stadtmitte,Friedrich-Ebert-Straße 106,46236,Bottrop,Germany,51.5190737,6.9326314,READY_TO_IMPORT,VERIFIED_CURRENT,,https://www.fitx.de/fitnessstudios/bottrop-stadtmitte,https://www.fitx.de/fitnessstudios/bottrop-stadtmitte,,phase2_sitemap; slug=bottrop-stadtmitte,germany_phase2
de_d111a4530c,FitX,FitX Fitnessstudio Bremen-Mitte,Eduard-Grunow-Straße 24,28203,Bremen,Germany,53.0775037,8.8216045,READY_TO_IMPORT,VERIFIED_CURRENT,,https://www.fitx.de/fitnessstudios/bremen-mitte,https://www.fitx.de/fitnessstudios/bremen-mitte,,phase2_sitemap; slug=bremen-mitte,germany_phase2
de_e6aeaea901,FitX,FitX Fitnessstudio Bremen-Oslebshausen,Schragestraße 4,28239,Bremen,Germany,53.1383288,8.7425745,READY_TO_IMPORT,VERIFIED_CURRENT,,https://www.fitx.de/fitnessstudios/bremen-oslebshausen,https://www.fitx.de/fitnessstudios/bremen-oslebshausen,,phase2_sitemap; slug=bremen-oslebshausen,germany_phase2
de_b2e38d1819,FitX,FitX Fitnessstudio Bremen-Walle,Löwenhof 9,28217,Bremen,Germany,53.0844826,8.7918701999999,READY_TO_IMPORT,VERIFIED_CURRENT,,https://www.fitx.de/fitnessstudios/bremen-walle,https://www.fitx.de/fitnessstudios/bremen-walle,,phase2_sitemap; slug=bremen-walle,germany_phase2
de_ffbc0c94d9,FitX,FitX Fitnessstudio Bremerhaven-Geestemünde,Voßstraße 5a,27570,Bremerhaven,Germany,53.5305899,8.6003945,READY_TO_IMPORT,VERIFIED_CURRENT,,https://www.fitx.de/fitnessstudios/bremerhaven-geestemuende,https://www.fitx.de/fitnessstudios/bremerhaven-geestemuende,,phase2_sitemap; slug=bremerhaven-geestemuende,germany_phase2
de_8f0dde1a78,FitX,FitX Fitnessstudio Böblingen-Zentrum,Stuttgarter Straße 9,71032 ,Böblingen,Germany,48.68663,9.015229,READY_TO_IMPORT,VERIFIED_CURRENT,,https://www.fitx.de/fitnessstudios/boeblingen-zentrum,https://www.fitx.de/fitnessstudios/boeblingen-zentrum,,phase2_sitemap; slug=boeblingen-zentrum,germany_phase2
de_52c63f6e03,FitX,FitX Fitnessstudio Chemnitz-Kaßberg,Reichsstraße 58,09112,Chemnitz,Germany,50.8378928,12.9080783,READY_TO_IMPORT,VERIFIED_CURRENT,,https://www.fitx.de/fitnessstudios/chemnitz-kassberg,https://www.fitx.de/fitnessstudios/chemnitz-kassberg,,phase2_sitemap; slug=chemnitz-kassberg,germany_phase2
de_19a03e032a,FitX,FitX Fitnessstudio Dorsten,Borkener Straße 45,46284,Dorsten,Germany,51.6693,6.965042,READY_TO_IMPORT,VERIFIED_CURRENT,,https://www.fitx.de/fitnessstudios/dorsten-mitte,https://www.fitx.de/fitnessstudios/dorsten-mitte,,phase2_sitemap; slug=dorsten-mitte,germany_phase2
de_2f9cc6301b,FitX,FitX Fitnessstudio Dortmund-Kley,Brandschachtstraße 4,44149,Dortmund,Germany,51.4929311,7.3675923000001,READY_TO_IMPORT,VERIFIED_CURRENT,,https://www.fitx.de/fitnessstudios/dortmund-kley,https://www.fitx.de/fitnessstudios/dortmund-kley,,phase2_sitemap; slug=dortmund-kley,germany_phase2
de_69825737bb,FitX,FitX Fitnessstudio Dortmund-Nordstadt,Bornstraße 160,44145,Dortmund,Germany,51.5295028,7.4705142,READY_TO_IMPORT,VERIFIED_CURRENT,,https://www.fitx.de/fitnessstudios/dortmund-nordstadt,https://www.fitx.de/fitnessstudios/dortmund-nordstadt,,phase2_sitemap; slug=dortmund-nordstadt,germany_phase2
de_92cb83eae7,FitX,FitX Fitnessstudio Dortmund-Phoenix See,Hörder Phönixseeallee 108,44263,Dortmund,Germany,51.4872891,7.5065145999999,READY_TO_IMPORT,VERIFIED_CURRENT,,https://www.fitx.de/fitnessstudios/dortmund-hoerde,https://www.fitx.de/fitnessstudios/dortmund-hoerde,,phase2_sitemap; slug=dortmund-hoerde,germany_phase2
de_5b47e67839,FitX,FitX Fitnessstudio Dresden-Freiberger Straße,Freiberger Straße 35,01067,Dresden,Germany,51.0494158,13.7216257,READY_TO_IMPORT,VERIFIED_CURRENT,,https://www.fitx.de/fitnessstudios/dresden-freiberger-strasse,https://www.fitx.de/fitnessstudios/dresden-freiberger-strasse,,phase2_sitemap; slug=dresden-freiberger-strasse,germany_phase2
de_a91307c220,FitX,FitX Fitnessstudio Duisburg-Hafen,Ruhrorter Straße 100,47059,Duisburg,Germany,51.44366,6.749499,READY_TO_IMPORT,VERIFIED_CURRENT,,https://www.fitx.de/fitnessstudios/duisburg-hafen,https://www.fitx.de/fitnessstudios/duisburg-hafen,,phase2_sitemap; slug=duisburg-hafen,germany_phase2
de_6e0c9741be,FitX,FitX Fitnessstudio Duisburg-Hamborn,Duisburger Straße 226,47166,Duisburg,Germany,51.4951725,6.7715319,READY_TO_IMPORT,VERIFIED_CURRENT,,https://www.fitx.de/fitnessstudios/duisburg-hamborn,https://www.fitx.de/fitnessstudios/duisburg-hamborn,,phase2_sitemap; slug=duisburg-hamborn,germany_phase2
de_52592c6fc0,FitX,FitX Fitnessstudio Duisburg-Rheinhausen,Hochstraße 11,47228,Duisburg,Germany,51.4162699,6.7106971000001,READY_TO_IMPORT,VERIFIED_CURRENT,,https://www.fitx.de/fitnessstudios/duisburg-rheinhausen,https://www.fitx.de/fitnessstudios/duisburg-rheinhausen,,phase2_sitemap; slug=duisburg-rheinhausen,germany_phase2
de_14491642ae,FitX,FitX Fitnessstudio Düren-Birkesdorf,Im Großen Tal 2,52353,Düren,Germany,50.8333885,6.4593589999999,READY_TO_IMPORT,VERIFIED_CURRENT,,https://www.fitx.de/fitnessstudios/dueren-birkesdorf,https://www.fitx.de/fitnessstudios/dueren-birkesdorf,,phase2_sitemap; slug=dueren-birkesdorf,germany_phase2
de_9c2968aa86,FitX,FitX Fitnessstudio Düsseldorf-Derendorf,Münsterstraße 169,40476,Düsseldorf,Germany,51.2463881,6.7930159,READY_TO_IMPORT,VERIFIED_CURRENT,,https://www.fitx.de/fitnessstudios/duesseldorf-derendorf,https://www.fitx.de/fitnessstudios/duesseldorf-derendorf,,phase2_sitemap; slug=duesseldorf-derendorf,germany_phase2
de_0281dc2c17,FitX,FitX Fitnessstudio Düsseldorf-Flingern,Erkrather Straße 230,40233,Düsseldorf,Germany,51.2190576,6.8146869,READY_TO_IMPORT,VERIFIED_CURRENT,,https://www.fitx.de/fitnessstudios/duesseldorf-flingern,https://www.fitx.de/fitnessstudios/duesseldorf-flingern,,phase2_sitemap; slug=duesseldorf-flingern,germany_phase2
de_a0d35b0fda,FitX,FitX Fitnessstudio Düsseldorf-Holthausen,Reisholzer Werftstraße 17-43,40589,Düsseldorf,Germany,51.1688929,6.8394153,READY_TO_IMPORT,VERIFIED_CURRENT,,https://www.fitx.de/fitnessstudios/duesseldorf-holthausen,https://www.fitx.de/fitnessstudios/duesseldorf-holthausen,,phase2_sitemap; slug=duesseldorf-holthausen,germany_phase2
de_0aba90bf6b,FitX,FitX Fitnessstudio Düsseldorf-Lörick,Emanuel-Leutze-Straße 1,40547,Düsseldorf,Germany,51.2429798,6.7402612999999,READY_TO_IMPORT,VERIFIED_CURRENT,,https://www.fitx.de/fitnessstudios/duesseldorf-loerick,https://www.fitx.de/fitnessstudios/duesseldorf-loerick,,phase2_sitemap; slug=duesseldorf-loerick,germany_phase2
de_11f2c9ae9e,FitX,FitX Fitnessstudio Erfurt-Daberstedt,Hermsdorfer Straße 4,99099,Erfurt,Germany,50.9704011,11.0598792,READY_TO_IMPORT,VERIFIED_CURRENT,,https://www.fitx.de/fitnessstudios/erfurt-daberstedt,https://www.fitx.de/fitnessstudios/erfurt-daberstedt,,phase2_sitemap; slug=erfurt-daberstedt,germany_phase2
de_90165e250c,FitX,FitX Fitnessstudio Essen-Bergerhausen,Ruhrallee 165,45136,Essen,Germany,51.4367591,7.0457904,READY_TO_IMPORT,VERIFIED_CURRENT,,https://www.fitx.de/fitnessstudios/essen-bergerhausen,https://www.fitx.de/fitnessstudios/essen-bergerhausen,,phase2_sitemap; slug=essen-bergerhausen,germany_phase2
de_90a134f40d,FitX,FitX Fitnessstudio Essen-Limbecker Platz,Limbecker Platz 1,45127,Essen,Germany,51.4577409,7.0059942,READY_TO_IMPORT,VERIFIED_CURRENT,,https://www.fitx.de/fitnessstudios/essen-limbecker-platz,https://www.fitx.de/fitnessstudios/essen-limbecker-platz,,phase2_sitemap; slug=essen-limbecker-platz,germany_phase2
de_a4ce59234e,FitX,FitX Fitnessstudio Essen-Nordviertel,Stoppenberger Straße 61,45141,Essen,Germany,51.46918,7.02151,READY_TO_IMPORT,VERIFIED_CURRENT,,https://www.fitx.de/fitnessstudios/essen-nordviertel,https://www.fitx.de/fitnessstudios/essen-nordviertel,,phase2_sitemap; slug=essen-nordviertel,germany_phase2
de_2f151d9fc3,FitX,FitX Fitnessstudio Fürth-Hardhöhe,Siemensstraße 3,90766,Fürth,Germany,49.4819707,10.9622619,READY_TO_IMPORT,VERIFIED_CURRENT,,https://www.fitx.de/fitnessstudios/fuerth-hardhoehe,https://www.fitx.de/fitnessstudios/fuerth-hardhoehe,,phase2_sitemap; slug=fuerth-hardhoehe,germany_phase2
de_476ac62376,FitX,FitX Fitnessstudio Gelsenkirchen-Erle,Adenauerallee 137-139,45891,Gelsenkirchen,Germany,51.5495035,7.0807595,READY_TO_IMPORT,VERIFIED_CURRENT,,https://www.fitx.de/fitnessstudios/gelsenkirchen-erle,https://www.fitx.de/fitnessstudios/gelsenkirchen-erle,,phase2_sitemap; slug=gelsenkirchen-erle,germany_phase2
de_a63c5a3c3a,FitX,FitX Fitnessstudio Gelsenkirchen-Heßler,Asbeckstraße 3,45883,Gelsenkirchen,Germany,51.52398,7.07155,READY_TO_IMPORT,VERIFIED_CURRENT,,https://www.fitx.de/fitnessstudios/gelsenkirchen-hessler,https://www.fitx.de/fitnessstudios/gelsenkirchen-hessler,,phase2_sitemap; slug=gelsenkirchen-hessler,germany_phase2
de_d5094fba11,FitX,FitX Fitnessstudio Gelsenkirchen-Mitte,Ückendorfer Straße 1,45886,Gelsenkirchen,Germany,51.5065551,7.1144045999999,READY_TO_IMPORT,VERIFIED_CURRENT,,https://www.fitx.de/fitnessstudios/gelsenkirchen-mitte,https://www.fitx.de/fitnessstudios/gelsenkirchen-mitte,,phase2_sitemap; slug=gelsenkirchen-mitte,germany_phase2
de_6ea13a57f2,FitX,FitX Fitnessstudio Gießen-Innenstadt,Neustadt 28,35390,Gießen,Germany,50.5872154,8.6710293,READY_TO_IMPORT,VERIFIED_CURRENT,,https://www.fitx.de/fitnessstudios/giessen-innenstadt,https://www.fitx.de/fitnessstudios/giessen-innenstadt,,phase2_sitemap; slug=giessen-innenstadt,germany_phase2
de_3cacd4ea16,FitX,FitX Fitnessstudio Gladbeck-Mitte,Hochstraße 10,45964,Gladbeck,Germany,51.572863,6.9902898,READY_TO_IMPORT,VERIFIED_CURRENT,,https://www.fitx.de/fitnessstudios/gladbeck-mitte,https://www.fitx.de/fitnessstudios/gladbeck-mitte,,phase2_sitemap; slug=gladbeck-mitte,germany_phase2
de_1ba2c46ac5,FitX,FitX Fitnessstudio Grevenbroich,Ostwall 31,41515,Grevenbroich,Germany,51.08873,6.59411,READY_TO_IMPORT,VERIFIED_CURRENT,,https://www.fitx.de/fitnessstudios/grevenbroich-stadt,https://www.fitx.de/fitnessstudios/grevenbroich-stadt,,phase2_sitemap; slug=grevenbroich-stadt,germany_phase2
de_2894e07cdd,FitX,FitX Fitnessstudio Gütersloh-Innenstadt,Langer Weg 11,33332,Gütersloh,Germany,51.9083816,8.3890974999999,READY_TO_IMPORT,VERIFIED_CURRENT,,https://www.fitx.de/fitnessstudios/guetersloh-innenstadt,https://www.fitx.de/fitnessstudios/guetersloh-innenstadt,,phase2_sitemap; slug=guetersloh-innenstadt,germany_phase2
de_3e8d214999,FitX,FitX Fitnessstudio Hagen-Mitte,Elberfelder Straße 93,58095,Hagen,Germany,51.3592202,7.4625655,READY_TO_IMPORT,VERIFIED_CURRENT,,https://www.fitx.de/fitnessstudios/hagen-mitte,https://www.fitx.de/fitnessstudios/hagen-mitte,,phase2_sitemap; slug=hagen-mitte,germany_phase2
de_e0b1701a60,FitX,FitX Fitnessstudio Hamburg-Airport,Röntgenstraße 28,22335,Hamburg,Germany,53.6232707,10.0163518,READY_TO_IMPORT,VERIFIED_CURRENT,,https://www.fitx.de/fitnessstudios/hamburg-airport,https://www.fitx.de/fitnessstudios/hamburg-airport,,phase2_sitemap; slug=hamburg-airport,germany_phase2
de_2b7bcb7a02,FitX,FitX Fitnessstudio Hamburg-Altona,Große Bergstraße 156-162,22767,Hamburg,Germany,53.55161,9.943669,READY_TO_IMPORT,VERIFIED_CURRENT,,https://www.fitx.de/fitnessstudios/hamburg-altona,https://www.fitx.de/fitnessstudios/hamburg-altona,,phase2_sitemap; slug=hamburg-altona,germany_phase2
de_de0ec47cf4,FitX,FitX Fitnessstudio Hamburg-Bahrenfeld,Schnackenburgallee 43-45,22525,Hamburg,Germany,53.5786191,9.9175706,READY_TO_IMPORT,VERIFIED_CURRENT,,https://www.fitx.de/fitnessstudios/hamburg-bahrenfeld,https://www.fitx.de/fitnessstudios/hamburg-bahrenfeld,,phase2_sitemap; slug=hamburg-bahrenfeld,germany_phase2
de_fce6679e41,FitX,FitX Fitnessstudio Hamburg-Steilshoop,Schwarzer Weg 28,22309,Hamburg,Germany,53.60801,10.0530151,READY_TO_IMPORT,VERIFIED_CURRENT,,https://www.fitx.de/fitnessstudios/hamburg-steilshoop,https://www.fitx.de/fitnessstudios/hamburg-steilshoop,,phase2_sitemap; slug=hamburg-steilshoop,germany_phase2
de_f88164a730,FitX,FitX Fitnessstudio Hamm-Mitte,Hafenstraße 30,59067,Hamm,Germany,51.6785156,7.7917606,READY_TO_IMPORT,VERIFIED_CURRENT,,https://www.fitx.de/fitnessstudios/hamm-mitte,https://www.fitx.de/fitnessstudios/hamm-mitte,,phase2_sitemap; slug=hamm-mitte,germany_phase2
de_3e9c9251fe,FitX,FitX Fitnessstudio Hannover-Vahrenheide,Lilienthalstraße 1,30179,Hannover,Germany,52.416703,9.7353204,READY_TO_IMPORT,VERIFIED_CURRENT,,https://www.fitx.de/fitnessstudios/hannover-vahrenheide,https://www.fitx.de/fitnessstudios/hannover-vahrenheide,,phase2_sitemap; slug=hannover-vahrenheide,germany_phase2
de_372c0b8043,FitX,FitX Fitnessstudio Herten,Kaiserstraße 1,45699,Herten,Germany,51.59505,7.140267,READY_TO_IMPORT,VERIFIED_CURRENT,,https://www.fitx.de/fitnessstudios/herten-stadt,https://www.fitx.de/fitnessstudios/herten-stadt,,phase2_sitemap; slug=herten-stadt,germany_phase2
de_7ec46592c6,FitX,FitX Fitnessstudio Hilden,Forststraße 1,40721,Hilden,Germany,51.16201,6.903915,READY_TO_IMPORT,VERIFIED_CURRENT,,https://www.fitx.de/fitnessstudios/hilden-stadt,https://www.fitx.de/fitnessstudios/hilden-stadt,,phase2_sitemap; slug=hilden-stadt,germany_phase2
de_d226cc06a1,FitX,FitX Fitnessstudio Iserlohn-Seilersee,Seilerseestraße 101,58636,Iserlohn,Germany,51.3855321,7.7109449,READY_TO_IMPORT,VERIFIED_CURRENT,,https://www.fitx.de/fitnessstudios/iserlohn-seilersee,https://www.fitx.de/fitnessstudios/iserlohn-seilersee,,phase2_sitemap; slug=iserlohn-seilersee,germany_phase2
de_7933b9528b,FitX,FitX Fitnessstudio Jena-Burgau,Keßlerstraße 12,07745,Jena,Germany,50.8995325,11.5944996,READY_TO_IMPORT,VERIFIED_CURRENT,,https://www.fitx.de/fitnessstudios/jena-burgau,https://www.fitx.de/fitnessstudios/jena-burgau,,phase2_sitemap; slug=jena-burgau,germany_phase2
de_4e488510f4,FitX,FitX Fitnessstudio Kaiserslautern-Innenstadt,Mainzer Straße 50,67657,Kaiserslautern,Germany,49.45076,7.782877,READY_TO_IMPORT,VERIFIED_CURRENT,,https://www.fitx.de/fitnessstudios/kaiserslautern-innenstadt,https://www.fitx.de/fitnessstudios/kaiserslautern-innenstadt,,phase2_sitemap; slug=kaiserslautern-innenstadt,germany_phase2
de_64fc112f1c,FitX,FitX Fitnessstudio Karlsruhe-Oststadt,Striederstraße 34,76131,Karlsruhe,Germany,49.01029,8.439269,READY_TO_IMPORT,VERIFIED_CURRENT,,https://www.fitx.de/fitnessstudios/karlsruhe-oststadt,https://www.fitx.de/fitnessstudios/karlsruhe-oststadt,,phase2_sitemap; slug=karlsruhe-oststadt,germany_phase2
de_665a140915,FitX,FitX Fitnessstudio Kiel Gaarden-Süd,Schwedendamm 9,24143,Kiel,Germany,54.3068598,10.1344258,READY_TO_IMPORT,VERIFIED_CURRENT,,https://www.fitx.de/fitnessstudios/kiel-gaarden-sued,https://www.fitx.de/fitnessstudios/kiel-gaarden-sued,,phase2_sitemap; slug=kiel-gaarden-sued,germany_phase2
de_8b873c769e,FitX,FitX Fitnessstudio Koblenz-Lützel,Friedrich-Mohr-Straße 4-6,56070,Koblenz,Germany,50.38083,7.574301,READY_TO_IMPORT,VERIFIED_CURRENT,,https://www.fitx.de/fitnessstudios/koblenz-luetzel,https://www.fitx.de/fitnessstudios/koblenz-luetzel,,phase2_sitemap; slug=koblenz-luetzel,germany_phase2
de_adda275d6b,FitX,FitX Fitnessstudio Krefeld-Inrath,Hülser Straße 386,47803,Krefeld,Germany,51.34927,6.5400777,READY_TO_IMPORT,VERIFIED_CURRENT,,https://www.fitx.de/fitnessstudios/krefeld-inrath,https://www.fitx.de/fitnessstudios/krefeld-inrath,,phase2_sitemap; slug=krefeld-inrath,germany_phase2
de_81f6f6f9e4,FitX,FitX Fitnessstudio Krefeld-Oppum,Hafelsstraße 249,47809,Krefeld,Germany,51.3235851,6.6073082,READY_TO_IMPORT,VERIFIED_CURRENT,,https://www.fitx.de/fitnessstudios/krefeld-oppum,https://www.fitx.de/fitnessstudios/krefeld-oppum,,phase2_sitemap; slug=krefeld-oppum,germany_phase2
de_d852e85526,FitX,FitX Fitnessstudio Leipzig Mockau-Süd,Wollkämmereistraße 4,04347,Leipzig,Germany,51.3621337,12.4015856,READY_TO_IMPORT,VERIFIED_CURRENT,,https://www.fitx.de/fitnessstudios/leipzig-mockau-sued,https://www.fitx.de/fitnessstudios/leipzig-mockau-sued,,phase2_sitemap; slug=leipzig-mockau-sued,germany_phase2
de_78e20dbb79,FitX,FitX Fitnessstudio Leipzig-Neulindenau,Lützner Straße 179,04179,Leipzig,Germany,51.3266248,12.3063294,READY_TO_IMPORT,VERIFIED_CURRENT,,https://www.fitx.de/fitnessstudios/leipzig-neulindenau,https://www.fitx.de/fitnessstudios/leipzig-neulindenau,,phase2_sitemap; slug=leipzig-neulindenau,germany_phase2
de_7cac30bf33,FitX,FitX Fitnessstudio Ludwigshafen-Nord,Dessauer Straße 59,67063,Ludwigshafen am Rhein,Germany,49.491199,8.4371295999999,READY_TO_IMPORT,VERIFIED_CURRENT,,https://www.fitx.de/fitnessstudios/ludwigshafen-nord,https://www.fitx.de/fitnessstudios/ludwigshafen-nord,,phase2_sitemap; slug=ludwigshafen-nord,germany_phase2
de_17161ac41c,FitX,FitX Fitnessstudio Lübeck-St. Lorenz Nord,Bei der Lohmühle 84,23554,Lübeck,Germany,53.8789815,10.6713097,READY_TO_IMPORT,VERIFIED_CURRENT,,https://www.fitx.de/fitnessstudios/luebeck-st-lorenz-nord,https://www.fitx.de/fitnessstudios/luebeck-st-lorenz-nord,,phase2_sitemap; slug=luebeck-st-lorenz-nord,germany_phase2
de_98ceb272f3,FitX,FitX Fitnessstudio Magdeburg-Sudenburg,Brenneckestraße 46,39118,Magdeburg,Germany,52.1032808,11.6009238,READY_TO_IMPORT,VERIFIED_CURRENT,,https://www.fitx.de/fitnessstudios/magdeburg-sudenburg,https://www.fitx.de/fitnessstudios/magdeburg-sudenburg,,phase2_sitemap; slug=magdeburg-sudenburg,germany_phase2
de_b052495b3c,FitX,FitX Fitnessstudio Mainz-Hechtsheim,Alte Mainzer Straße 125,55129,Mainz,Germany,49.97365,8.28211,READY_TO_IMPORT,VERIFIED_CURRENT,,https://www.fitx.de/fitnessstudios/mainz-hechtsheim,https://www.fitx.de/fitnessstudios/mainz-hechtsheim,,phase2_sitemap; slug=mainz-hechtsheim,germany_phase2
de_1fa9aa9a75,FitX,FitX Fitnessstudio Mannheim-Almenhof,Neckarauer Str. 140,68163,Mannheim,Germany,49.46548,8.486956,READY_TO_IMPORT,VERIFIED_CURRENT,,https://www.fitx.de/fitnessstudios/mannheim-almenhof,https://www.fitx.de/fitnessstudios/mannheim-almenhof,,phase2_sitemap; slug=mannheim-almenhof,germany_phase2
de_3bf6cdc1c9,FitX,FitX Fitnessstudio Minden-Innenstadt,Stiftsallee 3,32425,Minden,Germany,52.3000817,8.9104439,READY_TO_IMPORT,VERIFIED_CURRENT,,https://www.fitx.de/fitnessstudios/minden-innenstadt,https://www.fitx.de/fitnessstudios/minden-innenstadt,,phase2_sitemap; slug=minden-innenstadt,germany_phase2
de_a06585c9f7,FitX,FitX Fitnessstudio Mönchengladbach-Rheydt,Odenkirchener Straße 129,41236,Mönchengladbach,Germany,51.1608417,6.4463823999999,READY_TO_IMPORT,VERIFIED_CURRENT,,https://www.fitx.de/fitnessstudios/moenchengladbach-rheydt,https://www.fitx.de/fitnessstudios/moenchengladbach-rheydt,,phase2_sitemap; slug=moenchengladbach-rheydt,germany_phase2
de_e686de4f28,FitX,FitX Fitnessstudio Mönchengladbach-Waldhausen,Waldnieler Straße 50,41068,Mönchengladbach,Germany,51.1945811,6.4216452000001,READY_TO_IMPORT,VERIFIED_CURRENT,,https://www.fitx.de/fitnessstudios/moenchengladbach-waldhausen,https://www.fitx.de/fitnessstudios/moenchengladbach-waldhausen,,phase2_sitemap; slug=moenchengladbach-waldhausen,germany_phase2
de_feb31c8ac4,FitX,FitX Fitnessstudio Mülheim-Stadtmitte,Schloßstraße 48,45468,Mülheim an der Ruhr,Germany,51.427065,6.8793773,READY_TO_IMPORT,VERIFIED_CURRENT,,https://www.fitx.de/fitnessstudios/muelheim-stadtmitte,https://www.fitx.de/fitnessstudios/muelheim-stadtmitte,,phase2_sitemap; slug=muelheim-stadtmitte,germany_phase2
de_d6f024a50b,FitX,FitX Fitnessstudio München Schwabing-Freimann,Ingolstädter Straße 172-180,80939,München,Germany,48.204635,11.5868651,READY_TO_IMPORT,VERIFIED_CURRENT,,https://www.fitx.de/fitnessstudios/muenchen-schwabing-freimann,https://www.fitx.de/fitnessstudios/muenchen-schwabing-freimann,,phase2_sitemap; slug=muenchen-schwabing-freimann,germany_phase2
de_800801cead,FitX,FitX Fitnessstudio München Sendling-Westpark,Landaubogen 1,81373,München,Germany,48.1295808,11.5320841,READY_TO_IMPORT,VERIFIED_CURRENT,,https://www.fitx.de/fitnessstudios/muenchen-sendling-westpark,https://www.fitx.de/fitnessstudios/muenchen-sendling-westpark,,phase2_sitemap; slug=muenchen-sendling-westpark,germany_phase2
de_c06f531e00,FitX,FitX Fitnessstudio München-Lenbachplatz,Lenbachplatz 4,80333,München,Germany,48.141399,11.5686567,READY_TO_IMPORT,VERIFIED_CURRENT,,https://www.fitx.de/fitnessstudios/muenchen-lenbachplatz,https://www.fitx.de/fitnessstudios/muenchen-lenbachplatz,,phase2_sitemap; slug=muenchen-lenbachplatz,germany_phase2
de_7cd241058c,FitX,FitX Fitnessstudio München-Neuperlach,Putzbrunner Straße 73,81739,München,Germany,48.0968778,11.6459302,READY_TO_IMPORT,VERIFIED_CURRENT,,https://www.fitx.de/fitnessstudios/muenchen-neuperlach,https://www.fitx.de/fitnessstudios/muenchen-neuperlach,,phase2_sitemap; slug=muenchen-neuperlach,germany_phase2
de_d7a0c5a253,FitX,FitX Fitnessstudio Münster-Berg Fidel,Hammer Straße 385,48153,Münster,Germany,51.9268265,7.6295689999999,READY_TO_IMPORT,VERIFIED_CURRENT,,https://www.fitx.de/fitnessstudios/muenster-berg-fidel,https://www.fitx.de/fitnessstudios/muenster-berg-fidel,,phase2_sitemap; slug=muenster-berg-fidel,germany_phase2
de_dabba2b470,FitX,FitX Fitnessstudio Münster-Kinderhaus,Rektoratsweg 50,48159,Münster,Germany,51.9889855,7.6096987999999,READY_TO_IMPORT,VERIFIED_CURRENT,,https://www.fitx.de/fitnessstudios/muenster-kinderhaus,https://www.fitx.de/fitnessstudios/muenster-kinderhaus,,phase2_sitemap; slug=muenster-kinderhaus,germany_phase2
de_8ed69c735e,FitX,FitX Fitnessstudio Neuss-Innenstadt,Rheinstraße 7,41460,Neuss,Germany,51.2019313,6.6918029999999,READY_TO_IMPORT,VERIFIED_CURRENT,,https://www.fitx.de/fitnessstudios/neuss-innenstadt,https://www.fitx.de/fitnessstudios/neuss-innenstadt,,phase2_sitemap; slug=neuss-innenstadt,germany_phase2
de_041df18ac8,FitX,FitX Fitnessstudio Nürnberg-Maxfeld,Rollnerstraße 115,90408,Nürnberg,Germany,49.46864,11.08121,READY_TO_IMPORT,VERIFIED_CURRENT,,https://www.fitx.de/fitnessstudios/nuernberg-maxfeld,https://www.fitx.de/fitnessstudios/nuernberg-maxfeld,,phase2_sitemap; slug=nuernberg-maxfeld,germany_phase2
de_6f9406f6ee,FitX,FitX Fitnessstudio Nürnberg-Zabo,Regensburger Straße 330,90480,Nürnberg,Germany,49.4333097,11.1285242,READY_TO_IMPORT,VERIFIED_CURRENT,,https://www.fitx.de/fitnessstudios/nuernberg-zabo,https://www.fitx.de/fitnessstudios/nuernberg-zabo,,phase2_sitemap; slug=nuernberg-zabo,germany_phase2
de_341601adbc,FitX,FitX Fitnessstudio Oberhausen-Marienviertel,Mülheimer Straße 14-18,46049,Oberhausen,Germany,51.4846173,6.8648787,READY_TO_IMPORT,VERIFIED_CURRENT,,https://www.fitx.de/fitnessstudios/oberhausen-marienviertel,https://www.fitx.de/fitnessstudios/oberhausen-marienviertel,,phase2_sitemap; slug=oberhausen-marienviertel,germany_phase2
de_1e2d3ed984,FitX,FitX Fitnessstudio Osnabrück-Fledder,Grosshandelsring 8,49084,Osnabrück,Germany,52.2587347,8.0860215,READY_TO_IMPORT,VERIFIED_CURRENT,,https://www.fitx.de/fitnessstudios/osnabrueck-fledder,https://www.fitx.de/fitnessstudios/osnabrueck-fledder,,phase2_sitemap; slug=osnabrueck-fledder,germany_phase2
de_bd09991ba9,FitX,FitX Fitnessstudio Paderborn-Südring,Husener Straße 121,33100,Paderborn,Germany,51.70364,8.766873,READY_TO_IMPORT,VERIFIED_CURRENT,,https://www.fitx.de/fitnessstudios/paderborn-suedring,https://www.fitx.de/fitnessstudios/paderborn-suedring,,phase2_sitemap; slug=paderborn-suedring,germany_phase2
de_5fa13c3cca,FitX,FitX Fitnessstudio Ratingen-West,Boschstraße 5,40880,Ratingen,Germany,51.2991139,6.8204375,READY_TO_IMPORT,VERIFIED_CURRENT,,https://www.fitx.de/fitnessstudios/ratingen-west,https://www.fitx.de/fitnessstudios/ratingen-west,,phase2_sitemap; slug=ratingen-west,germany_phase2
de_de0f064057,FitX,FitX Fitnessstudio Regensburg-Reinhausen,Donaustaufer Straße 128,93059,Regensburg,Germany,49.02896,12.12169,READY_TO_IMPORT,VERIFIED_CURRENT,,https://www.fitx.de/fitnessstudios/regensburg-reinhausen,https://www.fitx.de/fitnessstudios/regensburg-reinhausen,,phase2_sitemap; slug=regensburg-reinhausen,germany_phase2
de_3e9d962c54,FitX,FitX Fitnessstudio Remscheid-Süd,Neuenkamper Straße 3-9,42855,Remscheid,Germany,51.1784215,7.2049981,READY_TO_IMPORT,VERIFIED_CURRENT,,https://www.fitx.de/fitnessstudios/remscheid-sued,https://www.fitx.de/fitnessstudios/remscheid-sued,,phase2_sitemap; slug=remscheid-sued,germany_phase2
de_5b1db52fb7,FitX,FitX Fitnessstudio Rostock-Südstadt,Erich-Schlesinger-Straße 28,18059,Rostock,Germany,54.0759931,12.1219756,READY_TO_IMPORT,VERIFIED_CURRENT,,https://www.fitx.de/fitnessstudios/rostock-suedstadt,https://www.fitx.de/fitnessstudios/rostock-suedstadt,,phase2_sitemap; slug=rostock-suedstadt,germany_phase2
de_66a14a638c,FitX,FitX Fitnessstudio Saarbrücken-St. Johann,Mainzer Straße 120,66121,Saarbrücken,Germany,49.2294365,7.0113676,READY_TO_IMPORT,VERIFIED_CURRENT,,https://www.fitx.de/fitnessstudios/saarbruecken-st-johann,https://www.fitx.de/fitnessstudios/saarbruecken-st-johann,,phase2_sitemap; slug=saarbruecken-st-johann,germany_phase2
de_8a87f7f355,FitX,FitX Fitnessstudio Siegen-Mitte,Hagener Straße 67,57072,Siegen,Germany,50.8846232,8.0285094,READY_TO_IMPORT,VERIFIED_CURRENT,,https://www.fitx.de/fitnessstudios/siegen-mitte,https://www.fitx.de/fitnessstudios/siegen-mitte,,phase2_sitemap; slug=siegen-mitte,germany_phase2
de_44215cffe9,FitX,FitX Fitnessstudio Troisdorf-Mitte,Poststraße 64,53840,Troisdorf,Germany,50.8143,7.1504798999999,READY_TO_IMPORT,VERIFIED_CURRENT,,https://www.fitx.de/fitnessstudios/troisdorf-mitte,https://www.fitx.de/fitnessstudios/troisdorf-mitte,,phase2_sitemap; slug=troisdorf-mitte,germany_phase2
de_08ec1df793,FitX,FitX Fitnessstudio Ulm,Blaubeurer Straße 14-26,89077,Ulm,Germany,48.402967091681,9.9722115585335,READY_TO_IMPORT,VERIFIED_CURRENT,,https://www.fitx.de/fitnessstudios/ulm-stadt,https://www.fitx.de/fitnessstudios/ulm-stadt,,phase2_sitemap; slug=ulm-stadt,germany_phase2
de_15debfc0e0,FitX,FitX Fitnessstudio Unna,Kantstraße 1,59425,Unna,Germany,51.53879,7.687656,READY_TO_IMPORT,VERIFIED_CURRENT,,https://www.fitx.de/fitnessstudios/unna-stadt,https://www.fitx.de/fitnessstudios/unna-stadt,,phase2_sitemap; slug=unna-stadt,germany_phase2
de_336fd952ad,FitX,FitX Fitnessstudio Viersen,Kanalstraße 51-55,41748,Viersen,Germany,51.26198,6.404883,READY_TO_IMPORT,VERIFIED_CURRENT,,https://www.fitx.de/fitnessstudios/viersen-stadt,https://www.fitx.de/fitnessstudios/viersen-stadt,,phase2_sitemap; slug=viersen-stadt,germany_phase2
de_dce4976370,FitX,FitX Fitnessstudio Wetzlar,Bahnhofstraße 19-23,35576,Wetzlar,Germany,50.5630895,8.5019035,READY_TO_IMPORT,VERIFIED_CURRENT,,https://www.fitx.de/fitnessstudios/wetzlar-neustadt,https://www.fitx.de/fitnessstudios/wetzlar-neustadt,,phase2_sitemap; slug=wetzlar-neustadt,germany_phase2
de_96901e6d76,FitX,FitX Fitnessstudio Witten-Mitte,Bahnhofstraße 69-71,58452,Witten,Germany,51.436801,7.3294821,READY_TO_IMPORT,VERIFIED_CURRENT,,https://www.fitx.de/fitnessstudios/witten-mitte,https://www.fitx.de/fitnessstudios/witten-mitte,,phase2_sitemap; slug=witten-mitte,germany_phase2
de_df56ae9774,FitX,FitX Fitnessstudio Worms-Innenstadt Süd,Schönauer Straße 2,67547,Worms,Germany,49.6268587,8.3587631,READY_TO_IMPORT,VERIFIED_CURRENT,,https://www.fitx.de/fitnessstudios/worms-innenstadt-sued,https://www.fitx.de/fitnessstudios/worms-innenstadt-sued,,phase2_sitemap; slug=worms-innenstadt-sued,germany_phase2
de_7bcedd40c4,FitX,FitX Fitnessstudio Wuppertal-Barmen,Hatzfelder Straße 14,42281,Wuppertal,Germany,51.2804954,7.182962,READY_TO_IMPORT,VERIFIED_CURRENT,,https://www.fitx.de/fitnessstudios/wuppertal-barmen,https://www.fitx.de/fitnessstudios/wuppertal-barmen,,phase2_sitemap; slug=wuppertal-barmen,germany_phase2
de_dc7a94c45a,FitX,FitX Fitnessstudio Wuppertal-Elberfeld,Steinbecker Meile 1,42103 ,Wuppertal,Germany,51.24973,7.137645,READY_TO_IMPORT,VERIFIED_CURRENT,,https://www.fitx.de/fitnessstudios/wuppertal-elberfeld,https://www.fitx.de/fitnessstudios/wuppertal-elberfeld,,phase2_sitemap; slug=wuppertal-elberfeld,germany_phase2
de_e273f66e90,FitX,FitX Fitnessstudio Wuppertal-Langerfeld,Clausewitzstraße 82,42389,Wuppertal,Germany,51.2824298,7.2547853999999,READY_TO_IMPORT,VERIFIED_CURRENT,,https://www.fitx.de/fitnessstudios/wuppertal-langerfeld,https://www.fitx.de/fitnessstudios/wuppertal-langerfeld,,phase2_sitemap; slug=wuppertal-langerfeld,germany_phase2
de_559361f691,FitX,FitX Fitnessstudio Wuppertal-Vohwinkel,Kaiserstraße 39,42329,Wuppertal,Germany,51.23302,7.073888,READY_TO_IMPORT,VERIFIED_CURRENT,,https://www.fitx.de/fitnessstudios/wuppertal-vohwinkel,https://www.fitx.de/fitnessstudios/wuppertal-vohwinkel,,phase2_sitemap; slug=wuppertal-vohwinkel,germany_phase2
de_52fb8f292c,Gold's Gym,Gold's Gym Berlin,Paulsternstraße 22,13629,Berlin,Germany,52.5411969,13.2483424,READY_TO_IMPORT,VERIFIED_CURRENT,,https://rsg-group.api.magicline.com/connect/v1/studio,https://goldsgym.de/,,"magicline_id=3326365670; tags=Communication,DE,GG Branded App,GG PK3,Gold's Gym,aktiv",germany_phase2
de_fcb76ffc20,Gold's Gym,Gold's Gym Herne,Bahnhofstraße 65-71,44623,Herne,Germany,51.5421322,7.2207781,READY_TO_IMPORT,VERIFIED_CURRENT,,https://rsg-group.api.magicline.com/connect/v1/studio,https://goldsgym.de/,,"magicline_id=3776978170; tags=DE,GG Branded App,GG PK1,Gold's Gym,aktiv",germany_phase2
de_3d7a48cf5a,Gold's Gym,Gold's Gym Jena,Wiesenstraße 2,07749,Jena,Germany,50.9352222,11.5934118,READY_TO_IMPORT,VERIFIED_CURRENT,,https://rsg-group.api.magicline.com/connect/v1/studio,https://goldsgym.de/,,"magicline_id=3961956160; tags=DE,GG Branded App,GG PK1,Gold's Gym,aktiv",germany_phase2
de_e3a6ad183e,Gold's Gym,Gold's Gym Krefeld,Gutenbergstr. 153,47803,Krefeld,Germany,51.3304252,6.545445099999999,READY_TO_IMPORT,VERIFIED_CURRENT,,https://rsg-group.api.magicline.com/connect/v1/studio,https://goldsgym.de/,,"magicline_id=1537649930; tags=DE,GG Branded App,GG PK1,Gold's Gym,aktiv",germany_phase2
de_b63c0424e7,Gold's Gym,Gold's Gym München,Berg am Laim 111,81673,München,Germany,48.1290665,11.6292483,READY_TO_IMPORT,VERIFIED_CURRENT,,https://rsg-group.api.magicline.com/connect/v1/studio,https://goldsgym.de/,,"magicline_id=3946806760; tags=DE,GG Branded App,GG PK3,Gold's Gym,aktiv",germany_phase2
de_100f588538,INJOY,INJOY Amberg,Ohmstr. 41,92224,Amberg,Germany,49.427741,11.865269,READY_TO_IMPORT,VERIFIED_CURRENT,ok,https://www.injoy.de/studio/amberg,https://www.injoy.de/studio/amberg,,phase2_sitemap; slug=amberg,germany_phase2
de_63528767c8,INJOY,INJOY Annaberg,Karlsplatz 2,09456,Annaberg-Buchholz,Germany,50.579263,13.000903,READY_TO_IMPORT,VERIFIED_CURRENT,ok,https://www.injoy.de/studio/annaberg,https://www.injoy.de/studio/annaberg,,phase2_sitemap; slug=annaberg,germany_phase2
de_dc37c28061,INJOY,INJOY Augsburg,Halderstr. 29,86150,Augsburg,Germany,48.365005,10.888071,READY_TO_IMPORT,VERIFIED_CURRENT,ok,https://www.injoy.de/studio/augsburg,https://www.injoy.de/studio/augsburg,,phase2_sitemap; slug=augsburg,germany_phase2
de_36fc00b2ac,INJOY,INJOY Balingen,Am Bangraben 23,72336,Balingen,Germany,48.29163,8.847443,READY_TO_IMPORT,VERIFIED_CURRENT,ok,https://www.injoy.de/studio/balingen,https://www.injoy.de/studio/balingen,,phase2_sitemap; slug=balingen,germany_phase2
de_48c20b5f61,INJOY,INJOY Gym & Swim Bayreuth,Kolpingstr. 7,95444,Bayreuth,Germany,49.947288,11.579819,READY_TO_IMPORT,VERIFIED_CURRENT,ok,https://www.injoy.de/studio/gym-swim-bayreuth,https://www.injoy.de/studio/gym-swim-bayreuth,,phase2_sitemap; slug=gym-swim-bayreuth; concept=gym_swim,germany_phase2
de_55842c1498,INJOY,INJOY Berlin Steglitz,Kamenzer Damm 30,12249,Berlin,Germany,52.433247,13.355866,READY_TO_IMPORT,VERIFIED_CURRENT,ok,https://www.injoy.de/studio/berlin-steglitz,https://www.injoy.de/studio/berlin-steglitz,,phase2_sitemap; slug=berlin-steglitz,germany_phase2
de_af67e5f110,INJOY,INJOY Gym & Swim Bornheim,Rilkestraße 3,53332,Bornheim,Germany,50.761747,6.998522,READY_TO_IMPORT,VERIFIED_CURRENT,ok,https://www.injoy.de/studio/gym-swim-bornheim,https://www.injoy.de/studio/gym-swim-bornheim,,phase2_sitemap; slug=gym-swim-bornheim; concept=gym_swim,germany_phase2
de_ebc6dac875,INJOY,INJOY Braunschweig,Daimlerstraße 6,38112,Braunschweig,Germany,52.309872,10.510361,READY_TO_IMPORT,VERIFIED_CURRENT,ok,https://www.injoy.de/studio/braunschweig,https://www.injoy.de/studio/braunschweig,,phase2_sitemap; slug=braunschweig,germany_phase2
de_21e55503ca,INJOY,INJOY Lady Braunschweig,Helmstedter Strasse 58,38126,Braunschweig,Germany,52.249757,10.591551,READY_TO_IMPORT,VERIFIED_CURRENT,ok,https://www.injoy.de/studio/lady-braunschweig,https://www.injoy.de/studio/lady-braunschweig,,phase2_sitemap; slug=lady-braunschweig,germany_phase2
de_6d0800e61e,INJOY,INJOY Gym & Swim Bremen,Kurt-Schumacher-Allee 5,28329,Bremen,Germany,53.078551,8.88394,READY_TO_IMPORT,VERIFIED_CURRENT,ok,https://www.injoy.de/studio/gym-swim-bremen,https://www.injoy.de/studio/gym-swim-bremen,,phase2_sitemap; slug=gym-swim-bremen; concept=gym_swim,germany_phase2
de_062e0e40ca,INJOY,INJOY Gym & Swim Bremervörde,Am Lagerberg 36,27432,Bremervörde,Germany,53.476371,9.142859,READY_TO_IMPORT,VERIFIED_CURRENT,ok,https://www.injoy.de/studio/gym-swim-bremervoerde,https://www.injoy.de/studio/gym-swim-bremervoerde,,phase2_sitemap; slug=gym-swim-bremervoerde; concept=gym_swim,germany_phase2
de_3899b5ed93,INJOY,INJOY Cloppenburg,Emsteker Straße 30,49661,Cloppenburg,Germany,52.843239,8.050736,READY_TO_IMPORT,VERIFIED_CURRENT,ok,https://www.injoy.de/studio/cloppenburg,https://www.injoy.de/studio/cloppenburg,,phase2_sitemap; slug=cloppenburg,germany_phase2
de_151f1dfe9d,INJOY,INJOY Damme,Robert-Bosch-Str. 24,49401,Damme,Germany,52.508695,8.207425,READY_TO_IMPORT,VERIFIED_CURRENT,ok,https://www.injoy.de/studio/damme,https://www.injoy.de/studio/damme,,phase2_sitemap; slug=damme,germany_phase2
de_fd105ccab0,INJOY,INJOY Dettingen,Vogelsangstraße 35,72581,Dettingen,Germany,48.527679,9.337948,READY_TO_IMPORT,VERIFIED_CURRENT,ok,https://www.injoy.de/studio/dettingen,https://www.injoy.de/studio/dettingen,,phase2_sitemap; slug=dettingen,germany_phase2
de_1734e7e474,INJOY,INJOY Dorsten,Borkener Straße 56,46284,Dorsten,Germany,51.675832,6.964878,READY_TO_IMPORT,VERIFIED_CURRENT,ok,https://www.injoy.de/studio/dorsten,https://www.injoy.de/studio/dorsten,,phase2_sitemap; slug=dorsten,germany_phase2
de_afc85f5625,INJOY,INJOY Dresden-Loschwitz,Pillnitzer Landstr. 34a,01326,Dresden-Loschwitz,Germany,51.051043,13.818993,READY_TO_IMPORT,VERIFIED_CURRENT,ok,https://www.injoy.de/studio/dresden-loschwitz,https://www.injoy.de/studio/dresden-loschwitz,,phase2_sitemap; slug=dresden-loschwitz,germany_phase2
de_cb801b8c80,INJOY,INJOY Gym & Swim Duisburg,Kampstr. 2,47166,Duisburg,Germany,51.49493,6.767546,READY_TO_IMPORT,VERIFIED_CURRENT,ok,https://www.injoy.de/studio/gym-swim-duisburg,https://www.injoy.de/studio/gym-swim-duisburg,,phase2_sitemap; slug=gym-swim-duisburg; concept=gym_swim,germany_phase2
de_644651a236,INJOY,INJOY Emmendingen,Freiburger Str. 17,79312,Emmendingen,Germany,48.110038,7.85426,READY_TO_IMPORT,VERIFIED_CURRENT,ok,https://www.injoy.de/studio/emmendingen,https://www.injoy.de/studio/emmendingen,,phase2_sitemap; slug=emmendingen,germany_phase2
de_abd9e97e67,INJOY,INJOY Engen,Jahnstr. 47,78234,Engen,Germany,47.856079,8.793225,READY_TO_IMPORT,VERIFIED_CURRENT,ok,https://www.injoy.de/studio/engen,https://www.injoy.de/studio/engen,,phase2_sitemap; slug=engen,germany_phase2
de_d135680777,INJOY,INJOY Falkenstein,Hangweg 13,08223,Falkenstein / Vogtland,Germany,50.482012,12.378438,READY_TO_IMPORT,VERIFIED_CURRENT,ok,https://www.injoy.de/studio/falkenstein,https://www.injoy.de/studio/falkenstein,,phase2_sitemap; slug=falkenstein,germany_phase2
de_a675c90b84,INJOY,INJOY Gelsenkirchen,Kurt-Schumacher-Str. 157 - 161,45881,Gelsenkirchen,Germany,51.534805,7.073045,READY_TO_IMPORT,VERIFIED_CURRENT,ok,https://www.injoy.de/studio/gelsenkirchen,https://www.injoy.de/studio/gelsenkirchen,,phase2_sitemap; slug=gelsenkirchen,germany_phase2
de_20e7a4427a,INJOY,INJOY Gym & Swim Gießen,Ringallee 12,35390,Gießen,Germany,50.589956,8.685229,READY_TO_IMPORT,VERIFIED_CURRENT,ok,https://www.injoy.de/studio/gym-swim-giessen,https://www.injoy.de/studio/gym-swim-giessen,,phase2_sitemap; slug=gym-swim-giessen; concept=gym_swim,germany_phase2
de_f3ab202740,INJOY,INJOY Gym & Swim Greven,Kerkstiege 2,48268,Greven,Germany,52.094982,7.599658,READY_TO_IMPORT,VERIFIED_CURRENT,ok,https://www.injoy.de/studio/gym-swim-greven,https://www.injoy.de/studio/gym-swim-greven,,phase2_sitemap; slug=gym-swim-greven; concept=gym_swim,germany_phase2
de_4685321e5b,INJOY,INJOY Gröditz,Marktstr. 16,01609,Gröditz,Germany,51.412117,13.445288,READY_TO_IMPORT,VERIFIED_CURRENT,ok,https://www.injoy.de/studio/groeditz,https://www.injoy.de/studio/groeditz,,phase2_sitemap; slug=groeditz,germany_phase2
de_83cb84ead4,INJOY,INJOY Gym & Swim Hagen,Stadionstraße 15,58097,Hagen,Germany,51.372075,7.476258,READY_TO_IMPORT,VERIFIED_CURRENT,ok,https://www.injoy.de/studio/gym-swim-hagen,https://www.injoy.de/studio/gym-swim-hagen,,phase2_sitemap; slug=gym-swim-hagen; concept=gym_swim,germany_phase2
de_f7a8725502,INJOY,INJOY Hagen,Färberstr. 4,58119,Hagen,Germany,51.356575,7.557617,READY_TO_IMPORT,VERIFIED_CURRENT,ok,https://www.injoy.de/studio/hagen,https://www.injoy.de/studio/hagen,,phase2_sitemap; slug=hagen,germany_phase2
de_bdb5907a36,INJOY,INJOY Gym & Swim Halberstadt,Gebrüder-Rehse-Str. 12,38820,Halberstadt,Germany,51.878066,11.050015,READY_TO_IMPORT,VERIFIED_CURRENT,ok,https://www.injoy.de/studio/gym-swim-halberstadt,https://www.injoy.de/studio/gym-swim-halberstadt,,phase2_sitemap; slug=gym-swim-halberstadt; concept=gym_swim,germany_phase2
de_5f0ef905b8,INJOY,INJOY Hassfurt,Philipp-Reis-Str. 12,97437,Hassfurt,Germany,50.032287,10.527473,READY_TO_IMPORT,VERIFIED_CURRENT,ok,https://www.injoy.de/studio/hassfurt,https://www.injoy.de/studio/hassfurt,,phase2_sitemap; slug=hassfurt,germany_phase2
de_08aef59b5c,INJOY,INJOY Kempten,Mozartstr. 4,87435,Kempten,Germany,47.721925,10.313146,READY_TO_IMPORT,VERIFIED_CURRENT,ok,https://www.injoy.de/studio/kempten,https://www.injoy.de/studio/kempten,,phase2_sitemap; slug=kempten,germany_phase2
de_4bc2c6334d,INJOY,INJOY Kirchheimbolanden,Kaiserstr. 1,67292,Kirchheimbolanden,Germany,49.658052,8.022049,READY_TO_IMPORT,VERIFIED_CURRENT,ok,https://www.injoy.de/studio/kirchheimbolanden,https://www.injoy.de/studio/kirchheimbolanden,,phase2_sitemap; slug=kirchheimbolanden,germany_phase2
de_bbdc54e423,INJOY,INJOY Köln-Wahn,Albin-Köbis-Straße 3,51147,Köln,Germany,50.862155,7.094389,READY_TO_IMPORT,VERIFIED_CURRENT,ok,https://www.injoy.de/studio/koeln-wahn,https://www.injoy.de/studio/koeln-wahn,,phase2_sitemap; slug=koeln-wahn,germany_phase2
de_d7d390367d,INJOY,INJOY Königsbrunn,Hunnenstr. 35 1/2,86343,Königsbrunn,Germany,48.285936,10.880782,READY_TO_IMPORT,VERIFIED_CURRENT,ok,https://www.injoy.de/studio/koenigsbrunn,https://www.injoy.de/studio/koenigsbrunn,,phase2_sitemap; slug=koenigsbrunn,germany_phase2
de_08134cf6d0,INJOY,INJOY Köthen,Lindenstraße 10a,06366,Köthen,Germany,51.753059,11.977299,READY_TO_IMPORT,VERIFIED_CURRENT,ok,https://www.injoy.de/studio/koethen,https://www.injoy.de/studio/koethen,,phase2_sitemap; slug=koethen,germany_phase2
de_e825a4f791,INJOY,INJOY Leer,Am Nüttermoorer Sieltief 17,26789,Leer,Germany,53.258001,7.454451,READY_TO_IMPORT,VERIFIED_CURRENT,ok,https://www.injoy.de/studio/leer,https://www.injoy.de/studio/leer,,phase2_sitemap; slug=leer,germany_phase2
de_ab1526b952,INJOY,INJOY Physio Lengede,Marie-Curie-Straße 3,38268,Lengede,Germany,52.194676,10.326634,READY_TO_IMPORT,VERIFIED_CURRENT,ok,https://www.injoy.de/studio/lengede,https://www.injoy.de/studio/lengede,,phase2_sitemap; slug=lengede,germany_phase2
de_3f449f811a,INJOY,INJOY Lohne,Von-Dorgelo-Str. 2,49393,Lohne,Germany,52.650386,8.243298,READY_TO_IMPORT,VERIFIED_CURRENT,ok,https://www.injoy.de/studio/lohne,https://www.injoy.de/studio/lohne,,phase2_sitemap; slug=lohne,germany_phase2
de_2a93917253,INJOY,INJOY Lüdenscheid,Bahnhofsallee 2,58507,Lüdenscheid,Germany,51.220014,7.629414,READY_TO_IMPORT,VERIFIED_CURRENT,ok,https://www.injoy.de/studio/luedenscheid,https://www.injoy.de/studio/luedenscheid,,phase2_sitemap; slug=luedenscheid,germany_phase2
de_f13b4e695e,INJOY,INJOY Moosburg,Bahnhofstraße 50,85368,Moosburg,Germany,48.471194,11.931916,READY_TO_IMPORT,VERIFIED_CURRENT,ok,https://www.injoy.de/studio/moosburg,https://www.injoy.de/studio/moosburg,,phase2_sitemap; slug=moosburg,germany_phase2
de_bdd1df54ff,INJOY,INJOY Gym & Swim Mönchengladbach,Breitenbachstr. 52,41065,Mönchengladbach,Germany,51.196856,6.450724,READY_TO_IMPORT,VERIFIED_CURRENT,ok,https://www.injoy.de/studio/gym-swim-moenchengladbach,https://www.injoy.de/studio/gym-swim-moenchengladbach,,phase2_sitemap; slug=gym-swim-moenchengladbach; concept=gym_swim,germany_phase2
de_01c8d14813,INJOY,INJOY Mülheim,Schultenhofstraße 15,45475,Mülheim,Germany,51.455224,6.883219,READY_TO_IMPORT,VERIFIED_CURRENT,ok,https://www.injoy.de/studio/muelheim,https://www.injoy.de/studio/muelheim,,phase2_sitemap; slug=muelheim,germany_phase2
de_be8b8fd96a,INJOY,INJOY Neuruppin,Heinrich-Rau-Str. 34,16816,Neuruppin,Germany,52.918603,12.786841,READY_TO_IMPORT,VERIFIED_CURRENT,ok,https://www.injoy.de/studio/neuruppin,https://www.injoy.de/studio/neuruppin,,phase2_sitemap; slug=neuruppin,germany_phase2
de_174ecfcc6e,INJOY,INJOY Gym & Swim Neustadt,Leinstraße 87,31535,Neustadt,Germany,52.515064,9.463169,READY_TO_IMPORT,VERIFIED_CURRENT,ok,https://www.injoy.de/studio/gym-swim-neustadt,https://www.injoy.de/studio/gym-swim-neustadt,,phase2_sitemap; slug=gym-swim-neustadt; concept=gym_swim,germany_phase2
de_e6c1db6250,INJOY,INJOY Neuötting,Simbacher Str. 33,84524,Neuötting,Germany,48.240478,12.703029,READY_TO_IMPORT,VERIFIED_CURRENT,ok,https://www.injoy.de/studio/neuoetting,https://www.injoy.de/studio/neuoetting,,phase2_sitemap; slug=neuoetting,germany_phase2
de_fadd9881ad,INJOY,INJOY Oelsnitz,Alte Bahnhofstr. 7,08606,Oelsnitz/Vogtl.,Germany,50.414527,12.166744,READY_TO_IMPORT,VERIFIED_CURRENT,ok,https://www.injoy.de/studio/oelsnitz,https://www.injoy.de/studio/oelsnitz,,phase2_sitemap; slug=oelsnitz,germany_phase2
de_99b7ae6195,INJOY,INJOY Papenburg,Burenweg 23,26871,Papenburg,Germany,53.0665,7.39485,READY_TO_IMPORT,VERIFIED_CURRENT,ok,https://www.injoy.de/studio/papenburg,https://www.injoy.de/studio/papenburg,,phase2_sitemap; slug=papenburg,germany_phase2
de_1bc954b2da,INJOY,INJOY Gym & Swim Pirmasens,Lemberger Straße 41,66955,Pirmasens,Germany,49.191177,7.617435,READY_TO_IMPORT,VERIFIED_CURRENT,ok,https://www.injoy.de/studio/gym-swim-pirmasens,https://www.injoy.de/studio/gym-swim-pirmasens,,phase2_sitemap; slug=gym-swim-pirmasens; concept=gym_swim,germany_phase2
de_2a7e621041,INJOY,INJOY Gym & Swim Radevormwald,Carl-Diem-Str. 33,42477,Radevormwald,Germany,51.205327,7.355999,READY_TO_IMPORT,VERIFIED_CURRENT,ok,https://www.injoy.de/studio/gym-swim-radevormwald,https://www.injoy.de/studio/gym-swim-radevormwald,,phase2_sitemap; slug=gym-swim-radevormwald; concept=gym_swim,germany_phase2
de_e067177be5,INJOY,INJOY Ratingen,An der Pönt 53,40885,Ratingen,Germany,51.349862,6.865405,READY_TO_IMPORT,VERIFIED_CURRENT,ok,https://www.injoy.de/studio/ratingen,https://www.injoy.de/studio/ratingen,,phase2_sitemap; slug=ratingen,germany_phase2
de_27b3b80e82,INJOY,INJOY Gym & Swim Ravensburg,Ziegelstraße 33,88214,Ravensburg,Germany,47.776843,9.607867,READY_TO_IMPORT,VERIFIED_CURRENT,ok,https://www.injoy.de/studio/gym-swim-ravensburg,https://www.injoy.de/studio/gym-swim-ravensburg,,phase2_sitemap; slug=gym-swim-ravensburg; concept=gym_swim,germany_phase2
de_de79614c3e,INJOY,INJOY Reichenbach,Dr.-Külz-Straße 2,08468,Reichenbach im Vogtland,Germany,50.623577,12.294298,READY_TO_IMPORT,VERIFIED_CURRENT,ok,https://www.injoy.de/studio/reichenbach,https://www.injoy.de/studio/reichenbach,,phase2_sitemap; slug=reichenbach,germany_phase2
de_817b0a24ee,INJOY,INJOY Singen,Adam-Opel-Str. 10,78239,Rielasingen,Germany,47.738267,8.849136,READY_TO_IMPORT,VERIFIED_CURRENT,ok,https://www.injoy.de/studio/singen-rielasingen,https://www.injoy.de/studio/singen-rielasingen,,phase2_sitemap; slug=singen-rielasingen,germany_phase2
de_4f98f8f60d,INJOY,INJOY Rudolstadt,Hugo-Trinckler-Str. 9,07407,Rudolstadt,Germany,50.706456,11.317367,READY_TO_IMPORT,VERIFIED_CURRENT,ok,https://www.injoy.de/studio/rudolstadt,https://www.injoy.de/studio/rudolstadt,,phase2_sitemap; slug=rudolstadt,germany_phase2
de_c4fb757a6c,INJOY,INJOY Volmetal,Volmestr. 51,58579,Schalksmühle,Germany,51.248353,7.518471,READY_TO_IMPORT,VERIFIED_CURRENT,ok,https://www.injoy.de/studio/volmetal,https://www.injoy.de/studio/volmetal,,phase2_sitemap; slug=volmetal,germany_phase2
de_a7edfc9ee1,INJOY,INJOY Schifferstadt,Ferdinand Porsche Straße 3,67105,Schifferstadt,Germany,49.364011,8.392539,READY_TO_IMPORT,VERIFIED_CURRENT,ok,https://www.injoy.de/studio/schifferstadt,https://www.injoy.de/studio/schifferstadt,,phase2_sitemap; slug=schifferstadt,germany_phase2
de_22309294d9,INJOY,INJOY Schwandorf,Schwimmbadstr. 9,92421,Schwandorf,Germany,,,NEEDS_COORDINATES,VERIFIED_CURRENT,ambiguous,https://www.injoy.de/studio/schwandorf,https://www.injoy.de/studio/schwandorf,,phase2_sitemap; slug=schwandorf,germany_phase2
de_46b6df3eec,INJOY,INJOY Gym & Swim Schwäbisch Hall,Schenkenseestraße 76,74523,Schwäbisch Hall,Germany,49.110847,9.754711,READY_TO_IMPORT,VERIFIED_CURRENT,ok,https://www.injoy.de/studio/gym-swim-schwaebisch-hall,https://www.injoy.de/studio/gym-swim-schwaebisch-hall,,phase2_sitemap; slug=gym-swim-schwaebisch-hall; concept=gym_swim,germany_phase2
de_024b7cd93a,INJOY,INJOY Gym & Swim Schöningen,Negenborntrift 25,38364,Schöningen,Germany,52.133671,10.959711,READY_TO_IMPORT,VERIFIED_CURRENT,ok,https://www.injoy.de/studio/gym-swim-schoeningen,https://www.injoy.de/studio/gym-swim-schoeningen,,phase2_sitemap; slug=gym-swim-schoeningen; concept=gym_swim,germany_phase2
de_0cbb2e030c,INJOY,INJOY Gym & Swim Selm,Sandforter Weg 2,59379,Selm,Germany,51.697092,7.464851,READY_TO_IMPORT,VERIFIED_CURRENT,ok,https://www.injoy.de/studio/gym-swim-selm,https://www.injoy.de/studio/gym-swim-selm,,phase2_sitemap; slug=gym-swim-selm; concept=gym_swim,germany_phase2
de_b40a9aeb64,INJOY,INJOY Gym & Swim Sindelfingen,Hohenzollernstr. 21/2,71065,Sindelfingen,Germany,48.718892,9.017477,READY_TO_IMPORT,VERIFIED_CURRENT,ok,https://www.injoy.de/studio/gym-swim-sindelfingen,https://www.injoy.de/studio/gym-swim-sindelfingen,,phase2_sitemap; slug=gym-swim-sindelfingen; concept=gym_swim,germany_phase2
de_91f27019bb,INJOY,INJOY Soest,Elfser Weg 14,59494,Soest,Germany,51.56232,8.125616,READY_TO_IMPORT,VERIFIED_CURRENT,ok,https://www.injoy.de/studio/soest,https://www.injoy.de/studio/soest,,phase2_sitemap; slug=soest,germany_phase2
de_3dabac8414,INJOY,INJOY Stockach,Winterspürerstr. 46,78333,Stockach,Germany,47.850678,9.021357,READY_TO_IMPORT,VERIFIED_CURRENT,ok,https://www.injoy.de/studio/stockach,https://www.injoy.de/studio/stockach,,phase2_sitemap; slug=stockach,germany_phase2
de_d056e61fd7,INJOY,INJOY Gym & Swim Stolberg,Schafberg 1,52223,Stolberg,Germany,50.770111,6.219692,READY_TO_IMPORT,VERIFIED_CURRENT,ok,https://www.injoy.de/studio/gym-swim-stolberg,https://www.injoy.de/studio/gym-swim-stolberg,,phase2_sitemap; slug=gym-swim-stolberg; concept=gym_swim,germany_phase2
de_10d39ae9bb,INJOY,INJOY Syrau,Hauptstrasse 52,08548,Syrau,Germany,50.542783,12.076349,READY_TO_IMPORT,VERIFIED_CURRENT,ok,https://www.injoy.de/studio/syrau,https://www.injoy.de/studio/syrau,,phase2_sitemap; slug=syrau,germany_phase2
de_fa7e02214c,INJOY,INJOY Vechta,Robert-Bosch-Str. 6a/b,49377,Vechta,Germany,52.743139,8.277285,READY_TO_IMPORT,VERIFIED_CURRENT,ok,https://www.injoy.de/studio/vechta,https://www.injoy.de/studio/vechta,,phase2_sitemap; slug=vechta,germany_phase2
de_f83b90f7b2,INJOY,INJOY Waldkraiburg,Geretsrieder Str. 4e,84478,Waldkraiburg,Germany,48.215816,12.409814,READY_TO_IMPORT,VERIFIED_CURRENT,ok,https://www.injoy.de/studio/waldkraiburg,https://www.injoy.de/studio/waldkraiburg,,phase2_sitemap; slug=waldkraiburg,germany_phase2
de_f5eb328b29,INJOY,INJOY Weida,Pfortenstraße 14,07570,Weida,Germany,50.770152,12.056875,READY_TO_IMPORT,VERIFIED_CURRENT,ok,https://www.injoy.de/studio/weida,https://www.injoy.de/studio/weida,,phase2_sitemap; slug=weida,germany_phase2
de_15da7eb5f9,INJOY,INJOY Weiden,Dr.-Seeling-Str. 26A,92637,Weiden,Germany,49.662828,12.151931,READY_TO_IMPORT,VERIFIED_CURRENT,ok,https://www.injoy.de/studio/weiden,https://www.injoy.de/studio/weiden,,phase2_sitemap; slug=weiden,germany_phase2
de_f437dad3b1,INJOY,INJOYmed Werdau,Plauensche Str. 43,8412,Werdau,Germany,50.727138,12.374442,READY_TO_IMPORT,VERIFIED_CURRENT,ok,https://www.injoy.de/studio/werdau,https://www.injoy.de/studio/werdau,,phase2_sitemap; slug=werdau,germany_phase2
de_9bf0cb9827,INJOY,INJOY Wolfsburg,Heinrich-Heine-Str. 34a,38440,Wolfsburg,Germany,52.418611,10.779917,READY_TO_IMPORT,VERIFIED_CURRENT,ok,https://www.injoy.de/studio/wolfsburg,https://www.injoy.de/studio/wolfsburg,,phase2_sitemap; slug=wolfsburg,germany_phase2
de_c746654be1,INJOY,INJOY Öhringen,Austrasse 5,74613,Öhringen,Germany,49.205237,9.488082,READY_TO_IMPORT,VERIFIED_CURRENT,ok,https://www.injoy.de/studio/oehringen,https://www.injoy.de/studio/oehringen,,phase2_sitemap; slug=oehringen,germany_phase2
de_466c59403b,JOHN REED,John Reed Augsburg,Viktoriastraße 7,86150,Augsburg,Germany,48.36619,10.88639,READY_TO_IMPORT,VERIFIED_CURRENT,ok_official,https://rsg-group.api.magicline.com/connect/v1/studio,https://johnreed.fitness/en-de/clubs,,"magicline_id=1211022120; tags=DE,JOHN REED,PK2,aktiv",germany_phase1
de_c1a1a793de,JOHN REED,JOHN REED Berlin Charlottenburg,Wilmersdorfer Str. 126-127,10627,Berlin,Germany,52.5097783,13.3062594,READY_TO_IMPORT,VERIFIED_CURRENT,ok_official,https://rsg-group.api.magicline.com/connect/v1/studio,https://johnreed.fitness/en-de/clubs,,"magicline_id=3818598990; tags=DE,JOHN REED,PK3,aktiv",germany_phase1
de_57beb84a72,JOHN REED,JOHN REED Berlin Gesundbrunnen,Brunnenstraße 105-109,13355,Berlin,Germany,52.5479628,13.391198,READY_TO_IMPORT,VERIFIED_CURRENT,ok_official,https://rsg-group.api.magicline.com/connect/v1/studio,https://johnreed.fitness/en-de/clubs,,"magicline_id=1414770410; tags=DE,JOHN REED,PK1,aktiv",germany_phase1
de_374036e2a9,JOHN REED,JOHN REED Berlin Kreuzberg,Kottbusser Damm 1,10967,Berlin,Germany,52.4953595,13.4200989,READY_TO_IMPORT,VERIFIED_CURRENT,ok_official,https://rsg-group.api.magicline.com/connect/v1/studio,https://johnreed.fitness/en-de/clubs,,"magicline_id=1414215390; tags=DE,JOHN REED,PK1,aktiv",germany_phase1
de_43226115e0,JOHN REED,JOHN REED Berlin Prenzlauer Berg,Prenzlauer Allee 248-251,10405,Berlin,Germany,52.5283196,13.4163211,READY_TO_IMPORT,VERIFIED_CURRENT,ok_official,https://rsg-group.api.magicline.com/connect/v1/studio,https://johnreed.fitness/en-de/clubs,,"magicline_id=1404492860; tags=DE,JOHN REED,PK1,aktiv",germany_phase1
de_27820ebc07,JOHN REED,JOHN REED Berlin-Bötzow,Saarbrücker Straße 4,10405,Berlin,Germany,52.52961879999999,13.4158814,READY_TO_IMPORT,VERIFIED_CURRENT,ok_official,https://rsg-group.api.magicline.com/connect/v1/studio,https://johnreed.fitness/en-de/clubs,,"magicline_id=5854039410; tags=DE,JOHN REED,PK8,aktiv",germany_phase1
de_5685e04e59,JOHN REED,JOHN REED Berlin-Friedrichshain,Landsberger Allee 104,10249,Berlin,Germany,52.5277009,13.4550142,READY_TO_IMPORT,VERIFIED_CURRENT,ok_official,https://rsg-group.api.magicline.com/connect/v1/studio,https://johnreed.fitness/en-de/clubs,,"magicline_id=3946841990; tags=DE,JOHN REED,PK4,aktiv",germany_phase1
de_6340a1b2f3,JOHN REED,JOHN REED Women's Club,Schönhauser Allee 112,10439,Berlin,Germany,52.55096229999999,13.4134362,READY_TO_IMPORT,VERIFIED_CURRENT,ok_official,https://rsg-group.api.magicline.com/connect/v1/studio,https://johnreed.fitness/en-de/clubs,,"magicline_id=1210025090; tags=DE,JOHN REED,JRWC,PK4,aktiv",germany_phase1
de_584503b077,JOHN REED,JOHN REED Bonn,Hochkreuzallee 1,53175,Bonn,Germany,50.6967993,7.1406716,READY_TO_IMPORT,VERIFIED_CURRENT,ok_official,https://rsg-group.api.magicline.com/connect/v1/studio,https://johnreed.fitness/en-de/clubs,,"magicline_id=1613587690; tags=DE,JOHN REED,PK1,aktiv",germany_phase1
de_e2c9cd4da9,JOHN REED,JOHN REED Dortmund Gartenstadt,Westfalendamm 166,44141,Dortmund,Germany,51.5042687,7.4992821,READY_TO_IMPORT,VERIFIED_CURRENT,ok_official,https://rsg-group.api.magicline.com/connect/v1/studio,https://johnreed.fitness/en-de/clubs,,"magicline_id=1897103860; tags=DE,JOHN REED,PK1,aktiv",germany_phase1
de_20a179abc0,JOHN REED,JOHN REED Dresden,Kleine Brüdergasse 1 - 5,01067,Dresden,Germany,51.0513531,13.7366246,READY_TO_IMPORT,VERIFIED_CURRENT,ok_official,https://rsg-group.api.magicline.com/connect/v1/studio,https://johnreed.fitness/en-de/clubs,,"magicline_id=1642026390; tags=DE,JOHN REED,PK1,aktiv",germany_phase1
de_e0435a35af,JOHN REED,JOHN REED Duisburg Rathaus,Schwanenstr. 13- 15,47051,Duisburg,Germany,51.4345456,6.7611836,READY_TO_IMPORT,VERIFIED_CURRENT,ok_official,https://rsg-group.api.magicline.com/connect/v1/studio,https://johnreed.fitness/en-de/clubs,,"magicline_id=1857081780; tags=DE,JOHN REED,PK2,aktiv",germany_phase1
de_ff89d2cda4,JOHN REED,JOHN REED Düsseldorf Bilk,Völklingerstraße 24,40221,Düsseldorf,Germany,51.2097425,6.7587404,READY_TO_IMPORT,VERIFIED_CURRENT,ok_official,https://rsg-group.api.magicline.com/connect/v1/studio,https://johnreed.fitness/en-de/clubs,,"magicline_id=1511018920; tags=DE,JOHN REED,PK1,aktiv",germany_phase1
de_9c4af7eceb,JOHN REED,JOHN REED Düsseldorf Friedrichstadt,Graf-Adolf-Straße 35-37,40210,Düsseldorf,Germany,51.21858,6.782509999999999,READY_TO_IMPORT,VERIFIED_CURRENT,ok_official,https://rsg-group.api.magicline.com/connect/v1/studio,https://johnreed.fitness/en-de/clubs,,"magicline_id=1518062010; tags=DE,JOHN REED,PK2,aktiv",germany_phase1
de_1e933c5ea0,JOHN REED,JOHN REED Düsseldorf-Arcaden,Friedrichstraße 133,40217,Düsseldorf,Germany,51.2083464,6.774539,READY_TO_IMPORT,VERIFIED_CURRENT,ok_official,https://rsg-group.api.magicline.com/connect/v1/studio,https://johnreed.fitness/en-de/clubs,,"magicline_id=3325013090; tags=DE,JOHN REED,PK3,aktiv",germany_phase1
de_35d7410d34,JOHN REED,JOHN REED Erfurt,Anger 2,99084,Erfurt,Germany,50.9771802,11.0363101,READY_TO_IMPORT,VERIFIED_CURRENT,ok_official,https://rsg-group.api.magicline.com/connect/v1/studio,https://johnreed.fitness/en-de/clubs,,"magicline_id=1897098610; tags=DE,JOHN REED,PK1,aktiv",germany_phase1
de_80be3104e4,JOHN REED,JOHN REED Erlangen,Nägelsbachstr. 26,91052,Erlangen,Germany,49.5905929,11.0052946,READY_TO_IMPORT,VERIFIED_CURRENT,ok_official,https://rsg-group.api.magicline.com/connect/v1/studio,https://johnreed.fitness/en-de/clubs,,"magicline_id=3119654750; tags=DE,JOHN REED,PK2,aktiv",germany_phase1
de_a539e306e9,JOHN REED,JOHN REED Essen Rüttenscheid,Am Rüttenscheider Stern 1-9,45130,Essen,Germany,51.43772209999999,7.0065202,READY_TO_IMPORT,VERIFIED_CURRENT,ok_official,https://rsg-group.api.magicline.com/connect/v1/studio,https://johnreed.fitness/en-de/clubs,,"magicline_id=1210252920; tags=DE,JOHN REED,PK2,aktiv",germany_phase1
de_a9edb86ffd,JOHN REED,JOHN REED Gelsenkirchen,Königswiese 41,45894,Gelsenkirchen,Germany,51.5859383,7.0492104,READY_TO_IMPORT,VERIFIED_CURRENT,ok_official,https://rsg-group.api.magicline.com/connect/v1/studio,https://johnreed.fitness/en-de/clubs,,"magicline_id=3119701770; tags=DE,JOHN REED,PK1,aktiv",germany_phase1
de_12c31ab6b6,JOHN REED,JOHN REED McFIT Gütersloh,Kampstraße 20-22,33332,Gütersloh,Germany,51.9019732,8.397696999999999,CLOSED,CLOSED,,https://rsg-group.api.magicline.com/connect/v1/studio,https://johnreed.fitness/en-de/clubs,,"magicline_id=1536681400; tags=DE,GHOST-STUDIO,JOHN REED,PK2,hidden_webcheckout,inaktiv",germany_phase1
de_76dd4bf254,JOHN REED,JOHN REED Hamburg Harburg,Am Werder 1,21073,Hamburg,Germany,53.4629041,9.983416799999999,READY_TO_IMPORT,VERIFIED_CURRENT,ok_official,https://rsg-group.api.magicline.com/connect/v1/studio,https://johnreed.fitness/en-de/clubs,,"magicline_id=1217496130; tags=DE,JOHN REED,PK1,aktiv",germany_phase1
de_3b3f63ff00,JOHN REED,JOHN REED Hamburg Wandsbek,Walddörfer Straße 140-142,22041,Hamburg,Germany,53.5802207,10.0794353,READY_TO_IMPORT,VERIFIED_CURRENT,ok_official,https://rsg-group.api.magicline.com/connect/v1/studio,https://johnreed.fitness/en-de/clubs,,"magicline_id=1246330520; tags=DE,JOHN REED,PK1,aktiv",germany_phase1
de_ed0b921394,JOHN REED,John Reed Hannover,Weidendamm 2,30167,Hannover,Germany,52.3839,9.7312399,READY_TO_IMPORT,VERIFIED_CURRENT,ok_official,https://rsg-group.api.magicline.com/connect/v1/studio,https://johnreed.fitness/en-de/clubs,,"magicline_id=1211306330; tags=DE,JOHN REED,PK3,aktiv",germany_phase1
de_89af0f3a7e,JOHN REED,JOHN REED McFIT Heilbronn,Edisonstraße 3/1,74076,Heilbronn,Germany,49.1499,9.214319999999999,CLOSED,CLOSED,,https://rsg-group.api.magicline.com/connect/v1/studio,https://johnreed.fitness/en-de/clubs,,"magicline_id=1777724860; tags=DE,GHOST-STUDIO,JOHN REED,PK4,hidden_webcheckout,inaktiv",germany_phase1
de_d8c7bedfe8,JOHN REED,JOHN REED Kiel Altstadt,Holstenstraße 2-12,24103,Kiel,Germany,54.32272039999999,10.1385541,READY_TO_IMPORT,VERIFIED_CURRENT,ok_official,https://rsg-group.api.magicline.com/connect/v1/studio,https://johnreed.fitness/en-de/clubs,,"magicline_id=1210250030; tags=Communication,DE,JOHN REED,PK1,aktiv",germany_phase1
de_795ff8369d,JOHN REED,JOHN REED Koblenz,Clemensstraße 26-30,56068,Koblenz,Germany,50.35926,7.59728,READY_TO_IMPORT,VERIFIED_CURRENT,ok_official,https://rsg-group.api.magicline.com/connect/v1/studio,https://johnreed.fitness/en-de/clubs,,"magicline_id=1300470920; tags=DE,JOHN REED,PK1,aktiv",germany_phase1
de_c3c99aaa89,JOHN REED,JOHN REED Leipzig,Augustusplatz 1-4,04109,Leipzig,Germany,51.3392007,12.3825968,READY_TO_IMPORT,VERIFIED_CURRENT,ok_official,https://rsg-group.api.magicline.com/connect/v1/studio,https://johnreed.fitness/en-de/clubs,,"magicline_id=1584024160; tags=DE,JOHN REED,PK2,aktiv",germany_phase1
de_68eabab84b,JOHN REED,John Reed Mannheim,K 1 1,68159,Mannheim,Germany,49.49191,8.46942,READY_TO_IMPORT,VERIFIED_CURRENT,ok_official,https://rsg-group.api.magicline.com/connect/v1/studio,https://johnreed.fitness/en-de/clubs,,"magicline_id=1210429940; tags=DE,JOHN REED,PK1,aktiv",germany_phase1
de_f033bd82c3,JOHN REED,JOHN REED Moers,Uerdingerstr. 2-8,47441,Moers,Germany,51.4499957,6.6296315,READY_TO_IMPORT,VERIFIED_CURRENT,ok_official,https://rsg-group.api.magicline.com/connect/v1/studio,https://johnreed.fitness/en-de/clubs,,"magicline_id=1332683490; tags=DE,JOHN REED,PK1,aktiv",germany_phase1
de_6565cb3dee,JOHN REED,JOHN REED Passau,Bahnhofstr. 28,94032,Passau,Germany,48.57455,13.45093,READY_TO_IMPORT,VERIFIED_CURRENT,ok_official,https://rsg-group.api.magicline.com/connect/v1/studio,https://johnreed.fitness/en-de/clubs,,"magicline_id=3817613900; tags=DE,JOHN REED,PK2,aktiv",germany_phase1
de_c4f51651c7,JOHN REED,JOHN REED Potsdam,Breite Strasse 25-27,14471,Potsdam,Germany,52.39687319999999,13.0462525,READY_TO_IMPORT,VERIFIED_CURRENT,ok_official,https://rsg-group.api.magicline.com/connect/v1/studio,https://johnreed.fitness/en-de/clubs,,"magicline_id=1414810010; tags=DE,JOHN REED,PK2,aktiv",germany_phase1
de_93eee83aec,JOHN REED,John Reed Regensburg,Joseph-Dahlem-Straße 11,93049,Regensburg,Germany,49.012244,12.0877179,READY_TO_IMPORT,VERIFIED_CURRENT,ok_official,https://rsg-group.api.magicline.com/connect/v1/studio,https://johnreed.fitness/en-de/clubs,,"magicline_id=1211588620; tags=DE,JOHN REED,PK2,aktiv",germany_phase1
de_53bfe1c6ba,JOHN REED,JOHN REED Stuttgart-Arnulf-Klett-Platz,Arnulf-Klett-Platz 3,70173,Stuttgart,Germany,48.7832745,9.1806345,READY_TO_IMPORT,VERIFIED_CURRENT,ok_official,https://rsg-group.api.magicline.com/connect/v1/studio,https://johnreed.fitness/en-de/clubs,,"magicline_id=9401262540; tags=DE,JOHN REED,PK3,VVK",germany_phase1
de_25c0fa2ec9,JOHN REED,JOHN REED Wuppertal,Morianstraße 3,42103,Wuppertal,Germany,51.2583985,7.148630799999999,READY_TO_IMPORT,VERIFIED_CURRENT,ok_official,https://rsg-group.api.magicline.com/connect/v1/studio,https://johnreed.fitness/en-de/clubs,,"magicline_id=1565411920; tags=DE,JOHN REED,PK1,aktiv",germany_phase1
de_821b1d82a5,Kieser,Kieser Aachen,Krefelder Straße 225,52070,Aachen,Germany,50.79828,6.10434,READY_TO_IMPORT,VERIFIED_CURRENT,,https://www.kieser.com/de-de/studios/aachen/,https://www.kieser.com/de-de/studios/aachen/,,phase3_kieser_finder; kieser_id=13,germany_phase3
de_5608404170,Kieser,Kieser Aalen,Nördlicher Stadtgraben 6,73430,Aalen,Germany,48.840239,10.093332,READY_TO_IMPORT,VERIFIED_CURRENT,,https://www.kieser.com/de-de/studios/aalen/,https://www.kieser.com/de-de/studios/aalen/,,phase3_kieser_finder; kieser_id=16,germany_phase3
de_14aadff111,Kieser,Kieser Aschaffenburg,Würzburger Straße 176,63743,Aschaffenburg,Germany,49.96373,9.173306,READY_TO_IMPORT,VERIFIED_CURRENT,,https://www.kieser.com/de-de/studios/aschaffenburg/,https://www.kieser.com/de-de/studios/aschaffenburg/,,phase3_kieser_finder; kieser_id=19,germany_phase3
de_33739bf83f,Kieser,Kieser Augsburg,Reichenberger Straße 57 1/3,86161,Augsburg,Germany,48.363602,10.9264,READY_TO_IMPORT,VERIFIED_CURRENT,,https://www.kieser.com/de-de/studios/augsburg/,https://www.kieser.com/de-de/studios/augsburg/,,phase3_kieser_finder; kieser_id=22,germany_phase3
de_5f556c683f,Kieser,Kieser Bad Soden am Taunus,Königsteiner Str. 6a,65812,Bad Soden am Taunus,Germany,50.13574,8.511294,READY_TO_IMPORT,VERIFIED_CURRENT,,https://www.kieser.com/de-de/studios/bad-soden-am-taunus/,https://www.kieser.com/de-de/studios/bad-soden-am-taunus/,,phase3_kieser_finder; kieser_id=25,germany_phase3
de_83407143be,Kieser,Kieser Bamberg,Fortenbachweg 9,96052,Bamberg,Germany,49.91144,10.90638,READY_TO_IMPORT,VERIFIED_CURRENT,,https://www.kieser.com/de-de/studios/bamberg/,https://www.kieser.com/de-de/studios/bamberg/,,phase3_kieser_finder; kieser_id=28,germany_phase3
de_09b570876a,Kieser,Kieser Bayreuth,Richard-Wagner-Straße 36,95444,Bayreuth,Germany,49.942026,11.581239,READY_TO_IMPORT,VERIFIED_CURRENT,,https://www.kieser.com/de-de/studios/bayreuth/,https://www.kieser.com/de-de/studios/bayreuth/,,phase3_kieser_finder; kieser_id=31,germany_phase3
de_2dd1ab3c69,Kieser,Kieser Bergisch Gladbach,Odenthaler Str. 19,51465,Bergisch Gladbach,Germany,50.992537,7.135779,READY_TO_IMPORT,VERIFIED_CURRENT,,https://www.kieser.com/de-de/studios/bergisch-gladbach/,https://www.kieser.com/de-de/studios/bergisch-gladbach/,,phase3_kieser_finder; kieser_id=34,germany_phase3
de_5ea03ef7d6,Kieser,Kieser Berlin-Charlottenburg,Ernst-Reuter-Platz 3 - 5,10587,Berlin,Germany,52.51185,13.3209,READY_TO_IMPORT,VERIFIED_CURRENT,,https://www.kieser.com/de-de/studios/berlin-charlottenburg/,https://www.kieser.com/de-de/studios/berlin-charlottenburg/,,phase3_kieser_finder; kieser_id=40,germany_phase3
de_80d6d57a88,Kieser,Kieser Berlin-Köpenick,"Bahnhofstraße 33-38, Im Forum Köpenick",12555,Berlin,Germany,52.45821,13.57615,READY_TO_IMPORT,VERIFIED_CURRENT,,https://www.kieser.com/de-de/studios/berlin-koepenick/,https://www.kieser.com/de-de/studios/berlin-koepenick/,,phase3_kieser_finder; kieser_id=43,germany_phase3
de_b6bdfff1e0,Kieser,Kieser Berlin-Marzahn,Marzahner Promenade 29/30,12679,Berlin,Germany,52.5430122,13.5478672,READY_TO_IMPORT,VERIFIED_CURRENT,,https://www.kieser.com/de-de/studios/berlin-marzahn/,https://www.kieser.com/de-de/studios/berlin-marzahn/,,phase3_kieser_finder; kieser_id=52,germany_phase3
de_17409742d6,Kieser,Kieser Berlin-Mitte,Hannoversche Straße 19,10115,Berlin,Germany,52.52798,13.38083,READY_TO_IMPORT,VERIFIED_CURRENT,,https://www.kieser.com/de-de/studios/berlin-mitte/,https://www.kieser.com/de-de/studios/berlin-mitte/,,phase3_kieser_finder; kieser_id=55,germany_phase3
de_ffc503cb42,Kieser,Kieser Berlin-Neukölln,Rudower Straße 132,12351,Berlin,Germany,52.43399,13.46912,READY_TO_IMPORT,VERIFIED_CURRENT,,https://www.kieser.com/de-de/studios/berlin-neukoelln/,https://www.kieser.com/de-de/studios/berlin-neukoelln/,,phase3_kieser_finder; kieser_id=58,germany_phase3
de_b01cf64e3f,Kieser,Kieser Berlin-Prenzlauer Berg,Ostseestraße 107,10409,Berlin,Germany,52.54646,13.44313,READY_TO_IMPORT,VERIFIED_CURRENT,,https://www.kieser.com/de-de/studios/berlin-prenzlauer-berg/,https://www.kieser.com/de-de/studios/berlin-prenzlauer-berg/,,phase3_kieser_finder; kieser_id=61,germany_phase3
de_1f793cbfa4,Kieser,Kieser Berlin-Reinickendorf,Holzhauser Straße 140d,13509,Berlin,Germany,52.58467,13.31163,READY_TO_IMPORT,VERIFIED_CURRENT,,https://www.kieser.com/de-de/studios/berlin-reinickendorf/,https://www.kieser.com/de-de/studios/berlin-reinickendorf/,,phase3_kieser_finder; kieser_id=49,germany_phase3
de_bca0e99894,Kieser,Kieser Berlin-Steglitz,Teltowkanalstraße 2,12247,Berlin,Germany,52.44288,13.32971,READY_TO_IMPORT,VERIFIED_CURRENT,,https://www.kieser.com/de-de/studios/berlin-steglitz/,https://www.kieser.com/de-de/studios/berlin-steglitz/,,phase3_kieser_finder; kieser_id=46,germany_phase3
de_5f21fe458c,Kieser,Kieser Berlin-Wilmersdorf,Forckenbeckstraße 9-13,14199,Berlin,Germany,52.48016,13.30548,READY_TO_IMPORT,VERIFIED_CURRENT,,https://www.kieser.com/de-de/studios/berlin-wilmersdorf/,https://www.kieser.com/de-de/studios/berlin-wilmersdorf/,,phase3_kieser_finder; kieser_id=37,germany_phase3
de_4b7e800691,Kieser,Kieser Bietigheim-Bissingen,Borsigstr. 6,74321,Bietigheim-Bissingen,Germany,48.947805,9.134748,READY_TO_IMPORT,VERIFIED_CURRENT,,https://www.kieser.com/de-de/studios/bietigheim-bissingen/,https://www.kieser.com/de-de/studios/bietigheim-bissingen/,,phase3_kieser_finder; kieser_id=64,germany_phase3
de_e1e827e541,Kieser,Kieser Bonn,Römerstraße 214-216,53117,Bonn,Germany,50.753024,7.094979,READY_TO_IMPORT,VERIFIED_CURRENT,,https://www.kieser.com/de-de/studios/bonn/,https://www.kieser.com/de-de/studios/bonn/,,phase3_kieser_finder; kieser_id=70,germany_phase3
de_2233d37f75,Kieser,Kieser Bonn-Bad Godesberg,Godesberger Allee 26,53175,Bonn,Germany,50.692668,7.146763,READY_TO_IMPORT,VERIFIED_CURRENT,,https://www.kieser.com/de-de/studios/bonn-bad-godesberg/,https://www.kieser.com/de-de/studios/bonn-bad-godesberg/,,phase3_kieser_finder; kieser_id=73,germany_phase3
de_7567b8eb75,Kieser,Kieser Braunschweig,Frankfurter Straße 2,38122,Braunschweig,Germany,52.256333,10.514641,READY_TO_IMPORT,VERIFIED_CURRENT,,https://www.kieser.com/de-de/studios/braunschweig/,https://www.kieser.com/de-de/studios/braunschweig/,,phase3_kieser_finder; kieser_id=76,germany_phase3
de_02e1d8fd44,Kieser,Kieser Bremen Mitte,Breitenweg 3a,28195,Bremen,Germany,53.08165,8.8121,READY_TO_IMPORT,VERIFIED_CURRENT,,https://www.kieser.com/de-de/studios/bremen-mitte/,https://www.kieser.com/de-de/studios/bremen-mitte/,,phase3_kieser_finder; kieser_id=80,germany_phase3
de_e9dc9c5535,Kieser,Kieser Bremen-Vegesack,Georg-Gleistein-Straße 33,28757,Bremen,Germany,53.17667,8.61944,READY_TO_IMPORT,VERIFIED_CURRENT,,https://www.kieser.com/de-de/studios/bremen-vegesack/,https://www.kieser.com/de-de/studios/bremen-vegesack/,,phase3_kieser_finder; kieser_id=83,germany_phase3
de_39fdb7049d,Kieser,Kieser Böblingen,Herrenberger Straße 10,71032,Böblingen,Germany,48.685,9.00824,READY_TO_IMPORT,VERIFIED_CURRENT,,https://www.kieser.com/de-de/studios/boeblingen/,https://www.kieser.com/de-de/studios/boeblingen/,,phase3_kieser_finder; kieser_id=67,germany_phase3
de_6167b66808,Kieser,Kieser Chemnitz,"Markt 5, Eingang Bretgasse",09111,Chemnitz,Germany,50.831833,12.919703,READY_TO_IMPORT,VERIFIED_CURRENT,,https://www.kieser.com/de-de/studios/chemnitz/,https://www.kieser.com/de-de/studios/chemnitz/,,phase3_kieser_finder; kieser_id=77,germany_phase3
de_c6c6c63e48,Kieser,Kieser Darmstadt,Gräfenhäuser Straße 67,64293,Darmstadt,Germany,49.88532,8.63675,READY_TO_IMPORT,VERIFIED_CURRENT,,https://www.kieser.com/de-de/studios/darmstadt/,https://www.kieser.com/de-de/studios/darmstadt/,,phase3_kieser_finder; kieser_id=88,germany_phase3
de_3099900b44,Kieser,Kieser Dortmund,Hiltropwall 4-12,44137,Dortmund,Germany,51.51113,7.459386,READY_TO_IMPORT,VERIFIED_CURRENT,,https://www.kieser.com/de-de/studios/dortmund/,https://www.kieser.com/de-de/studios/dortmund/,,phase3_kieser_finder; kieser_id=91,germany_phase3
de_fdb8d38f31,Kieser,Kieser Dresden-Gruna,Zwinglistraße 28-30,01277,Dresden,Germany,51.0334693,13.7831235,READY_TO_IMPORT,VERIFIED_CURRENT,,https://www.kieser.com/de-de/studios/dresden-gruna/,https://www.kieser.com/de-de/studios/dresden-gruna/,,phase3_kieser_finder; kieser_id=94,germany_phase3
de_da0184e8de,Kieser,Kieser Dresden-Neustadt,"Neustädter Markthalle, Eingang Ritterstraße",01097,Dresden-Neustadt,Germany,51.0597768,13.7453222,READY_TO_IMPORT,VERIFIED_CURRENT,,https://www.kieser.com/de-de/studios/dresden-neustadt/,https://www.kieser.com/de-de/studios/dresden-neustadt/,,phase3_kieser_finder; kieser_id=97,germany_phase3
de_a294f91d8b,Kieser,Kieser Duisburg,Schemkesweg 23-25,47057,Duisburg,Germany,51.42679,6.78659,READY_TO_IMPORT,VERIFIED_CURRENT,,https://www.kieser.com/de-de/studios/duisburg/,https://www.kieser.com/de-de/studios/duisburg/,,phase3_kieser_finder; kieser_id=100,germany_phase3
de_3a5ae8c13d,Kieser,Kieser Düsseldorf-Wehrhahn,Rethelstraße 26,40237,Düsseldorf,Germany,51.2314366,6.7986304,READY_TO_IMPORT,VERIFIED_CURRENT,,https://www.kieser.com/de-de/studios/duesseldorf-wehrhahn/,https://www.kieser.com/de-de/studios/duesseldorf-wehrhahn/,,phase3_kieser_finder; kieser_id=106,germany_phase3
de_b9b77d94e1,Kieser,Kieser Düsseldorf-Oberkassel,Luegallee 52,40545,Düsseldorf-Oberkassel,Germany,51.2317086,6.7549324,READY_TO_IMPORT,VERIFIED_CURRENT,,https://www.kieser.com/de-de/studios/duesseldorf-oberkassel/,https://www.kieser.com/de-de/studios/duesseldorf-oberkassel/,,phase3_kieser_finder; kieser_id=103,germany_phase3
de_a6b8546e0d,Kieser,Kieser Erfurt,Juri-Gagarin-Ring 41,99084,Erfurt,Germany,50.971952,11.033094,READY_TO_IMPORT,VERIFIED_CURRENT,,https://www.kieser.com/de-de/studios/erfurt/,https://www.kieser.com/de-de/studios/erfurt/,,phase3_kieser_finder; kieser_id=109,germany_phase3
de_9cd39fd4e3,Kieser,Kieser Landshut,Industriestraße 9,84030,Ergolding,Germany,48.5644722,12.1658497,READY_TO_IMPORT,VERIFIED_CURRENT,,https://www.kieser.com/de-de/studios/landshut/,https://www.kieser.com/de-de/studios/landshut/,,phase3_kieser_finder; kieser_id=220,germany_phase3
de_2fcd1d21aa,Kieser,Kieser Erlangen,Carl-Thiersch-Straße 2,91052,Erlangen,Germany,49.59504,11.02678,READY_TO_IMPORT,VERIFIED_CURRENT,,https://www.kieser.com/de-de/studios/erlangen/,https://www.kieser.com/de-de/studios/erlangen/,,phase3_kieser_finder; kieser_id=112,germany_phase3
de_49fa0075b5,Kieser,Kieser Essen-Rüttenscheid,Veronikastraße 36,45131,Essen,Germany,51.43107,7.0126,READY_TO_IMPORT,VERIFIED_CURRENT,,https://www.kieser.com/de-de/studios/essen-ruettenscheid/,https://www.kieser.com/de-de/studios/essen-ruettenscheid/,,phase3_kieser_finder; kieser_id=118,germany_phase3
de_1312359e2f,Kieser,Kieser Essen-Zentrum,Severinstraße 1,45127,Essen-Zentrum,Germany,51.457929,7.020219,READY_TO_IMPORT,VERIFIED_CURRENT,,https://www.kieser.com/de-de/studios/essen-zentrum/,https://www.kieser.com/de-de/studios/essen-zentrum/,,phase3_kieser_finder; kieser_id=115,germany_phase3
de_60c985828d,Kieser,Kieser Stuttgart-Fellbach,Gerhart-Hauptmann-Str. 20,70734,Fellbach,Germany,48.81094,9.27654,READY_TO_IMPORT,VERIFIED_CURRENT,,https://www.kieser.com/de-de/studios/stuttgart-fellbach/,https://www.kieser.com/de-de/studios/stuttgart-fellbach/,,phase3_kieser_finder; kieser_id=318,germany_phase3
de_a419a6797c,Kieser,Kieser Frankfurt-Nordend,Grüneburgweg 2,60322,Frankfurt,Germany,50.121069,8.675166,READY_TO_IMPORT,VERIFIED_CURRENT,,https://www.kieser.com/de-de/studios/frankfurt-nordend/,https://www.kieser.com/de-de/studios/frankfurt-nordend/,,phase3_kieser_finder; kieser_id=124,germany_phase3
de_f6078c97a6,Kieser,Kieser Frankfurt-Ostend,Hanauer Landstraße 291 A,60314,Frankfurt,Germany,50.116841,8.725695,READY_TO_IMPORT,VERIFIED_CURRENT,,https://www.kieser.com/de-de/studios/frankfurt-ostend/,https://www.kieser.com/de-de/studios/frankfurt-ostend/,,phase3_kieser_finder; kieser_id=127,germany_phase3
de_171e819dc9,Kieser,Kieser Frankfurt-Marienturm,Marienstraße 2,60329,Frankfurt-Innenstadt,Germany,50.11209,8.66809,READY_TO_IMPORT,VERIFIED_CURRENT,,https://www.kieser.com/de-de/studios/frankfurt-marienturm/,https://www.kieser.com/de-de/studios/frankfurt-marienturm/,,phase3_kieser_finder; kieser_id=121,germany_phase3
de_50086a4d7f,Kieser,Kieser Freiburg,Grünwälderstraße 10-14,79098,Freiburg,Germany,47.9938544,7.8467583,READY_TO_IMPORT,VERIFIED_CURRENT,,https://www.kieser.com/de-de/studios/freiburg/,https://www.kieser.com/de-de/studios/freiburg/,,phase3_kieser_finder; kieser_id=130,germany_phase3
de_a08291dc76,Kieser,Kieser Friedrichshafen,Allmandstraße 6,88045,Friedrichshafen,Germany,47.6553,9.48086,READY_TO_IMPORT,VERIFIED_CURRENT,,https://www.kieser.com/de-de/studios/friedrichshafen/,https://www.kieser.com/de-de/studios/friedrichshafen/,,phase3_kieser_finder; kieser_id=133,germany_phase3
de_a05e49fc9c,Kieser,Kieser Fulda,Maria-Ward-Straße 3,36037,Fulda,Germany,50.55327,9.68331,READY_TO_IMPORT,VERIFIED_CURRENT,,https://www.kieser.com/de-de/studios/fulda/,https://www.kieser.com/de-de/studios/fulda/,,phase3_kieser_finder; kieser_id=136,germany_phase3
de_b1c3aa3e06,Kieser,Kieser Fürstenfeldbruck,Kurt-Huber-Ring 8,82256,Fürstenfeldbruck,Germany,48.1602889,11.2246692,READY_TO_IMPORT,VERIFIED_CURRENT,,https://www.kieser.com/de-de/studios/fuerstenfeldbruck/,https://www.kieser.com/de-de/studios/fuerstenfeldbruck/,,phase3_kieser_finder; kieser_id=139,germany_phase3
de_984266d1d1,Kieser,Kieser Halle,"Charlottenstr. 8, Charlottencenter",06108,Halle,Germany,51.4801,11.9792,READY_TO_IMPORT,VERIFIED_CURRENT,,https://www.kieser.com/de-de/studios/halle/,https://www.kieser.com/de-de/studios/halle/,,phase3_kieser_finder; kieser_id=142,germany_phase3
de_eb831d6626,Kieser,Kieser Hamburg-Altona,Güterhallen Mitte Altona/Harkortstrasse 79 d,22765,Hamburg,Germany,53.55898,9.9362,READY_TO_IMPORT,VERIFIED_CURRENT,,https://www.kieser.com/de-de/studios/hamburg-altona/,https://www.kieser.com/de-de/studios/hamburg-altona/,,phase3_kieser_finder; kieser_id=4,germany_phase3
de_f06a6339cb,Kieser,Kieser Hamburg-Eimsbüttel,Heussweg 37d,20255,Hamburg,Germany,53.576652,9.951639,READY_TO_IMPORT,VERIFIED_CURRENT,,https://www.kieser.com/de-de/studios/hamburg-eimsbuettel/,https://www.kieser.com/de-de/studios/hamburg-eimsbuettel/,,phase3_kieser_finder; kieser_id=145,germany_phase3
de_f6c72c0474,Kieser,Kieser Hamburg-Harburg,Hannoversche Str. 83,21079,Hamburg,Germany,53.45648,9.99031,READY_TO_IMPORT,VERIFIED_CURRENT,,https://www.kieser.com/de-de/studios/hamburg-harburg/,https://www.kieser.com/de-de/studios/hamburg-harburg/,,phase3_kieser_finder; kieser_id=151,germany_phase3
de_7f8d026d51,Kieser,Kieser Hamburg-Poppenbüttel,"Kritenbarg 4, im AEZ",22391,Hamburg,Germany,53.65487,10.09158,READY_TO_IMPORT,VERIFIED_CURRENT,,https://www.kieser.com/de-de/studios/hamburg-poppenbuettel/,https://www.kieser.com/de-de/studios/hamburg-poppenbuettel/,,phase3_kieser_finder; kieser_id=155,germany_phase3
de_417dd3e9b2,Kieser,Kieser Hamburg-Rahlstedt,Helmut-Steidl-Platz 3,22143,Hamburg,Germany,53.604981,10.15493,READY_TO_IMPORT,VERIFIED_CURRENT,,https://www.kieser.com/de-de/studios/hamburg-rahlstedt/,https://www.kieser.com/de-de/studios/hamburg-rahlstedt/,,phase3_kieser_finder; kieser_id=160,germany_phase3
de_4f86ea026e,Kieser,Kieser Hamburg-Winterhude,Winterhuder Marktplatz 6-7a,22299,Hamburg,Germany,53.5943973,10.0027393,READY_TO_IMPORT,VERIFIED_CURRENT,,https://www.kieser.com/de-de/studios/hamburg-winterhude/,https://www.kieser.com/de-de/studios/hamburg-winterhude/,,phase3_kieser_finder; kieser_id=148,germany_phase3
de_fde16d2dd4,Kieser,Kieser Hanau,Nussallee 7g,63450,Hanau,Germany,50.13261,8.910269,READY_TO_IMPORT,VERIFIED_CURRENT,,https://www.kieser.com/de-de/studios/hanau/,https://www.kieser.com/de-de/studios/hanau/,,phase3_kieser_finder; kieser_id=152,germany_phase3
de_2837de7edd,Kieser,Kieser Hannover-Südstadt,Anna-Zammert-Str. 9,30171,Hannover,Germany,52.367586,9.76105,READY_TO_IMPORT,VERIFIED_CURRENT,,https://www.kieser.com/de-de/studios/hannover-suedstadt/,https://www.kieser.com/de-de/studios/hannover-suedstadt/,,phase3_kieser_finder; kieser_id=172,germany_phase3
de_1513c4e439,Kieser,Kieser Hannover-Calenberger Neustadt,"Brühlstraße 11-13, Torhaus",30169,Hannover-Calenberger Neustadt,Germany,52.3759473,9.7253196,READY_TO_IMPORT,VERIFIED_CURRENT,,https://www.kieser.com/de-de/studios/hannover-calenberger-neustadt/,https://www.kieser.com/de-de/studios/hannover-calenberger-neustadt/,,phase3_kieser_finder; kieser_id=161,germany_phase3
de_f15f626d8c,Kieser,Kieser Heidelberg,Vangerowstraße 18,69115,Heidelberg,Germany,49.4092523,8.6704321,READY_TO_IMPORT,VERIFIED_CURRENT,,https://www.kieser.com/de-de/studios/heidelberg/,https://www.kieser.com/de-de/studios/heidelberg/,,phase3_kieser_finder; kieser_id=178,germany_phase3
de_17369df69a,Kieser,Kieser Heidenheim,Clichystraße 6,89518,Heidenheim,Germany,48.678761,10.149805,READY_TO_IMPORT,VERIFIED_CURRENT,,https://www.kieser.com/de-de/studios/heidenheim/,https://www.kieser.com/de-de/studios/heidenheim/,,phase3_kieser_finder; kieser_id=184,germany_phase3
de_0d93a7e062,Kieser,Kieser Heilbronn,Lise-Meitner-Str. 11,74074,Heilbronn,Germany,49.12286,9.21869,READY_TO_IMPORT,VERIFIED_CURRENT,,https://www.kieser.com/de-de/studios/heilbronn/,https://www.kieser.com/de-de/studios/heilbronn/,,phase3_kieser_finder; kieser_id=196,germany_phase3
de_55af282f1b,Kieser,Kieser Herne,Dorstener Str. 200,44625,Herne,Germany,51.527308,7.1883101,READY_TO_IMPORT,VERIFIED_CURRENT,,https://www.kieser.com/de-de/studios/herne/,https://www.kieser.com/de-de/studios/herne/,,phase3_kieser_finder; kieser_id=199,germany_phase3
de_2b631ee4a4,Kieser,Kieser Hilden,Mühlenbachweg 12,40724,Hilden,Germany,51.170071,6.95219,READY_TO_IMPORT,VERIFIED_CURRENT,,https://www.kieser.com/de-de/studios/hilden/,https://www.kieser.com/de-de/studios/hilden/,,phase3_kieser_finder; kieser_id=202,germany_phase3
de_01a0aa5fdb,Kieser,Kieser Hildesheim,Andreas-Passage 1,31134,Hildesheim,Germany,52.151008,9.948152,READY_TO_IMPORT,VERIFIED_CURRENT,,https://www.kieser.com/de-de/studios/hildesheim/,https://www.kieser.com/de-de/studios/hildesheim/,,phase3_kieser_finder; kieser_id=164,germany_phase3
de_a8619ad787,Kieser,Kieser Ingolstadt,Levelingstraße 40,85049,Ingolstadt,Germany,48.77171,11.38366,READY_TO_IMPORT,VERIFIED_CURRENT,,https://www.kieser.com/de-de/studios/ingolstadt/,https://www.kieser.com/de-de/studios/ingolstadt/,,phase3_kieser_finder; kieser_id=169,germany_phase3
de_bac0e1f372,Kieser,Kieser Karlsruhe,Herrenstraße 23,76133,Karlsruhe,Germany,49.009115,8.398903,READY_TO_IMPORT,VERIFIED_CURRENT,,https://www.kieser.com/de-de/studios/karlsruhe/,https://www.kieser.com/de-de/studios/karlsruhe/,,phase3_kieser_finder; kieser_id=173,germany_phase3
de_9b1db696eb,Kieser,Kieser Kassel,Garde-du-Corps-Straße 2,34117,Kassel,Germany,51.3136526,9.4910214,READY_TO_IMPORT,VERIFIED_CURRENT,,https://www.kieser.com/de-de/studios/kassel/,https://www.kieser.com/de-de/studios/kassel/,,phase3_kieser_finder; kieser_id=179,germany_phase3
de_f9f3ad4556,Kieser,Kieser Kiel,Humboldtstr. 4,24116,Kiel,Germany,54.32737,10.12679,READY_TO_IMPORT,VERIFIED_CURRENT,,https://www.kieser.com/de-de/studios/kiel/,https://www.kieser.com/de-de/studios/kiel/,,phase3_kieser_finder; kieser_id=187,germany_phase3
de_ad9f40404d,Kieser,Kieser Kleve,Siegertstraße 9-11/im EOC,47533,Kleve,Germany,51.779104,6.1276,READY_TO_IMPORT,VERIFIED_CURRENT,,https://www.kieser.com/de-de/studios/kleve/,https://www.kieser.com/de-de/studios/kleve/,,phase3_kieser_finder; kieser_id=190,germany_phase3
de_8fcda8c436,Kieser,Kieser Klingenberg,Alexander- Wiegand- Straße 30 a,63911,Klingenberg,Germany,49.7841962,9.183341,READY_TO_IMPORT,VERIFIED_CURRENT,,https://www.kieser.com/de-de/studios/klingenberg/,https://www.kieser.com/de-de/studios/klingenberg/,,phase3_kieser_finder; kieser_id=193,germany_phase3
de_e11114c976,Kieser,Kieser Koblenz,Bahnhofplatz 18,56068,Koblenz,Germany,50.34958,7.58964,READY_TO_IMPORT,VERIFIED_CURRENT,,https://www.kieser.com/de-de/studios/koblenz/,https://www.kieser.com/de-de/studios/koblenz/,,phase3_kieser_finder; kieser_id=205,germany_phase3
de_3df35da4fd,Kieser,Kieser Köln-Rodenkirchen,Konrad-Adenauer-Straße 13,50996,Köln,Germany,50.89354,6.98734,READY_TO_IMPORT,VERIFIED_CURRENT,,https://www.kieser.com/de-de/studios/koeln-rodenkirchen/,https://www.kieser.com/de-de/studios/koeln-rodenkirchen/,,phase3_kieser_finder; kieser_id=217,germany_phase3
de_3840b807b5,Kieser,Kieser Köln-Braunsfeld,Scheidtweilerstraße 17,50933,Köln-Braunsfeld,Germany,50.93846,6.90449,READY_TO_IMPORT,VERIFIED_CURRENT,,https://www.kieser.com/de-de/studios/koeln-braunsfeld/,https://www.kieser.com/de-de/studios/koeln-braunsfeld/,,phase3_kieser_finder; kieser_id=211,germany_phase3
de_bd60613b6f,Kieser,Kieser Köln-Deutz,Willy-Brandt-Platz 2,50679,Köln-Deutz,Germany,50.93912,6.98037,READY_TO_IMPORT,VERIFIED_CURRENT,,https://www.kieser.com/de-de/studios/koeln-deutz/,https://www.kieser.com/de-de/studios/koeln-deutz/,,phase3_kieser_finder; kieser_id=214,germany_phase3
de_95ff12def8,Kieser,Kieser Köln-Neustadt Nord,Neusser Straße 27-29,50670,Köln-Neustadt Nord,Germany,50.9522259,6.9570213,READY_TO_IMPORT,VERIFIED_CURRENT,,https://www.kieser.com/de-de/studios/koeln-neustadt-nord/,https://www.kieser.com/de-de/studios/koeln-neustadt-nord/,,phase3_kieser_finder; kieser_id=208,germany_phase3
de_2c351727de,Kieser,Kieser Leipzig-Mitte,Grimmaische Straße 13-15,04109,Leipzig-Mitte,Germany,51.3399,12.37764,READY_TO_IMPORT,VERIFIED_CURRENT,,https://www.kieser.com/de-de/studios/leipzig-mitte/,https://www.kieser.com/de-de/studios/leipzig-mitte/,,phase3_kieser_finder; kieser_id=223,germany_phase3
de_435f48058f,Kieser,Kieser Leverkusen,Dieselstr. 2,51381,Leverkusen,Germany,51.058163,7.015812,READY_TO_IMPORT,VERIFIED_CURRENT,,https://www.kieser.com/de-de/studios/leverkusen/,https://www.kieser.com/de-de/studios/leverkusen/,,phase3_kieser_finder; kieser_id=226,germany_phase3
de_ac571f1a1e,Kieser,Kieser Ludwigsburg,Schillerstraße 12,71638,Ludwigsburg,Germany,48.8942262,9.1853451,READY_TO_IMPORT,VERIFIED_CURRENT,,https://www.kieser.com/de-de/studios/ludwigsburg/,https://www.kieser.com/de-de/studios/ludwigsburg/,,phase3_kieser_finder; kieser_id=232,germany_phase3
de_583fbf151d,Kieser,Kieser Lübeck,Hafenstraße 1a,23568,Lübeck,Germany,53.878515,10.691251,READY_TO_IMPORT,VERIFIED_CURRENT,,https://www.kieser.com/de-de/studios/luebeck/,https://www.kieser.com/de-de/studios/luebeck/,,phase3_kieser_finder; kieser_id=229,germany_phase3
de_078d9300e2,Kieser,Kieser Lüneburg,Feldstraße 2a,21335,Lüneburg,Germany,53.2427102,10.4131817,READY_TO_IMPORT,VERIFIED_CURRENT,,https://www.kieser.com/de-de/studios/lueneburg/,https://www.kieser.com/de-de/studios/lueneburg/,,phase3_kieser_finder; kieser_id=235,germany_phase3
de_2415adbfc8,Kieser,Kieser Magdeburg,"Breiter Weg 173, Ulrichshaus",39104,Magdeburg,Germany,52.1303691,11.6357059,READY_TO_IMPORT,VERIFIED_CURRENT,,https://www.kieser.com/de-de/studios/magdeburg/,https://www.kieser.com/de-de/studios/magdeburg/,,phase3_kieser_finder; kieser_id=238,germany_phase3
de_c60a750ab5,Kieser,Kieser Mainz,Große Bleiche 14-16,55116,Mainz,Germany,50.0011618,8.2652966,READY_TO_IMPORT,VERIFIED_CURRENT,,https://www.kieser.com/de-de/studios/mainz/,https://www.kieser.com/de-de/studios/mainz/,,phase3_kieser_finder; kieser_id=241,germany_phase3
de_b5814220cd,Kieser,Kieser Mannheim,"E 2, 12-13",68159,Mannheim,Germany,49.488426,8.464622,READY_TO_IMPORT,VERIFIED_CURRENT,,https://www.kieser.com/de-de/studios/mannheim/,https://www.kieser.com/de-de/studios/mannheim/,,phase3_kieser_finder; kieser_id=244,germany_phase3
de_4de1c9f419,Kieser,Kieser Mülheim an der Ruhr,Wilhelmstraße 20,45468,Mülheim a.d. Ruhr,Germany,51.42197,6.87874,READY_TO_IMPORT,VERIFIED_CURRENT,,https://www.kieser.com/de-de/studios/muelheim-an-der-ruhr/,https://www.kieser.com/de-de/studios/muelheim-an-der-ruhr/,,phase3_kieser_finder; kieser_id=247,germany_phase3
de_d6ac9f7c5b,Kieser,Kieser München-Giesing,Tegernseer Landstraße 138,81539,München,Germany,48.1112017,11.5767778,READY_TO_IMPORT,VERIFIED_CURRENT,,https://www.kieser.com/de-de/studios/muenchen-giesing/,https://www.kieser.com/de-de/studios/muenchen-giesing/,,phase3_kieser_finder; kieser_id=253,germany_phase3
de_41b23ec2f6,Kieser,Kieser München-Haidhausen,Einsteinstraße 104,81675,München,Germany,48.1360342,11.6087039,READY_TO_IMPORT,VERIFIED_CURRENT,,https://www.kieser.com/de-de/studios/muenchen-haidhausen/,https://www.kieser.com/de-de/studios/muenchen-haidhausen/,,phase3_kieser_finder; kieser_id=256,germany_phase3
de_9e7fc6d7b2,Kieser,Kieser München-Neuhausen,Arnulfstraße 205,80634,München,Germany,48.14946,11.52094,READY_TO_IMPORT,VERIFIED_CURRENT,,https://www.kieser.com/de-de/studios/muenchen-neuhausen/,https://www.kieser.com/de-de/studios/muenchen-neuhausen/,,phase3_kieser_finder; kieser_id=250,germany_phase3
de_19ed68fec4,Kieser,Kieser München-Pasing,Landsberger Straße 404,81241,München,Germany,48.14534,11.48139,READY_TO_IMPORT,VERIFIED_CURRENT,,https://www.kieser.com/de-de/studios/muenchen-pasing/,https://www.kieser.com/de-de/studios/muenchen-pasing/,,phase3_kieser_finder; kieser_id=259,germany_phase3
de_a02ab7b7c6,Kieser,Kieser München-Schwabing,Belgradstraße 5a,80796,München,Germany,48.160935,11.574713,READY_TO_IMPORT,VERIFIED_CURRENT,,https://www.kieser.com/de-de/studios/muenchen-schwabing/,https://www.kieser.com/de-de/studios/muenchen-schwabing/,,phase3_kieser_finder; kieser_id=262,germany_phase3
de_dc6f1ff985,Kieser,Kieser München-Sendling,Geisenhausenerstraße 15,81379,München,Germany,48.09672,11.5204,READY_TO_IMPORT,VERIFIED_CURRENT,,https://www.kieser.com/de-de/studios/muenchen-sendling/,https://www.kieser.com/de-de/studios/muenchen-sendling/,,phase3_kieser_finder; kieser_id=264,germany_phase3
de_5e1ee94a03,Kieser,Kieser München-Trudering,Bognerhofweg 12,81825,München,Germany,48.12354,11.67151,READY_TO_IMPORT,VERIFIED_CURRENT,,https://www.kieser.com/de-de/studios/muenchen-trudering/,https://www.kieser.com/de-de/studios/muenchen-trudering/,,phase3_kieser_finder; kieser_id=267,germany_phase3
de_2ff082eea4,Kieser,Kieser Münster,Schorlemerstraße 26,48143,Münster,Germany,51.9563,7.63028,READY_TO_IMPORT,VERIFIED_CURRENT,,https://www.kieser.com/de-de/studios/muenster/,https://www.kieser.com/de-de/studios/muenster/,,phase3_kieser_finder; kieser_id=270,germany_phase3
de_f3a81c4cc5,Kieser,Kieser Neuss,Meererhof L 101,41460,Neuss,Germany,51.200438,6.6915,READY_TO_IMPORT,VERIFIED_CURRENT,,https://www.kieser.com/de-de/studios/neuss/,https://www.kieser.com/de-de/studios/neuss/,,phase3_kieser_finder; kieser_id=273,germany_phase3
de_9008fd36d8,Kieser,Kieser Nürnberg-Gleisshammer,Regensburger Str. 72,90478,Nürnberg,Germany,49.442571,11.101741,READY_TO_IMPORT,VERIFIED_CURRENT,,https://www.kieser.com/de-de/studios/nuernberg-gleisshammer/,https://www.kieser.com/de-de/studios/nuernberg-gleisshammer/,,phase3_kieser_finder; kieser_id=276,germany_phase3
de_dba6b97764,Kieser,Kieser Nürnberg-Rosenau,Bärenschanzstraße 2,90429,Nürnberg,Germany,49.4511786,11.0525563,READY_TO_IMPORT,VERIFIED_CURRENT,,https://www.kieser.com/de-de/studios/nuernberg-rosenau/,https://www.kieser.com/de-de/studios/nuernberg-rosenau/,,phase3_kieser_finder; kieser_id=279,germany_phase3
de_8ddf05bd0b,Kieser,Kieser Offenbach,Rathenaustraße 33,63067,Offenbach,Germany,50.10153,8.75844,READY_TO_IMPORT,VERIFIED_CURRENT,,https://www.kieser.com/de-de/studios/offenbach/,https://www.kieser.com/de-de/studios/offenbach/,,phase3_kieser_finder; kieser_id=282,germany_phase3
de_e94f2c6cee,Kieser,Kieser Pforzheim,Maximilianstraße 46,75172,Pforzheim,Germany,48.89351,8.68419,READY_TO_IMPORT,VERIFIED_CURRENT,,https://www.kieser.com/de-de/studios/pforzheim/,https://www.kieser.com/de-de/studios/pforzheim/,,phase3_kieser_finder; kieser_id=285,germany_phase3
de_513326c2eb,Kieser,Kieser Potsdam-Babelsberg,Wetzlarer Straße 86,14482,Potsdam,Germany,52.38108,13.1162,READY_TO_IMPORT,VERIFIED_CURRENT,,https://www.kieser.com/de-de/studios/potsdam-babelsberg/,https://www.kieser.com/de-de/studios/potsdam-babelsberg/,,phase3_kieser_finder; kieser_id=288,germany_phase3
de_9011fed774,Kieser,Kieser Potsdam-Nedlitz,Konrad-Zuse-Ring 2e,14469,Potsdam,Germany,52.43279032108181,13.05425334082036,READY_TO_IMPORT,VERIFIED_CURRENT,,https://www.kieser.com/de-de/studios/potsdam-nedlitz/,https://www.kieser.com/de-de/studios/potsdam-nedlitz/,,phase3_kieser_finder; kieser_id=291,germany_phase3
de_03bb9ac5e3,Kieser,Kieser Pulheim,Venloer Str. 145,50259,Pulheim,Germany,50.99925,6.79798,READY_TO_IMPORT,VERIFIED_CURRENT,,https://www.kieser.com/de-de/studios/pulheim/,https://www.kieser.com/de-de/studios/pulheim/,,phase3_kieser_finder; kieser_id=294,germany_phase3
de_ce5c53d8b0,Kieser,Kieser Ratingen,Calor-Emag-Straße 5,40878,Ratingen,Germany,51.2982,6.86015,READY_TO_IMPORT,VERIFIED_CURRENT,,https://www.kieser.com/de-de/studios/ratingen/,https://www.kieser.com/de-de/studios/ratingen/,,phase3_kieser_finder; kieser_id=297,germany_phase3
de_b26af9949e,Kieser,Kieser Recklinghausen,"Klinik am Rathauspark, Erlbruch 34-36",45657,Recklinghausen,Germany,51.61208,7.20158,READY_TO_IMPORT,VERIFIED_CURRENT,,https://www.kieser.com/de-de/studios/recklinghausen/,https://www.kieser.com/de-de/studios/recklinghausen/,,phase3_kieser_finder; kieser_id=300,germany_phase3
de_635743b53b,Kieser,Kieser Regensburg,Furtmayrstraße 3,93053,Regensburg,Germany,49.01005,12.10302,READY_TO_IMPORT,VERIFIED_CURRENT,,https://www.kieser.com/de-de/studios/regensburg/,https://www.kieser.com/de-de/studios/regensburg/,,phase3_kieser_finder; kieser_id=303,germany_phase3
de_53f7a5628b,Kieser,Kieser Reutlingen,Stuttgarter Str. 25,72766,Reutlingen,Germany,48.50253,9.21719,READY_TO_IMPORT,VERIFIED_CURRENT,,https://www.kieser.com/de-de/studios/reutlingen/,https://www.kieser.com/de-de/studios/reutlingen/,,phase3_kieser_finder; kieser_id=306,germany_phase3
de_232a381d16,Kieser,Kieser Rosenheim,Klepperstraße 28,83026,Rosenheim,Germany,47.8470427,12.124579,READY_TO_IMPORT,VERIFIED_CURRENT,,https://www.kieser.com/de-de/studios/rosenheim/,https://www.kieser.com/de-de/studios/rosenheim/,,phase3_kieser_finder; kieser_id=309,germany_phase3
de_2f86bc28fb,Kieser,Kieser Rostock,Steinstraße 6,18055,Rostock,Germany,54.0875809,12.140509,READY_TO_IMPORT,VERIFIED_CURRENT,,https://www.kieser.com/de-de/studios/rostock/,https://www.kieser.com/de-de/studios/rostock/,,phase3_kieser_finder; kieser_id=312,germany_phase3
de_9b116fa8bf,Kieser,Kieser Saarbrücken,Käthe-Kollwitz-Straße 13,66115,Saarbrücken,Germany,49.23828,6.96133,READY_TO_IMPORT,VERIFIED_CURRENT,,https://www.kieser.com/de-de/studios/saarbruecken/,https://www.kieser.com/de-de/studios/saarbruecken/,,phase3_kieser_finder; kieser_id=315,germany_phase3
de_4185c358bd,Kieser,Kieser Stuttgart-Feuerbach,Stuttgarter Straße 23,70469,Stuttgart,Germany,48.8106,9.16523,READY_TO_IMPORT,VERIFIED_CURRENT,,https://www.kieser.com/de-de/studios/stuttgart-feuerbach/,https://www.kieser.com/de-de/studios/stuttgart-feuerbach/,,phase3_kieser_finder; kieser_id=321,germany_phase3
de_9e5e77a4ce,Kieser,Kieser Stuttgart-Mitte,Christophstraße 6,70178,Stuttgart,Germany,48.7720437,9.1752737,READY_TO_IMPORT,VERIFIED_CURRENT,,https://www.kieser.com/de-de/studios/stuttgart-mitte/,https://www.kieser.com/de-de/studios/stuttgart-mitte/,,phase3_kieser_finder; kieser_id=324,germany_phase3
de_b2827dcec8,Kieser,Kieser Trier,Herzogenbuscher Straße 52,54292,Trier,Germany,49.7704,6.661583,READY_TO_IMPORT,VERIFIED_CURRENT,,https://www.kieser.com/de-de/studios/trier/,https://www.kieser.com/de-de/studios/trier/,,phase3_kieser_finder; kieser_id=327,germany_phase3
de_17e362bc15,Kieser,Kieser Tübingen,Hügelstraße 7,72072,Tübingen,Germany,48.514662,9.068966,READY_TO_IMPORT,VERIFIED_CURRENT,,https://www.kieser.com/de-de/studios/tuebingen/,https://www.kieser.com/de-de/studios/tuebingen/,,phase3_kieser_finder; kieser_id=330,germany_phase3
de_c73c5e39f8,Kieser,Kieser Ulm,Syrlinstraße 35,89073,Ulm,Germany,48.40563,9.98912,READY_TO_IMPORT,VERIFIED_CURRENT,,https://www.kieser.com/de-de/studios/ulm/,https://www.kieser.com/de-de/studios/ulm/,,phase3_kieser_finder; kieser_id=333,germany_phase3
de_55f0782fd2,Kieser,Kieser Wesel,Friedrichstraße 6a,46483,Wesel,Germany,51.65746,6.6233243,READY_TO_IMPORT,VERIFIED_CURRENT,,https://www.kieser.com/de-de/studios/wesel/,https://www.kieser.com/de-de/studios/wesel/,,phase3_kieser_finder; kieser_id=336,germany_phase3
de_10e21a09df,Kieser,Kieser Wiesbaden-Biebrich,Äppelallee 35,65203,Wiesbaden,Germany,50.04838,8.23164,READY_TO_IMPORT,VERIFIED_CURRENT,,https://www.kieser.com/de-de/studios/wiesbaden-biebrich/,https://www.kieser.com/de-de/studios/wiesbaden-biebrich/,,phase3_kieser_finder; kieser_id=339,germany_phase3
de_d408e6d55d,Kieser,Kieser Wuppertal-Elberfeld,Friedrich-Ebert-Str. 153,42117,Wuppertal,Germany,51.2499497,7.1259514,READY_TO_IMPORT,VERIFIED_CURRENT,,https://www.kieser.com/de-de/studios/wuppertal-elberfeld/,https://www.kieser.com/de-de/studios/wuppertal-elberfeld/,,phase3_kieser_finder; kieser_id=342,germany_phase3
de_d0b8dfe1dd,Kieser,Kieser Würzburg,Zeller Straße 43,97082,Würzburg,Germany,49.79401,9.92044,READY_TO_IMPORT,VERIFIED_CURRENT,,https://www.kieser.com/de-de/studios/wuerzburg/,https://www.kieser.com/de-de/studios/wuerzburg/,,phase3_kieser_finder; kieser_id=345,germany_phase3
de_33e4ef3957,McFIT,McFIT Aachen,Gut-Dämme-Str. 8,52070,Aachen,Germany,50.7959991,6.1049932,READY_TO_IMPORT,VERIFIED_CURRENT,ok_official,https://rsg-group.api.magicline.com/connect/v1/studio,https://www.mcfit.com/studios,,"magicline_id=1536266890; tags=DE,McFIT,PK0,aktiv,hidden_webcheckout",germany_phase1
de_c1e26e3bec,McFIT,McFIT Aachen-Nordost,Trierer Straße 1,52078,Aachen,Germany,50.7707687,6.1188205,READY_TO_IMPORT,VERIFIED_CURRENT,ok_official,https://rsg-group.api.magicline.com/connect/v1/studio,https://www.mcfit.com/studios,,"magicline_id=1536269110; tags=DE,McFIT,PK0,aktiv",germany_phase1
de_bc9142b925,McFIT,McFIT Aschaffenburg,Schönbornstr. 4,63741,Aschaffenburg,Germany,49.985055,9.1503753,READY_TO_IMPORT,VERIFIED_CURRENT,ok_official,https://rsg-group.api.magicline.com/connect/v1/studio,https://www.mcfit.com/studios,,"magicline_id=1640035820; tags=DE,McFIT,PK0,aktiv",germany_phase1
de_5718640c0d,McFIT,McFIT Augsburg-Göggingen,Gögginger Str. 119,86199,Augsburg,Germany,48.3478937,10.8773736,READY_TO_IMPORT,VERIFIED_CURRENT,ok_official,https://rsg-group.api.magicline.com/connect/v1/studio,https://www.mcfit.com/studios,,"magicline_id=1832285310; tags=DE,McFIT,PK0,aktiv",germany_phase1
de_80e3786a9b,McFIT,McFIT Augsburg-Innenstadt,Langenmantelstraße 10,86153,Augsburg,Germany,48.3762211,10.8837147,READY_TO_IMPORT,VERIFIED_CURRENT,ok_official,https://rsg-group.api.magicline.com/connect/v1/studio,https://www.mcfit.com/studios,,"magicline_id=1832285460; tags=DE,McFIT,PK0,aktiv",germany_phase1
de_c72977b853,McFIT,McFIT Backnang,Sulzbacher Straße 10,71522,Backnang,Germany,48.94795910000001,9.432791199999999,READY_TO_IMPORT,VERIFIED_CURRENT,ok_official,https://rsg-group.api.magicline.com/connect/v1/studio,https://www.mcfit.com/studios,,"magicline_id=1731791930; tags=DE,McFIT,PK0,aktiv",germany_phase1
de_e2c191e7ba,McFIT,McFIT Bamberg,Pödeldorfer Straße 144,96052,Bamberg,Germany,49.9002734,10.9189112,READY_TO_IMPORT,VERIFIED_CURRENT,ok_official,https://rsg-group.api.magicline.com/connect/v1/studio,https://www.mcfit.com/studios,,"magicline_id=1832287070; tags=DE,McFIT,PK0,aktiv",germany_phase1
de_bcf9269656,McFIT,McFIT Bayreuth,Wittelsbacher Ring 2-4,95444,Bayreuth,Germany,49.9433606,11.5696197,READY_TO_IMPORT,VERIFIED_CURRENT,ok_official,https://rsg-group.api.magicline.com/connect/v1/studio,https://www.mcfit.com/studios,,"magicline_id=1772000160; tags=DE,McFIT,PK0,aktiv",germany_phase1
de_cd2999e050,McFIT,McFIT Bergisch Gladbach,Am Kuhlerbusch 4,51469,Bergisch Gladbach,Germany,50.98423890000001,7.1177971,READY_TO_IMPORT,VERIFIED_CURRENT,ok_official,https://rsg-group.api.magicline.com/connect/v1/studio,https://www.mcfit.com/studios,,"magicline_id=1613589280; tags=DE,McFIT,PK0,aktiv",germany_phase1
de_f713ba47fb,McFIT,McFIT Berlin Hohenschönhausen,Konrad-Wolf-Straße 56-60,13055,Berlin,Germany,52.5362375,13.4748591,READY_TO_IMPORT,VERIFIED_CURRENT,ok_official,https://rsg-group.api.magicline.com/connect/v1/studio,https://www.mcfit.com/studios,,"magicline_id=1367073160; tags=DE,McFIT,PK0,aktiv",germany_phase1
de_c80291e84e,McFIT,McFIT Berlin-Adlershof,Adlergestell 299,12489,Berlin,Germany,52.4309556,13.5490994,READY_TO_IMPORT,VERIFIED_CURRENT,ok_official,https://rsg-group.api.magicline.com/connect/v1/studio,https://www.mcfit.com/studios,,"magicline_id=1349612870; tags=DE,McFIT,PK0,aktiv",germany_phase1
de_22e2b77326,McFIT,McFIT Berlin-Charlottenburg,Tauentzienstraße 8,10789,Berlin,Germany,52.50365499999999,13.3386734,READY_TO_IMPORT,VERIFIED_CURRENT,ok_official,https://rsg-group.api.magicline.com/connect/v1/studio,https://www.mcfit.com/studios,,"magicline_id=1427956210; tags=DE,McFIT,PK0,aktiv",germany_phase1
de_44ff516912,McFIT,McFIT Berlin-Haselhorst,Am Juliusturm 21,13599,Berlin,Germany,52.5373144,13.2263919,READY_TO_IMPORT,VERIFIED_CURRENT,ok_official,https://rsg-group.api.magicline.com/connect/v1/studio,https://www.mcfit.com/studios,,"magicline_id=7080381020; tags=DE,McFIT,PK0,aktiv",germany_phase1
de_4fedb3235d,McFIT,McFIT Berlin-Heinersdorf,Romain-Rolland-Straße 32,13089,Berlin,Germany,52.5655224,13.4440184,READY_TO_IMPORT,VERIFIED_CURRENT,ok_official,https://rsg-group.api.magicline.com/connect/v1/studio,https://www.mcfit.com/studios,,"magicline_id=1414048320; tags=DE,McFIT,PK0,aktiv",germany_phase1
de_ba39352773,McFIT,McFIT Berlin-Lichtenberg,Siegfriedstraße 177,10365,Berlin,Germany,52.5218103,13.4986033,READY_TO_IMPORT,VERIFIED_CURRENT,ok_official,https://rsg-group.api.magicline.com/connect/v1/studio,https://www.mcfit.com/studios,,"magicline_id=1413742290; tags=DE,McFIT,PK0,aktiv",germany_phase1
de_cf3912d431,McFIT,McFIT Berlin-Lichterfelde,Görzallee 190-238,14167,Berlin,Germany,52.4184598,13.2880133,READY_TO_IMPORT,VERIFIED_CURRENT,ok_official,https://rsg-group.api.magicline.com/connect/v1/studio,https://www.mcfit.com/studios,,"magicline_id=1358621370; tags=DE,McFIT,PK0,aktiv",germany_phase1
de_1537da6574,McFIT,McFIT Berlin-Mahlsdorf,Alt - Mahlsdorf 24,12623,Berlin,Germany,52.5055981,13.6097575,READY_TO_IMPORT,VERIFIED_CURRENT,ok_official,https://rsg-group.api.magicline.com/connect/v1/studio,https://www.mcfit.com/studios,,"magicline_id=1349256200; tags=DE,McFIT,PK0,aktiv",germany_phase1
de_8fdbb8fe62,McFIT,McFIT Berlin-Marienfelde,Großbeerenstraße 148-158,12277,Berlin,Germany,52.4306476,13.3741312,READY_TO_IMPORT,VERIFIED_CURRENT,ok_official,https://rsg-group.api.magicline.com/connect/v1/studio,https://www.mcfit.com/studios,,"magicline_id=1365913680; tags=DE,McFIT,PK0,aktiv",germany_phase1
de_581d724ff3,McFIT,McFIT Berlin-Marzahn,Märkische Allee 160a,12681,Berlin,Germany,52.53237559999999,13.5373791,READY_TO_IMPORT,VERIFIED_CURRENT,ok_official,https://rsg-group.api.magicline.com/connect/v1/studio,https://www.mcfit.com/studios,,"magicline_id=1350226490; tags=DE,McFIT,PK0,aktiv",germany_phase1
de_fe4aae5567,McFIT,McFIT Berlin-Mitte,Heinrich-Heine-Straße 15,10179,Berlin,Germany,52.507636,13.4144283,CLOSED,CLOSED,,https://rsg-group.api.magicline.com/connect/v1/studio,https://www.mcfit.com/studios,,"magicline_id=1366160390; tags=DE,GHOST-STUDIO,McFIT,PK0,aktiv,hidden_webcheckout",germany_phase1
de_5e62ecd0de,McFIT,McFIT Berlin-Moabit,Alt-Moabit 96D,10559,Berlin,Germany,52.52486409999999,13.3455452,READY_TO_IMPORT,VERIFIED_CURRENT,ok_official,https://rsg-group.api.magicline.com/connect/v1/studio,https://www.mcfit.com/studios,,"magicline_id=1387648020; tags=DE,McFIT,PK0,aktiv",germany_phase1
de_776feaee65,McFIT,McFIT Berlin-Neukölln,Tempelhofer Weg 91-99,12347,Berlin,Germany,52.4518053,13.4354902,READY_TO_IMPORT,VERIFIED_CURRENT,ok_official,https://rsg-group.api.magicline.com/connect/v1/studio,https://www.mcfit.com/studios,,"magicline_id=1378349880; tags=DE,McFIT,PK0,aktiv",germany_phase1
de_3209a1011f,McFIT,McFIT Berlin-Niederschöneweide,Schnellerstraße 1-5,12439,Berlin,Germany,52.4638447,13.4982936,READY_TO_IMPORT,VERIFIED_CURRENT,ok_official,https://rsg-group.api.magicline.com/connect/v1/studio,https://www.mcfit.com/studios,,"magicline_id=1357900310; tags=DE,McFIT,PK0,aktiv",germany_phase1
de_f4a2e492c1,McFIT,McFIT Berlin-Prenzlauer Berg,Greifswalder Straße 90,10409,Berlin,Germany,52.54350969999999,13.4426066,READY_TO_IMPORT,VERIFIED_CURRENT,ok_official,https://rsg-group.api.magicline.com/connect/v1/studio,https://www.mcfit.com/studios,,"magicline_id=8601067390; tags=DE,McFIT,PK0,aktiv",germany_phase1
de_ec17b05dcf,McFIT,McFIT Berlin-Reinickendorf,Oraniendamm 64,13469,Berlin,Germany,52.60717589999999,13.3234989,READY_TO_IMPORT,VERIFIED_CURRENT,ok_official,https://rsg-group.api.magicline.com/connect/v1/studio,https://www.mcfit.com/studios,,"magicline_id=1388329120; tags=DE,McFIT,PK0,aktiv",germany_phase1
de_6036e6d64e,McFIT,McFIT Berlin-Spandau,Am Juliusturm 19,13599,Berlin,Germany,52.5373459,13.2272381,CLOSED,CLOSED,,https://rsg-group.api.magicline.com/connect/v1/studio,https://www.mcfit.com/studios,,"magicline_id=1378541720; tags=DE,McFIT,PK0,inaktiv",germany_phase1
de_49d147daf9,McFIT,McFIT Berlin-Spandau West,Altonaer Str. 59-61,13581,Berlin,Germany,52.532152,13.187349,READY_TO_IMPORT,VERIFIED_CURRENT,ok_official,https://rsg-group.api.magicline.com/connect/v1/studio,https://www.mcfit.com/studios,,"magicline_id=1387327290; tags=DE,McFIT,PK0,aktiv",germany_phase1
de_d4b39bafaf,McFIT,McFIT Berlin-Stadtmitte,Leipziger Straße 46/47,10117,Berlin,Germany,52.5103859,13.3976361,READY_TO_IMPORT,VERIFIED_CURRENT,ok_official,https://rsg-group.api.magicline.com/connect/v1/studio,https://www.mcfit.com/studios,,"magicline_id=2895769640; tags=DE,McFIT,PK0,aktiv",germany_phase1
de_a23cf2ebe3,McFIT,McFIT Berlin-Tempelhof,Schöneberger Straße 11-15,12103,Berlin,Germany,52.4687377,13.3741479,READY_TO_IMPORT,VERIFIED_CURRENT,ok_official,https://rsg-group.api.magicline.com/connect/v1/studio,https://www.mcfit.com/studios,,"magicline_id=1365485520; tags=DE,McFIT,PK0,aktiv",germany_phase1
de_d89df3b2ba,McFIT,McFIT Berlin-Wedding,Forum Seestraße 64,13347,Berlin,Germany,52.5538716,13.359351,READY_TO_IMPORT,VERIFIED_CURRENT,ok_official,https://rsg-group.api.magicline.com/connect/v1/studio,https://www.mcfit.com/studios,,"magicline_id=1401913170; tags=DE,McFIT,PK0,aktiv",germany_phase1
de_d2d6685cb5,McFIT,McFIT Berlin-Weißensee,Gehringstraße 26,13088,Berlin,Germany,52.5620632,13.466238,READY_TO_IMPORT,VERIFIED_CURRENT,ok_official,https://rsg-group.api.magicline.com/connect/v1/studio,https://www.mcfit.com/studios,,"magicline_id=9441537010; tags=DE,McFIT,PK0,VVK,hidden_webcheckout",germany_phase1
de_bc8489166d,McFIT,McFIT Berlin-Wilmersdorf,Berliner Straße 148,10715,Berlin,Germany,52.4866013,13.3281895,READY_TO_IMPORT,VERIFIED_CURRENT,ok_official,https://rsg-group.api.magicline.com/connect/v1/studio,https://www.mcfit.com/studios,,"magicline_id=1387456370; tags=DE,McFIT,PK0,aktiv",germany_phase1
de_7e81b362a0,McFIT,McFIT KLUB McFIT Berlin Boxhagener Straße,Boxhagener Straße 119,10245,Berlin,Germany,52.5139716,13.4546756,READY_TO_IMPORT,VERIFIED_CURRENT,ok_official,https://rsg-group.api.magicline.com/connect/v1/studio,https://www.mcfit.com/studios,,"magicline_id=7633104410; tags=Communication,DE,KLUB,McFIT,aktiv",germany_phase1
de_8bebbd7a24,McFIT,McFIT Bielefeld,Eckendorferstr. 85-87,33609,Bielefeld,Germany,52.03740999999999,8.57361,READY_TO_IMPORT,VERIFIED_CURRENT,ok_official,https://rsg-group.api.magicline.com/connect/v1/studio,https://www.mcfit.com/studios,,"magicline_id=1315301280; tags=DE,McFIT,PK0,aktiv",germany_phase1
de_86670e2ff1,McFIT,McFIT Bielefeld-Stieghorst,Detmolder Straße 441,33605,Bielefeld,Germany,51.99753,8.589179999999999,READY_TO_IMPORT,VERIFIED_CURRENT,ok_official,https://rsg-group.api.magicline.com/connect/v1/studio,https://www.mcfit.com/studios,,"magicline_id=1318563820; tags=DE,McFIT,PK0,aktiv",germany_phase1
de_0d082ea55a,McFIT,McFIT Bochum-Grumme,Castroper Hellweg 49,44805,Bochum,Germany,51.49902549999999,7.2574639,READY_TO_IMPORT,VERIFIED_CURRENT,ok_official,https://rsg-group.api.magicline.com/connect/v1/studio,https://www.mcfit.com/studios,,"magicline_id=1456553390; tags=DE,McFIT,PK0,aktiv",germany_phase1
de_3ab34d3380,McFIT,McFIT Bochum-Hofstede,Hofsteder Straße 170-172,44809,Bochum,Germany,51.4984259,7.2069038,READY_TO_IMPORT,VERIFIED_CURRENT,ok_official,https://rsg-group.api.magicline.com/connect/v1/studio,https://www.mcfit.com/studios,,"magicline_id=8898395670; tags=DE,McFIT,PK0,aktiv",germany_phase1
de_224031daaf,McFIT,McFIT Bochum-Innenstadt,Alleestraße 38-40,44793,Bochum,Germany,51.48140189999999,7.209663499999999,READY_TO_IMPORT,VERIFIED_CURRENT,ok_official,https://rsg-group.api.magicline.com/connect/v1/studio,https://www.mcfit.com/studios,,"magicline_id=1470936540; tags=DE,McFIT,PK0,aktiv",germany_phase1
de_1147e8166d,McFIT,McFIT Bochum-Wattenscheid,"Feldstraße 5,7,9",44867,Bochum,Germany,51.4718582,7.124954,READY_TO_IMPORT,VERIFIED_CURRENT,ok_official,https://rsg-group.api.magicline.com/connect/v1/studio,https://www.mcfit.com/studios,,"magicline_id=1456559430; tags=DE,McFIT,PK0,aktiv",germany_phase1
de_9ece53eab7,McFIT,McFIT Bonn-Zentrum,Bornheimer Straße 129,53119,Bonn,Germany,50.7382189,7.0791802,READY_TO_IMPORT,VERIFIED_CURRENT,ok_official,https://rsg-group.api.magicline.com/connect/v1/studio,https://www.mcfit.com/studios,,"magicline_id=1632519320; tags=DE,McFIT,PK0,aktiv",germany_phase1
de_a1754697a7,McFIT,McFIT Bottrop,Am Südringcenter 5,46242,Bottrop,Germany,51.5107674,6.935404,READY_TO_IMPORT,VERIFIED_CURRENT,ok_official,https://rsg-group.api.magicline.com/connect/v1/studio,https://www.mcfit.com/studios,,"magicline_id=1470930710; tags=DE,McFIT,PK0,aktiv",germany_phase1
de_ac5468be62,McFIT,McFIT Braunschweig,Theodor-Heuss-Straße 3,38122,Braunschweig,Germany,52.2543279,10.5179893,READY_TO_IMPORT,VERIFIED_CURRENT,ok_official,https://rsg-group.api.magicline.com/connect/v1/studio,https://www.mcfit.com/studios,,"magicline_id=1343005470; tags=DE,McFIT,PK0,aktiv",germany_phase1
de_0a7ccd2884,McFIT,McFIT Bremen-Altstadt,Hutfilterstraße 24,28195,Bremen,Germany,53.0787197,8.8010804,READY_TO_IMPORT,VERIFIED_CURRENT,ok_official,https://rsg-group.api.magicline.com/connect/v1/studio,https://www.mcfit.com/studios,,"magicline_id=2934311450; tags=DE,McFIT,PK0,aktiv",germany_phase1
de_83e6a8c603,McFIT,McFIT Bremen-Bahnhofsvorstadt,An der Weide 50,28195,Bremen,Germany,53.0813375,8.816006600000001,READY_TO_IMPORT,VERIFIED_CURRENT,ok_official,https://rsg-group.api.magicline.com/connect/v1/studio,https://www.mcfit.com/studios,,"magicline_id=1444649250; tags=DE,McFIT,PK0,aktiv",germany_phase1
de_416baafbb5,McFIT,McFIT Bremen-Kattenturm,Kattenturmer Heerstr. 7-35,28277,Bremen,Germany,53.04721,8.81691,READY_TO_IMPORT,VERIFIED_CURRENT,ok_official,https://rsg-group.api.magicline.com/connect/v1/studio,https://www.mcfit.com/studios,,"magicline_id=1431982160; tags=DE,McFIT,PK0,aktiv",germany_phase1
de_17f627604c,McFIT,McFIT Bremen-Vahr,In der Vahr 66,28329,Bremen,Germany,53.0815709,8.8767598,READY_TO_IMPORT,VERIFIED_CURRENT,ok_official,https://rsg-group.api.magicline.com/connect/v1/studio,https://www.mcfit.com/studios,,"magicline_id=1432413020; tags=DE,McFIT,PK0,aktiv",germany_phase1
de_4c417b4925,McFIT,McFIT Bremerhaven-Lehe,Pferdebade 1b,27580,Bremerhaven,Germany,53.57332,8.59724,READY_TO_IMPORT,VERIFIED_CURRENT,ok_official,https://rsg-group.api.magicline.com/connect/v1/studio,https://www.mcfit.com/studios,,"magicline_id=1341025840; tags=DE,McFIT,PK0,aktiv",germany_phase1
de_0feb58cfab,McFIT,McFIT Bruchsal,Stegwiesenstraße 2a,76646,Bruchsal,Germany,49.1392362,8.5918379,READY_TO_IMPORT,VERIFIED_CURRENT,ok_official,https://rsg-group.api.magicline.com/connect/v1/studio,https://www.mcfit.com/studios,,"magicline_id=1799027410; tags=DE,McFIT,PK0,aktiv",germany_phase1
de_1173ef464c,McFIT,McFIT Chemnitz,Neefestr. 58,09119,Chemnitz,Germany,50.8210738,12.8973836,READY_TO_IMPORT,VERIFIED_CURRENT,ok_official,https://rsg-group.api.magicline.com/connect/v1/studio,https://www.mcfit.com/studios,,"magicline_id=1897087250; tags=DE,McFIT,PK0,aktiv",germany_phase1
de_85d3b4c300,McFIT,McFIT Darmstadt,Pallaswiesenstr. 80,64293,Darmstadt,Germany,49.8821321,8.642761799999999,READY_TO_IMPORT,VERIFIED_CURRENT,ok_official,https://rsg-group.api.magicline.com/connect/v1/studio,https://www.mcfit.com/studios,,"magicline_id=1653203780; tags=DE,McFIT,PK0,aktiv",germany_phase1
de_9f93ea0cff,McFIT,McFIT Dinslaken,Hans-Böckler-Straße 19,46535,Dinslaken,Germany,51.5609257,6.741766399999999,READY_TO_IMPORT,VERIFIED_CURRENT,ok_official,https://rsg-group.api.magicline.com/connect/v1/studio,https://www.mcfit.com/studios,,"magicline_id=1332591200; tags=DE,McFIT,PK0,aktiv",germany_phase1
de_2b736d9045,McFIT,McFIT Dortmund-Aplerbeck,Edelstahlweg 1a,44287,Dortmund,Germany,51.4883381,7.5539974,READY_TO_IMPORT,VERIFIED_CURRENT,ok_official,https://rsg-group.api.magicline.com/connect/v1/studio,https://www.mcfit.com/studios,,"magicline_id=1464428690; tags=DE,McFIT,PK0,aktiv",germany_phase1
de_9619ce3496,McFIT,McFIT Dortmund-Mitte,Eisenstr. 55,44145,Dortmund,Germany,51.5348327,7.472703600000001,READY_TO_IMPORT,VERIFIED_CURRENT,ok_official,https://rsg-group.api.magicline.com/connect/v1/studio,https://www.mcfit.com/studios,,"magicline_id=1464398660; tags=DE,McFIT,PK0,aktiv",germany_phase1
de_895428887c,McFIT,McFIT Dresden,Overbeckstr. 39,01139,Dresden,Germany,51.0733155,13.6892286,READY_TO_IMPORT,VERIFIED_CURRENT,ok_official,https://rsg-group.api.magicline.com/connect/v1/studio,https://www.mcfit.com/studios,,"magicline_id=1613967360; tags=DE,McFIT,PK0,aktiv",germany_phase1
de_25f8610665,McFIT,McFIT Dresden-Seidnitz,Enderstrasse 94,01277,Dresden,Germany,51.02964,13.802061,READY_TO_IMPORT,VERIFIED_CURRENT,ok_official,https://rsg-group.api.magicline.com/connect/v1/studio,https://www.mcfit.com/studios,,"magicline_id=1877858840; tags=DE,McFIT,PK0,aktiv",germany_phase1
de_f04316150f,McFIT,McFIT Duisburg-Alt-Hamborn,Helene-Kropp-Straße 2,47166,Duisburg,Germany,51.4888792,6.783359,READY_TO_IMPORT,VERIFIED_CURRENT,ok_official,https://rsg-group.api.magicline.com/connect/v1/studio,https://www.mcfit.com/studios,,"magicline_id=1480580800; tags=DE,McFIT,PK0,aktiv",germany_phase1
de_97b7012a2b,McFIT,McFIT Duisburg-Wanheimerort,Wanheimer Str. 227,47053,Duisburg,Germany,51.409306,6.752908,READY_TO_IMPORT,VERIFIED_CURRENT,ok_official,https://rsg-group.api.magicline.com/connect/v1/studio,https://www.mcfit.com/studios,,"magicline_id=1470942300; tags=DE,McFIT,PK0,aktiv",germany_phase1
de_5fd7edbf2a,McFIT,McFIT Düren,Fritz-Erler-Straße 21,52349,Düren,Germany,50.8081788,6.476528699999999,READY_TO_IMPORT,VERIFIED_CURRENT,ok_official,https://rsg-group.api.magicline.com/connect/v1/studio,https://www.mcfit.com/studios,,"magicline_id=2932255110; tags=DE,McFIT,PK0,aktiv",germany_phase1
de_c47be03ae0,McFIT,McFIT Düsseldorf-Lierenfeld,Erkrather Straße 343,40231,Düsseldorf,Germany,51.2144555,6.8215509,READY_TO_IMPORT,VERIFIED_CURRENT,ok_official,https://rsg-group.api.magicline.com/connect/v1/studio,https://www.mcfit.com/studios,,"magicline_id=1518062110; tags=DE,McFIT,PK0,aktiv",germany_phase1
de_e1b71fe3f3,McFIT,McFIT Erfurt,Hugo-John-Str. 10,99086,Erfurt,Germany,51.0029441,11.0364301,READY_TO_IMPORT,VERIFIED_CURRENT,ok_official,https://rsg-group.api.magicline.com/connect/v1/studio,https://www.mcfit.com/studios,,"magicline_id=1897099150; tags=DE,McFIT,PK0,aktiv",germany_phase1
de_72abad1d52,McFIT,McFIT Erlangen,Äußere Brucker Str. 51,91052,Erlangen,Germany,49.59069479999999,10.9980672,READY_TO_IMPORT,VERIFIED_CURRENT,ok_official,https://rsg-group.api.magicline.com/connect/v1/studio,https://www.mcfit.com/studios,,"magicline_id=1799038410; tags=DE,McFIT,PK0,aktiv",germany_phase1
de_a8b80299e3,McFIT,McFIT Essen-Bergerhausen,Max-Keith-Straße 66,45136,Essen,Germany,51.4329957,7.0266249,READY_TO_IMPORT,VERIFIED_CURRENT,ok_official,https://rsg-group.api.magicline.com/connect/v1/studio,https://www.mcfit.com/studios,,"magicline_id=1487068340; tags=DE,McFIT,PK0,aktiv",germany_phase1
de_cf970ce78a,McFIT,McFIT Essen-Nordviertel,Gladbeckerstr. 26,45141,Essen,Germany,51.4658653,7.009426299999999,READY_TO_IMPORT,VERIFIED_CURRENT,ok_official,https://rsg-group.api.magicline.com/connect/v1/studio,https://www.mcfit.com/studios,,"magicline_id=1486991540; tags=DE,McFIT,PK0,aktiv",germany_phase1
de_07b8c927e3,McFIT,McFIT Essen-Westviertel,Frohnhauser Straße 69,45127,Essen,Germany,51.4549307,6.9992345,READY_TO_IMPORT,VERIFIED_CURRENT,ok_official,https://rsg-group.api.magicline.com/connect/v1/studio,https://www.mcfit.com/studios,,"magicline_id=1487084750; tags=DE,McFIT,PK0,aktiv",germany_phase1
de_61e1fb7f9d,McFIT,McFIT Flensburg,Holm 39,24937,Flensburg,Germany,54.7845781,9.436931,READY_TO_IMPORT,VERIFIED_CURRENT,ok_official,https://rsg-group.api.magicline.com/connect/v1/studio,https://www.mcfit.com/studios,,"magicline_id=1259118100; tags=DE,McFIT,PK0,aktiv",germany_phase1
de_fa828b57f0,McFIT,McFIT Frankfurt an der Oder,Karl-Marx-Straße 194,15230,Frankfurt,Germany,52.3432399,14.5501415,READY_TO_IMPORT,VERIFIED_CURRENT,ok_official,https://rsg-group.api.magicline.com/connect/v1/studio,https://www.mcfit.com/studios,,"magicline_id=1358030660; tags=DE,McFIT,PK0,aktiv",germany_phase1
de_673e5c63ae,McFIT,McFIT Frankfurt Fechenheim,Hanauer Landstr. 523,60386,Frankfurt,Germany,50.1314673,8.7620306,READY_TO_IMPORT,VERIFIED_CURRENT,ok_official,https://rsg-group.api.magicline.com/connect/v1/studio,https://www.mcfit.com/studios,,"magicline_id=1641290300; tags=DE,McFIT,PK0,aktiv",germany_phase1
de_030bfcf12e,McFIT,McFIT Frankfurt-Griesheim,Mainzer Landstraße 633,65933,Frankfurt,Germany,50.0992411,8.591403999999999,READY_TO_IMPORT,VERIFIED_CURRENT,ok_official,https://rsg-group.api.magicline.com/connect/v1/studio,https://www.mcfit.com/studios,,"magicline_id=1654413930; tags=DE,McFIT,PK0,aktiv",germany_phase1
de_893fa6e17e,McFIT,McFIT Frankfurt-Innenstadt,Zeil 64,60313,Frankfurt,Germany,50.1149013,8.6868748,CLOSED,CLOSED,,https://rsg-group.api.magicline.com/connect/v1/studio,https://www.mcfit.com/studios,,"magicline_id=1655280450; tags=DE,McFIT,PK0,hidden_webcheckout,inaktiv",germany_phase1
de_a4f0a4870b,McFIT,McFIT Frankfurt Zeil,Zeil 69,60313,Frankfurt am Main,Germany,50.1144105,8.6855928,READY_TO_IMPORT,VERIFIED_CURRENT,ok_official,https://rsg-group.api.magicline.com/connect/v1/studio,https://www.mcfit.com/studios,,"magicline_id=8866995340; tags=DE,McFIT,PK0,aktiv",germany_phase1
de_f694cc04a2,McFIT,McFIT Freiburg,Basler Straße 109,79115,Freiburg,Germany,47.9849449,7.821085399999999,READY_TO_IMPORT,VERIFIED_CURRENT,ok_official,https://rsg-group.api.magicline.com/connect/v1/studio,https://www.mcfit.com/studios,,"magicline_id=1731144220; tags=DE,McFIT,PK0,aktiv",germany_phase1
de_9fef94c95b,McFIT,McFIT Fulda,Petersberger Straße 36,36037,Fulda,Germany,50.5490138,9.68829,READY_TO_IMPORT,VERIFIED_CURRENT,ok_official,https://rsg-group.api.magicline.com/connect/v1/studio,https://www.mcfit.com/studios,,"magicline_id=2917835990; tags=DE,McFIT,PK0,aktiv",germany_phase1
de_857275413b,McFIT,McFIT Garbsen,Bauboulevard 1,30827,Garbsen,Germany,52.4293868,9.6180107,READY_TO_IMPORT,VERIFIED_CURRENT,ok_official,https://rsg-group.api.magicline.com/connect/v1/studio,https://www.mcfit.com/studios,,"magicline_id=1282764190; tags=DE,McFIT,PK0,aktiv",germany_phase1
de_c2cf917eac,McFIT,McFIT Gelsenkirchen,Lockhofstraße 3,45881,Gelsenkirchen,Germany,51.51970600000001,7.0737944,READY_TO_IMPORT,VERIFIED_CURRENT,ok_official,https://rsg-group.api.magicline.com/connect/v1/studio,https://www.mcfit.com/studios,,"magicline_id=1518063990; tags=DE,McFIT,PK0,aktiv",germany_phase1
de_ac8f361ec2,McFIT,McFIT Gera,Reichsstraße 3,07545,Gera,Germany,50.8737355,12.0830572,READY_TO_IMPORT,VERIFIED_CURRENT,ok_official,https://rsg-group.api.magicline.com/connect/v1/studio,https://www.mcfit.com/studios,,"magicline_id=1897099400; tags=DE,McFIT,PK0,aktiv",germany_phase1
de_126b244ac5,McFIT,McFIT Gießen,Westanlage 21,35390,Gießen,Germany,50.5828474,8.668813499999999,READY_TO_IMPORT,VERIFIED_CURRENT,ok_official,https://rsg-group.api.magicline.com/connect/v1/studio,https://www.mcfit.com/studios,,"magicline_id=1613588770; tags=DE,McFIT,PK0,aktiv",germany_phase1
de_ee7770d4e2,McFIT,McFIT Gladbeck,Wilhelmstraße 30,45964,Gladbeck,Germany,51.5701878,6.994974399999999,READY_TO_IMPORT,VERIFIED_CURRENT,ok_official,https://rsg-group.api.magicline.com/connect/v1/studio,https://www.mcfit.com/studios,,"magicline_id=1518063910; tags=DE,McFIT,PK0,aktiv",germany_phase1
de_dd31104e64,McFIT,McFIT Gronau,An der Eßseite 227,48599,Gronau,Germany,52.202153,7.058578,READY_TO_IMPORT,VERIFIED_CURRENT,ok_official,https://rsg-group.api.magicline.com/connect/v1/studio,https://www.mcfit.com/studios,,"magicline_id=1320817680; tags=DE,McFIT,PK0,aktiv",germany_phase1
de_85602ce357,McFIT,McFIT Göttingen,Siekweg 30b,37081,Göttingen,Germany,51.527355,9.8888783,READY_TO_IMPORT,VERIFIED_CURRENT,ok_official,https://rsg-group.api.magicline.com/connect/v1/studio,https://www.mcfit.com/studios,,"magicline_id=1431743730; tags=DE,McFIT,PK0,aktiv",germany_phase1
de_de021198fa,McFIT,McFIT Hagen,Wehringhauser Str. 21,58089,Hagen,Germany,51.3568136,7.4576481,READY_TO_IMPORT,VERIFIED_CURRENT,ok_official,https://rsg-group.api.magicline.com/connect/v1/studio,https://www.mcfit.com/studios,,"magicline_id=1471225620; tags=DE,McFIT,PK0,aktiv",germany_phase1
de_9305d41f35,McFIT,McFIT Halle,Merseburger Str. 73,06112,Halle,Germany,51.467814,11.9866439,READY_TO_IMPORT,VERIFIED_CURRENT,ok_official,https://rsg-group.api.magicline.com/connect/v1/studio,https://www.mcfit.com/studios,,"magicline_id=1832285570; tags=DE,McFIT,PK0,aktiv",germany_phase1
de_5e74e6089a,McFIT,McFIT Hamburg - Hohenfelde,Lübecker Str. 101,22087,Hamburg,Germany,53.5623932,10.0321974,READY_TO_IMPORT,VERIFIED_CURRENT,ok_official,https://rsg-group.api.magicline.com/connect/v1/studio,https://www.mcfit.com/studios,,"magicline_id=2935440040; tags=DE,McFIT,PK0,aktiv",germany_phase1
de_775ca57434,McFIT,McFIT Hamburg-Hamm,Eiffestr. 664,20537,Hamburg,Germany,53.5497435,10.0651539,READY_TO_IMPORT,VERIFIED_CURRENT,ok_official,https://rsg-group.api.magicline.com/connect/v1/studio,https://www.mcfit.com/studios,,"magicline_id=1227669060; tags=DE,McFIT,PK0,aktiv",germany_phase1
de_874e889bf1,McFIT,McFIT Hamburg-Othmarschen,Baurstraße 2 / Behringstraße,22605,Hamburg,Germany,53.557797,9.900685,READY_TO_IMPORT,VERIFIED_CURRENT,ok_official,https://rsg-group.api.magicline.com/connect/v1/studio,https://www.mcfit.com/studios,,"magicline_id=1243732290; tags=DE,McFIT,PK0,aktiv",germany_phase1
de_92af4e2a05,McFIT,McFIT Hamburg-St. Georg,Kurt-Schumacher-Allee 2-6,20097,Hamburg,Germany,53.5522669,10.0189377,READY_TO_IMPORT,VERIFIED_CURRENT,ok_official,https://rsg-group.api.magicline.com/connect/v1/studio,https://www.mcfit.com/studios,,"magicline_id=1238245210; tags=DE,McFIT,PK0,aktiv",germany_phase1
de_f0a602ce4c,McFIT,McFIT Hamburg-Steilshoop,Steilshooper Allee 47,22309,Hamburg,Germany,53.6086293,10.0482222,READY_TO_IMPORT,VERIFIED_CURRENT,ok_official,https://rsg-group.api.magicline.com/connect/v1/studio,https://www.mcfit.com/studios,,"magicline_id=1244533450; tags=DE,McFIT,PK0,aktiv",germany_phase1
de_0be55c5a0e,McFIT,McFIT Hamburg-Stellingen,Kieler Str. 433,22525,Hamburg,Germany,53.5940506,9.924406699999999,READY_TO_IMPORT,VERIFIED_CURRENT,ok_official,https://rsg-group.api.magicline.com/connect/v1/studio,https://www.mcfit.com/studios,,"magicline_id=1217178980; tags=DE,McFIT,PK0,aktiv",germany_phase1
de_9694074a03,McFIT,McFIT Hamburg-Stellingen II,Kieler Straße 143/147,22525,Hamburg,Germany,53.57309,9.940389999999999,READY_TO_IMPORT,VERIFIED_CURRENT,ok_official,https://rsg-group.api.magicline.com/connect/v1/studio,https://www.mcfit.com/studios,,"magicline_id=1222406050; tags=DE,McFIT,PK0,aktiv",germany_phase1
de_e994982ca1,McFIT,McFIT Hamburg-Langenhorn,Langenhorner Chaussee 666,22419,Hamburg-Langenhorn,Germany,53.6787776,10.0036845,READY_TO_IMPORT,VERIFIED_CURRENT,ok_official,https://rsg-group.api.magicline.com/connect/v1/studio,https://www.mcfit.com/studios,,"magicline_id=1226210240; tags=DE,McFIT,PK0,aktiv",germany_phase1
de_a4bd297e5d,McFIT,McFIT Hamm,Bismarckstraße 23-25,59065,Hamm,Germany,51.6771949,7.816224300000001,READY_TO_IMPORT,VERIFIED_CURRENT,ok_official,https://rsg-group.api.magicline.com/connect/v1/studio,https://www.mcfit.com/studios,,"magicline_id=1455779710; tags=DE,McFIT,PK0,aktiv",germany_phase1
de_58c0e07db5,McFIT,McFIT Hanau,Auheimer Straße 2,63450,Hanau,Germany,50.1209064,8.925894999999999,READY_TO_IMPORT,VERIFIED_CURRENT,ok_official,https://rsg-group.api.magicline.com/connect/v1/studio,https://www.mcfit.com/studios,,"magicline_id=1674651890; tags=DE,McFIT,PK0,aktiv",germany_phase1
de_81f57b71cb,McFIT,McFIT Hannover-Südstadt,Hildesheimer Straße 45-55,30169,Hannover,Germany,52.3635177,9.7483912,READY_TO_IMPORT,VERIFIED_CURRENT,ok_official,https://rsg-group.api.magicline.com/connect/v1/studio,https://www.mcfit.com/studios,,"magicline_id=1699737390; tags=DE,McFIT,PK0,aktiv",germany_phase1
de_f6e7ec5a36,McFIT,McFIT Hannover-Vahrenheide,Vahrenwalder Str. 254,30179,Hannover,Germany,52.4134503,9.735953100000001,READY_TO_IMPORT,VERIFIED_CURRENT,ok_official,https://rsg-group.api.magicline.com/connect/v1/studio,https://www.mcfit.com/studios,,"magicline_id=1674653140; tags=DE,McFIT,PK0,aktiv",germany_phase1
de_063682123b,McFIT,McFIT Hannover-Wülfel,Behnstraße 3,30519,Hannover,Germany,52.3257987,9.782985,READY_TO_IMPORT,VERIFIED_CURRENT,ok_official,https://rsg-group.api.magicline.com/connect/v1/studio,https://www.mcfit.com/studios,,"magicline_id=1210249500; tags=Communication,DE,McFIT,PK0,aktiv",germany_phase1
de_9c97a45f37,McFIT,McFIT Heilbronn Kiliansplatz,Kaiserstraße 48,74072,Heilbronn,Germany,49.1416191,9.221010699999999,READY_TO_IMPORT,VERIFIED_CURRENT,ok_official,https://rsg-group.api.magicline.com/connect/v1/studio,https://www.mcfit.com/studios,,"magicline_id=6859406990; tags=DE,McFIT,PK0,aktiv",germany_phase1
de_fb8b0f5397,McFIT,McFIT Hildesheim,Cheruskerring 50/51,31137,Hildesheim,Germany,52.1621,9.940769999999999,READY_TO_IMPORT,VERIFIED_CURRENT,ok_official,https://rsg-group.api.magicline.com/connect/v1/studio,https://www.mcfit.com/studios,,"magicline_id=1301061690; tags=DE,McFIT,PK0,aktiv",germany_phase1
de_bdd2d408c1,McFIT,McFIT Ingolstadt,Friedrichshofener Straße 1,85049,Ingolstadt,Germany,48.7729102,11.3849169,READY_TO_IMPORT,VERIFIED_CURRENT,ok_official,https://rsg-group.api.magicline.com/connect/v1/studio,https://www.mcfit.com/studios,,"magicline_id=1832288510; tags=DE,McFIT,PK0,aktiv",germany_phase1
de_5167af4aac,McFIT,McFIT Kaiserslautern,Merkurstraße 21,67663,Kaiserslautern,Germany,49.4426707,7.7265307,READY_TO_IMPORT,VERIFIED_CURRENT,ok_official,https://rsg-group.api.magicline.com/connect/v1/studio,https://www.mcfit.com/studios,,"magicline_id=1674650740; tags=DE,McFIT,PK0,aktiv",germany_phase1
de_2115793a89,McFIT,McFIT Kaiserslautern-Innenstadt,Richard-Wagner-Straße 1,67655,Kaiserslautern,Germany,49.4438025,7.766165699999999,READY_TO_IMPORT,VERIFIED_CURRENT,ok_official,https://rsg-group.api.magicline.com/connect/v1/studio,https://www.mcfit.com/studios,,"magicline_id=2926023410; tags=DE,McFIT,PK0,aktiv",germany_phase1
de_ecb1ef4472,McFIT,McFIT Kassel,Kohlenstr. 138/140,34121,Kassel,Germany,51.30857959999999,9.4509665,READY_TO_IMPORT,VERIFIED_CURRENT,ok_official,https://rsg-group.api.magicline.com/connect/v1/studio,https://www.mcfit.com/studios,,"magicline_id=1858373180; tags=DE,McFIT,PK0,aktiv",germany_phase1
de_da2801c361,McFIT,McFIT Kassel-Nord Holland,Untere Königstraße 95,34117,Kassel,Germany,51.3200558,9.5012252,READY_TO_IMPORT,VERIFIED_CURRENT,ok_official,https://rsg-group.api.magicline.com/connect/v1/studio,https://www.mcfit.com/studios,,"magicline_id=1858373350; tags=DE,McFIT,PK0,aktiv",germany_phase1
de_cbd57223f5,McFIT,McFIT Kiel,Theodor - Heuss - Ring 140,24143,Kiel,Germany,54.3005901,10.1427671,READY_TO_IMPORT,VERIFIED_CURRENT,ok_official,https://rsg-group.api.magicline.com/connect/v1/studio,https://www.mcfit.com/studios,,"magicline_id=1266242250; tags=DE,McFIT,PK0,aktiv",germany_phase1
de_7d0dbd882f,McFIT,McFIT Kleve,Daimlerstraße 3,47533,Kleve,Germany,51.8011217,6.1375913,READY_TO_IMPORT,VERIFIED_CURRENT,ok_official,https://rsg-group.api.magicline.com/connect/v1/studio,https://www.mcfit.com/studios,,"magicline_id=2933636030; tags=DE,McFIT,PK0,aktiv",germany_phase1
de_6f8ce792a5,McFIT,McFIT Köln-Altstadt,Hohe Straße 82,50667,Köln,Germany,50.937247,6.956401,READY_TO_IMPORT,VERIFIED_CURRENT,ok_official,https://rsg-group.api.magicline.com/connect/v1/studio,https://www.mcfit.com/studios,,"magicline_id=1587901620; tags=DE,McFIT,PK0,aktiv",germany_phase1
de_e49b63c016,McFIT,McFIT Köln-Bayenthal,Bonner Str. 209,50968,Köln,Germany,50.9121271,6.9626793,READY_TO_IMPORT,VERIFIED_CURRENT,ok_official,https://rsg-group.api.magicline.com/connect/v1/studio,https://www.mcfit.com/studios,,"magicline_id=1586570540; tags=DE,McFIT,PK0,aktiv",germany_phase1
de_5264e11cdb,McFIT,McFIT Köln-Ehrenfeld,Herbrandstraße 9,50825,Köln,Germany,50.95274250000001,6.912754,READY_TO_IMPORT,VERIFIED_CURRENT,ok_official,https://rsg-group.api.magicline.com/connect/v1/studio,https://www.mcfit.com/studios,,"magicline_id=1587272080; tags=DE,McFIT,PK0,aktiv",germany_phase1
de_f339286f8a,McFIT,McFIT Köln-Kalk,Wipperfürther Straße 25,51103,Köln,Germany,50.9427204,6.9981712,READY_TO_IMPORT,VERIFIED_CURRENT,ok_official,https://rsg-group.api.magicline.com/connect/v1/studio,https://www.mcfit.com/studios,,"magicline_id=1585854790; tags=DE,McFIT,PK0,aktiv",germany_phase1
de_6a3f13932a,McFIT,McFIT Köln-Mülheim,Clevischer Ring 121-123,51063,Köln,Germany,50.97111109999999,7.0062622,READY_TO_IMPORT,VERIFIED_CURRENT,ok_official,https://rsg-group.api.magicline.com/connect/v1/studio,https://www.mcfit.com/studios,,"magicline_id=1585313920; tags=DE,McFIT,PK0,aktiv",germany_phase1
de_d15b50689b,McFIT,McFIT Köln-Sülz,Luxemburger Straße 124-136,50939,Köln,Germany,50.92189570000001,6.9331849,READY_TO_IMPORT,VERIFIED_CURRENT,ok_official,https://rsg-group.api.magicline.com/connect/v1/studio,https://www.mcfit.com/studios,,"magicline_id=1584024990; tags=DE,McFIT,PK0,aktiv",germany_phase1
de_26e29bebbc,McFIT,McFIT Leipzig-Leutzsch,Merseburger Straße 189,04179,Leipzig,Germany,51.3418597,12.3044268,READY_TO_IMPORT,VERIFIED_CURRENT,ok_official,https://rsg-group.api.magicline.com/connect/v1/studio,https://www.mcfit.com/studios,,"magicline_id=1549847800; tags=DE,McFIT,PK0,aktiv",germany_phase1
de_cd709dae43,McFIT,McFIT Leipzig-Zentrum,Gutenbergplatz 1,04103,Leipzig,Germany,51.3366439,12.3933724,READY_TO_IMPORT,VERIFIED_CURRENT,ok_official,https://rsg-group.api.magicline.com/connect/v1/studio,https://www.mcfit.com/studios,,"magicline_id=1587593330; tags=DE,McFIT,PK0,aktiv",germany_phase1
de_eec97a70c3,McFIT,McFIT Leverkusen,Adolf-Kaschny-Straße 19,51373,Leverkusen,Germany,51.0544389,7.0017789,READY_TO_IMPORT,VERIFIED_CURRENT,ok_official,https://rsg-group.api.magicline.com/connect/v1/studio,https://www.mcfit.com/studios,,"magicline_id=1613589110; tags=DE,McFIT,PK0,aktiv",germany_phase1
de_7c971674cf,McFIT,McFIT Ludwigshafen,Industriestraße 1-5,67063,Ludwigshafen,Germany,49.485083,8.4228078,READY_TO_IMPORT,VERIFIED_CURRENT,ok_official,https://rsg-group.api.magicline.com/connect/v1/studio,https://www.mcfit.com/studios,,"magicline_id=1674650850; tags=DE,McFIT,PK0,aktiv",germany_phase1
de_aadd152429,McFIT,McFIT Lübeck,Bei der Lohmühle 7,23554,Lübeck,Germany,53.8782455,10.66768,READY_TO_IMPORT,VERIFIED_CURRENT,ok_official,https://rsg-group.api.magicline.com/connect/v1/studio,https://www.mcfit.com/studios,,"magicline_id=1265635050; tags=DE,McFIT,PK0,aktiv",germany_phase1
de_b00731b55b,McFIT,McFIT Lübeck-St.Lorenz Süd,Moislinger Allee 1-3,23558,Lübeck,Germany,53.8655299,10.6745917,READY_TO_IMPORT,VERIFIED_CURRENT,ok_official,https://rsg-group.api.magicline.com/connect/v1/studio,https://www.mcfit.com/studios,,"magicline_id=2934770750; tags=DE,McFIT,PK0,aktiv",germany_phase1
de_4ea8fffc37,McFIT,McFIT Lüneburg,Pulverweg 6,21337,Lüneburg,Germany,53.2495643,10.422758,READY_TO_IMPORT,VERIFIED_CURRENT,ok_official,https://rsg-group.api.magicline.com/connect/v1/studio,https://www.mcfit.com/studios,,"magicline_id=1261482430; tags=DE,McFIT,PK0,aktiv",germany_phase1
de_5274c30c43,McFIT,McFIT Lünen,Viktoriastraße 49,44532,Lünen,Germany,51.6093634,7.5122425,READY_TO_IMPORT,VERIFIED_CURRENT,ok_official,https://rsg-group.api.magicline.com/connect/v1/studio,https://www.mcfit.com/studios,,"magicline_id=1326381890; tags=DE,McFIT,PK0,aktiv",germany_phase1
de_d96b43f4a5,McFIT,McFIT Magdeburg,Mittagstraße 9,39124,Magdeburg,Germany,52.1529858,11.6318161,READY_TO_IMPORT,VERIFIED_CURRENT,ok_official,https://rsg-group.api.magicline.com/connect/v1/studio,https://www.mcfit.com/studios,,"magicline_id=1307976090; tags=DE,McFIT,PK0,aktiv",germany_phase1
de_a8b30f7f97,McFIT,McFIT Magdeburg-Altstadt,Hasselbachplatz 2,39104,Magdeburg,Germany,52.12011159999999,11.6278296,READY_TO_IMPORT,VERIFIED_CURRENT,ok_official,https://rsg-group.api.magicline.com/connect/v1/studio,https://www.mcfit.com/studios,,"magicline_id=1308098500; tags=DE,McFIT,PK0,aktiv",germany_phase1
de_bbe9388c01,McFIT,McFIT Mainz,Rheinallee 191,55120,Mainz,Germany,50.0248812,8.2302222,READY_TO_IMPORT,VERIFIED_CURRENT,ok_official,https://rsg-group.api.magicline.com/connect/v1/studio,https://www.mcfit.com/studios,,"magicline_id=1699735990; tags=DE,McFIT,PK0,aktiv",germany_phase1
de_b5c22baa3c,McFIT,McFIT Mainz-Neustadt,Bonifaziusstr. 3,55118,Mainz,Germany,50.0030571,8.259903399999999,READY_TO_IMPORT,VERIFIED_CURRENT,ok_official,https://rsg-group.api.magicline.com/connect/v1/studio,https://www.mcfit.com/studios,,"magicline_id=2920588880; tags=DE,McFIT,PK0,aktiv",germany_phase1
de_d19d40e083,McFIT,McFIT Mannheim-Almenhof,Neckarauer Straße 90,68199,Mannheim,Germany,49.4622832,8.489983,READY_TO_IMPORT,VERIFIED_CURRENT,ok_official,https://rsg-group.api.magicline.com/connect/v1/studio,https://www.mcfit.com/studios,,"magicline_id=1674652050; tags=DE,McFIT,PK0,aktiv",germany_phase1
de_8e62ce63dc,McFIT,McFIT Mannheim-Käfertal,Weinheimer Str. 62 b,68309,Mannheim,Germany,49.5077553,8.5222038,READY_TO_IMPORT,VERIFIED_CURRENT,ok_official,https://rsg-group.api.magicline.com/connect/v1/studio,https://www.mcfit.com/studios,,"magicline_id=1674652490; tags=DE,McFIT,PK0,aktiv",germany_phase1
de_67ddd84711,McFIT,McFIT Marburg,Universitätsstr. 8,35037,Marburg,Germany,50.8065068,8.76938,READY_TO_IMPORT,VERIFIED_CURRENT,ok_official,https://rsg-group.api.magicline.com/connect/v1/studio,https://www.mcfit.com/studios,,"magicline_id=1300281990; tags=DE,McFIT,PK0,aktiv",germany_phase1
de_fc99a09528,McFIT,McFIT Mönchengladbach,Waldnieler Str. 225,41068,Mönchengladbach,Germany,51.19537820000001,6.410118100000001,READY_TO_IMPORT,VERIFIED_CURRENT,ok_official,https://rsg-group.api.magicline.com/connect/v1/studio,https://www.mcfit.com/studios,,"magicline_id=1501355920; tags=DE,McFIT,PK0,aktiv",germany_phase1
de_59c7690cf3,McFIT,McFIT Mönchengladbach-Pesch,Korschenbroicher Straße 178,41065,Mönchengladbach,Germany,51.1969277,6.460043900000001,READY_TO_IMPORT,VERIFIED_CURRENT,ok_official,https://rsg-group.api.magicline.com/connect/v1/studio,https://www.mcfit.com/studios,,"magicline_id=1501356000; tags=DE,McFIT,PK0,aktiv",germany_phase1
de_4c0a26a116,McFIT,McFIT Mülheim,Humboldtring 13,45472,Mülheim,Germany,51.43817809999999,6.9545923,READY_TO_IMPORT,VERIFIED_CURRENT,ok_official,https://rsg-group.api.magicline.com/connect/v1/studio,https://www.mcfit.com/studios,,"magicline_id=1487134350; tags=DE,McFIT,PK0,aktiv,hidden_webcheckout",germany_phase1
de_81f8e42c4e,McFIT,McFIT München-Forstenried,Meglingerstraße 19,81477,München,Germany,48.0924132,11.506929,READY_TO_IMPORT,VERIFIED_CURRENT,ok_official,https://rsg-group.api.magicline.com/connect/v1/studio,https://www.mcfit.com/studios,,"magicline_id=1858377100; tags=DE,McFIT,PK0,aktiv",germany_phase1
de_eba42a34c4,McFIT,McFIT München-Laim,Landsbergerstr. 163,80687,München,Germany,48.139287,11.5248132,READY_TO_IMPORT,VERIFIED_CURRENT,ok_official,https://rsg-group.api.magicline.com/connect/v1/studio,https://www.mcfit.com/studios,,"magicline_id=1882151370; tags=DE,McFIT,PK0,aktiv",germany_phase1
de_344be91020,McFIT,McFIT München-Obergiesing,Weißenseestraße 101,81539,München,Germany,48.1084064,11.5800128,READY_TO_IMPORT,VERIFIED_CURRENT,ok_official,https://rsg-group.api.magicline.com/connect/v1/studio,https://www.mcfit.com/studios,,"magicline_id=1879795550; tags=DE,McFIT,PK0,aktiv",germany_phase1
de_70df58f6a9,McFIT,McFIT München-Schwabing,Maria-Probst-Straße 17,80939,München,Germany,48.1929513,11.5925862,READY_TO_IMPORT,VERIFIED_CURRENT,ok_official,https://rsg-group.api.magicline.com/connect/v1/studio,https://www.mcfit.com/studios,,"magicline_id=1858374200; tags=DE,McFIT,PK0,aktiv",germany_phase1
de_1b2463f551,McFIT,McFIT Münster,Wolbecker Straße 16a,48155,Münster,Germany,51.9584652,7.6376782,READY_TO_IMPORT,VERIFIED_CURRENT,ok_official,https://rsg-group.api.magicline.com/connect/v1/studio,https://www.mcfit.com/studios,,"magicline_id=1447805280; tags=DE,McFIT,PK0,aktiv",germany_phase1
de_7dbe552c61,McFIT,McFIT Neu-Ulm,Vorwerkstr. 2,89231,Neu-Ulm,Germany,48.39472680000001,10.0154292,READY_TO_IMPORT,VERIFIED_CURRENT,ok_official,https://rsg-group.api.magicline.com/connect/v1/studio,https://www.mcfit.com/studios,,"magicline_id=1777569150; tags=DE,McFIT,PK0,aktiv",germany_phase1
de_2f25e0f325,McFIT,McFIT Neumünster,Rendsburger Straße 12-14,24534,Neumünster,Germany,54.0787809,9.9791759,READY_TO_IMPORT,VERIFIED_CURRENT,ok_official,https://rsg-group.api.magicline.com/connect/v1/studio,https://www.mcfit.com/studios,,"magicline_id=1265095530; tags=DE,McFIT,PK0,aktiv",germany_phase1
de_6b5ac83b10,McFIT,McFIT Neunkirchen,Karl-Schneider-Straße 1,66538,Neunkirchen,Germany,49.3491881,7.179605,READY_TO_IMPORT,VERIFIED_CURRENT,ok_official,https://rsg-group.api.magicline.com/connect/v1/studio,https://www.mcfit.com/studios,,"magicline_id=1699736310; tags=DE,McFIT,PK0,aktiv",germany_phase1
de_02b43d745d,McFIT,McFIT Neuss,Batteriestraße 7,41460,Neuss,Germany,51.202999,6.6921072,READY_TO_IMPORT,VERIFIED_CURRENT,ok_official,https://rsg-group.api.magicline.com/connect/v1/studio,https://www.mcfit.com/studios,,"magicline_id=1518063160; tags=DE,McFIT,PK0,aktiv",germany_phase1
de_b0b4fee4df,McFIT,McFIT Neuwied,Langendorfer Straße 84-86,56564,Neuwied,Germany,50.4307299,7.456903899999999,READY_TO_IMPORT,VERIFIED_CURRENT,ok_official,https://rsg-group.api.magicline.com/connect/v1/studio,https://www.mcfit.com/studios,,"magicline_id=1655147880; tags=DE,McFIT,PK0,aktiv",germany_phase1
de_b97e85d05d,McFIT,McFIT Nürnberg-Doos,Fürther Straße 301 - 303,90429,Nürnberg,Germany,49.459543,11.0233272,READY_TO_IMPORT,VERIFIED_CURRENT,ok_official,https://rsg-group.api.magicline.com/connect/v1/studio,https://www.mcfit.com/studios,,"magicline_id=1816185180; tags=DE,McFIT,PK0,aktiv",germany_phase1
de_dd7deaffba,McFIT,McFIT Nürnberg-Gibitzenhof,Frankenstraße 100,90461,Nürnberg,Germany,49.4293948,11.0816591,READY_TO_IMPORT,VERIFIED_CURRENT,ok_official,https://rsg-group.api.magicline.com/connect/v1/studio,https://www.mcfit.com/studios,,"magicline_id=1805981150; tags=DE,McFIT,PK0,aktiv",germany_phase1
de_f4ad28b81c,McFIT,McFIT Nürnberg-Gostenhof,Wolgemutstr. 2,90439,Nürnberg,Germany,49.4452157,11.0531127,READY_TO_IMPORT,VERIFIED_CURRENT,ok_official,https://rsg-group.api.magicline.com/connect/v1/studio,https://www.mcfit.com/studios,,"magicline_id=1799035060; tags=DE,McFIT,PK0,aktiv",germany_phase1
de_296f8764ce,McFIT,McFIT Nürnberg-Mögeldorf,Laufamholzstr. 38,90482,Nürnberg,Germany,49.4615531,11.1363658,READY_TO_IMPORT,VERIFIED_CURRENT,ok_official,https://rsg-group.api.magicline.com/connect/v1/studio,https://www.mcfit.com/studios,,"magicline_id=1799173150; tags=DE,McFIT,PK0,aktiv",germany_phase1
de_ec4153fcd4,McFIT,McFIT Oberhausen,Im Lipperfeld 23,46047,Oberhausen,Germany,51.4834514,6.8665368,READY_TO_IMPORT,VERIFIED_CURRENT,ok_official,https://rsg-group.api.magicline.com/connect/v1/studio,https://www.mcfit.com/studios,,"magicline_id=1493810330; tags=DE,McFIT,PK0,aktiv",germany_phase1
de_02e19e436d,McFIT,McFIT Oberhausen-Altstadt,Concordiastraße 32,46049,Oberhausen,Germany,51.47430060000001,6.842544299999999,READY_TO_IMPORT,VERIFIED_CURRENT,ok_official,https://rsg-group.api.magicline.com/connect/v1/studio,https://www.mcfit.com/studios,,"magicline_id=1495802570; tags=DE,McFIT,PK0,aktiv",germany_phase1
de_5720a89ff4,McFIT,McFIT Offenbach,Odenwaldring 70,63069,Offenbach,Germany,50.0880131,8.7610264,READY_TO_IMPORT,VERIFIED_CURRENT,ok_official,https://rsg-group.api.magicline.com/connect/v1/studio,https://www.mcfit.com/studios,,"magicline_id=1674652800; tags=DE,McFIT,PK0,aktiv",germany_phase1
de_01312ec029,McFIT,McFIT Oldenburg,Nadorster Str. 229,26123,Oldenburg,Germany,53.1630882,8.2243085,READY_TO_IMPORT,VERIFIED_CURRENT,ok_official,https://rsg-group.api.magicline.com/connect/v1/studio,https://www.mcfit.com/studios,,"magicline_id=1286387060; tags=DE,McFIT,PK0,aktiv",germany_phase1
de_64aeea2ae4,McFIT,McFIT Osnabrück,Hannoversche Str. 39,49084,Osnabrück,Germany,52.2636625,8.0686267,READY_TO_IMPORT,VERIFIED_CURRENT,ok_official,https://rsg-group.api.magicline.com/connect/v1/studio,https://www.mcfit.com/studios,,"magicline_id=1320982950; tags=DE,McFIT,PK0,aktiv",germany_phase1
de_dd003cb468,McFIT,McFIT Paderborn,Frankfurter Weg 6,33106,Paderborn,Germany,51.7079075,8.7203053,READY_TO_IMPORT,VERIFIED_CURRENT,ok_official,https://rsg-group.api.magicline.com/connect/v1/studio,https://www.mcfit.com/studios,,"magicline_id=1538574470; tags=DE,McFIT,PK0,aktiv",germany_phase1
de_415e9a929d,McFIT,McFIT Pforzheim,Goethestrasse 19,75173,Pforzheim,Germany,48.8916551,8.6950827,READY_TO_IMPORT,VERIFIED_CURRENT,ok_official,https://rsg-group.api.magicline.com/connect/v1/studio,https://www.mcfit.com/studios,,"magicline_id=1699736490; tags=DE,McFIT,PK0,aktiv",germany_phase1
de_342486361b,McFIT,McFIT Ratingen,Boschstraße 3,40880,Ratingen,Germany,51.29952,6.818449999999999,READY_TO_IMPORT,VERIFIED_CURRENT,ok_official,https://rsg-group.api.magicline.com/connect/v1/studio,https://www.mcfit.com/studios,,"magicline_id=1501355840; tags=DE,McFIT,PK0,aktiv",germany_phase1
de_6880b41b03,McFIT,McFIT Recklinghausen,Westring 1,45659,Recklinghausen,Germany,51.6037251,7.1855826,READY_TO_IMPORT,VERIFIED_CURRENT,ok_official,https://rsg-group.api.magicline.com/connect/v1/studio,https://www.mcfit.com/studios,,"magicline_id=1456341620; tags=DE,McFIT,PK0,aktiv",germany_phase1
de_5ad6bca18a,McFIT,McFIT Regensburg-Reinhausen,Frankenstraße 2c,93059,Regensburg,Germany,49.02836569999999,12.1111379,READY_TO_IMPORT,VERIFIED_CURRENT,ok_official,https://rsg-group.api.magicline.com/connect/v1/studio,https://www.mcfit.com/studios,,"magicline_id=1832288610; tags=DE,McFIT,PK0,aktiv",germany_phase1
de_360190fe5a,McFIT,McFIT Remscheid,Neuenkamper Straße 21,42855,Remscheid,Germany,51.1781395,7.2077886,READY_TO_IMPORT,VERIFIED_CURRENT,ok_official,https://rsg-group.api.magicline.com/connect/v1/studio,https://www.mcfit.com/studios,,"magicline_id=1518063650; tags=DE,McFIT,PK0,aktiv",germany_phase1
de_c085cbeb98,McFIT,McFIT Reutlingen,Am Echazufer 20,72764,Reutlingen,Germany,48.4872036,9.2176153,READY_TO_IMPORT,VERIFIED_CURRENT,ok_official,https://rsg-group.api.magicline.com/connect/v1/studio,https://www.mcfit.com/studios,,"magicline_id=1777569990; tags=DE,McFIT,PK0,aktiv",germany_phase1
de_e3bf96a291,McFIT,McFIT Rheine,Kardinal-Galen-Ring 40,48431,Rheine,Germany,52.27745849999999,7.434438699999999,READY_TO_IMPORT,VERIFIED_CURRENT,ok_official,https://rsg-group.api.magicline.com/connect/v1/studio,https://www.mcfit.com/studios,,"magicline_id=1326024770; tags=DE,McFIT,PK0,aktiv",germany_phase1
de_157671a28f,McFIT,McFIT Rosenheim,Luitpoldstr. 4-6,83031,Rosenheim,Germany,47.85127000000001,12.11841,READY_TO_IMPORT,VERIFIED_CURRENT,ok_official,https://rsg-group.api.magicline.com/connect/v1/studio,https://www.mcfit.com/studios,,"magicline_id=3119807980; tags=DE,McFIT,PK0,aktiv",germany_phase1
de_4e9457fb93,McFIT,McFIT Rostock,Trelleborgerstr. 6,18107,Rostock,Germany,54.1335981,12.0618298,READY_TO_IMPORT,VERIFIED_CURRENT,ok_official,https://rsg-group.api.magicline.com/connect/v1/studio,https://www.mcfit.com/studios,,"magicline_id=1261222410; tags=DE,McFIT,PK0,aktiv",germany_phase1
de_fb0cc5e485,McFIT,McFIT Saarbrücken,Eschbergerweg 1,66121,Saarbrücken,Germany,49.2270414,7.0229539,READY_TO_IMPORT,VERIFIED_CURRENT,ok_official,https://rsg-group.api.magicline.com/connect/v1/studio,https://www.mcfit.com/studios,,"magicline_id=1699736940; tags=DE,McFIT,PK0,aktiv",germany_phase1
de_9ab779645e,McFIT,McFIT Salzgitter,Konrad-Adenauer-Straße 99-115,38226,Salzgitter,Germany,52.1534024,10.3434279,READY_TO_IMPORT,VERIFIED_CURRENT,ok_official,https://rsg-group.api.magicline.com/connect/v1/studio,https://www.mcfit.com/studios,,"magicline_id=1315044800; tags=DE,McFIT,PK0,aktiv",germany_phase1
de_2c23073b39,McFIT,McFIT Schweinfurt,Rudolf-Diesel-Straße 14a,97424,Schweinfurt,Germany,50.03347,10.23191,READY_TO_IMPORT,VERIFIED_CURRENT,ok_official,https://rsg-group.api.magicline.com/connect/v1/studio,https://www.mcfit.com/studios,,"magicline_id=1777569060; tags=DE,McFIT,PK0,aktiv",germany_phase1
de_f1ee92e418,McFIT,McFIT Schwerin,Am Grünen Tal 10-39,19063,Schwerin,Germany,53.5976286,11.4401338,READY_TO_IMPORT,VERIFIED_CURRENT,ok_official,https://rsg-group.api.magicline.com/connect/v1/studio,https://www.mcfit.com/studios,,"magicline_id=1214245660; tags=DE,McFIT,PK0,aktiv",germany_phase1
de_60638e1215,McFIT,McFIT Siegen,Sandstraße 31,57072,Siegen,Germany,50.8767639,8.0214266,READY_TO_IMPORT,VERIFIED_CURRENT,ok_official,https://rsg-group.api.magicline.com/connect/v1/studio,https://www.mcfit.com/studios,,"magicline_id=1287088900; tags=DE,McFIT,PK0,aktiv",germany_phase1
de_0df2098cef,McFIT,McFIT Sindelfingen,Böblinger Straße 130,71065,Sindelfingen,Germany,48.6978193,9.0070145,READY_TO_IMPORT,VERIFIED_CURRENT,ok_official,https://rsg-group.api.magicline.com/connect/v1/studio,https://www.mcfit.com/studios,,"magicline_id=1731068920; tags=DE,McFIT,PK0,aktiv",germany_phase1
de_b0b426b201,McFIT,McFIT Soest,Altes Stellwerk 5,59494,Soest,Germany,51.5754373,8.1150474,READY_TO_IMPORT,VERIFIED_CURRENT,ok_official,https://rsg-group.api.magicline.com/connect/v1/studio,https://www.mcfit.com/studios,,"magicline_id=1324491280; tags=DE,McFIT,PK0,aktiv",germany_phase1
de_74ef1e5247,McFIT,McFIT Solingen,Kamperstr. 8,42699,Solingen,Germany,51.15917899999999,7.005285499999999,READY_TO_IMPORT,VERIFIED_CURRENT,ok_official,https://rsg-group.api.magicline.com/connect/v1/studio,https://www.mcfit.com/studios,,"magicline_id=1333102490; tags=DE,McFIT,PK0,aktiv",germany_phase1
de_97a3ddfc9f,McFIT,McFIT Solingen-Mitte,Mühlenplatz 1,42651,Solingen,Germany,51.1737507,7.0844615,READY_TO_IMPORT,VERIFIED_CURRENT,ok_official,https://rsg-group.api.magicline.com/connect/v1/studio,https://www.mcfit.com/studios,,"magicline_id=1300538400; tags=DE,McFIT,PK0,aktiv",germany_phase1
de_2033322657,McFIT,McFIT Stuttgart-Feuerbach,Heilbronner Straße 389+391,70469,Stuttgart,Germany,48.82149390000001,9.1723488,READY_TO_IMPORT,VERIFIED_CURRENT,ok_official,https://rsg-group.api.magicline.com/connect/v1/studio,https://www.mcfit.com/studios,,"magicline_id=1731333930; tags=DE,McFIT,PK0,aktiv",germany_phase1
de_61c0a1394d,McFIT,McFIT Stuttgart-Mitte,Wilhelmplatz 11,70182,Stuttgart,Germany,48.7710439,9.1777069,READY_TO_IMPORT,VERIFIED_CURRENT,ok_official,https://rsg-group.api.magicline.com/connect/v1/studio,https://www.mcfit.com/studios,,"magicline_id=1731421430; tags=DE,McFIT,PK0,aktiv",germany_phase1
de_d9a5b57aa9,McFIT,McFIT Stuttgart-Mühlhausen,Aldinger Str. 70,70378,Stuttgart,Germany,48.8402884,9.229234,READY_TO_IMPORT,VERIFIED_CURRENT,ok_official,https://rsg-group.api.magicline.com/connect/v1/studio,https://www.mcfit.com/studios,,"magicline_id=1699736840; tags=DE,McFIT,PK0,aktiv",germany_phase1
de_4c87d7d865,McFIT,McFIT Trier,Zurmaiener Straße 155-157,54292,Trier,Germany,49.7712872,6.657466599999999,READY_TO_IMPORT,VERIFIED_CURRENT,ok_official,https://rsg-group.api.magicline.com/connect/v1/studio,https://www.mcfit.com/studios,,"magicline_id=1613591080; tags=DE,McFIT,PK0,aktiv",germany_phase1
de_5df2745603,McFIT,McFIT Tübingen,Eugenstraße 74,72072,Tübingen,Germany,48.5128189,9.0699619,READY_TO_IMPORT,VERIFIED_CURRENT,ok_official,https://rsg-group.api.magicline.com/connect/v1/studio,https://www.mcfit.com/studios,,"magicline_id=1731766900; tags=DE,McFIT,PK0,aktiv",germany_phase1
de_87af179e94,McFIT,McFIT Velbert,Friedrichstraße 191-193,42551,Velbert,Germany,51.3378938,7.049045899999999,READY_TO_IMPORT,VERIFIED_CURRENT,ok_official,https://rsg-group.api.magicline.com/connect/v1/studio,https://www.mcfit.com/studios,,"magicline_id=1330877890; tags=DE,McFIT,PK0,aktiv",germany_phase1
de_051da9a8bc,McFIT,McFIT Wiesbaden,Mainzer Str. 133,65187,Wiesbaden,Germany,50.0568445,8.2551785,READY_TO_IMPORT,VERIFIED_CURRENT,ok_official,https://rsg-group.api.magicline.com/connect/v1/studio,https://www.mcfit.com/studios,,"magicline_id=1724102500; tags=DE,McFIT,PK0,aktiv",germany_phase1
de_359c3d3bbf,McFIT,McFIT Wilhelmshaven,Grenzstraße 24,26382,Wilhelmshaven,Germany,53.52234499999999,8.1104872,CLOSED,CLOSED,,https://rsg-group.api.magicline.com/connect/v1/studio,https://www.mcfit.com/studios,,"magicline_id=1282502730; tags=DE,McFIT,PK0,hidden_webcheckout,inaktiv",germany_phase1
de_1c932cdcf4,McFIT,McFIT Witten,Dortmunder Str. 19,58455,Witten,Germany,51.4416247,7.348549999999999,READY_TO_IMPORT,VERIFIED_CURRENT,ok_official,https://rsg-group.api.magicline.com/connect/v1/studio,https://www.mcfit.com/studios,,"magicline_id=1470853850; tags=DE,McFIT,PK0,aktiv",germany_phase1
de_4eb3050689,McFIT,McFIT Wolfsburg,Daimlerstraße 11,38446,Wolfsburg,Germany,52.42926509999999,10.8016129,READY_TO_IMPORT,VERIFIED_CURRENT,ok_official,https://rsg-group.api.magicline.com/connect/v1/studio,https://www.mcfit.com/studios,,"magicline_id=1341260900; tags=DE,McFIT,PK0,aktiv",germany_phase1
de_b78d785afd,McFIT,McFIT Worms,Schönauer Straße 4a,67547,Worms,Germany,49.62681,8.35956,READY_TO_IMPORT,VERIFIED_CURRENT,ok_official,https://rsg-group.api.magicline.com/connect/v1/studio,https://www.mcfit.com/studios,,"magicline_id=2921886310; tags=DE,McFIT,PK0,aktiv",germany_phase1
de_7829430381,McFIT,McFIT Wuppertal-Barmen,Höhne 80-82,42275,Wuppertal,Germany,51.27098849999999,7.204704200000001,READY_TO_IMPORT,VERIFIED_CURRENT,ok_official,https://rsg-group.api.magicline.com/connect/v1/studio,https://www.mcfit.com/studios,,"magicline_id=1501358190; tags=DE,McFIT,PK0,aktiv",germany_phase1
de_da9ae4028c,McFIT,McFIT Wuppertal-Elberfeld,Hofkamp 142-144,42103,Wuppertal,Germany,51.2572057,7.158365300000001,READY_TO_IMPORT,VERIFIED_CURRENT,ok_official,https://rsg-group.api.magicline.com/connect/v1/studio,https://www.mcfit.com/studios,,"magicline_id=1511016690; tags=DE,McFIT,PK0,aktiv",germany_phase1
de_11a49af4f2,McFIT,McFIT Würzburg,Grombühlstraße 52,97080,Würzburg,Germany,49.80029560000001,9.9509144,READY_TO_IMPORT,VERIFIED_CURRENT,ok_official,https://rsg-group.api.magicline.com/connect/v1/studio,https://www.mcfit.com/studios,,"magicline_id=1790336890; tags=DE,McFIT,PK0,aktiv",germany_phase1
de_238b017f16,McFIT,McFIT Würzburg-Lengfeld,Am Handelshof 2,97076,Würzburg,Germany,49.8157219,9.9805768,READY_TO_IMPORT,VERIFIED_CURRENT,ok_official,https://rsg-group.api.magicline.com/connect/v1/studio,https://www.mcfit.com/studios,,"magicline_id=2917397480; tags=DE,McFIT,PK0,aktiv",germany_phase1
de_dab496fe8c,McFIT,McFIT Zwickau,Oskar-Arnold-Straße 14,08056,Zwickau,Germany,50.7065843,12.5011422,READY_TO_IMPORT,VERIFIED_CURRENT,ok_official,https://rsg-group.api.magicline.com/connect/v1/studio,https://www.mcfit.com/studios,,"magicline_id=1897099900; tags=DE,McFIT,PK0,aktiv",germany_phase1
de_d1a707af44,Pfitzenmeier,Pfitzenmeier Bensheim Premium Resort mit AquaDome,Stubenwaldallee 25,64625,Bensheim,Germany,49.6714571,8.584231600000066,READY_TO_IMPORT,VERIFIED_CURRENT,,https://www.pfitzenmeier.de/kontakt/studios/,https://www.pfitzenmeier.de/standorte/,,phase3_owned_club; concept=Premium Resort,germany_phase3
de_9e7122df93,Pfitzenmeier,Pfitzenmeier Karlsruhe Premium Resort mit AquaDome,Rudolf-Freytag-Straße 6,76189,Karlsruhe,Germany,48.99959,8.346490000000017,READY_TO_IMPORT,VERIFIED_CURRENT,,https://www.pfitzenmeier.de/kontakt/studios/,https://www.pfitzenmeier.de/standorte/,,phase3_owned_club; concept=Premium Resort,germany_phase3
de_fffc2e7232,Pfitzenmeier,Pfitzenmeier Mannheim City Airport Premium Resort mit AquaDome,Seckenheimer Landstraße 166,68163,Mannheim,Germany,49.4771267,8.521166300000004,READY_TO_IMPORT,VERIFIED_CURRENT,,https://www.pfitzenmeier.de/kontakt/studios/,https://www.pfitzenmeier.de/standorte/,,phase3_owned_club; concept=Premium Resort,germany_phase3
de_8911405f6f,Pfitzenmeier,Pfitzenmeier Neustadt Premium Resort mit AquaDome,Le Quartier Hornbach 31,67433,Neustadt,Germany,49.3390034,8.168404499999951,READY_TO_IMPORT,VERIFIED_CURRENT,,https://www.pfitzenmeier.de/kontakt/studios/,https://www.pfitzenmeier.de/standorte/,,phase3_owned_club; concept=Premium Resort,germany_phase3
de_9fc9ad1ed1,Pfitzenmeier,Pfitzenmeier MediFit Gesundheitszentrum Premium Clubs,Markgrafenstraße 2,68723,Schwetzingen,Germany,49.37941499999999,8.574679500000002,READY_TO_IMPORT,VERIFIED_CURRENT,,https://www.pfitzenmeier.de/kontakt/studios/,https://www.pfitzenmeier.de/standorte/,,phase3_owned_club; concept=Premium Club,germany_phase3
de_8385309b42,Pfitzenmeier,Pfitzenmeier Schwetzingen Premium Resort mit AquaDome,Duisburger Straße 3,68723,Schwetzingen,Germany,49.4012482,8.558950299999992,READY_TO_IMPORT,VERIFIED_CURRENT,,https://www.pfitzenmeier.de/kontakt/studios/,https://www.pfitzenmeier.de/standorte/,,phase3_owned_club; concept=Premium Resort,germany_phase3
de_705b54530e,Pfitzenmeier,Pfitzenmeier Speyer Premium Resort mit AquaDome,Iggelheimer Straße 24,67346,Speyer,Germany,49.3337489,8.416950600000064,READY_TO_IMPORT,VERIFIED_CURRENT,,https://www.pfitzenmeier.de/kontakt/studios/,https://www.pfitzenmeier.de/standorte/,,phase3_owned_club; concept=Premium Resort,germany_phase3
de_4d79acdfdb,Pfitzenmeier,Pfitzenmeier Wiesloch Premium Clubs,Güterstraße 1,69168,Wiesloch,Germany,49.2927579,8.669926499999974,READY_TO_IMPORT,VERIFIED_CURRENT,,https://www.pfitzenmeier.de/kontakt/studios/,https://www.pfitzenmeier.de/standorte/,,phase3_owned_club; concept=Premium Club,germany_phase3
de_934fa07c28,PRIME TIME fitness,PRIME TIME fitness Bockenheim frankfurt,Clemensstraße 10,60487,Frankfurt,Germany,50.12138889865517,8.64975923870336,READY_TO_IMPORT,VERIFIED_CURRENT,ok_official,https://www.primetime-fitness.de/de/fitnessstudios/frankfurt/bockenheim,https://www.primetime-fitness.de/de/fitnessstudios/frankfurt/bockenheim,,,germany_phase1
de_f2d3ec9761,PRIME TIME fitness,PRIME TIME fitness Bornheim frankfurt,Berger Straße 147,60385,Frankfurt,Germany,50.12461220962248,8.70443886588743,READY_TO_IMPORT,VERIFIED_CURRENT,ok_official,https://www.primetime-fitness.de/de/fitnessstudios/frankfurt/bornheim,https://www.primetime-fitness.de/de/fitnessstudios/frankfurt/bornheim,,,germany_phase1
de_cb72d10211,PRIME TIME fitness,PRIME TIME fitness Colosseo frankfurt,Walther-von-Cronberg-Platz 16,60594,Frankfurt,Germany,50.105196231035464,8.695364759166536,READY_TO_IMPORT,VERIFIED_CURRENT,ok_official,https://www.primetime-fitness.de/de/fitnessstudios/frankfurt/sachsenhausen-colosseo,https://www.primetime-fitness.de/de/fitnessstudios/frankfurt/sachsenhausen-colosseo,,,germany_phase1
de_aa46f6623f,PRIME TIME fitness,PRIME TIME fitness Four frankfurt,Große Gallusstraße 6,60315,Frankfurt,Germany,50.1122067,8.6744455,READY_TO_IMPORT,VERIFIED_CURRENT,ok_official,https://www.primetime-fitness.de/de/fitnessstudios/frankfurt/the-four,https://www.primetime-fitness.de/de/fitnessstudios/frankfurt/the-four,,,germany_phase1
de_dac90db3ba,PRIME TIME fitness,PRIME TIME fitness Main Tower frankfurt,Neue Mainzer Straße 52–58,60311,Frankfurt,Germany,50.11239255054133,8.672105121026734,READY_TO_IMPORT,VERIFIED_CURRENT,ok_official,https://www.primetime-fitness.de/de/fitnessstudios/frankfurt/main-tower,https://www.primetime-fitness.de/de/fitnessstudios/frankfurt/main-tower,,,germany_phase1
de_d4aab6894c,PRIME TIME fitness,PRIME TIME fitness Romeo & Julia frankfurt,Ulmenstraße 37-39,60325,Frankfurt,Germany,50.1157502634045,8.665238690044388,READY_TO_IMPORT,VERIFIED_CURRENT,ok_official,https://www.primetime-fitness.de/de/fitnessstudios/frankfurt/romeojulia,https://www.primetime-fitness.de/de/fitnessstudios/frankfurt/romeojulia,,,germany_phase1
de_e88fb0da57,PRIME TIME fitness,PRIME TIME fitness Schweizer Platz frankfurt,Schwanthalerstraße 48a,60596,Frankfurt,Germany,50.10089986423233,8.679636411429035,READY_TO_IMPORT,VERIFIED_CURRENT,ok_official,https://www.primetime-fitness.de/de/fitnessstudios/frankfurt/frankfurt-schweizer-platz,https://www.primetime-fitness.de/de/fitnessstudios/frankfurt/frankfurt-schweizer-platz,,,germany_phase1
de_b3e542d4e8,PRIME TIME fitness,PRIME TIME fitness Westend frankfurt,Bockenheimer Landstraße 24,60325,Frankfurt,Germany,50.11754434147038,8.666383348569422,READY_TO_IMPORT,VERIFIED_CURRENT,ok_official,https://www.primetime-fitness.de/de/fitnessstudios/frankfurt/westend,https://www.primetime-fitness.de/de/fitnessstudios/frankfurt/westend,,,germany_phase1
de_6b79418955,PRIME TIME fitness,PRIME TIME fitness Fitnessstudios Fitnessstudios Frankfurt,Bockenheimer Landstraße 33,60325,Frankfurt am Main,Germany,50.116385,8.666574,READY_TO_IMPORT,VERIFIED_CURRENT,ok,https://www.primetime-fitness.de/de/fitnessstudios/frankfurt,https://www.primetime-fitness.de/de/fitnessstudios/frankfurt,,,germany_phase1
de_46ec60001b,PRIME TIME fitness,PRIME TIME fitness Eppendorf hamburg,Eppendorfer Landstraße 23,20249,Hamburg,Germany,53.58727283946413,9.983894332185706,READY_TO_IMPORT,VERIFIED_CURRENT,ok_official,https://www.primetime-fitness.de/de/fitnessstudios/hamburg/hamburg-eppendorf,https://www.primetime-fitness.de/de/fitnessstudios/hamburg/hamburg-eppendorf,,,germany_phase1
de_7a091069f5,PRIME TIME fitness,PRIME TIME fitness ESN Gym by PRIME TIME fitness hamburg,Großer Burstah 18,20457,Hamburg,Germany,53.54855999181578,9.989914044640106,READY_TO_IMPORT,VERIFIED_CURRENT,ok_official,https://www.primetime-fitness.de/de/fitnessstudios/hamburg/hamburg-esn-gym,https://www.primetime-fitness.de/de/fitnessstudios/hamburg/hamburg-esn-gym,,,germany_phase1
de_8faa2b8064,PRIME TIME fitness,PRIME TIME fitness HafenCity hamburg,Überseeboulevard 3,20457,Hamburg,Germany,53.54199620743296,9.998166828092602,READY_TO_IMPORT,VERIFIED_CURRENT,ok_official,https://www.primetime-fitness.de/de/fitnessstudios/hamburg/hafencity,https://www.primetime-fitness.de/de/fitnessstudios/hamburg/hafencity,,,germany_phase1
de_6ab4ad00be,PRIME TIME fitness,PRIME TIME fitness Hoheluft hamburg,Straßenbahnring 15,20251,Hamburg,Germany,53.58041779918355,9.974743274282998,READY_TO_IMPORT,VERIFIED_CURRENT,ok_official,https://www.primetime-fitness.de/de/fitnessstudios/hamburg/hamburg-hoheluft,https://www.primetime-fitness.de/de/fitnessstudios/hamburg/hamburg-hoheluft,,,germany_phase1
de_bee27b8178,PRIME TIME fitness,PRIME TIME fitness Kampnagel hamburg,Barmbeker Str. 10,22303,Hamburg,Germany,53.58306837620613,10.019684748420493,READY_TO_IMPORT,VERIFIED_CURRENT,ok_official,https://www.primetime-fitness.de/de/fitnessstudios/hamburg/kampnagel,https://www.primetime-fitness.de/de/fitnessstudios/hamburg/kampnagel,,,germany_phase1
de_2965d206dc,PRIME TIME fitness,PRIME TIME fitness Winterhude hamburg,Dorotheenstraße 84,22301,Hamburg,Germany,53.585603903855244,10.00660885007088,READY_TO_IMPORT,VERIFIED_CURRENT,ok_official,https://www.primetime-fitness.de/de/fitnessstudios/hamburg/winterhude,https://www.primetime-fitness.de/de/fitnessstudios/hamburg/winterhude,,,germany_phase1
de_9bb5031a22,PRIME TIME fitness,PRIME TIME fitness Laim muenchen,Fürstenriederstraße 68,80686,München,Germany,48.135675262578076,11.502530898337055,READY_TO_IMPORT,VERIFIED_CURRENT,ok_official,https://www.primetime-fitness.de/de/fitnessstudios/muenchen/laim,https://www.primetime-fitness.de/de/fitnessstudios/muenchen/laim,,,germany_phase1
de_b8795e640c,PRIME TIME fitness,PRIME TIME fitness Leopoldstraße muenchen,Leopoldstraße 25,80802,München,Germany,48.1579167720016,11.584361172009777,READY_TO_IMPORT,VERIFIED_CURRENT,ok_official,https://www.primetime-fitness.de/de/fitnessstudios/muenchen/leopoldstrasse,https://www.primetime-fitness.de/de/fitnessstudios/muenchen/leopoldstrasse,,,germany_phase1
de_626419a740,PRIME TIME fitness,PRIME TIME fitness Maximilianstraße muenchen,Maximilianstraße 35,80539,München,Germany,48.138673108664065,11.584408979197612,READY_TO_IMPORT,VERIFIED_CURRENT,ok_official,https://www.primetime-fitness.de/de/fitnessstudios/muenchen/maximilianstrasse,https://www.primetime-fitness.de/de/fitnessstudios/muenchen/maximilianstrasse,,,germany_phase1
de_2ccb30ba14,PRIME TIME fitness,PRIME TIME fitness Viktualienmarkt muenchen,Frauenstraße 12,80469,München,Germany,48.134350908256124,11.577378298707492,READY_TO_IMPORT,VERIFIED_CURRENT,ok_official,https://www.primetime-fitness.de/de/fitnessstudios/muenchen/viktualienmarkt,https://www.primetime-fitness.de/de/fitnessstudios/muenchen/viktualienmarkt,,,germany_phase1
de_bb6879af94,PRIME TIME fitness,PRIME TIME fitness Werksviertel muenchen,Hanne-Hiob-Straße 6,81671,München,Germany,48.1257252,11.6112925,READY_TO_IMPORT,VERIFIED_CURRENT,ok_official,https://www.primetime-fitness.de/de/fitnessstudios/muenchen/werksviertel,https://www.primetime-fitness.de/de/fitnessstudios/muenchen/werksviertel,,,germany_phase1
de_b69af643ef,PRIME TIME fitness,PRIME TIME fitness Hüfingen schwarzwald,Bregstraße 3,78183,Schwarzwald,Germany,47.93280079292501,8.494902685082165,READY_TO_IMPORT,VERIFIED_CURRENT,ok_official,https://www.primetime-fitness.de/de/fitnessstudios/schwarzwald/huefingen,https://www.primetime-fitness.de/de/fitnessstudios/schwarzwald/huefingen,,,germany_phase1
de_44169f1d2a,PRIME TIME fitness,PRIME TIME fitness Mainz-Kastel wiesbaden,Kronenstraße 1,55252,Wiesbaden,Germany,50.00707533181567,8.284047952703085,READY_TO_IMPORT,VERIFIED_CURRENT,ok_official,https://www.primetime-fitness.de/de/fitnessstudios/wiesbaden/mainz-kastel,https://www.primetime-fitness.de/de/fitnessstudios/wiesbaden/mainz-kastel,,,germany_phase1
de_23fe7c024b,VeniceBeach,VeniceBeach Lady Bensheim,Zeppelinstr. 2-4,64625,Bensheim,Germany,49.68616,8.590097,READY_TO_IMPORT,VERIFIED_CURRENT,ok,https://www.venicebeach-fitness.de/clubs/venicebeach-lady/bensheim/,https://www.venicebeach-fitness.de/clubs/venicebeach-lady/bensheim/,,phase3_venicebeach; concept=VeniceBeach Lady; concept=VeniceBeach Lady,germany_phase3
de_c4718e5f8e,VeniceBeach,VeniceBeach Bruchsal,Prinz-Wilhelm-Str. 2-4,76646,Bruchsal,Germany,49.121711,8.588585,READY_TO_IMPORT,VERIFIED_CURRENT,ok,https://www.venicebeach-fitness.de/clubs/venicebeach/bruchsal/,https://www.venicebeach-fitness.de/clubs/venicebeach/bruchsal/,,phase3_venicebeach; concept=VeniceBeach; concept=VeniceBeach,germany_phase3
de_5d17713550,VeniceBeach,VeniceBeach Plus Bruchsal,Stegwiesenstraße 6-8,76646,Bruchsal,Germany,49.138145,8.592087,READY_TO_IMPORT,VERIFIED_CURRENT,ok,https://www.venicebeach-fitness.de/clubs/venicebeach-plus/bruchsal/,https://www.venicebeach-fitness.de/clubs/venicebeach-plus/bruchsal/,,phase3_venicebeach; concept=VeniceBeach Plus; concept=VeniceBeach Plus,germany_phase3
de_2c5edf9336,VeniceBeach,VeniceBeach Frankenthal,Schraderstraße 37,67227,Frankenthal,Germany,49.52113,8.352025,READY_TO_IMPORT,VERIFIED_CURRENT,ok,https://www.venicebeach-fitness.de/clubs/venicebeach/frankenthal.html,https://www.venicebeach-fitness.de/clubs/venicebeach/frankenthal.html,,phase3_venicebeach; concept=VeniceBeach; concept=VeniceBeach,germany_phase3
de_dcddf036b8,VeniceBeach,VeniceBeach Germersheim,,76726,Germersheim,Germany,,,NEEDS_REVIEW,VERIFIED_CURRENT,,https://www.venicebeach-fitness.de/clubs/venicebeach/germersheim.html,https://www.venicebeach-fitness.de/clubs/venicebeach/germersheim.html,,phase3_venicebeach; concept=VeniceBeach; concept=VeniceBeach,germany_phase3
de_fc3aae026f,VeniceBeach,VeniceBeach Gruenstadt,Industriestraße 25,67269,Grünstadt,Germany,49.555707,8.17807,READY_TO_IMPORT,VERIFIED_CURRENT,ok,https://www.venicebeach-fitness.de/clubs/venicebeach/gruenstadt.html,https://www.venicebeach-fitness.de/clubs/venicebeach/gruenstadt.html,,phase3_venicebeach; concept=VeniceBeach; concept=VeniceBeach,germany_phase3
de_d4c3069a04,VeniceBeach,VeniceBeach Hassloch,Anilinstraße 75,67454,Haßloch,Germany,,,NEEDS_COORDINATES,VERIFIED_CURRENT,ambiguous,https://www.venicebeach-fitness.de/clubs/venicebeach/hassloch/,https://www.venicebeach-fitness.de/clubs/venicebeach/hassloch/,,phase3_venicebeach; concept=VeniceBeach; concept=VeniceBeach,germany_phase3
de_b13ea2be38,VeniceBeach,VeniceBeach Heidelberg Bahnstadt,,69115,Heidelberg,Germany,,,NEEDS_REVIEW,VERIFIED_CURRENT,,https://www.venicebeach-fitness.de/clubs/venicebeach/heidelberg-bahnstadt.html,https://www.venicebeach-fitness.de/clubs/venicebeach/heidelberg-bahnstadt.html,,phase3_venicebeach; concept=VeniceBeach; concept=VeniceBeach,germany_phase3
de_a144ec7ffc,VeniceBeach,VeniceBeach Heidelberg West,,69123,Heidelberg,Germany,,,NEEDS_REVIEW,VERIFIED_CURRENT,,https://www.venicebeach-fitness.de/clubs/venicebeach/heidelberg-west/,https://www.venicebeach-fitness.de/clubs/venicebeach/heidelberg-west/,,phase3_venicebeach; concept=VeniceBeach; concept=VeniceBeach,germany_phase3
de_6d9750a573,VeniceBeach,VeniceBeach Supreme Heidelberg Carre,Poststraße 1-3,69115,Heidelberg,Germany,,,NEEDS_COORDINATES,VERIFIED_CURRENT,ambiguous,https://www.venicebeach-fitness.de/clubs/venicebeach-supreme/heidelberg-carre/,https://www.venicebeach-fitness.de/clubs/venicebeach-supreme/heidelberg-carre/,,phase3_venicebeach; concept=VeniceBeach Supreme; concept=VeniceBeach Supreme,germany_phase3
de_ba9ea1676c,VeniceBeach,VeniceBeach Heppenheim,Weiherhausstraße 18,64646,Heppenheim,Germany,49.648466,8.629034,READY_TO_IMPORT,VERIFIED_CURRENT,ok,https://www.venicebeach-fitness.de/clubs/venicebeach/heppenheim.html,https://www.venicebeach-fitness.de/clubs/venicebeach/heppenheim.html,,phase3_venicebeach; concept=VeniceBeach; concept=VeniceBeach,germany_phase3
de_b287ef0f7a,VeniceBeach,VeniceBeach Plus Karlsruhe Postgalerie,Kaiserstraße 217,76133,Karlsruhe,Germany,49.009363,8.394174,READY_TO_IMPORT,VERIFIED_CURRENT,ok,https://www.venicebeach-fitness.de/clubs/venicebeach-plus/karlsruhe-postgalerie/,https://www.venicebeach-fitness.de/clubs/venicebeach-plus/karlsruhe-postgalerie/,,phase3_venicebeach; concept=VeniceBeach Plus; concept=VeniceBeach Plus,germany_phase3
de_03f22432fc,VeniceBeach,VeniceBeach Ketsch,,68775,Ketsch,Germany,,,NEEDS_REVIEW,VERIFIED_CURRENT,,https://www.venicebeach-fitness.de/clubs/venicebeach/ketsch.html,https://www.venicebeach-fitness.de/clubs/venicebeach/ketsch.html,,phase3_venicebeach; concept=VeniceBeach; concept=VeniceBeach,germany_phase3
de_181ecc0d36,VeniceBeach,VeniceBeach Leimen,Ferdinand-Porsche-Straße 4,69181,Leimen,Germany,49.34409,8.678647,READY_TO_IMPORT,VERIFIED_CURRENT,ok,https://www.venicebeach-fitness.de/clubs/venicebeach/leimen.html,https://www.venicebeach-fitness.de/clubs/venicebeach/leimen.html,,phase3_venicebeach; concept=VeniceBeach; concept=VeniceBeach,germany_phase3
de_6f14c74ff6,VeniceBeach,VeniceBeach Mannheim City P7,,68161,Mannheim,Germany,,,NEEDS_REVIEW,VERIFIED_CURRENT,,https://www.venicebeach-fitness.de/clubs/venicebeach/mannheim-city-p7.html,https://www.venicebeach-fitness.de/clubs/venicebeach/mannheim-city-p7.html,,phase3_venicebeach; concept=VeniceBeach; concept=VeniceBeach,germany_phase3
de_c8eda625f6,VeniceBeach,VeniceBeach Mannheim Glueckstein,John-Deere-Str. 77,68163,Mannheim,Germany,49.472987,8.477665,READY_TO_IMPORT,VERIFIED_CURRENT,ok,https://www.venicebeach-fitness.de/clubs/venicebeach/mannheim-glueckstein.html,https://www.venicebeach-fitness.de/clubs/venicebeach/mannheim-glueckstein.html,,phase3_venicebeach; concept=VeniceBeach; concept=VeniceBeach,germany_phase3
de_bb5c1517a1,VeniceBeach,VeniceBeach Mannheim Kaefertal,,68309,Mannheim,Germany,,,NEEDS_REVIEW,VERIFIED_CURRENT,,https://www.venicebeach-fitness.de/clubs/venicebeach/mannheim-kaefertal/,https://www.venicebeach-fitness.de/clubs/venicebeach/mannheim-kaefertal/,,phase3_venicebeach; concept=VeniceBeach; concept=VeniceBeach,germany_phase3
de_ab4e794b14,VeniceBeach,VeniceBeach Plus Mannheim Fahrlach,Gottlieb-Daimler-Straße 25,68165,Mannheim,Germany,49.473935,8.499389,READY_TO_IMPORT,VERIFIED_CURRENT,ok,https://www.venicebeach-fitness.de/clubs/venicebeach-plus/mannheim-fahrlach.html,https://www.venicebeach-fitness.de/clubs/venicebeach-plus/mannheim-fahrlach.html,,phase3_venicebeach; concept=VeniceBeach Plus; concept=VeniceBeach Plus,germany_phase3
de_c1f5fd0148,VeniceBeach,VeniceBeach Plus Mannheim Neckarau,Angelstraße 7,68199,Mannheim,Germany,49.451688,8.495986,READY_TO_IMPORT,VERIFIED_CURRENT,ok,https://www.venicebeach-fitness.de/clubs/venicebeach-plus/mannheim-neckarau/,https://www.venicebeach-fitness.de/clubs/venicebeach-plus/mannheim-neckarau/,,phase3_venicebeach; concept=VeniceBeach Plus; concept=VeniceBeach Plus,germany_phase3
de_307f036e5a,VeniceBeach,VeniceBeach Plus Mannheim Wohlgelegen,,68167,Mannheim,Germany,,,NEEDS_REVIEW,VERIFIED_CURRENT,,https://www.venicebeach-fitness.de/clubs/venicebeach-plus/mannheim-wohlgelegen/,https://www.venicebeach-fitness.de/clubs/venicebeach-plus/mannheim-wohlgelegen/,,phase3_venicebeach; concept=VeniceBeach Plus; concept=VeniceBeach Plus,germany_phase3
de_258c358117,VeniceBeach,VeniceBeach Sandhausen,Heinrich-Lanz-Straße 16,69207,Sandhausen,Germany,49.351889,8.653937,READY_TO_IMPORT,VERIFIED_CURRENT,ok,https://www.venicebeach-fitness.de/clubs/venicebeach/sandhausen.html,https://www.venicebeach-fitness.de/clubs/venicebeach/sandhausen.html,,phase3_venicebeach; concept=VeniceBeach; concept=VeniceBeach,germany_phase3
de_7c1b406a72,VeniceBeach,VeniceBeach Schriesheim,Spännigweg 3,69198,Schriesheim,Germany,49.464822,8.66432,READY_TO_IMPORT,VERIFIED_CURRENT,ok,https://www.venicebeach-fitness.de/clubs/venicebeach/schriesheim/,https://www.venicebeach-fitness.de/clubs/venicebeach/schriesheim/,,phase3_venicebeach; concept=VeniceBeach; concept=VeniceBeach,germany_phase3
de_677cb2968f,VeniceBeach,VeniceBeach Schwetzingen,,68723,Schwetzingen,Germany,,,NEEDS_REVIEW,VERIFIED_CURRENT,,https://www.venicebeach-fitness.de/clubs/venicebeach/schwetzingen.html,https://www.venicebeach-fitness.de/clubs/venicebeach/schwetzingen.html,,phase3_venicebeach; concept=VeniceBeach; concept=VeniceBeach,germany_phase3
de_e2c9a4cdff,VeniceBeach,VeniceBeach Sinsheim,Lilienthalstraße 23,74889,Sinsheim,Germany,49.248698,8.886083,READY_TO_IMPORT,VERIFIED_CURRENT,ok,https://www.venicebeach-fitness.de/clubs/venicebeach/sinsheim.html,https://www.venicebeach-fitness.de/clubs/venicebeach/sinsheim.html,,phase3_venicebeach; concept=VeniceBeach; concept=VeniceBeach,germany_phase3
de_0ab0ba293e,VeniceBeach,VeniceBeach Viernheim,Edisonstraße 1,68519,Viernheim,Germany,49.549353,8.59345,READY_TO_IMPORT,VERIFIED_CURRENT,ok,https://www.venicebeach-fitness.de/clubs/venicebeach/viernheim.html,https://www.venicebeach-fitness.de/clubs/venicebeach/viernheim.html,,phase3_venicebeach; concept=VeniceBeach; concept=VeniceBeach,germany_phase3
de_2faa06dd37,VeniceBeach,VeniceBeach Worms,,67547,Worms,Germany,,,NEEDS_REVIEW,VERIFIED_CURRENT,,https://www.venicebeach-fitness.de/clubs/venicebeach/worms/,https://www.venicebeach-fitness.de/clubs/venicebeach/worms/,,phase3_venicebeach; concept=VeniceBeach; concept=VeniceBeach,germany_phase3
