"id","chain","center_name","address","postal_code","city","country","latitude","longitude","status","verification_status","source_url","opening_hours","legacy_brand","coord_source","geocode_status","website","notes","format"
"fi_8905efc1c1","EasyFit","EasyFit Espoo – Nihtisilta","Nihtisillantie 3","02630","Espoo","Finland",60.208183,24.754352,"READY_TO_IMPORT","VERIFIED_CURRENT","https://www.easyfit.fi/espoo-nihtisilta/","","","nominatim","ok","https://www.easyfit.fi","official_club_page; Finnish EasyFit not DE EasyFitness; address_sanitized",""
"fi_c4aafe0ca7","EasyFit","EasyFit Espoo – Perkkaa","Itsehallintokuja 3","02600","Espoo","Finland",60.209794,24.824372,"READY_TO_IMPORT","VERIFIED_CURRENT","https://www.easyfit.fi/espoo-perkkaa/","","","nominatim","suspicious","https://www.easyfit.fi","official_club_page; Finnish EasyFit not DE EasyFitness; address_sanitized",""
"fi_cc52c2cda7","EasyFit","EasyFit Helsinki – Herttoniemi","Mekaanikonkatu 15","00880","Helsinki","Finland",60.203847,25.048082,"READY_TO_IMPORT","VERIFIED_CURRENT","https://www.easyfit.fi/helsinki-herttoniemi/","","","nominatim","ok","https://www.easyfit.fi","official_club_page; Finnish EasyFit not DE EasyFitness; address_sanitized",""
"fi_e572530110","EasyFit","EasyFit Helsinki – Kaari","Kantelettarentie 1","00420","Helsinki","Finland",60.236749,24.892565,"READY_TO_IMPORT","VERIFIED_CURRENT","https://www.easyfit.fi/helsinki-kaari/","","","nominatim","ok","https://www.easyfit.fi","official_club_page; Finnish EasyFit not DE EasyFitness; address_sanitized",""
"fi_6a5b147760","EasyFit","EasyFit Helsinki – Kalasatama","Sörnäisten Rantatie 33","00500","Helsinki","Finland",60.187523,24.968855,"READY_TO_IMPORT","VERIFIED_CURRENT","https://www.easyfit.fi/helsinki-kalasatama/","","","nominatim","ok","https://www.easyfit.fi","official_club_page; Finnish EasyFit not DE EasyFitness; address_sanitized",""
"fi_b471b316cc","EasyFit","EasyFit Helsinki – Lauttasaari","Vattuniemenkatu 17","00210","Helsinki","Finland",60.1518,24.886195,"READY_TO_IMPORT","VERIFIED_CURRENT","https://www.easyfit.fi/helsinki-lauttasaari/","","","nominatim","ok","https://www.easyfit.fi","official_club_page; Finnish EasyFit not DE EasyFitness; address_sanitized",""
"fi_03c087404f","EasyFit","EasyFit Helsinki – Pasila","Maistraatinportti 3","00240","Helsinki","Finland",60.198869,24.925567,"READY_TO_IMPORT","VERIFIED_CURRENT","https://www.easyfit.fi/helsinki-pasila/","","","nominatim","ok","https://www.easyfit.fi","official_club_page; Finnish EasyFit not DE EasyFitness; official_club_yhteystiedot Scandic Pasila",""
"fi_441d0fb79a","EasyFit","EasyFit Helsinki – Pitäjänmäki","Valimotie 13","00380","Helsinki","Finland",60.217925,24.879294,"READY_TO_IMPORT","VERIFIED_CURRENT","https://www.easyfit.fi/helsinki-pitajanmaki/","","","nominatim","ok","https://www.easyfit.fi","official_club_page; Finnish EasyFit not DE EasyFitness; address_sanitized",""
"fi_7e0b60eff7","EasyFit","EasyFit Helsinki – Ruoholahti","Ruoholahdenranta 3","00180","Helsinki","Finland",60.161661,24.924879,"READY_TO_IMPORT","VERIFIED_CURRENT","https://www.easyfit.fi/helsinki-ruoholahti/","","","nominatim","ok","https://www.easyfit.fi","official_club_page; Finnish EasyFit not DE EasyFitness; address_sanitized",""
"fi_7928065b40","EasyFit","EasyFit Helsinki – Töölö","Töölönkatu 21","00260","Helsinki","Finland",60.179174,24.926308,"READY_TO_IMPORT","VERIFIED_CURRENT","https://www.easyfit.fi/helsinki-toolo/","","","nominatim","ok","https://www.easyfit.fi","official_club_page; Finnish EasyFit not DE EasyFitness; address_sanitized",""
"fi_78e5d4e88b","EasyFit","EasyFit Helsinki – Vuosaari","Furuborginkatu 3","00980","Helsinki","Finland",60.195344,25.115545,"READY_TO_IMPORT","VERIFIED_CURRENT","https://www.easyfit.fi/helsinki-vuosaari/","","","nominatim","ok","https://www.easyfit.fi","official_club_page; Finnish EasyFit not DE EasyFitness; address_sanitized",""
"fi_d3c22fc60a","EasyFit","EasyFit Joensuu","Rantakatu 26","80100","Joensuu","Finland",62.601605,29.766704,"READY_TO_IMPORT","VERIFIED_CURRENT","https://www.easyfit.fi/joensuu/","","","nominatim","ok","https://www.easyfit.fi","official_club_page; Finnish EasyFit not DE EasyFitness; address_sanitized",""
"fi_b426d63e99","EasyFit","EasyFit Järvenpää","Puistotie 3","04420","Järvenpää","Finland",60.456881,25.109528,"READY_TO_IMPORT","VERIFIED_CURRENT","https://www.easyfit.fi/jarvenpaa/","","","nominatim","ok","https://www.easyfit.fi","official_club_page; Finnish EasyFit not DE EasyFitness; address_sanitized",""
"fi_994239254e","EasyFit","EasyFit Kajaani","Betonitie 1","87500","Kajaani","Finland",64.195589,27.754974,"READY_TO_IMPORT","VERIFIED_CURRENT","https://www.easyfit.fi/kajaani/","","","nominatim","ok","https://www.easyfit.fi","official_club_page; Finnish EasyFit not DE EasyFitness; address_sanitized",""
"fi_c0b53fa76d","EasyFit","EasyFit Kemi","Valtakatu 7-9","94100","Kemi","Finland",65.737903,24.563442,"READY_TO_IMPORT","VERIFIED_CURRENT","https://www.easyfit.fi/kemi/","","","nominatim","ok","https://www.easyfit.fi","official_club_page; Finnish EasyFit not DE EasyFitness; address_sanitized",""
"fi_f301ed2607","EasyFit","EasyFit Kerava","Alikeravantie 30","04250","Kerava","Finland",60.389411,25.11395,"READY_TO_IMPORT","VERIFIED_CURRENT","https://www.easyfit.fi/kerava/","","","nominatim","ok","https://www.easyfit.fi","official_club_page; Finnish EasyFit not DE EasyFitness; address_sanitized",""
"fi_e298791ec0","EasyFit","EasyFit Klaukkala","Kuonomäentie 2","01800","Klaukkala","Finland",60.378538,24.754797,"READY_TO_IMPORT","VERIFIED_CURRENT","https://www.easyfit.fi/klaukkala/","","","nominatim","ok","https://www.easyfit.fi","official_club_page; Finnish EasyFit not DE EasyFitness; address_sanitized",""
"fi_d4b43cd2c7","EasyFit","EasyFit Kotka","Suursaarenkatu 3","48100","Kotka","Finland",60.456647,26.930607,"READY_TO_IMPORT","VERIFIED_CURRENT","https://www.easyfit.fi/kotka/","","","nominatim","ok","https://www.easyfit.fi","official_club_page; Finnish EasyFit not DE EasyFitness; address_sanitized",""
"fi_5357c92644","EasyFit","EasyFit Kouvola","Kauppamiehenkatu 4","45100","Kouvola","Finland",60.867457,26.696656,"READY_TO_IMPORT","VERIFIED_CURRENT","https://www.easyfit.fi/kouvola/","","","nominatim","ok","https://www.easyfit.fi","official_club_page; Finnish EasyFit not DE EasyFitness; address_sanitized",""
"fi_1419ca01e4","EasyFit","EasyFit Lempäälä – Ideapark","Ideaparkinkatu 4","37570","Lempäälä","Finland",61.359415,23.794854,"READY_TO_IMPORT","VERIFIED_CURRENT","https://www.easyfit.fi/ideapark-lempaala/","","","nominatim","ok","https://www.easyfit.fi","official_club_page; Finnish EasyFit not DE EasyFitness; address_sanitized",""
"fi_7f65f0680a","EasyFit","EasyFit Mustasaari – Sepänkylä","Matildantie 2","65610","Mustasaari","Finland","","","NEEDS_COORDINATES","VERIFIED_CURRENT","https://www.easyfit.fi/smedsby-sepankyla/","","","","failed","https://www.easyfit.fi","official_club_page; Finnish EasyFit not DE EasyFitness; address_sanitized",""
"fi_6fb0937fbc","EasyFit","EasyFit Nokia","Emäkoskentie 6","37120","Nokia","Finland","","","NEEDS_REVIEW","VERIFIED_CURRENT","https://www.easyfit.fi/nokia/","","","","ambiguous","https://www.easyfit.fi","official_club_page; Finnish EasyFit not DE EasyFitness; address_sanitized",""
"fi_c3cfbbdd26","EasyFit","EasyFit Porvoo","Mannerheiminkatu 16","06100","Porvoo","Finland",60.395151,25.663987,"READY_TO_IMPORT","VERIFIED_CURRENT","https://www.easyfit.fi/porvoo/","","","nominatim","ok","https://www.easyfit.fi","official_club_page; Finnish EasyFit not DE EasyFitness; address_sanitized",""
"fi_5d929b0d2e","EasyFit","EasyFit Raisio","Kauppakuja 2","21200","Raisio","Finland",60.487261,22.167295,"READY_TO_IMPORT","VERIFIED_CURRENT","https://www.easyfit.fi/raisio/","","","nominatim","ok","https://www.easyfit.fi","official_club_page; Finnish EasyFit not DE EasyFitness; address_sanitized",""
"fi_1cc97b2d64","EasyFit","EasyFit Rovaniemi","Lampelankatu 23","96300","Rovaniemi","Finland",66.492948,25.694374,"READY_TO_IMPORT","VERIFIED_CURRENT","https://www.easyfit.fi/rovaniemi/","","","nominatim","ok","https://www.easyfit.fi","official_club_page; Finnish EasyFit not DE EasyFitness; address_sanitized",""
"fi_f6031f7daa","EasyFit","EasyFit Savonlinna","Tulliportinkatu 1-5","57100","Savonlinna","Finland",61.8686,28.86901,"READY_TO_IMPORT","VERIFIED_CURRENT","https://www.easyfit.fi/savonlinna/","","","nominatim","suspicious","https://www.easyfit.fi","official_club_page; Finnish EasyFit not DE EasyFitness; address_sanitized",""
"fi_25ea8a8faf","EasyFit","EasyFit Seinäjoki","Puskantie 13","60100","Seinäjoki","Finland",62.791929,22.834087,"READY_TO_IMPORT","VERIFIED_CURRENT","https://www.easyfit.fi/seinajoki/","","","nominatim","ok","https://www.easyfit.fi","official_club_page; Finnish EasyFit not DE EasyFitness; address_sanitized",""
"fi_39564683f1","EasyFit","EasyFit Vaasa City","Vaasanpuistikko 17","65100","Vaasa","Finland",63.095945,21.620164,"READY_TO_IMPORT","VERIFIED_CURRENT","https://www.easyfit.fi/vaasa-city/","","","nominatim","ok","https://www.easyfit.fi","official_club_page; Finnish EasyFit not DE EasyFitness; address_sanitized",""
"fi_3ac50dd2e6","EasyFit","EasyFit Vantaa – Rajatorppa","Nuijatie 2","01650","Vantaa","Finland",60.256561,24.824815,"READY_TO_IMPORT","VERIFIED_CURRENT","https://www.easyfit.fi/vantaa-rajatorppa/","","","nominatim","ok","https://www.easyfit.fi","official_club_page; Finnish EasyFit not DE EasyFitness; address_sanitized",""
"fi_e119a3ab64","EasyFit","EasyFit Vantaa – Rekola","Laurintie 145","01400","Vantaa","Finland",60.330747,25.071301,"READY_TO_IMPORT","VERIFIED_CURRENT","https://www.easyfit.fi/vantaa-rekola/","","","nominatim","ok","https://www.easyfit.fi","official_club_page; Finnish EasyFit not DE EasyFitness; address_sanitized",""
"fi_6ddbf38e28","ELIXIA","ELIXIA Iso Omena","Piispansilta 11","02230","Espoo","Finland",60.161632,24.738286,"READY_TO_IMPORT","VERIFIED_CURRENT","https://www.elixia.fi/kuntosali/espoo/iso-omena","","SATS","official_locator","","https://www.elixia.fi","official_embedded_json; operator SATS Finland Oy; current consumer brand ELIXIA",""
"fi_aea347aca1","ELIXIA","ELIXIA Lippulaiva","Espoonlahdenkatu 8","02320","Espoo","Finland",60.15072,24.65399,"READY_TO_IMPORT","VERIFIED_CURRENT","https://www.elixia.fi/kuntosali/espoo/lippulaiva","","SATS","official_locator","","https://www.elixia.fi","official_embedded_json; operator SATS Finland Oy; current consumer brand ELIXIA",""
"fi_6e43d3eecf","ELIXIA","ELIXIA Länsiväylä","Piispanportti 12","02200","Espoo","Finland",60.163866,24.733588,"READY_TO_IMPORT","VERIFIED_CURRENT","https://www.elixia.fi/kuntosali/espoo/lansivayla","","SATS","official_locator","","https://www.elixia.fi","official_embedded_json; operator SATS Finland Oy; current consumer brand ELIXIA",""
"fi_f5ab81055f","ELIXIA","ELIXIA Sello","Leppävaarankatu 3–9","02600","Espoo","Finland",60.217267,24.811674,"READY_TO_IMPORT","VERIFIED_CURRENT","https://www.elixia.fi/kuntosali/espoo/sello","","SATS","official_locator","","https://www.elixia.fi","official_embedded_json; operator SATS Finland Oy; current consumer brand ELIXIA",""
"fi_0b820f04d0","ELIXIA","ELIXIA Suomenoja","Suomalaistentie 7A","02270","Espoo","Finland",60.164315,24.700596,"READY_TO_IMPORT","VERIFIED_CURRENT","https://www.elixia.fi/kuntosali/espoo/suomenoja","","SATS","official_locator","","https://www.elixia.fi","official_embedded_json; operator SATS Finland Oy; current consumer brand ELIXIA",""
"fi_16d44d3342","ELIXIA","ELIXIA Tapiola","Tapionaukio 4","02100","Espoo","Finland",60.176135,24.804619,"READY_TO_IMPORT","VERIFIED_CURRENT","https://www.elixia.fi/kuntosali/espoo/tapiola","","SATS","official_locator","","https://www.elixia.fi","official_embedded_json; operator SATS Finland Oy; current consumer brand ELIXIA",""
"fi_99ae797be7","ELIXIA","ELIXIA Circus","Arkadiankatu 4-6","00100","Helsinki","Finland",60.170979,24.934427,"READY_TO_IMPORT","VERIFIED_CURRENT","https://www.elixia.fi/kuntosali/helsinki/circus","","SATS","official_locator","","https://www.elixia.fi","official_embedded_json; operator SATS Finland Oy; current consumer brand ELIXIA",""
"fi_322a4bdee8","ELIXIA","ELIXIA Citycenter","Kaivokatu 8, 3 Krs.","00100","Helsinki","Finland",60.170252,24.941307,"READY_TO_IMPORT","VERIFIED_CURRENT","https://www.elixia.fi/kuntosali/helsinki/citycenter","","SATS","official_locator","","https://www.elixia.fi","official_embedded_json; operator SATS Finland Oy; current consumer brand ELIXIA",""
"fi_d3761486a8","ELIXIA","ELIXIA Fabian","Fabianinkatu 21","00130","Helsinki","Finland",60.166287,24.949953,"READY_TO_IMPORT","VERIFIED_CURRENT","https://www.elixia.fi/kuntosali/helsinki/fabian","","SATS","official_locator","","https://www.elixia.fi","official_embedded_json; operator SATS Finland Oy; current consumer brand ELIXIA",""
"fi_60e958876a","ELIXIA","ELIXIA Hertsi","Insinöörinkatu 2","00810","Helsinki","Finland",60.194042,25.034292,"READY_TO_IMPORT","VERIFIED_CURRENT","https://www.elixia.fi/kuntosali/helsinki/hertsi","","SATS","official_locator","","https://www.elixia.fi","official_embedded_json; operator SATS Finland Oy; current consumer brand ELIXIA",""
"fi_e65e2d90ab","ELIXIA","ELIXIA Itis","Tallinnanaukio 3 E","00930","Helsinki","Finland",60.21074,25.08014,"READY_TO_IMPORT","VERIFIED_CURRENT","https://www.elixia.fi/kuntosali/helsinki/itis","","SATS","official_locator","","https://www.elixia.fi","official_embedded_json; operator SATS Finland Oy; current consumer brand ELIXIA",""
"fi_3188c4c305","ELIXIA","ELIXIA Kamppi","Fredrikinkatu 48","00100","Helsinki","Finland",60.169498,24.929534,"READY_TO_IMPORT","VERIFIED_CURRENT","https://www.elixia.fi/kuntosali/helsinki/kamppi","","SATS","official_locator","","https://www.elixia.fi","official_embedded_json; operator SATS Finland Oy; current consumer brand ELIXIA",""
"fi_6e28659129","ELIXIA","ELIXIA Munkkiniemi","Tietokuja 2","00330","Helsinki","Finland",60.202423,24.879324,"READY_TO_IMPORT","VERIFIED_CURRENT","https://www.elixia.fi/kuntosali/helsinki/munkkiniemi","","SATS","official_locator","","https://www.elixia.fi","official_embedded_json; operator SATS Finland Oy; current consumer brand ELIXIA",""
"fi_f95c227f01","ELIXIA","ELIXIA Pitäjänmäki","Kutomotie 2","00380","Helsinki","Finland",60.214846,24.875117,"READY_TO_IMPORT","VERIFIED_CURRENT","https://www.elixia.fi/kuntosali/helsinki/pitajanmaki","","SATS","official_locator","","https://www.elixia.fi","official_embedded_json; operator SATS Finland Oy; current consumer brand ELIXIA",""
"fi_e6fdb6388c","ELIXIA","ELIXIA Redi","Hermannin Rantatie 5","00580","Helsinki","Finland",60.189609,24.980926,"READY_TO_IMPORT","VERIFIED_CURRENT","https://www.elixia.fi/kuntosali/helsinki/redi","","SATS","official_locator","","https://www.elixia.fi","official_embedded_json; operator SATS Finland Oy; current consumer brand ELIXIA",""
"fi_089939752a","ELIXIA","ELIXIA Ruoholahti","C/o Shopping Center Ruoholahti 4th Floor","00180","Helsinki","Finland",60.16343,24.90645,"READY_TO_IMPORT","VERIFIED_CURRENT","https://www.elixia.fi/kuntosali/helsinki/ruoholahti","","SATS","official_locator","","https://www.elixia.fi","official_embedded_json; operator SATS Finland Oy; current consumer brand ELIXIA",""
"fi_6474aa3798","ELIXIA","ELIXIA Sörnäinen","Vilhonvuorenkatu 11 E","00500","Helsinki","Finland",60.186738,24.966642,"READY_TO_IMPORT","VERIFIED_CURRENT","https://www.elixia.fi/kuntosali/helsinki/soernaeinen","","SATS","official_locator","","https://www.elixia.fi","official_embedded_json; operator SATS Finland Oy; current consumer brand ELIXIA",""
"fi_248ba92cb4","ELIXIA","ELIXIA Töölö","Arkadiankatu 23","00100","Helsinki","Finland",60.171631,24.924886,"READY_TO_IMPORT","VERIFIED_CURRENT","https://www.elixia.fi/kuntosali/helsinki/toolo","","SATS","official_locator","","https://www.elixia.fi","official_embedded_json; operator SATS Finland Oy; current consumer brand ELIXIA",""
"fi_886a351be1","ELIXIA","ELIXIA Vallila","Elimäenkatu 17-19","00510","Helsinki","Finland",60.195144,24.948157,"READY_TO_IMPORT","VERIFIED_CURRENT","https://www.elixia.fi/kuntosali/helsinki/vallila","","SATS","official_locator","","https://www.elixia.fi","official_embedded_json; operator SATS Finland Oy; current consumer brand ELIXIA",""
"fi_f3c5b5fd29","ELIXIA","ELIXIA Viikki","Hernepellonkuja 12","00560","Helsinki","Finland",60.223105,24.992578,"READY_TO_IMPORT","VERIFIED_CURRENT","https://www.elixia.fi/kuntosali/helsinki/viikki","","SATS","official_locator","","https://www.elixia.fi","official_embedded_json; operator SATS Finland Oy; current consumer brand ELIXIA",""
"fi_9f9629c8cc","ELIXIA","ELIXIA Kaleva","Jäähallinkaari 3","33540","Tampere","Finland",61.494175,23.818449,"READY_TO_IMPORT","VERIFIED_CURRENT","https://www.elixia.fi/kuntosali/tampere/kaleva","","SATS","official_locator","","https://www.elixia.fi","official_embedded_json; operator SATS Finland Oy; current consumer brand ELIXIA",""
"fi_b6e5b5b95f","ELIXIA","ELIXIA Lielahti","Pahvitehtaankatu 2","33230","Tampere","Finland",61.51907,23.67111,"READY_TO_IMPORT","VERIFIED_CURRENT","https://www.elixia.fi/kuntosali/tampere/lielahti","","SATS","official_locator","","https://www.elixia.fi","official_embedded_json; operator SATS Finland Oy; current consumer brand ELIXIA",""
"fi_233814fa8d","ELIXIA","ELIXIA Linnainmaa","Korpikodinkatu 3","33580","Tampere","Finland",61.494863,23.89221,"READY_TO_IMPORT","VERIFIED_CURRENT","https://www.elixia.fi/kuntosali/tampere/linnainmaa","","SATS","official_locator","","https://www.elixia.fi","official_embedded_json; operator SATS Finland Oy; current consumer brand ELIXIA",""
"fi_0e7d09f4fe","ELIXIA","ELIXIA Ratina","Vuolteenkatu 1","33100","Tampere","Finland",61.49303,23.76801,"READY_TO_IMPORT","VERIFIED_CURRENT","https://www.elixia.fi/kuntosali/tampere/ratina","","SATS","official_locator","","https://www.elixia.fi","official_embedded_json; operator SATS Finland Oy; current consumer brand ELIXIA",""
"fi_6191d98531","ELIXIA","ELIXIA Centrum","Kristiinankatu 8","20100","Turku","Finland",60.450104,22.262951,"READY_TO_IMPORT","VERIFIED_CURRENT","https://www.elixia.fi/kuntosali/turku/centrum","","SATS","official_locator","","https://www.elixia.fi","official_embedded_json; operator SATS Finland Oy; current consumer brand ELIXIA",""
"fi_8355179b3c","ELIXIA","ELIXIA Jokivarsi","Itäinen Rantakatu 60","20810","Turku","Finland",60.440605,22.248422,"READY_TO_IMPORT","VERIFIED_CURRENT","https://www.elixia.fi/kuntosali/turku/jokivarsi","","SATS","official_locator","","https://www.elixia.fi","official_embedded_json; operator SATS Finland Oy; current consumer brand ELIXIA",""
"fi_ae275d4844","ELIXIA","ELIXIA Länsikeskus","Viilarinkatu 4","20320","Turku","Finland",60.472974,22.228859,"READY_TO_IMPORT","VERIFIED_CURRENT","https://www.elixia.fi/kuntosali/turku/lansikeskus","","SATS","official_locator","","https://www.elixia.fi","official_embedded_json; operator SATS Finland Oy; current consumer brand ELIXIA",""
"fi_8a83e023af","ELIXIA","ELIXIA Skanssi","Skanssinkatu 10","20730","TURKU","Finland",60.429753,22.321571,"READY_TO_IMPORT","VERIFIED_CURRENT","https://www.elixia.fi/kuntosali/turku/skanssi","","SATS","official_locator","","https://www.elixia.fi","official_embedded_json; operator SATS Finland Oy; current consumer brand ELIXIA",""
"fi_9d32e2732f","ELIXIA","ELIXIA Trivium","Lemminkäisenkatu 32","20520","Turku","Finland",60.446294,22.30185,"READY_TO_IMPORT","VERIFIED_CURRENT","https://www.elixia.fi/kuntosali/turku/trivium","","SATS","official_locator","","https://www.elixia.fi","official_embedded_json; operator SATS Finland Oy; current consumer brand ELIXIA",""
"fi_0f2909781d","ELIXIA","ELIXIA Flamingo","Tasetie 8","01510","Vantaa","Finland",60.290067,24.969458,"READY_TO_IMPORT","VERIFIED_CURRENT","https://www.elixia.fi/kuntosali/vantaa/flamingo","","SATS","official_locator","","https://www.elixia.fi","official_embedded_json; operator SATS Finland Oy; current consumer brand ELIXIA",""
"fi_fa3c2de500","ELIXIA","ELIXIA Myyrmäki","Liesikuja 5","01600","Vantaa","Finland",60.262684,24.85169,"READY_TO_IMPORT","VERIFIED_CURRENT","https://www.elixia.fi/kuntosali/vantaa/myyrmaki","","SATS","official_locator","","https://www.elixia.fi","official_embedded_json; operator SATS Finland Oy; current consumer brand ELIXIA",""
"fi_d7aeddc13e","ELIXIA","ELIXIA Tikkurila","Kielotie 1–3","01300","Vantaa","Finland",60.28829,25.033957,"READY_TO_IMPORT","VERIFIED_CURRENT","https://www.elixia.fi/kuntosali/vantaa/tikkurila","","SATS","official_locator","","https://www.elixia.fi","official_embedded_json; operator SATS Finland Oy; current consumer brand ELIXIA",""
"fi_b356b54b49","Energy","Energy Karhunmäki","Kartanotie 1","80230","Joensuu","Finland",62.57409,29.801053,"READY_TO_IMPORT","VERIFIED_CURRENT","https://kauppa.kuntokeskusenergy.com/info/yhteystiedot/","","","nominatim_structured","ok","https://kuntokeskusenergy.com","phase2_energy_official_yhteystiedot; Litmanen now open",""
"fi_6d22c30ffd","Energy","Energy Metropol","Torikatu 31","80100","Joensuu","Finland",62.603402,29.765299,"READY_TO_IMPORT","VERIFIED_CURRENT","https://kauppa.kuntokeskusenergy.com/info/yhteystiedot/","","","nominatim_structured","ok","https://kuntokeskusenergy.com","phase2_energy_official_yhteystiedot; Litmanen now open",""
"fi_0503633bcb","Energy","Energy Rantakylä","Ranta-Mutalantie 100","80160","Joensuu","Finland",62.616359,29.838609,"READY_TO_IMPORT","VERIFIED_CURRENT","https://kauppa.kuntokeskusenergy.com/info/yhteystiedot/","","","nominatim_structured","suspicious","https://kuntokeskusenergy.com","phase2_energy_official_yhteystiedot; Litmanen now open; soft_postal",""
"fi_f46e8699fc","Energy","Energy Kumpusaari","Kumpusaarentie 60","70620","Kuopio","Finland",62.873254,27.668481,"READY_TO_IMPORT","VERIFIED_CURRENT","https://kauppa.kuntokeskusenergy.com/info/yhteystiedot/","","","nominatim_structured","ok","https://kuntokeskusenergy.com","phase2_energy_official_yhteystiedot; Litmanen now open",""
"fi_7936b539d0","Energy","Energy Litmanen","Punakukonkatu 1","70820","Kuopio","Finland",62.833645,27.648673,"READY_TO_IMPORT","VERIFIED_CURRENT","https://kuntokeskusenergy.com/kuopio/litmanen/","","","nominatim_structured","suspicious","https://kuntokeskusenergy.com","phase2_energy_official_yhteystiedot; Litmanen now open; soft_postal",""
"fi_101235361e","Energy","Energy Ylämylly","Rännitie 3","80400","Ylämylly","Finland",62.61349,29.546907,"READY_TO_IMPORT","VERIFIED_CURRENT","https://kauppa.kuntokeskusenergy.com/info/yhteystiedot/","","","nominatim_structured","ok","https://kuntokeskusenergy.com","phase2_energy_official_yhteystiedot; Litmanen now open",""
"fi_cacf7de259","Esport","Esport Arena","Koivu-Mankkaan tie 5","02200","Espoo","Finland",60.176618,24.782621,"READY_TO_IMPORT","VERIFIED_CURRENT","https://esport.fi/yhteystiedot/","","","nominatim_structured","ok","https://esport.fi","phase2_esport_official_yhteystiedot; gym-floor sites only; Bristol suljettu toistaiseksi",""
"fi_41d5d3a054","Esport","Esport Center","Koivu-Mankkaan tie 3","02200","Espoo","Finland",60.175751,24.782299,"READY_TO_IMPORT","VERIFIED_CURRENT","https://esport.fi/yhteystiedot/","","","nominatim_structured","ok","https://esport.fi","phase2_esport_official_yhteystiedot; gym-floor sites only; Bristol suljettu toistaiseksi",""
"fi_0be8acba9b","Esport","Esport Express Liila","Martinsillantie 10","02270","Espoo","Finland",60.159689,24.695019,"READY_TO_IMPORT","VERIFIED_CURRENT","https://esport.fi/yhteystiedot/","","","nominatim_structured","ok","https://esport.fi","phase2_esport_official_yhteystiedot; gym-floor sites only; Bristol suljettu toistaiseksi",""
"fi_0f8d85a530","Esport","Esport Express Mankkaa","Sinikalliontie 10","02630","Espoo","Finland",60.203692,24.764177,"READY_TO_IMPORT","VERIFIED_CURRENT","https://esport.fi/yhteystiedot/","","","nominatim_structured","ok","https://esport.fi","phase2_esport_official_yhteystiedot; gym-floor sites only; Bristol suljettu toistaiseksi",""
"fi_f0edbdefcb","Esport","Esport Bristol","Mikonkatu 8","00100","Helsinki","Finland","","","CLOSED","CLOSED","https://esport.fi/yhteystiedot/","","","","","https://esport.fi","phase2_esport_official_yhteystiedot; gym-floor sites only; Bristol suljettu toistaiseksi",""
"fi_4f4cf5ba87","Fitness24Seven","Fitness24Seven Espoo Espoontori","Kamreerintie 3","02770","Espoo","Finland",60.204134,24.656645,"READY_TO_IMPORT","VERIFIED_CURRENT","https://fi.fitness24seven.com/fi/kuntokeskuksemme/etsi-salisi/ee251870-b1bb-4204-a92e-5c03a6c67803/","24/7","","official_locator","","https://fi.fitness24seven.com","official_gymData_market=fi",""
"fi_695893a479","Fitness24Seven","Fitness24Seven Espoo Laajalahti Group","Turveradantie 11","02180","Espoo","Finland",60.202729,24.784321,"READY_TO_IMPORT","VERIFIED_CURRENT","https://fi.fitness24seven.com/fi/kuntokeskuksemme/etsi-salisi/688c0fda-c9b5-401b-adf9-ddebbbc98bec/","24/7","","official_locator","","https://fi.fitness24seven.com","official_gymData_market=fi",""
"fi_9373d3b4e4","Fitness24Seven","Fitness24Seven Espoo Olari","Pihatörmä 1","02210","Espoo","Finland",60.165383,24.730282,"READY_TO_IMPORT","VERIFIED_CURRENT","https://fi.fitness24seven.com/fi/kuntokeskuksemme/etsi-salisi/1689e60d-360e-4ae1-b122-74fb461850a4/","24/7","","official_locator","","https://fi.fitness24seven.com","official_gymData_market=fi",""
"fi_15586a1f1d","Fitness24Seven","Fitness24Seven Espoo Suuris","Kynäkatu 6","02250","Espoo","Finland",60.18629,24.74668,"READY_TO_IMPORT","VERIFIED_CURRENT","https://fi.fitness24seven.com/fi/kuntokeskuksemme/etsi-salisi/espoo-suuris/","24/7","","official_locator","","https://fi.fitness24seven.com","official_gymData_market=fi",""
"fi_1e94e93bcb","Fitness24Seven","Fitness24Seven Espoo Tapiola Group","Länsituuli 10","02100","Espoo","Finland",60.17591,24.80364,"READY_TO_IMPORT","VERIFIED_CURRENT","https://fi.fitness24seven.com/fi/kuntokeskuksemme/etsi-salisi/espoo-tapiola/","24/7","","official_locator","","https://fi.fitness24seven.com","official_gymData_market=fi",""
"fi_27ed0a7c71","Fitness24Seven","Fitness24Seven Helsinki Hakaniemi","Pitkänsillanranta 3","00530","Helsinki","Finland",60.176952874115,24.9491465091705,"READY_TO_IMPORT","VERIFIED_CURRENT","https://fi.fitness24seven.com/fi/kuntokeskuksemme/etsi-salisi/3428ee64-4818-419a-8505-a31c26902770/","24/7","","official_locator","","https://fi.fitness24seven.com","official_gymData_market=fi",""
"fi_3d037ab90d","Fitness24Seven","Fitness24Seven Helsinki Hertsi","Linnanrakentajantie 2","00810","Helsinki","Finland",60.194333,25.033861,"READY_TO_IMPORT","VERIFIED_CURRENT","https://fi.fitness24seven.com/fi/kuntokeskuksemme/etsi-salisi/07eb000d-b9e6-4d15-8bc5-3e19ba1d4613/","24/7","","official_locator","","https://fi.fitness24seven.com","official_gymData_market=fi",""
"fi_9140c60940","Fitness24Seven","Fitness24Seven Helsinki Itäkeskus Easton","Kauppakartanonkatu 3","00930","Helsinki","Finland",60.2096019,25.0834002,"READY_TO_IMPORT","VERIFIED_CURRENT","https://fi.fitness24seven.com/fi/kuntokeskuksemme/etsi-salisi/7578c381-0f35-49c0-9be2-6d64060c991d/","24/7","","official_locator","","https://fi.fitness24seven.com","official_gymData_market=fi",""
"fi_ec6facc68c","Fitness24Seven","Fitness24Seven Helsinki Kallio","Kaikukatu 2","00530","Helsinki","Finland",60.1830456,24.9591477,"READY_TO_IMPORT","VERIFIED_CURRENT","https://fi.fitness24seven.com/fi/kuntokeskuksemme/etsi-salisi/9daf61c3-26ac-43c4-b276-c98ffc17e48e/","24/7","","official_locator","","https://fi.fitness24seven.com","official_gymData_market=fi",""
"fi_62fcf3827c","Fitness24Seven","Fitness24Seven Helsinki Kamppi Group","Antinkatu 1","00100","Helsinki","Finland",60.1705473,24.9316109,"READY_TO_IMPORT","VERIFIED_CURRENT","https://fi.fitness24seven.com/fi/kuntokeskuksemme/etsi-salisi/5bf4ffec-db7e-4e79-9f65-d82012c2ef9c/","24/7","","official_locator","","https://fi.fitness24seven.com","official_gymData_market=fi",""
"fi_e464588f92","Fitness24Seven","Fitness24Seven Helsinki Kluuvi Group","Aleksanterinkatu 9","00100","Helsinki","Finland",60.16908,24.94813,"READY_TO_IMPORT","VERIFIED_CURRENT","https://fi.fitness24seven.com/fi/kuntokeskuksemme/etsi-salisi/helsinkikluuvi/","24/7","","official_locator","","https://fi.fitness24seven.com","official_gymData_market=fi",""
"fi_ecacf9d74e","Fitness24Seven","Fitness24Seven Helsinki Konala Group","Ajomiehentie 1","00390","Helsinki","Finland",60.2388791974165,24.8490464687347,"READY_TO_IMPORT","VERIFIED_CURRENT","https://fi.fitness24seven.com/fi/kuntokeskuksemme/etsi-salisi/6a2dd457-41ea-4e63-86c5-f869bd707098/","24/7","","official_locator","","https://fi.fitness24seven.com","official_gymData_market=fi",""
"fi_1b4a4ddfaa","Fitness24Seven","Fitness24Seven Helsinki Kontula Group","Sirrikuja 1","00940","Helsinki","Finland",60.2311047,25.0754588,"COMING_SOON","COMING_SOON","https://fi.fitness24seven.com/fi/kuntokeskuksemme/etsi-salisi/helsinki-kontula-group/","24/7","","official_locator","","https://fi.fitness24seven.com","official_gymData_market=fi",""
"fi_358230062b","Fitness24Seven","Fitness24Seven Helsinki Käpylä Group","Mäkelänkatu 87","00610","Helsinki","Finland",60.2092752812796,24.9469551444054,"READY_TO_IMPORT","VERIFIED_CURRENT","https://fi.fitness24seven.com/fi/kuntokeskuksemme/etsi-salisi/bf8ab5be-1023-44e7-8c69-13acb97c3baf/","24/7","","official_locator","","https://fi.fitness24seven.com","official_gymData_market=fi",""
"fi_1cad3cb3ab","Fitness24Seven","Fitness24Seven Helsinki Laajasalo","Yliskylän Puistokatu 4","00840","Helsinki","Finland",60.179068,25.052732,"READY_TO_IMPORT","VERIFIED_CURRENT","https://fi.fitness24seven.com/fi/kuntokeskuksemme/etsi-salisi/6cf784a2-07df-4f82-9245-93307b919bcf/","24/7","","official_locator","","https://fi.fitness24seven.com","official_gymData_market=fi",""
"fi_be26924fb8","Fitness24Seven","Fitness24Seven Helsinki Lassila","Hopeatie 2","00440","Helsinki","Finland",60.229897,24.88231,"READY_TO_IMPORT","VERIFIED_CURRENT","https://fi.fitness24seven.com/fi/kuntokeskuksemme/etsi-salisi/e42ed121-d4e7-4293-b703-7d27efc0fa33/","24/7","","official_locator","","https://fi.fitness24seven.com","official_gymData_market=fi",""
"fi_ad1100400f","Fitness24Seven","Fitness24Seven Helsinki Malmin Nova","Malminkaari 13-19","00700","Helsinki","Finland",60.2515967,25.0137112,"READY_TO_IMPORT","VERIFIED_CURRENT","https://fi.fitness24seven.com/fi/kuntokeskuksemme/etsi-salisi/433820b5-4e17-4067-9d72-3bf4f463fa0d/","24/7","","official_locator","","https://fi.fitness24seven.com","official_gymData_market=fi",""
"fi_f0d25038e4","Fitness24Seven","Fitness24Seven Helsinki Mellunmäki","Ounasvaarantie 9","00970","Helsinki","Finland",60.239282,25.1115999,"READY_TO_IMPORT","VERIFIED_CURRENT","https://fi.fitness24seven.com/fi/kuntokeskuksemme/etsi-salisi/76846c62-873e-4a2b-87c4-31113e21aff5/","24/7","","official_locator","","https://fi.fitness24seven.com","official_gymData_market=fi",""
"fi_29ac8f50a6","Fitness24Seven","Fitness24Seven Helsinki Oulunkylä","Mäkitorpantie 3","00620","Helsinki","Finland",60.22301,24.948839,"READY_TO_IMPORT","VERIFIED_CURRENT","https://fi.fitness24seven.com/fi/kuntokeskuksemme/etsi-salisi/665bdfde-db73-447b-96b8-106aa857ea12/","24/7","","official_locator","","https://fi.fitness24seven.com","official_gymData_market=fi",""
"fi_7dd10d5776","Fitness24Seven","Fitness24Seven Helsinki Pitäjänmäki","Purotie 1","00380","Helsinki","Finland",60.217097,24.869112,"READY_TO_IMPORT","VERIFIED_CURRENT","https://fi.fitness24seven.com/fi/kuntokeskuksemme/etsi-salisi/90621c51-3772-4ffd-80e8-917b4790a793/","24/7","","official_locator","","https://fi.fitness24seven.com","official_gymData_market=fi",""
"fi_26dc6de87b","Fitness24Seven","Fitness24Seven Helsinki Pitäjänmäki Group","Pitäjänmäentie 18","00380","Helsinki","Finland",60.2165059,24.8685264,"COMING_SOON","COMING_SOON","https://fi.fitness24seven.com/fi/kuntokeskuksemme/etsi-salisi/helsinki-pit-j-nm-ki-group/","24/7","","official_locator","","https://fi.fitness24seven.com","official_gymData_market=fi",""
"fi_f3d0d0ea86","Fitness24Seven","Fitness24Seven Helsinki Punavuori","Albertinkatu 29","00180","Helsinki","Finland",60.164715,24.932949,"READY_TO_IMPORT","VERIFIED_CURRENT","https://fi.fitness24seven.com/fi/kuntokeskuksemme/etsi-salisi/de94e594-08e3-4f27-8d8f-9a188b31ebd1/","24/7","","official_locator","","https://fi.fitness24seven.com","official_gymData_market=fi",""
"fi_071167a7fb","Fitness24Seven","Fitness24Seven Helsinki Sörnäinen","Vaasankatu 2","00500","Helsinki","Finland",60.188184,24.960107,"READY_TO_IMPORT","VERIFIED_CURRENT","https://fi.fitness24seven.com/fi/kuntokeskuksemme/etsi-salisi/30e53fc6-bb0d-48f5-be77-95fbfd13dba3/","24/7","","official_locator","","https://fi.fitness24seven.com","official_gymData_market=fi",""
"fi_c17783bc18","Fitness24Seven","Fitness24Seven Helsinki Tripla Group","Pasilan asema-aukio 1 A","00520","Helsinki","Finland",60.198934,24.932743,"READY_TO_IMPORT","VERIFIED_CURRENT","https://fi.fitness24seven.com/fi/kuntokeskuksemme/etsi-salisi/95baf6b1-42ee-441e-940e-c2c06fa6f982/","24/7","","official_locator","","https://fi.fitness24seven.com","official_gymData_market=fi",""
"fi_34d086eb60","Fitness24Seven","Fitness24Seven Helsinki Vallila","Sturenkatu 21","00510","Helsinki","Finland",60.192142,24.952913,"READY_TO_IMPORT","VERIFIED_CURRENT","https://fi.fitness24seven.com/fi/kuntokeskuksemme/etsi-salisi/83444b84-8910-40fd-89d0-1994fee493fc/","24/7","","official_locator","","https://fi.fitness24seven.com","official_gymData_market=fi",""
"fi_eee9c8dd93","Fitness24Seven","Fitness24Seven Hyvinkää Keskusta","Torikatu 2","05800","Hyvinkää","Finland",60.632887,24.8652314999999,"READY_TO_IMPORT","VERIFIED_CURRENT","https://fi.fitness24seven.com/fi/kuntokeskuksemme/etsi-salisi/0aa90e54-29b8-4f03-b88e-5868dd23b7c2/","24/7","","official_locator","","https://fi.fitness24seven.com","official_gymData_market=fi",""
"fi_a6ccc91091","Fitness24Seven","Fitness24Seven Hämeenlinna Kävelykatu","Raatihuoneenkatu 27","13100","Hämeenlinna","Finland",60.995244,24.461527,"READY_TO_IMPORT","VERIFIED_CURRENT","https://fi.fitness24seven.com/fi/kuntokeskuksemme/etsi-salisi/5125d328-df05-4c8b-bdc4-9d9bd7f96a57/","24/7","","nominatim","ok","https://fi.fitness24seven.com","official_gymData_market=fi; coord_outside_fi_bbox",""
"fi_044203dddf","Fitness24Seven","Fitness24Seven Joensuu Kauppakatu Group","Kauppakatu 17","80100","Joensuu","Finland",62.5987625,29.7562846,"COMING_SOON","COMING_SOON","https://fi.fitness24seven.com/fi/kuntokeskuksemme/etsi-salisi/joensuukauppakatugroup/","24/7","","official_locator","","https://fi.fitness24seven.com","official_gymData_market=fi",""
"fi_eaeb46e43f","Fitness24Seven","Fitness24Seven Jyväskylä Harju","Nisulankatu 78","40720","Jyväskylä","Finland",62.2472127,25.7344062,"READY_TO_IMPORT","VERIFIED_CURRENT","https://fi.fitness24seven.com/fi/kuntokeskuksemme/etsi-salisi/jyvaskyla-harju/","24/7","","official_locator","","https://fi.fitness24seven.com","official_gymData_market=fi",""
"fi_62325ac875","Fitness24Seven","Fitness24Seven Jyväskylä Kauppakulma Group","Kauppakatu 32","40100","Jyväskylä","Finland",62.243488,25.7510667,"READY_TO_IMPORT","VERIFIED_CURRENT","https://fi.fitness24seven.com/fi/kuntokeskuksemme/etsi-salisi/6866f943-c001-4b47-beca-4cbfcb5655f3/","24/7","","official_locator","","https://fi.fitness24seven.com","official_gymData_market=fi",""
"fi_e1264ffa51","Fitness24Seven","Fitness24Seven Jyväskylä Palokka","Saarijärventie 50-52","40270","Jyväskylä","Finland",62.286064,25.71622,"READY_TO_IMPORT","VERIFIED_CURRENT","https://fi.fitness24seven.com/fi/kuntokeskuksemme/etsi-salisi/1b2ce112-302b-48ff-a1a4-2967d7b3973e/","24/7","","official_locator","","https://fi.fitness24seven.com","official_gymData_market=fi",""
"fi_1940e7189a","Fitness24Seven","Fitness24Seven Jyväskylä Tawast","Kauppakatu 33-35","40100","Jyväskylä","Finland",62.2429739,25.7473138,"READY_TO_IMPORT","VERIFIED_CURRENT","https://fi.fitness24seven.com/fi/kuntokeskuksemme/etsi-salisi/jyvaskyla-tawast/","24/7","","official_locator","","https://fi.fitness24seven.com","official_gymData_market=fi",""
"fi_ff90f0983f","Fitness24Seven","Fitness24Seven Järvenpää Keskusta","Mannilantie 41","04400","Järvenpää","Finland",60.472662,25.088625,"READY_TO_IMPORT","VERIFIED_CURRENT","https://fi.fitness24seven.com/fi/kuntokeskuksemme/etsi-salisi/3be23390-5282-43d4-861b-0e2524ce5ee5/","24/7","","official_locator","","https://fi.fitness24seven.com","official_gymData_market=fi",""
"fi_c30cf93a90","Fitness24Seven","Fitness24Seven Kauniainen Grani","Kauniaistentie 7","02700","Kauniainen","Finland",60.21011,24.72898,"READY_TO_IMPORT","VERIFIED_CURRENT","https://fi.fitness24seven.com/fi/kuntokeskuksemme/etsi-salisi/fcf6c9df-efb0-4cee-9652-4420f1097067/","24/7","","official_locator","","https://fi.fitness24seven.com","official_gymData_market=fi",""
"fi_052bf03612","Fitness24Seven","Fitness24Seven Kotka Pasaati","Ruotsinsalmenkatu 12","48100","Kotka","Finland",60.4662463,26.9433888,"READY_TO_IMPORT","VERIFIED_CURRENT","https://fi.fitness24seven.com/fi/kuntokeskuksemme/etsi-salisi/1ac34935-1d16-4747-b5c0-4e5937ff8b87/","24/7","","official_locator","","https://fi.fitness24seven.com","official_gymData_market=fi",""
"fi_e8d7486391","Fitness24Seven","Fitness24Seven Kouvola Keskusta","Asemakatu 1","45100","Kouvola","Finland",60.86742,26.70442,"READY_TO_IMPORT","VERIFIED_CURRENT","https://fi.fitness24seven.com/fi/kuntokeskuksemme/etsi-salisi/413c3161-52ce-4207-9f36-4345dfd2a6d0/","24/7","","official_locator","","https://fi.fitness24seven.com","official_gymData_market=fi",""
"fi_d52a36655b","Fitness24Seven","Fitness24Seven Kuopio Keskusta","Minna Canthin katu 19","70100","Kuopio","Finland",62.890681,27.681854,"READY_TO_IMPORT","VERIFIED_CURRENT","https://fi.fitness24seven.com/fi/kuntokeskuksemme/etsi-salisi/1527ec31-91b5-4486-8d40-cc240efebcf7/","24/7","","official_locator","","https://fi.fitness24seven.com","official_gymData_market=fi",""
"fi_8a952b7267","Fitness24Seven","Fitness24Seven Kuopio Vuorikatu Group","Vuorikatu 20","70100","Kuopio","Finland",62.8914673,27.6774776,"COMING_SOON","COMING_SOON","https://fi.fitness24seven.com/fi/kuntokeskuksemme/etsi-salisi/kuopiovuorikatugroup/","24/7","","official_locator","","https://fi.fitness24seven.com","official_gymData_market=fi",""
"fi_aee8e82910","Fitness24Seven","Fitness24Seven Lahti Rauhankatu","Aleksanterinkatu 5","15110","Lahti","Finland",60.9828994,25.6504673,"READY_TO_IMPORT","VERIFIED_CURRENT","https://fi.fitness24seven.com/fi/kuntokeskuksemme/etsi-salisi/lahtirauhankatu/","24/7","","official_locator","","https://fi.fitness24seven.com","official_gymData_market=fi",""
"fi_93482d6a5c","Fitness24Seven","Fitness24Seven Lahti Trio Group","Aleksanterinkatu 20","15140","Lahti","Finland",60.982555,25.663373,"READY_TO_IMPORT","VERIFIED_CURRENT","https://fi.fitness24seven.com/fi/kuntokeskuksemme/etsi-salisi/d3784573-3041-4295-a549-5e48135e3d61/","24/7","","official_locator","","https://fi.fitness24seven.com","official_gymData_market=fi",""
"fi_eb4f836e89","Fitness24Seven","Fitness24Seven Lappeenranta IsoKristiina Group","Kaivokatu 7","53100","Lappeenranta","Finland",61.057018522789,28.1947374343872,"READY_TO_IMPORT","VERIFIED_CURRENT","https://fi.fitness24seven.com/fi/kuntokeskuksemme/etsi-salisi/3e8efd1b-96da-48b0-8209-5d4a031bdb64/","24/7","","official_locator","","https://fi.fitness24seven.com","official_gymData_market=fi",""
"fi_b44a6b56c0","Fitness24Seven","Fitness24Seven Lappeenranta Keskusta","Valtakatu 29","53100","Lappeenranta","Finland",61.05791,28.18437,"READY_TO_IMPORT","VERIFIED_CURRENT","https://fi.fitness24seven.com/fi/kuntokeskuksemme/etsi-salisi/-/","24/7","","official_locator","","https://fi.fitness24seven.com","official_gymData_market=fi",""
"fi_920a851e6f","Fitness24Seven","Fitness24Seven Lohja Keskusta","Suurlohjankatu 9-13","08100","Lohja","Finland",60.250889,24.06975,"READY_TO_IMPORT","VERIFIED_CURRENT","https://fi.fitness24seven.com/fi/kuntokeskuksemme/etsi-salisi/c9116dca-f2d5-41fa-b58a-eb16844a7b7a/","24/7","","official_locator","","https://fi.fitness24seven.com","official_gymData_market=fi",""
"fi_7ae9cf8cd9","Fitness24Seven","Fitness24Seven Mikkeli Keskusta Group","Porrassalmenkatu 23","50100","Mikkeli","Finland",61.690051,27.276131,"READY_TO_IMPORT","VERIFIED_CURRENT","https://fi.fitness24seven.com/fi/kuntokeskuksemme/etsi-salisi/e131c66b-698c-4577-8985-dc2bc9aac135/","24/7","","official_locator","","https://fi.fitness24seven.com","official_gymData_market=fi",""
"fi_d5b6976c47","Fitness24Seven","Fitness24Seven Oulu Karjasilta","Lintulammentie 7","90150","Oulu","Finland",64.9981095,25.4816877,"READY_TO_IMPORT","VERIFIED_CURRENT","https://fi.fitness24seven.com/fi/kuntokeskuksemme/etsi-salisi/oulu-karjasilta/","24/7","","official_locator","","https://fi.fitness24seven.com","official_gymData_market=fi",""
"fi_7189e73b79","Fitness24Seven","Fitness24Seven Oulu Keskusta Group","Kirkkokatu 21","90100","Oulu","Finland",65.0116631,25.4702473,"READY_TO_IMPORT","VERIFIED_CURRENT","https://fi.fitness24seven.com/fi/kuntokeskuksemme/etsi-salisi/8b5988f8-1218-4523-b6ee-ebd5cb4514dc/","24/7","","official_locator","","https://fi.fitness24seven.com","official_gymData_market=fi",""
"fi_ed55a3e430","Fitness24Seven","Fitness24Seven Oulu Limingantulli","Alasintie 10","90400","Oulu","Finland",64.9957041,25.4669246,"READY_TO_IMPORT","VERIFIED_CURRENT","https://fi.fitness24seven.com/fi/kuntokeskuksemme/etsi-salisi/467d2343-b383-43c2-8955-dd89b2e5716f/","24/7","","official_locator","","https://fi.fitness24seven.com","official_gymData_market=fi",""
"fi_41b6d3a35d","Fitness24Seven","Fitness24Seven Pori Kauppatori Group","Eteläkauppatori 4 B","28100","Pori","Finland",61.486153,21.7961597,"READY_TO_IMPORT","VERIFIED_CURRENT","https://fi.fitness24seven.com/fi/kuntokeskuksemme/etsi-salisi/c6d39b95-a0b2-4da4-a64e-ac95a3f3ed5f/","24/7","","official_locator","","https://fi.fitness24seven.com","official_gymData_market=fi",""
"fi_6670680b17","Fitness24Seven","Fitness24Seven Porvoo Keskusta","Mannerheiminkatu 7","06100","Porvoo","Finland",60.394289,25.661643,"READY_TO_IMPORT","VERIFIED_CURRENT","https://fi.fitness24seven.com/fi/kuntokeskuksemme/etsi-salisi/adcf8e96-1c0a-4b9c-a0cc-525fcfd10bc5/","24/7","","official_locator","","https://fi.fitness24seven.com","official_gymData_market=fi",""
"fi_4e32f6a30d","Fitness24Seven","Fitness24Seven Raisio Kuninkoja","Itäniityntie 14","21280","Raisio","Finland",60.4913762,22.2185002,"READY_TO_IMPORT","VERIFIED_CURRENT","https://fi.fitness24seven.com/fi/kuntokeskuksemme/etsi-salisi/raiso-kunikoja/","24/7","","official_locator","","https://fi.fitness24seven.com","official_gymData_market=fi",""
"fi_ec425fe2aa","Fitness24Seven","Fitness24Seven Raisio Raisiontori","Raisiontori 6","21200","Raisio","Finland",60.485935,22.164663,"READY_TO_IMPORT","VERIFIED_CURRENT","https://fi.fitness24seven.com/fi/kuntokeskuksemme/etsi-salisi/70fcfed5-2a87-411a-b1d9-148784c5ed6b/","24/7","","official_locator","","https://fi.fitness24seven.com","official_gymData_market=fi",""
"fi_944af7231a","Fitness24Seven","Fitness24Seven Rovaniemi Sampokeskus","Rovakatu 28","96200","Rovaniemi","Finland",66.5020702038604,25.728548169136,"READY_TO_IMPORT","VERIFIED_CURRENT","https://fi.fitness24seven.com/fi/kuntokeskuksemme/etsi-salisi/6d36f8bb-3ec8-4981-88a6-7c3dec0f4ec4/","24/7","","official_locator","","https://fi.fitness24seven.com","official_gymData_market=fi",""
"fi_d69f087158","Fitness24Seven","Fitness24Seven Seinäjoki Epstori","Kalevankatu 4","60100","Seinäjoki","Finland",62.790441581549,22.8416061401367,"READY_TO_IMPORT","VERIFIED_CURRENT","https://fi.fitness24seven.com/fi/kuntokeskuksemme/etsi-salisi/6552be13-d714-49ae-ad1a-ca05221e58ad/","24/7","","official_locator","","https://fi.fitness24seven.com","official_gymData_market=fi",""
"fi_95774c9f08","Fitness24Seven","Fitness24Seven Tampere Hervanta Duo","Insinöörinkatu 23","33720","Tampere","Finland",61.45096,23.85106,"READY_TO_IMPORT","VERIFIED_CURRENT","https://fi.fitness24seven.com/fi/kuntokeskuksemme/etsi-salisi/7f6c9f71-db0d-4661-b7cb-dce7589caf9a/","24/7","","official_locator","","https://fi.fitness24seven.com","official_gymData_market=fi",""
"fi_6f64c5b09e","Fitness24Seven","Fitness24Seven Tampere Kaleva","Sammonkatu 64","33540","Tampere","Finland",61.49383,23.815213,"READY_TO_IMPORT","VERIFIED_CURRENT","https://fi.fitness24seven.com/fi/kuntokeskuksemme/etsi-salisi/95b69a7f-be85-453f-a484-0c0b69c15609/","24/7","","official_locator","","https://fi.fitness24seven.com","official_gymData_market=fi",""
"fi_4b8f2e9208","Fitness24Seven","Fitness24Seven Tampere Keskusta Group","Puutarhakatu 10","33210","Tampere","Finland",61.499732,23.755808,"READY_TO_IMPORT","VERIFIED_CURRENT","https://fi.fitness24seven.com/fi/kuntokeskuksemme/etsi-salisi/6d4e48c3-2f1c-448d-9a7a-3d14d4e5ace3/","24/7","","official_locator","","https://fi.fitness24seven.com","official_gymData_market=fi",""
"fi_1d0c5f33ee","Fitness24Seven","Fitness24Seven Tampere Ratina","Vuolteenkatu 1","33100","Tampere","Finland",61.4941964,23.7690286,"READY_TO_IMPORT","VERIFIED_CURRENT","https://fi.fitness24seven.com/fi/kuntokeskuksemme/etsi-salisi/354fd739-2819-470c-ab54-10e60ac6a08a/","24/7","","official_locator","","https://fi.fitness24seven.com","official_gymData_market=fi",""
"fi_b2bddc0a16","Fitness24Seven","Fitness24Seven Tampere Tullintori","Tullikatu 6","33100","Tampere","Finland",61.497332,23.777024,"READY_TO_IMPORT","VERIFIED_CURRENT","https://fi.fitness24seven.com/fi/kuntokeskuksemme/etsi-salisi/22198396-b4c7-453b-9826-471588c78903/","24/7","","official_locator","","https://fi.fitness24seven.com","official_gymData_market=fi",""
"fi_b57c8e15c2","Fitness24Seven","Fitness24Seven Turku Hepokulta","Varkkavuorenkatu 34","20320","Turku","Finland",60.473392,22.249305,"READY_TO_IMPORT","VERIFIED_CURRENT","https://fi.fitness24seven.com/fi/kuntokeskuksemme/etsi-salisi/6dec1b54-2cd5-4fd5-9467-1703fbd9b77e/","24/7","","official_locator","","https://fi.fitness24seven.com","official_gymData_market=fi",""
"fi_9a45cf5d53","Fitness24Seven","Fitness24Seven Turku Kauppatori","Eerikinkatu 2","20100","Turku","Finland",60.45255,22.273387,"READY_TO_IMPORT","VERIFIED_CURRENT","https://fi.fitness24seven.com/fi/kuntokeskuksemme/etsi-salisi/7be8a4c7-ee2c-496b-9e67-e57c7f992ee8/","24/7","","official_locator","","https://fi.fitness24seven.com","official_gymData_market=fi",""
"fi_7ca6e33da9","Fitness24Seven","Fitness24Seven Turku Kävelykatu Group","Yliopistonkatu 29b","20100","Turku","Finland",60.450658,22.261159,"READY_TO_IMPORT","VERIFIED_CURRENT","https://fi.fitness24seven.com/fi/kuntokeskuksemme/etsi-salisi/e0d14c3b-644e-4040-a5dd-770a7461e641/","24/7","","official_locator","","https://fi.fitness24seven.com","official_gymData_market=fi",""
"fi_445e3a2ca5","Fitness24Seven","Fitness24Seven Turku Port Arthur Group","Puutarhakatu 47","20100","Turku","Finland",60.442595,22.234463,"READY_TO_IMPORT","VERIFIED_CURRENT","https://fi.fitness24seven.com/fi/kuntokeskuksemme/etsi-salisi/02ccf11c-ce5d-4729-b470-2340502198e6/","24/7","","official_locator","","https://fi.fitness24seven.com","official_gymData_market=fi",""
"fi_e728312afc","Fitness24Seven","Fitness24Seven Turku Runosmäki","Friskinkatu 4","20360","Turku","Finland",60.4902928,22.2648833000001,"READY_TO_IMPORT","VERIFIED_CURRENT","https://fi.fitness24seven.com/fi/kuntokeskuksemme/etsi-salisi/63e2534f-0b81-4c01-9268-b561779d9c16/","24/7","","official_locator","","https://fi.fitness24seven.com","official_gymData_market=fi",""
"fi_295b84b665","Fitness24Seven","Fitness24Seven Turku Varissuo","Littoistentie 81","20610","Turku","Finland",60.4433206,22.3594573,"READY_TO_IMPORT","VERIFIED_CURRENT","https://fi.fitness24seven.com/fi/kuntokeskuksemme/etsi-salisi/1a0d16ec-9f06-4b59-bd14-b29f181fc5de/","24/7","","official_locator","","https://fi.fitness24seven.com","official_gymData_market=fi",""
"fi_e506a35f81","Fitness24Seven","Fitness24Seven Tuusula Keskusta","Hyryläntie 10","04300","Tuusula","Finland",60.400719,25.021723,"READY_TO_IMPORT","VERIFIED_CURRENT","https://fi.fitness24seven.com/fi/kuntokeskuksemme/etsi-salisi/d0ba5e6c-6c2c-4ad5-993e-12744828237c/","24/7","","official_locator","","https://fi.fitness24seven.com","official_gymData_market=fi",""
"fi_011115c075","Fitness24Seven","Fitness24Seven Vaasa Keskusta","Teräksenkuja 1-3","65100","Vaasa","Finland",63.096938,21.616834,"READY_TO_IMPORT","VERIFIED_CURRENT","https://fi.fitness24seven.com/fi/kuntokeskuksemme/etsi-salisi/11e75a98-bfca-41a6-9c9f-cb10a51866bc/","24/7","","official_locator","","https://fi.fitness24seven.com","official_gymData_market=fi",""
"fi_7e9f72fad3","Fitness24Seven","Fitness24Seven Vantaa Kivistö Group","Vantaankoskentie 69","01700","Vantaa","Finland",60.31296,24.84606,"READY_TO_IMPORT","VERIFIED_CURRENT","https://fi.fitness24seven.com/fi/kuntokeskuksemme/etsi-salisi/vantaakivist-/","24/7","","official_locator","","https://fi.fitness24seven.com","official_gymData_market=fi",""
"fi_ec1d4bafca","Fitness24Seven","Fitness24Seven Vantaa Martinlaakso","Kivivuorentie 4","01620","Vantaa","Finland",60.277813,24.853606,"READY_TO_IMPORT","VERIFIED_CURRENT","https://fi.fitness24seven.com/fi/kuntokeskuksemme/etsi-salisi/d28c7c8b-c9ae-4519-ba0f-3ef31f340eea/","24/7","","official_locator","","https://fi.fitness24seven.com","official_gymData_market=fi",""
"fi_768c6e6a98","Fitness24Seven","Fitness24Seven Vantaa Myyrmanni Group","Iskoskuja 3","01600","Vantaa","Finland",60.2597091129023,24.8521202802658,"READY_TO_IMPORT","VERIFIED_CURRENT","https://fi.fitness24seven.com/fi/kuntokeskuksemme/etsi-salisi/8aabae70-1827-488d-9922-14147c067184/","24/7","","official_locator","","https://fi.fitness24seven.com","official_gymData_market=fi",""
"fi_2f1da64a84","Fitness24Seven","Fitness24Seven Vantaa Tikkurila Dixi","Ratatie 11","01300","Vantaa","Finland",60.293784,25.044476,"READY_TO_IMPORT","VERIFIED_CURRENT","https://fi.fitness24seven.com/fi/kuntokeskuksemme/etsi-salisi/6d0e4394-f089-49f2-b4dd-909b92433850/","24/7","","official_locator","","https://fi.fitness24seven.com","official_gymData_market=fi",""
"fi_fafaed3c00","Fitness24Seven","Fitness24Seven Vantaa Tikkurila Group","Väritehtaankatu 8","01300","Vantaa","Finland",60.2933637,25.0464584,"READY_TO_IMPORT","VERIFIED_CURRENT","https://fi.fitness24seven.com/fi/kuntokeskuksemme/etsi-salisi/05ab3d0e-798e-4561-a9ab-b9c5b207c321/","24/7","","official_locator","","https://fi.fitness24seven.com","official_gymData_market=fi",""
"fi_75b954fb1e","Forever","Forever Espoon keskus","Kaivomestarinniitty 2","02770","Espoo","Finland",60.209862,24.65998,"READY_TO_IMPORT","VERIFIED_CURRENT","https://www.foreverclub.fi/toimipisteet/espoo/espoon-keskus/","","","nominatim","ok","https://www.foreverclub.fi","official_club_page; official_forever_toimipisteet_ja_hinnat","Forever Premium"
"fi_5874185d11","Forever","Forever Espoon Omena","Puolikkotie 8","02230","Espoo","Finland",60.163176,24.738971,"READY_TO_IMPORT","VERIFIED_CURRENT","https://www.foreverclub.fi/toimipisteet/espoo/omena/","","","nominatim","ok","https://www.foreverclub.fi","official_club_page; official_forever_toimipisteet_ja_hinnat","Forever Premium"
"fi_223c81643c","Forever","Forever Leppävaara","Konstaapelinkatu 4","02650","Espoo","Finland",60.221433,24.812723,"READY_TO_IMPORT","VERIFIED_CURRENT","https://www.foreverclub.fi/toimipisteet/espoo/leppavaara/","","","nominatim","ok","https://www.foreverclub.fi","official_forever_toimipisteet_ja_hinnat; restored after HQ-address collapse","Forever Premium"
"fi_ca31e8e3bd","Forever","Forever Matinkylä","Matinkartanontie 1","02230","Espoo","Finland",60.156268,24.75275,"READY_TO_IMPORT","VERIFIED_CURRENT","https://www.foreverclub.fi/toimipisteet/espoo/matinkyla/","","","nominatim","ok","https://www.foreverclub.fi","official_club_page; official_forever_toimipisteet_ja_hinnat","Forever Premium"
"fi_30fd65a1ed","Forever","Forever Herttoniemi","Hitsaajankatu 10","00810","Helsinki","Finland",60.192751,25.02833,"READY_TO_IMPORT","VERIFIED_CURRENT","https://www.foreverclub.fi/toimipisteet/helsinki/herttoniemi/","","","nominatim","ok","https://www.foreverclub.fi","official_club_page; official_forever_toimipisteet_ja_hinnat","Forever Premium"
"fi_53aec2c3f2","Forever","Forever Töölö","Mannerheimintie 50","00260","Helsinki","Finland",60.1799,24.9229,"READY_TO_IMPORT","VERIFIED_CURRENT","https://www.foreverclub.fi/toimipisteet/helsinki/toolo/","","","official_json_ld","","https://www.foreverclub.fi","official_club_page; official_forever_toimipisteet_ja_hinnat","Forever Premium"
"fi_87fa9e42f7","Forever","Forever Hyvinkää Sveitsi","Härkävehmaankatu 4","05900","Hyvinkää","Finland",60.63302,24.834295,"READY_TO_IMPORT","VERIFIED_CURRENT","https://www.foreverclub.fi/toimipisteet/sveitsi/","Avoinna 24\/7 - treenaa kuin sinulle sopii","","nominatim","ok","https://www.foreverclub.fi","official_club_page; official_forever_toimipisteet_ja_hinnat","Forever Premium"
"fi_5ef5eed54b","Forever","Forever Hämeenlinna","Vanajantie 10B","13110","Hämeenlinna","Finland",60.994588,24.486853,"READY_TO_IMPORT","VERIFIED_CURRENT","https://www.foreverclub.fi/toimipisteet/hameenlinna/","","","nominatim","ok","https://www.foreverclub.fi","official_club_page; official_forever_toimipisteet_ja_hinnat","Forever Premium"
"fi_0073fc8fc2","Forever","Forever Järvenpää","Wärtsilänkatu 8B","04410","Järvenpää","Finland",60.480375,25.08028,"READY_TO_IMPORT","VERIFIED_CURRENT","https://www.foreverclub.fi/toimipisteet/jarvenpaa/","","","nominatim","ok","https://www.foreverclub.fi","official_club_page; official_forever_toimipisteet_ja_hinnat","Forever Premium"
"fi_118e695ae4","Forever","Forever Kerava","Kultasepänkatu 5","04250","Kerava","Finland",60.401722,25.107686,"READY_TO_IMPORT","VERIFIED_CURRENT","https://www.foreverclub.fi/toimipisteet/kerava/","","","nominatim","ok","https://www.foreverclub.fi","official_club_page; official_forever_toimipisteet_ja_hinnat","Forever Premium"
"fi_52b1d3ebfd","Forever","Forever Kuopio","Kolmisopentie 3","70780","Kuopio","Finland",62.8403,27.6512,"READY_TO_IMPORT","VERIFIED_CURRENT","https://www.foreverclub.fi/toimipisteet/kuopio/","","","official_json_ld","","https://www.foreverclub.fi","official_club_page; official_forever_toimipisteet_ja_hinnat","Forever Premium"
"fi_7c06120c6f","Forever","Forever Lahti","Svinhufvudinkatu 23","15110","Lahti","Finland",60.981366,25.640813,"READY_TO_IMPORT","VERIFIED_CURRENT","https://www.foreverclub.fi/toimipisteet/lahti/","","","nominatim","ok","https://www.foreverclub.fi","official_club_page; official_forever_toimipisteet_ja_hinnat","Forever Premium"
"fi_7b19ce0f85","Forever","Forever Lappeenranta Huhtari","Pelite 36","53810","Lappeenranta","Finland","","","NEEDS_COORDINATES","VERIFIED_CURRENT","https://www.foreverclub.fi/toimipisteet/lappeenranta/","","","","failed","https://www.foreverclub.fi","official_club_page; official_forever_toimipisteet_ja_hinnat","Forever Premium"
"fi_64fa39dc41","Forever","Forever Tampere Tampella","Kihlmaninraitti 1","33100","Tampere","Finland",61.50542,23.762623,"READY_TO_IMPORT","VERIFIED_CURRENT","https://www.foreverclub.fi/toimipisteet/tampere/","","","nominatim","ok","https://www.foreverclub.fi","official_club_page; official_forever_toimipisteet_ja_hinnat","Forever Premium"
"fi_63734fe50a","Forever","Forever Turku Leaf Areena","Kärsämäentie 35","20360","Turku","Finland",60.487354,22.28795,"READY_TO_IMPORT","VERIFIED_CURRENT","https://www.foreverclub.fi/toimipisteet/turku/leaf/","","","nominatim","ok","https://www.foreverclub.fi","official_club_page; official_forever_toimipisteet_ja_hinnat","Forever Premium"
"fi_100317c85d","Forever","Forever Vaasa Klemetinkatu","Klemetinkatu 17","65100","Vaasa","Finland",63.091647,21.629382,"READY_TO_IMPORT","VERIFIED_CURRENT","https://www.foreverclub.fi/toimipisteet/vaasa/fit1-vaasa","","","nominatim","ok","https://www.foreverclub.fi","official_club_page; official_forever_toimipisteet_ja_hinnat","Forever Premium"
"fi_6f2a12ffb2","Forever","Forever Vaasa Sepänkyläntie","Sepänkyläntie 4","65100","Vaasa","Finland",63.098351,21.626756,"READY_TO_IMPORT","VERIFIED_CURRENT","https://www.foreverclub.fi/toimipisteet/fit1-vaasa-xxl/","","","nominatim","ok","https://www.foreverclub.fi","official_club_page; official_forever_toimipisteet_ja_hinnat","Forever Premium"
"fi_c440f1d007","Forever","Forever Hiekkaharju","Tennistie 3","01370","Vantaa","Finland",60.303157,25.052626,"READY_TO_IMPORT","VERIFIED_CURRENT","https://www.foreverclub.fi/toimipisteet/vantaa/hiekkaharju/","","","nominatim","ok","https://www.foreverclub.fi","official_club_page; official_forever_toimipisteet_ja_hinnat","Forever Premium"
"fi_da3ed4c494","Forever","Forever Varisto","Martinkyläntie 39 B","01720","Vantaa","Finland",60.28127,24.826051,"READY_TO_IMPORT","VERIFIED_CURRENT","https://www.foreverclub.fi/toimipisteet/vantaa/varisto/","","","nominatim","ok","https://www.foreverclub.fi","official_club_page; official_forever_toimipisteet_ja_hinnat","Forever Premium"
"fi_6df4627158","Fressi","Fressi 24h Kilo","Kilonkuja 3","02610","Espoo","Finland",60.218547,24.780416,"READY_TO_IMPORT","VERIFIED_CURRENT","https://www.fressi.fi/toimipisteet/fressi-kuntosali-kilo-espoo/","Avoinna 24h vuoden jokaisena päivänä","","nominatim","ok","https://www.fressi.fi","official_club_page","Fressi 24h"
"fi_546c7e2828","Fressi","Fressi 24h Kivenlahti","Ruukintie 4","02230","Espoo","Finland",60.15724,24.641398,"READY_TO_IMPORT","VERIFIED_CURRENT","https://www.fressi.fi/toimipisteet/fressi-kuntosali-kivenlahti-espoo/","Avoinna 24h vuoden jokaisena päivänä","","nominatim","ok","https://www.fressi.fi","official_club_page","Fressi 24h"
"fi_8db18ca849","Fressi","Fressi 24h Koskelo","Koskelontie 15","02920","Espoo","Finland",60.25768,24.718004,"READY_TO_IMPORT","VERIFIED_CURRENT","https://www.fressi.fi/toimipisteet/fressi-kuntosali-koskelo/","Avoinna 24h vuoden jokaisena päivänä","","nominatim","ok","https://www.fressi.fi","official_club_page","Fressi 24h"
"fi_d839337192","Fressi","Fressi 24h Laaksolahti","Veininkatu 5","02730","Espoo","Finland",60.243025,24.767538,"READY_TO_IMPORT","VERIFIED_CURRENT","https://www.fressi.fi/toimipisteet/fressi-kuntosali-laaksolahti-espoo/","Avoinna 24h vuoden jokaisena päivänä","","nominatim","ok","https://www.fressi.fi","official_club_page","Fressi 24h"
"fi_57a0b824ec","Fressi","Fressi 24h Leppävaara","Hevosenkenkä 3","02600","Espoo","Finland",60.218203,24.814384,"READY_TO_IMPORT","VERIFIED_CURRENT","https://www.fressi.fi/toimipisteet/fressi-kuntosali-leppavaara-24h/","Avoinna 24h vuoden jokaisena päivänä","","nominatim","ok","https://www.fressi.fi","official_club_page","Fressi 24h"
"fi_7e547f3393","Fressi","Fressi 24h Lintuvaara","Lintuvaarantie 33","02650","Espoo","Finland",60.229136,24.814078,"READY_TO_IMPORT","VERIFIED_CURRENT","https://www.fressi.fi/toimipisteet/fressi-kuntosali-lintuvaara-espoo/","Avoinna 24 h vuoden jokaisena päivänä","","nominatim","ok","https://www.fressi.fi","official_club_page","Fressi 24h"
"fi_79070e773a","Fressi","Fressi 24h Matinkylä-Olari","Piispanportti 10","02200","Espoo","Finland",60.16469,24.736254,"READY_TO_IMPORT","VERIFIED_CURRENT","https://www.fressi.fi/toimipisteet/fressi-kuntosali-matinkyla-olari/","","","nominatim","ok","https://www.fressi.fi","official_club_page","Fressi 24h"
"fi_2a58c3a919","Fressi","Fressi 24h Muurala","Nimismiehenpelto 6","02770","Espoo","Finland",60.216749,24.652921,"READY_TO_IMPORT","VERIFIED_CURRENT","https://www.fressi.fi/toimipisteet/fressi-kuntosali-muurala/","Avoinna 24h vuoden jokaisena päivänä","","nominatim","ok","https://www.fressi.fi","official_club_page","Fressi 24h"
"fi_10c6ef94e2","Fressi","Fressi 24h Niittykumpu","Niittymäentie 9","02200","Espoo","Finland",60.169372,24.780044,"READY_TO_IMPORT","VERIFIED_CURRENT","https://www.fressi.fi/toimipisteet/fressi-kuntosali-niittykumpu/","Avoinna 24h vuoden jokaisena päivänä","","nominatim","ok","https://www.fressi.fi","official_club_page","Fressi 24h"
"fi_5a5ee80b74","Fressi","Fressi 24h Suomenoja","Suomalaistentie 5","02270","Espoo","Finland",60.163895,24.701791,"READY_TO_IMPORT","VERIFIED_CURRENT","https://www.fressi.fi/toimipisteet/fressi-kuntosali-suomenoja/","Avoinna 24h vuoden jokaisena päivänä","","nominatim","ok","https://www.fressi.fi","official_club_page","Fressi 24h"
"fi_acb601a625","Fressi","Fressi 24h Tapiola","Länsituulentie 1","02100","Espoo","Finland",62.182811,25.733905,"READY_TO_IMPORT","VERIFIED_CURRENT","https://www.fressi.fi/toimipisteet/fressi-kuntosali-tapiola/","Avoinna 24h vuoden jokaisena päivänä","","nominatim","ok","https://www.fressi.fi","official_club_page","Fressi 24h"
"fi_674da5555c","Fressi","Fressi 24h Tuomarila","Tuomarilantie 19","02760","Espoo","Finland","","","COMING_SOON","COMING_SOON","https://www.fressi.fi/toimipisteet/kuntosali-helsinki/tuomarila/","Avoinna 24 h vuoden jokaisena päivänä","","","","https://www.fressi.fi","official_club_page; nav:Tuomarila (avataan 11-12/2026)","Fressi 24h"
"fi_daeb4f8ae7","Fressi","Fressi Espoonlahti","Espoonlahdenkuja 3","02320","Espoo","Finland",60.146296,24.656361,"READY_TO_IMPORT","VERIFIED_CURRENT","https://www.fressi.fi/toimipisteet/espoonlahti/","","","nominatim","ok","https://www.fressi.fi","official_club_page","Fressi Hyvinvointikeskus"
"fi_d39ca2a945","Fressi","Fressi Leppävaara","Esikunnankatu 2","02600","Espoo","Finland",60.216976,24.818519,"READY_TO_IMPORT","VERIFIED_CURRENT","https://www.fressi.fi/toimipisteet/leppavaara/","","","nominatim","ok","https://www.fressi.fi","official_club_page","Fressi Hyvinvointikeskus"
"fi_5c454d27b3","Fressi","Fressi 24h Arabia","Hämeentie 111","00550","Helsinki","Finland",60.202947,24.968219,"READY_TO_IMPORT","VERIFIED_CURRENT","https://www.fressi.fi/toimipisteet/kuntosali-helsinki/kauppakeskusarabia/","Avoinna 24h vuoden jokaisena päivänä","","nominatim","suspicious","https://www.fressi.fi","official_club_page; soft_postal","Fressi 24h"
"fi_00845cab65","Fressi","Fressi 24h Arabia 135","Hämeentie 135","00560","Helsinki","Finland","","","NEEDS_REVIEW","VERIFIED_CURRENT","https://www.fressi.fi/toimipisteet/kuntosali-helsinki/arabia135/","Avoinna 24h vuoden jokaisena päivänä","","","ambiguous","https://www.fressi.fi","official_club_page","Fressi 24h"
"fi_447d8fc4c6","Fressi","Fressi 24h Esplanadi","Eteläesplanadi 22","00130","Helsinki","Finland",60.166801,24.944627,"READY_TO_IMPORT","VERIFIED_CURRENT","https://www.fressi.fi/toimipisteet/kuntosali-helsinki/esplanadi/","Avoinna 24 h vuoden jokaisena päivänä","","nominatim","ok","https://www.fressi.fi","official_club_page","Fressi 24h"
"fi_448fd4deff","Fressi","Fressi 24h Herttoniemi","Linnanrakentajantie 4 B","00810","Helsinki","Finland",60.193632,25.035333,"READY_TO_IMPORT","VERIFIED_CURRENT","https://www.fressi.fi/toimipisteet/kuntosali-helsinki/herttoniemi/","Avoinna 24h vuoden jokaisena päivänä","","nominatim","ok","https://www.fressi.fi","official_club_page","Fressi 24h"
"fi_57d99863f1","Fressi","Fressi 24h Itäkeskus","Kauppakartanonkatu 4","00930","Helsinki","Finland","","","COMING_SOON","COMING_SOON","https://www.fressi.fi/toimipisteet/kuntosali-helsinki/itakeskus/","Avoinna 24 h vuoden jokaisena päivänä","","","","https://www.fressi.fi","official_club_page; nav:Itäkeskus (avataan syksyllä 2026)","Fressi 24h"
"fi_d5f24f7f87","Fressi","Fressi 24h Jätkäsaari","Bahamankatu 2","00220","Helsinki","Finland",60.154936,24.909505,"READY_TO_IMPORT","VERIFIED_CURRENT","https://www.fressi.fi/toimipisteet/kuntosali-helsinki/jatkasaari/","Avoinna 24 h vuoden jokaisena päivänä","","nominatim","ok","https://www.fressi.fi","official_club_page","Fressi 24h"
"fi_3946c9e759","Fressi","Fressi 24h Kontula","Sirrikuja 2","00940","Helsinki","Finland","","","COMING_SOON","COMING_SOON","https://www.fressi.fi/toimipisteet/kuntosali-helsinki/kontula/","Avoinna 24h vuoden jokaisena päivänä","","","","https://www.fressi.fi","official_club_page; nav:Kontula (avataan syksyllä 2026)","Fressi 24h"
"fi_dd5e4b1f83","Fressi","Fressi 24h Kruunuvuorenranta","Haakoninlahdenkatu 5","00590","Helsinki","Finland",60.166746,25.019604,"READY_TO_IMPORT","VERIFIED_CURRENT","https://www.fressi.fi/toimipisteet/kuntosali-helsinki/kruunuvuorenranta/","Avoinna 24h vuoden jokaisena päivänä","","nominatim","ok","https://www.fressi.fi","official_club_page","Fressi 24h"
"fi_5db070657f","Fressi","Fressi 24h Myllypuro","Kivensilmänkuja 3B","00920","Helsinki","Finland",60.223765,25.075032,"READY_TO_IMPORT","VERIFIED_CURRENT","https://www.fressi.fi/toimipisteet/kuntosali-helsinki/myllypuro/","Avoinna 24 h vuoden jokaisena päivänä","","nominatim","ok","https://www.fressi.fi","official_club_page","Fressi 24h"
"fi_f385735f72","Fressi","Fressi 24h Oulunkylä","Mäkitorpantie 21","00640","Helsinki","Finland",60.226938,24.956784,"READY_TO_IMPORT","VERIFIED_CURRENT","https://www.fressi.fi/toimipisteet/kuntosali-helsinki/oulukyla-makitorpantie/","Avoinna 24h vuoden jokaisena päivänä","","nominatim","suspicious","https://www.fressi.fi","official_club_page; soft_postal","Fressi 24h"
"fi_1bb3b6dee8","Fressi","Fressi 24h Paloheinä","Torpparinmäentie 4","00690","Helsinki","Finland","","","COMING_SOON","COMING_SOON","https://www.fressi.fi/toimipisteet/kuntosali-helsinki/paloheina/","Avoinna 24 h vuoden jokaisena päivänä","","","","https://www.fressi.fi","official_club_page; nav:Paloheinä (avataan 10-11/2026)","Fressi 24h"
"fi_0dab79c6ee","Fressi","Fressi 24h Patola","Maapadontie 2","00640","Helsinki","Finland",60.230885,24.950748,"READY_TO_IMPORT","VERIFIED_CURRENT","https://www.fressi.fi/toimipisteet/kuntosali-helsinki/oulunkyla-patola/","Avoinna 24h vuoden jokaisena päivänä","","nominatim","suspicious","https://www.fressi.fi","official_club_page; soft_postal","Fressi 24h"
"fi_078d6e49df","Fressi","Fressi 24h Ruskeasuo","Mannerheimintie 103","00280","Helsinki","Finland",60.203527,24.899558,"READY_TO_IMPORT","VERIFIED_CURRENT","https://www.fressi.fi/toimipisteet/kuntosali-helsinki/ruskeasuo/","Avoinna 24h vuoden jokaisena päivänä","","nominatim","suspicious","https://www.fressi.fi","official_club_page; soft_postal","Fressi 24h"
"fi_787adfc699","Fressi","Fressi 24h Töölö-Meilahti","Mannerheimintie 118","00270","Helsinki","Finland",60.192069,24.909627,"READY_TO_IMPORT","VERIFIED_CURRENT","https://www.fressi.fi/toimipisteet/kuntosali-helsinki/toolo-meilahti/","Avoinna 24h vuoden jokaisena päivänä","","nominatim","ok","https://www.fressi.fi","official_club_page","Fressi 24h"
"fi_9857a19da9","Fressi","Fressi 24h Urheilukatu (Bolt-Arena)","Urheilukatu 5","00250","Helsinki","Finland",60.187602,24.922736,"READY_TO_IMPORT","VERIFIED_CURRENT","https://www.fressi.fi/toimipisteet/kuntosali-helsinki/urheilukatu/","Avoinna 24 h vuoden jokaisena päivänä","","nominatim","ok","https://www.fressi.fi","official_club_page","Fressi 24h"
"fi_ddeee7aadd","Fressi","Fressi 24h Vartiokylä","Linnavuorentie 28","00950","Helsinki","Finland","","","COMING_SOON","COMING_SOON","https://www.fressi.fi/toimipisteet/kuntosali-helsinki/vartiokyla/","Avoinna 24 h vuoden jokaisena päivänä","","","","https://www.fressi.fi","official_club_page; nav:Vartiokylä (avataan 25.8.2026)","Fressi 24h"
"fi_7f658cbf2d","Fressi","Fressi 24h Vuosaari","Vuotie 45","00980","Helsinki","Finland",60.207472,25.14494,"READY_TO_IMPORT","VERIFIED_CURRENT","https://www.fressi.fi/toimipisteet/kuntosali-helsinki/vuosaari-columbus/","Avoinna 24 h vuoden jokaisena päivänä","","nominatim","ok","https://www.fressi.fi","official_club_page","Fressi 24h"
"fi_11eb6496cb","Fressi","Fressi Clubhouse","Tyynylaavantie 20","00980","Helsinki","Finland",60.206915,25.135851,"READY_TO_IMPORT","VERIFIED_CURRENT","https://www.fressi.fi/toimipisteet/kuntosali-helsinki/clubhouse/","","","nominatim","ok","https://www.fressi.fi","official_club_page","Fressi Hyvinvointikeskus"
"fi_ed5b292552","Fressi","Fressi Jätkäsaari, Välimerenkatu","Välimerenkatu 9","00180","Helsinki","Finland",60.159637,24.917183,"READY_TO_IMPORT","VERIFIED_CURRENT","https://www.fressi.fi/toimipisteet/kuntosali-helsinki/jatkasaari-valimerenkatu/","Avoinna 5-23 vuoden jokaisena päivänä","","nominatim","ok","https://www.fressi.fi","official_club_page",""
"fi_7513be25d1","Fressi","Fressi Kamppi","Annankatu 33","00100","Helsinki","Finland",60.168356,24.93512,"READY_TO_IMPORT","VERIFIED_CURRENT","https://www.fressi.fi/toimipisteet/kuntosali-helsinki/kamppi/","","","nominatim","ok","https://www.fressi.fi","official_club_page","Fressi Hyvinvointikeskus"
"fi_3b3fd49e63","Fressi","Fressi Latokartano","Agronominkatu 1","00790","Helsinki","Finland",60.234027,25.033394,"READY_TO_IMPORT","VERIFIED_CURRENT","https://www.fressi.fi/toimipisteet/kuntosali-helsinki/latokartano/","Avoinna 5-23 vuoden jokaisena päivänä","","nominatim","ok","https://www.fressi.fi","official_club_page",""
"fi_6b0337061f","Fressi","Fressi Lauttasaari","Lauttasaarentie 28","00200","Helsinki","Finland",60.159962,24.880913,"READY_TO_IMPORT","VERIFIED_CURRENT","https://www.fressi.fi/toimipisteet/kuntosali-helsinki/lauttasaari/","Avoinna 7-22 vuoden jokaisena päivänä","","nominatim","ok","https://www.fressi.fi","official_club_page",""
"fi_e0c34d927f","Fressi","Fressi Suutarila","Tapulikaupungintie 39","00750","Helsinki","Finland",60.279883,25.012611,"READY_TO_IMPORT","VERIFIED_CURRENT","https://www.fressi.fi/toimipisteet/kuntosali-helsinki/suutarila/","Avoinna 5-23 vuoden jokaisena päivänä","","nominatim","ok","https://www.fressi.fi","official_club_page",""
"fi_c5250a6d3d","Fressi","Fressi Ullanlinna","Punanotkonkatu 2","00130","Helsinki","Finland",60.162754,24.947421,"READY_TO_IMPORT","VERIFIED_CURRENT","https://www.fressi.fi/toimipisteet/kuntosali-helsinki/ullanlinna/","Avoinna 5-23 vuoden jokaisena päivänä","","nominatim","ok","https://www.fressi.fi","official_club_page",""
"fi_921f07769a","Fressi","Fressi 24h Iisalmi","Eteläntie 4","74130","Iisalmi","Finland",63.550032,27.217165,"READY_TO_IMPORT","VERIFIED_CURRENT","https://www.fressi.fi/toimipisteet/fressi-kuntosali-iisalmi/","Avoinna 24h vuoden jokaisena päivänä","","nominatim","ok","https://www.fressi.fi","official_club_page","Fressi 24h"
"fi_26ab9aff3d","Fressi","Fressi 24h Joensuu","Siltakatu 16","80100","Joensuu","Finland",62.601841,29.76036,"READY_TO_IMPORT","VERIFIED_CURRENT","https://www.fressi.fi/toimipisteet/fressi-kuntosali-joensuu/","Avoinna 24h vuoden jokaisena päivänä","","nominatim","ok","https://www.fressi.fi","official_club_page","Fressi 24h"
"fi_c72a630021","Fressi","Fressi 24h Jyväskylä","Syöttäjänkatu 2","40520","Jyväskylä","Finland",62.228204,25.772388,"READY_TO_IMPORT","VERIFIED_CURRENT","https://www.fressi.fi/toimipisteet/fressi-kuntosali-jyvaskyla/","Avoinna 24h vuoden jokaisena päivänä","","nominatim","ok","https://www.fressi.fi","official_club_page","Fressi 24h"
"fi_d8bc2a540a","Fressi","Fressi 24h Jyväskylä Keskusta","Vapaudenkatu 40-42","40100","Jyväskylä","Finland","","","COMING_SOON","COMING_SOON","https://www.fressi.fi/toimipisteet/jyvaskyla-keskusta/","Avoinna 24 h vuoden jokaisena päivänä","","","","https://www.fressi.fi","official_club_page; nav:Keskusta, Vapaudenkatu (avataan 9-10/2026)","Fressi 24h"
"fi_978e8d6f32","Fressi","Fressi 24h Kaarina","Pyhän Katariinan tie 11","20780","Kaarina","Finland",60.407298,22.367001,"READY_TO_IMPORT","VERIFIED_CURRENT","https://www.fressi.fi/toimipisteet/fressi-kuntosali-kaarina/","Avoinna 24h vuoden jokaisena päivänä","","nominatim","ok","https://www.fressi.fi","official_club_page","Fressi 24h"
"fi_3fcfac213a","Fressi","Fressi 24h Lentola","Artturintie 10","36220","Kangasala","Finland","","","NEEDS_REVIEW","VERIFIED_CURRENT","https://www.fressi.fi/toimipisteet/fressi-kuntosali-lentola-kangasala/","Avoinna 24h vuoden jokaisena päivänä","","","ambiguous","https://www.fressi.fi","official_club_page","Fressi 24h"
"fi_91583512fd","Fressi","Fressi 24h Munkinmäki, Kirkkonummi","Asematie 3","02400","Kirkkonummi","Finland","","","NEEDS_REVIEW","VERIFIED_CURRENT","https://www.fressi.fi/toimipisteet/fressi-kuntosali-munkinmaki-kirkkonummi/","Avoinna 24 h vuoden jokaisena päivänä","","nominatim","ambiguous","https://www.fressi.fi","official_club_page; collapsed duplicate source https://www.fressi.fi/toimipisteet/fressi-kuntosali-kirkkonummi/","Fressi 24h"
"fi_7a41041407","Fressi","Fressi 24h Kokkola","Kaarlelankatu 55","67100","Kokkola","Finland","","","COMING_SOON","COMING_SOON","https://www.fressi.fi/toimipisteet/fressi-kuntosali-kokkola/","Avoinna 24h vuoden jokaisena päivänä","","","","https://www.fressi.fi","official_club_page; nav:Kokkola (avataan 1.9.2026)","Fressi 24h"
"fi_6195525c7a","Fressi","Fressi 24h Linjuri","Puijonkatu 45","70300","Kuopio","Finland","","","NEEDS_REVIEW","VERIFIED_CURRENT","https://www.fressi.fi/toimipisteet/fressi-kuntosali-linjuri-kuopio/","Avoinna 24h vuoden jokaisena päivänä","","","ambiguous","https://www.fressi.fi","official_club_page","Fressi 24h"
"fi_35dc691e90","Fressi","Fressi 24h Savilahti","Savilahdentie 14","70700","Kuopio","Finland",62.886032,27.630055,"READY_TO_IMPORT","VERIFIED_CURRENT","https://www.fressi.fi/toimipisteet/fressi-kuntosali-savilahti/","Avoinna 24h vuoden jokaisena päivänä","","nominatim","ok","https://www.fressi.fi","official_club_page","Fressi 24h"
"fi_bc661ea322","Fressi","Fressi 24h Ykkösrasti","Tehdaskatu 19","70620","Kuopio","Finland",62.881234,27.667228,"READY_TO_IMPORT","VERIFIED_CURRENT","https://www.fressi.fi/toimipisteet/fressi-kuntosali-ykkosrasti/","Avoinna 24h vuoden jokaisena päivänä","","nominatim","ok","https://www.fressi.fi","official_club_page","Fressi 24h"
"fi_b411bde782","Fressi","Fressi Kuntosali Fressi Kauppakatu","Kauppakatu 33","70100","Kuopio","Finland",62.891973,27.683303,"READY_TO_IMPORT","VERIFIED_CURRENT","https://www.fressi.fi/toimipisteet/kauppakatu/","","","nominatim","ok","https://www.fressi.fi","official_club_page","Fressi Hyvinvointikeskus"
"fi_9b948e99b6","Fressi","Fressi Kuntosali Fressi Lippumäki","Rauhalahdentie 68","70820","Kuopio","Finland",62.839404,27.65734,"READY_TO_IMPORT","VERIFIED_CURRENT","https://www.fressi.fi/toimipisteet/lippumaki/","","","nominatim","suspicious","https://www.fressi.fi","official_club_page; soft_postal","Fressi Hyvinvointikeskus"
"fi_594fe55669","Fressi","Fressi 24h Ankkuri","Ankkurikatu 1","15140","Lahti","Finland",60.996648,25.656121,"READY_TO_IMPORT","VERIFIED_CURRENT","https://www.fressi.fi/toimipisteet/fressi-kuntosali-ankkuri/","Avoinna 24h vuoden jokaisena päivänä","","nominatim","ok","https://www.fressi.fi","official_club_page","Fressi 24h"
"fi_07d50f00bb","Fressi","Fressi 24h kuntosali Lahti","Vapaudenkatu 13","15110","Lahti","Finland",60.983712,25.659792,"READY_TO_IMPORT","VERIFIED_CURRENT","https://www.fressi.fi/toimipisteet/kuntosali-lahti-vapaudenkatu/","","","nominatim","ok","https://www.fressi.fi","official_club_page","Fressi 24h"
"fi_ba47d8d87c","Fressi","Fressi 24h Laune, Lahti","Saksalankatu 4","15100","Lahti","Finland",60.967852,25.656961,"READY_TO_IMPORT","VERIFIED_CURRENT","https://www.fressi.fi/toimipisteet/fressi-kuntosali-laune-lahti/","Avoinna 24h vuoden jokaisena päivänä","","nominatim","ok","https://www.fressi.fi","official_club_page","Fressi 24h"
"fi_0e6f5e1f3c","Fressi","Fressi 24h Loviisa","Karlskronabulevardi 6","07900","Loviisa","Finland",60.455766,26.228393,"READY_TO_IMPORT","VERIFIED_CURRENT","https://www.fressi.fi/toimipisteet/fressi-kuntosali-loviisa/","Avoinna 24h vuoden jokaisena päivänä","","nominatim","ok","https://www.fressi.fi","official_club_page","Fressi 24h"
"fi_0c679f7104","Fressi","Fressi 24h Mikkeli, Graani","Graanintie 4","50190","Mikkeli","Finland",61.685404,27.298081,"READY_TO_IMPORT","VERIFIED_CURRENT","https://www.fressi.fi/toimipisteet/fressi-kuntosali-graani-mikkeli-24h/","Avoinna 24h vuoden jokaisena päivänä","","nominatim","ok","https://www.fressi.fi","official_club_page","Fressi 24h"
"fi_0267b4a2c8","Fressi","Fressi Kuntosali Fressi Mikkeli","Porrassalmenkatu 1","50100","Mikkeli","Finland",61.683581,27.271602,"READY_TO_IMPORT","VERIFIED_CURRENT","https://www.fressi.fi/toimipisteet/mikkeli/","","","nominatim","suspicious","https://www.fressi.fi","official_club_page; soft_postal","Fressi Hyvinvointikeskus"
"fi_b1febf5380","Fressi","Fressi 24h Nokia","Pirkkalaistori 1-3","37100","Nokia","Finland",61.477615,23.51109,"READY_TO_IMPORT","VERIFIED_CURRENT","https://www.fressi.fi/toimipisteet/fressi-kuntosali-nokia/","Avoinna 24h vuoden jokaisena päivänä","","nominatim","ok","https://www.fressi.fi","official_club_page","Fressi 24h"
"fi_30b6e54e24","Fressi","Fressi 24h Heikinkatu","Heikinkatu 5","90100","Oulu","Finland",65.014754,25.479611,"READY_TO_IMPORT","VERIFIED_CURRENT","https://www.fressi.fi/toimipisteet/fressi-kuntosali-heikinkatu/","","","nominatim","ok","https://www.fressi.fi","official_club_page","Fressi 24h"
"fi_bfebc139e0","Fressi","Fressi 24h Linnanmaa","Tutkijantie 7","90570","Oulu","Finland",65.058195,25.449065,"READY_TO_IMPORT","VERIFIED_CURRENT","https://www.fressi.fi/toimipisteet/fressi-kuntosali-linnanmaa/","Avoinna 24h vuoden jokaisena päivänä","","nominatim","suspicious","https://www.fressi.fi","official_club_page; soft_postal","Fressi 24h"
"fi_d02550e321","Fressi","Fressi 24h Mäkelininkatu","Mäkelininkatu 33","90100","Oulu","Finland","","","COMING_SOON","COMING_SOON","https://www.fressi.fi/toimipisteet/fressi-kuntosali-makelininkatu-oulu/","Avoinna 24h vuoden jokaisena päivänä","","","","https://www.fressi.fi","official_club_page; nav:Mäkelininkatu (avataan 29.9.2026)","Fressi 24h"
"fi_b788799d7c","Fressi","Fressi 24h Ritaharju","Kuivasrannantie 2","90540","Oulu","Finland",65.076306,25.451101,"READY_TO_IMPORT","VERIFIED_CURRENT","https://www.fressi.fi/toimipisteet/fressi-kuntosali-ritaharju/","Avoinna 24 h vuoden jokaisena päivänä","","nominatim","ok","https://www.fressi.fi","official_club_page","Fressi 24h"
"fi_48daa7fbb8","Fressi","Fressi 24h Värttö","Kurkelantie 2","90230","Oulu","Finland",65.020052,25.50935,"READY_TO_IMPORT","VERIFIED_CURRENT","https://www.fressi.fi/toimipisteet/fressi-kuntosali-vartto-oulu/","Avoinna 24 h vuoden jokaisena päivänä","","nominatim","ok","https://www.fressi.fi","official_club_page","Fressi 24h"
"fi_82e009e273","Fressi","Fressi 24h Pirkkala","Suupantie 6","33960","Pirkkala","Finland",61.466279,23.645966,"READY_TO_IMPORT","VERIFIED_CURRENT","https://www.fressi.fi/toimipisteet/fressi-kuntosali-pirkkala-24h/","Avoinna 24h vuoden jokaisena päivänä","","nominatim","ok","https://www.fressi.fi","official_club_page","Fressi 24h"
"fi_86a2293617","Fressi","Fressi 24h kuntosali Pori","Karjalankatu 3A","28130","Pori","Finland",61.4767,21.788973,"READY_TO_IMPORT","VERIFIED_CURRENT","https://www.fressi.fi/toimipisteet/fressi-kuntosali-pori/","Avoinna 24h vuoden jokaisena päivänä","","nominatim","ok","https://www.fressi.fi","official_club_page","Fressi 24h"
"fi_a49a8cd44d","Fressi","Fressi 24h kuntosali Rauma","Sahankatu 2","26100","Rauma","Finland",61.12316,21.5026,"READY_TO_IMPORT","VERIFIED_CURRENT","https://www.fressi.fi/toimipisteet/fressi-kuntosali-rauma/","Avoinna 24h vuoden jokaisena päivänä","","nominatim","ok","https://www.fressi.fi","official_club_page","Fressi 24h"
"fi_08ec8da974","Fressi","Fressi 24h Rovaniemi","Koskikatu 29","96100","Rovaniemi","Finland",66.503891,25.723013,"READY_TO_IMPORT","VERIFIED_CURRENT","https://www.fressi.fi/toimipisteet/fressi-kuntosali-rovaniemi/","Avoinna 24h vuoden jokaisena päivänä","","nominatim","ok","https://www.fressi.fi","official_club_page","Fressi 24h"
"fi_5140ca2724","Fressi","Fressi 24h Hyllykallio, Seinäjoki","Kaarretie 2","60510","Seinäjoki","Finland",62.806477,22.880774,"READY_TO_IMPORT","VERIFIED_CURRENT","https://www.fressi.fi/toimipisteet/fressi-kuntosali-hyllykallio-seinajoki/","Avoinna 24h vuoden jokaisena päivänä","","nominatim","ok","https://www.fressi.fi","official_club_page","Fressi 24h"
"fi_eda9514826","Fressi","Fressi 24h Seinäjoki","Varastotie 9","60100","Seinäjoki","Finland",62.790963,22.867249,"READY_TO_IMPORT","VERIFIED_CURRENT","https://www.fressi.fi/toimipisteet/seinajoki/","Avoinna 24h vuoden jokaisena päivänä","","nominatim","suspicious","https://www.fressi.fi","official_club_page; soft_postal","Fressi 24h"
"fi_f142933896","Fressi","Fressi 24h Siilinjärvi","Kuiluntie 10","71800","Siilinjärvi","Finland",63.07268,27.656735,"READY_TO_IMPORT","VERIFIED_CURRENT","https://www.fressi.fi/toimipisteet/fressi-kuntosali-siilinjarvi/","Avoinna 24h vuoden jokaisena päivänä","","nominatim","ok","https://www.fressi.fi","official_club_page","Fressi 24h"
"fi_5254983e5f","Fressi","Fressi 24h Levi","Hissitie 11","99130","Sirkka","Finland",67.804971,24.80918,"READY_TO_IMPORT","VERIFIED_CURRENT","https://www.fressi.fi/toimipisteet/fressi-kuntosali-levi-kittila/","Avoinna 24h vuoden jokaisena päivänä","","nominatim","ok","https://www.fressi.fi","official_club_page","Fressi 24h"
"fi_6f22b3e5bb","Fressi","Fressi 24h Hakametsä","Sammon Valtatie 2","33530","Tampere","Finland","","","COMING_SOON","COMING_SOON","https://www.fressi.fi/toimipisteet/fressi-kuntosali-hakametsa-tampere/","Avoinna 24 h vuoden jokaisena päivänä","","","","https://www.fressi.fi","official_club_page; nav:Hakametsä (avataan syksyllä 2026)","Fressi 24h"
"fi_e8e5247b7d","Fressi","Fressi 24h Hervanta","Insinöörinkatu 30","33720","Tampere","Finland",61.451612,23.847597,"READY_TO_IMPORT","VERIFIED_CURRENT","https://www.fressi.fi/toimipisteet/fressi-kuntosali-hervanta/","Avoinna 24h vuoden jokaisena päivänä","","nominatim","ok","https://www.fressi.fi","official_club_page","Fressi 24h"
"fi_cb5e2c2663","Fressi","Fressi 24h Kaukajärvi","Juvankatu 6","33710","Tampere","Finland",61.475536,23.872571,"READY_TO_IMPORT","VERIFIED_CURRENT","https://www.fressi.fi/toimipisteet/fressi-kuntosali-kaukajarvi/","Avoinna 24h vuoden jokaisena päivänä","","nominatim","ok","https://www.fressi.fi","official_club_page","Fressi 24h"
"fi_4b558553ee","Fressi","Fressi 24h Tampere","Verkatehtaankatu 4","33100","Tampere","Finland",61.497047,23.767924,"READY_TO_IMPORT","VERIFIED_CURRENT","https://www.fressi.fi/toimipisteet/tampere/","Avoinna 24h vuoden jokaisena päivänä","","nominatim","ok","https://www.fressi.fi","official_club_page","Fressi 24h"
"fi_5a298defbb","Fressi","Fressi 24h Tesoma","Kokkolankatu 2","33300","Tampere","Finland",61.502468,23.633639,"READY_TO_IMPORT","VERIFIED_CURRENT","https://www.fressi.fi/toimipisteet/fressi-kuntosali-tesoma-tampere/","Avoinna 24h vuoden jokaisena päivänä","","nominatim","ok","https://www.fressi.fi","official_club_page","Fressi 24h"
"fi_248a6159ac","Fressi","Fressi Syke","Erkkilänkatu 11","33100","Tampere","Finland",61.503422,23.775078,"READY_TO_IMPORT","VERIFIED_CURRENT","https://www.fressi.fi/toimipisteet/syke/","","","nominatim","ok","https://www.fressi.fi","official_club_page","Fressi Hyvinvointikeskus"
"fi_7834797a74","Fressi","Fressi 24h Hirvensalo","Aamunkoitonkatu 1","20900","Turku","Finland",60.39448,22.221985,"READY_TO_IMPORT","VERIFIED_CURRENT","https://www.fressi.fi/toimipisteet/fressi-kuntosali-hirvensalo/","Avoinna 24h vuoden jokaisena päivänä","","nominatim","ok","https://www.fressi.fi","official_club_page","Fressi 24h"
"fi_19653c31d7","Fressi","Fressi 24h Elmo","Elmontie 16","01400","Vantaa","Finland","","","COMING_SOON","COMING_SOON","https://www.fressi.fi/toimipisteet/fressi-kuntosali-elmo-vantaa/","Avoinna 24 h vuoden jokaisena päivänä","","","","https://www.fressi.fi","official_club_page; nav:Elmo (avataan elo-syyskuussa 2027)","Fressi 24h"
"fi_bac3d6f785","Fressi","Fressi 24h Kartanonkoski","Hagelstamintie 32","01520","Vantaa","Finland",60.283699,24.969224,"READY_TO_IMPORT","VERIFIED_CURRENT","https://www.fressi.fi/toimipisteet/fressi-kuntosali-kartanonkoski/","Avoinna 24h vuoden jokaisena päivänä","","nominatim","ok","https://www.fressi.fi","official_club_page","Fressi 24h"
"fi_9ad2dff852","Fressi","Fressi 24h Korso","Maakotkantie 6","01450","Vantaa","Finland",60.348366,25.074501,"READY_TO_IMPORT","VERIFIED_CURRENT","https://www.fressi.fi/toimipisteet/fressi-kuntosali-korso-vantaa/","Avoinna 24 h vuoden jokaisena päivänä","","nominatim","ok","https://www.fressi.fi","official_club_page","Fressi 24h"
"fi_ebb2254949","Fressi","Fressi 24h Martinlaakso","Laajaniityntie 3","01620","Vantaa","Finland","","","COMING_SOON","COMING_SOON","https://www.fressi.fi/toimipisteet/fressi-kuntosali-martinlaakso-vantaa/","Avoinna 24 h vuoden jokaisena päivänä","","","","https://www.fressi.fi","official_club_page; nav:Martinlaakso (avataan elo-syyskuussa 2026)","Fressi 24h"
"fi_29378181bd","Fressi","Fressi 24h Porttipuisto","Porttisuontie 13","01200","Vantaa","Finland",60.278158,25.083682,"READY_TO_IMPORT","VERIFIED_CURRENT","https://www.fressi.fi/toimipisteet/fressi-kuntosali-porttipuisto/","Avoinna 24h vuoden jokaisena päivänä","","nominatim","ok","https://www.fressi.fi","official_club_page","Fressi 24h"
"fi_120a3f2877","Fressi","Fressi 24h Tammisto, Tammiston kauppatie 10","Tammiston kauppatie 10","01510","Vantaa","Finland","","","COMING_SOON","COMING_SOON","https://www.fressi.fi/toimipisteet/tammisto-tammiston-kauppatie-10/","Avoinna 24h vuoden jokaisena päivänä","","","","https://www.fressi.fi","official_club_page; nav:Tammisto (avataan 24.8.2026)","Fressi 24h"
"fi_49daab63b9","Fressi","Fressi 24h Tikkurila","Vernissakatu 3","01300","Vantaa","Finland",60.291416,25.044868,"READY_TO_IMPORT","VERIFIED_CURRENT","https://www.fressi.fi/toimipisteet/tikkurila/","Avoinna 24h vuoden jokaisena päivänä","","nominatim","ok","https://www.fressi.fi","official_club_page","Fressi 24h"
"fi_a427b9e3d6","Fressi","Fressi Myyrmäki","Rajatorpantie 19","01600","Vantaa","Finland",60.259609,24.841002,"READY_TO_IMPORT","VERIFIED_CURRENT","https://www.fressi.fi/toimipisteet/myyrmaki/","","","nominatim","ok","https://www.fressi.fi","official_club_page","Fressi Hyvinvointikeskus"
"fi_d0f600f322","Fressi","Fressi Kuntosali Fressi Ylöjärvi","Elotie 14","33470","Ylöjärvi","Finland",61.558049,23.579643,"READY_TO_IMPORT","VERIFIED_CURRENT","https://www.fressi.fi/toimipisteet/ylojarvi/","","","nominatim","ok","https://www.fressi.fi","official_club_page","Fressi Hyvinvointikeskus"
"fi_00491dd2d5","Fressi","Fressi Kuntosali Ylöjärvi","Rauhalantie 2","33480","Ylöjärvi","Finland",61.565144,23.594398,"READY_TO_IMPORT","VERIFIED_CURRENT","https://www.fressi.fi/toimipisteet/fressi-kuntosali-ateena/","Avoinna 24h vuoden jokaisena päivänä","","nominatim","ok","https://www.fressi.fi","official_club_page","Fressi 24h"
"fi_de720d2e11","GOGO","GOGO City","Hämeenkatu 9","33100","Tampere","Finland",61.497906,23.768235,"READY_TO_IMPORT","VERIFIED_CURRENT","https://gogo.fi/kuntosali-tampere-keskusta/","4–24","","nominatim","ok","https://gogo.fi","official_gogo_fi_full_service; meta+page Hämeenkatu 9, 33100 Tampere","GOGO full-service"
"fi_f63a860be6","GOGO","GOGO Hervanta","Lindforsinkatu 9","33720","Tampere","Finland",61.448877,23.841195,"READY_TO_IMPORT","VERIFIED_CURRENT","https://gogo.fi/gogo-hervanta/","4–24","","nominatim","ok","https://gogo.fi","official_gogo_fi_full_service","GOGO full-service"
"fi_16e07e8015","GOGO","GOGO Park","Hämeenpuisto 47","33200","Tampere","Finland",61.493218,23.754051,"READY_TO_IMPORT","VERIFIED_CURRENT","https://gogo.fi/gogo-park/","4–24","","nominatim","ok","https://gogo.fi","official_gogo_fi_full_service","GOGO full-service"
"fi_956a3c214e","GOGO Express","GOGO Express Espoo Olari","Kuitinmäentie 26","02240","Espoo","Finland",60.162013,24.720393,"READY_TO_IMPORT","VERIFIED_CURRENT","https://gogoexpress.fi/espoo/olari/","","","nominatim","ok","https://gogoexpress.fi","official_gogoexpress_card",""
"fi_e4bad0240c","GOGO Express","GOGO Express Helsinki Yhteystiedot tulossa pian Roihupelto","Henkilökunta paikalla laajasti Laippatie 1","00880","Helsinki","Finland","","","COMING_SOON","COMING_SOON","https://gogoexpress.fi/kuntosali-helsinki-roihupelto/","","","","","https://gogoexpress.fi","official_gogoexpress_card",""
"fi_22cd9fd6a1","GOGO Express","GOGO Express Hyvinkää hyvinkaa Hyvinkää","Uudenmaankatu 3","05800","Hyvinkää","Finland",60.629316,24.856576,"READY_TO_IMPORT","VERIFIED_CURRENT","https://gogoexpress.fi/hyvinkaa/","","","nominatim","ok","https://gogoexpress.fi","official_gogoexpress_card",""
"fi_deb0388a55","GOGO Express","GOGO Express Hämeenlinna tiirio Tiiriö","Katsastusmiehenkuja 1","13130","Hämeenlinna","Finland",61.006318,24.417133,"READY_TO_IMPORT","VERIFIED_CURRENT","https://gogoexpress.fi/kuntosali-hameenlinna-tiirio/","","","nominatim","ok","https://gogoexpress.fi","official_gogoexpress_card",""
"fi_a8b2603706","GOGO Express","GOGO Express Jyväskylä keljo Keljo","Kylmälahdentie 5","40500","Jyväskylä","Finland",62.214988,25.717527,"READY_TO_IMPORT","VERIFIED_CURRENT","https://gogoexpress.fi/jyvaskyla-keljo/","","","nominatim","ok","https://gogoexpress.fi","official_gogoexpress_card",""
"fi_520ba99970","GOGO Express","GOGO Express Jyväskylä p Palokka","Saarijärventie 52","40270","Jyväskylä","Finland",62.287427,25.712501,"READY_TO_IMPORT","VERIFIED_CURRENT","https://gogoexpress.fi/jyvaskyla-palokka/","","","nominatim","ok","https://gogoexpress.fi","official_gogoexpress_card",""
"fi_353b889af0","GOGO Express","GOGO Express Jyväskylä Savela","Onkapannu 1","40700","Jyväskylä","Finland",62.242316,25.708489,"READY_TO_IMPORT","VERIFIED_CURRENT","https://gogoexpress.fi/kuntosali-jyvaskyla/savela/","","","nominatim","ok","https://gogoexpress.fi","official_gogoexpress_card",""
"fi_a3d07f4536","GOGO Express","GOGO Express Jyväskylä Seppälä","Vasarakatu 27","40320","Jyväskylä","Finland",62.262966,25.772341,"READY_TO_IMPORT","VERIFIED_CURRENT","https://gogoexpress.fi/kuntosali-jyvaskyla/seppala/","","","nominatim","ok","https://gogoexpress.fi","official_gogoexpress_card",""
"fi_614b782b89","GOGO Express","GOGO Express Kajaani","Kauppakatu 10","87100","Kajaani","Finland","","","COMING_SOON","COMING_SOON","https://gogoexpress.fi/kajaani/","24/7","GYM Anytime","","failed","https://gogoexpress.fi","official gogoexpress.fi/kajaani: opens vuodenvaihteessa 2026–27; K-Citymarket basement; not active",""
"fi_b36a71a099","GOGO Express","GOGO Express Kangasala kangasala Kangasala","Finnentie 37","36200","Kangasala","Finland",61.463882,24.048474,"READY_TO_IMPORT","VERIFIED_CURRENT","https://gogoexpress.fi/kangasala/","","","nominatim","ok","https://gogoexpress.fi","official_gogoexpress_card",""
"fi_d507567ce4","GOGO Express","GOGO Express Lahti Laune","Launeenkatu 2","15100","Lahti","Finland",60.971348,25.656577,"READY_TO_IMPORT","VERIFIED_CURRENT","https://gogoexpress.fi/kuntosali-lahti/laune/","","","nominatim","ok","https://gogoexpress.fi","official_gogoexpress_card",""
"fi_834b38793a","GOGO Express","GOGO Express Lahti Mukkula","Mukkulankatu 19","15210","Lahti","Finland",61.005718,25.665485,"READY_TO_IMPORT","VERIFIED_CURRENT","https://gogoexpress.fi/kuntosali-lahti/mukkula/","","","nominatim","ok","https://gogoexpress.fi","official_gogoexpress_card",""
"fi_455532d5e0","GOGO Express","GOGO Express Lehmo joensuu Joensuu","Lehmonportintie 3","80710","Lehmo","Finland",62.633803,29.803675,"READY_TO_IMPORT","VERIFIED_CURRENT","https://gogoexpress.fi/kuntosali-joensuu/","","","nominatim","ok","https://gogoexpress.fi","official_gogoexpress_card",""
"fi_ca6d6bbb8d","GOGO Express","GOGO Express Lohja lohja Lohja","Maksjoentie 11","08700","Lohja","Finland",60.2208,24.022642,"READY_TO_IMPORT","VERIFIED_CURRENT","https://gogoexpress.fi/kuntosali-lohja/","","","nominatim","ok","https://gogoexpress.fi","official_gogoexpress_card",""
"fi_15b7afb986","GOGO Express","GOGO Express Nokia Nokia","Yrittäjäkatu 16","37100","Nokia","Finland",61.478226,23.521445,"READY_TO_IMPORT","VERIFIED_CURRENT","https://gogoexpress.fi/nokia/","","","nominatim","ok","https://gogoexpress.fi","official_gogoexpress_card",""
"fi_475171e929","GOGO Express","GOGO Express Pirkkala Partola","Kenkätie 4","33950","Pirkkala","Finland",61.469338,23.716247,"READY_TO_IMPORT","VERIFIED_CURRENT","https://gogoexpress.fi/kuntosali-tampere/partola/","","","nominatim","ok","https://gogoexpress.fi","official_gogoexpress_card",""
"fi_6551e2c0c7","GOGO Express","GOGO Express Pori Pori","Liisankatu 2-4","28100","Pori","Finland",61.483414,21.797612,"READY_TO_IMPORT","VERIFIED_CURRENT","https://gogoexpress.fi/pori/","","","nominatim","ok","https://gogoexpress.fi","official_gogoexpress_card",""
"fi_0419e68d0d","GOGO Express","GOGO Express Porvoo p Porvoo","Werner Söderströmin katu 23","06150","Porvoo","Finland",60.406815,25.677067,"READY_TO_IMPORT","VERIFIED_CURRENT","https://gogoexpress.fi/porvoo/","","","nominatim","ok","https://gogoexpress.fi","official_gogoexpress_card",""
"fi_d6f7ad7337","GOGO Express","GOGO Express Seinäjoki seinajoki Seinäjoki","Tehtaantie 6","60100","Seinäjoki","Finland",62.790149,22.883041,"READY_TO_IMPORT","VERIFIED_CURRENT","https://gogoexpress.fi/kuntosali-seinajoki/","","","nominatim","ok","https://gogoexpress.fi","official_gogoexpress_card",""
"fi_447bb8ece1","GOGO Express","GOGO Express Tampere arena Arena","Kansikatu 3","33100","Tampere","Finland",61.49363,23.773934,"READY_TO_IMPORT","VERIFIED_CURRENT","https://gogoexpress.fi/kuntosali-tampere-arena/","","","nominatim","ok","https://gogoexpress.fi","official_gogoexpress_card",""
"fi_5b09d1a9b3","GOGO Express","GOGO Express Tampere Lielahti","Sellukatu 22-26","33400","Tampere","Finland",61.515888,23.673261,"READY_TO_IMPORT","VERIFIED_CURRENT","https://gogoexpress.fi/kuntosali-tampere/lielahti/","","","nominatim","ok","https://gogoexpress.fi","official_gogoexpress_card",""
"fi_48e095e151","GOGO Express","GOGO Express Tampere Linnainmaa","Kirviälänkatu 1","33580","Tampere","Finland",61.494224,23.882335,"READY_TO_IMPORT","VERIFIED_CURRENT","https://gogoexpress.fi/kuntosali-tampere/linnainmaa/","","","nominatim","ok","https://gogoexpress.fi","official_gogoexpress_card",""
"fi_0ecf80488c","GOGO Express","GOGO Express Tampere p Koivistonkylä","Lempääläntie 21","33820","Tampere","Finland",61.469093,23.776977,"READY_TO_IMPORT","VERIFIED_CURRENT","https://gogoexpress.fi/kuntosali-tampere-koivistonkyla/","","","nominatim","ok","https://gogoexpress.fi","official_gogoexpress_card",""
"fi_daf962b9fe","GOGO Express","GOGO Express Turku Länsikeskus","Viilarinkatu 5","20320","Turku","Finland",60.473805,22.223798,"READY_TO_IMPORT","VERIFIED_CURRENT","https://gogoexpress.fi/kuntosali-turku/lansikeskus/","","","nominatim","ok","https://gogoexpress.fi","official_gogoexpress_card",""
"fi_4e22e988d6","GOGO Express","GOGO Express Turku Skanssi","Biolinja 20","20750","Turku","Finland",60.431341,22.330667,"READY_TO_IMPORT","VERIFIED_CURRENT","https://gogoexpress.fi/kuntosali-turku/skanssi/","","","nominatim","ok","https://gogoexpress.fi","official_gogoexpress_card",""
"fi_0967ec4a80","Greenfit","Greenfit Keilaniemi","Keilaniementie 1D","02150","Espoo","Finland",60.175162,24.826298,"READY_TO_IMPORT","VERIFIED_CURRENT","https://greenfitkuntosalit.com/toimipisteet/greenfitkeilaniemi/","","","official_google_embed","ok","https://greenfitkuntosalit.com","phase2_greenfit_official_toimipisteet; phase2_official_map",""
"fi_095193d363","Greenfit","Greenfit Pasila","Ilmalantori 4","00240","Helsinki","Finland",60.207658,24.916173,"READY_TO_IMPORT","VERIFIED_CURRENT","https://greenfitkuntosalit.com/toimipisteet/greenfitpasila/","","","official_google_embed","ok","https://greenfitkuntosalit.com","phase2_greenfit_official_toimipisteet; phase2_official_map",""
"fi_c8727dcf5d","Greenfit","Greenfit Ruoholahti","Porkkalankatu 5","00180","Helsinki","Finland",60.164455,24.906865,"READY_TO_IMPORT","VERIFIED_CURRENT","https://greenfitkuntosalit.com/toimipisteet/greenfitruoholahti/","","","official_google_embed","ok","https://greenfitkuntosalit.com","phase2_greenfit_official_toimipisteet; phase2_official_map",""
"fi_06561dcb26","Greenfit","Greenfit Nummela","Vihdintie 5","03100","Nummela","Finland",60.336082,24.318922,"READY_TO_IMPORT","VERIFIED_CURRENT","https://greenfitkuntosalit.com/toimipisteet/greenfitnummela/","","","official_google_embed","ok","https://greenfitkuntosalit.com","phase2_greenfit_official_toimipisteet; phase2_official_map",""
"fi_b8ea2ec9f5","GYM Anytime","GYM Anytime Kurikka","Niittypolku 1","61300","Kurikka","Finland",62.619875,22.421444,"READY_TO_IMPORT","VERIFIED_CURRENT","https://gymanytime.fi/kurikka/","24/7","","nominatim","ok","https://gymanytime.fi","current consumer brand GYM Anytime; GOGO Express rebrand planned early 2027 — not yet rebranded; address from official city page (not Valkeakoski JSON-LD)",""
"fi_ab06a2808f","GYM Anytime","GYM Anytime Rauma","Valtakatu 13","26100","Rauma","Finland",61.131814,21.499425,"READY_TO_IMPORT","VERIFIED_CURRENT","https://gymanytime.fi/rauma/","24/7","","nominatim","ok","https://gymanytime.fi","current consumer brand GYM Anytime; GOGO Express rebrand planned early 2027 — not yet rebranded; address from official city page (not Valkeakoski JSON-LD)",""
"fi_933ab11dd6","GYM Anytime","GYM Anytime Tampere","Vaajakatu 11","33720","Tampere","Finland",61.45538,23.85525,"READY_TO_IMPORT","VERIFIED_CURRENT","https://gymanytime.fi/tampere/","24/7","","nominatim","ok","https://gymanytime.fi","current consumer brand GYM Anytime; GOGO Express rebrand planned early 2027 — not yet rebranded; address from official city page (not Valkeakoski JSON-LD)",""
"fi_c30bafcf3b","GYM Anytime","GYM Anytime Valkeakoski","Valtakatu 9-11","37600","Valkeakoski","Finland",61.266656,24.028238,"READY_TO_IMPORT","VERIFIED_CURRENT","https://gymanytime.fi/valkeakoski/","24/7","","nominatim","ok","https://gymanytime.fi","current consumer brand GYM Anytime; GOGO Express rebrand planned early 2027 — not yet rebranded; address from official city page (not Valkeakoski JSON-LD)",""
"fi_0eb72cc1b2","GYM Anytime","GYM Anytime Varkaus","Pirnankatu 4","78200","Varkaus","Finland",62.316349,27.868013,"READY_TO_IMPORT","VERIFIED_CURRENT","https://gymanytime.fi/varkaus/","24/7","","nominatim","ok","https://gymanytime.fi","current consumer brand GYM Anytime; GOGO Express rebrand planned early 2027 — not yet rebranded; address from official city page (not Valkeakoski JSON-LD)",""
"fi_fe118ebe12","LadyLine","LadyLine Espoo – Lippulaiva","Espoonlahdenkatu 8","02320","Espoo","Finland",60.149657,24.654763,"READY_TO_IMPORT","VERIFIED_CURRENT","https://ladyline.fi/toimipiste/espoo-lippulaiva/","","","nominatim","ok","https://ladyline.fi","official_wp_toimipiste; women's club with conventional gym floor; address_sanitized; official_ladyline_yhteystiedot",""
"fi_f7162968ba","LadyLine","LadyLine Iisalmi","Kilpivirrantie 7","74120","Iisalmi","Finland","","","NEEDS_REVIEW","VERIFIED_CURRENT","https://ladyline.fi/toimipiste/iisalmi/","","","","ambiguous","https://ladyline.fi","official_wp_toimipiste; women's club with conventional gym floor; address_sanitized; official_ladyline_yhteystiedot",""
"fi_c8e1452c6a","LadyLine","LadyLine Joensuu","Torikatu 21 C","80100","Joensuu","Finland",62.59965,29.761815,"READY_TO_IMPORT","VERIFIED_CURRENT","https://ladyline.fi/toimipiste/joensuu/","","","nominatim_structured","ok","https://ladyline.fi","official_wp_toimipiste; women's club with conventional gym floor; address_sanitized; official_ladyline_yhteystiedot; phase2_structured_nominatim",""
"fi_ffe0e6b9d8","LadyLine","LadyLine Kajaani","Lönnrotinkatu 18","87100","Kajaani","Finland","","","NEEDS_REVIEW","VERIFIED_CURRENT","https://ladyline.fi/toimipiste/kajaani/","","","","ambiguous","https://ladyline.fi","official_wp_toimipiste; women's club with conventional gym floor; address_sanitized; official_ladyline_yhteystiedot",""
"fi_dc578af189","LadyLine","LadyLine Kotka","Ruotsinsalmenkatu 24","48100","Kotka","Finland",60.466891,26.941736,"READY_TO_IMPORT","VERIFIED_CURRENT","https://ladyline.fi/toimipiste/kotka/","","","nominatim","suspicious","https://ladyline.fi","official_wp_toimipiste; women's club with conventional gym floor; address_sanitized; official_ladyline_yhteystiedot; soft_postal",""
"fi_51de1f6e23","LadyLine","LadyLine Kouvola","Kauppamiehenkatu 4","45100","Kouvola","Finland",60.867457,26.696656,"READY_TO_IMPORT","VERIFIED_CURRENT","https://ladyline.fi/toimipiste/kouvola/","","","nominatim","ok","https://ladyline.fi","official_wp_toimipiste; women's club with conventional gym floor; address_sanitized; official_ladyline_yhteystiedot",""
"fi_d4b49216f5","LadyLine","LadyLine Kuopio","Leväsentie 2 B","70700","Kuopio","Finland",62.870745,27.629008,"READY_TO_IMPORT","VERIFIED_CURRENT","https://ladyline.fi/toimipiste/kuopio/","","","nominatim","ok","https://ladyline.fi","official_wp_toimipiste; women's club with conventional gym floor; address_sanitized; official_ladyline_yhteystiedot",""
"fi_0e4943d3fb","LadyLine","LadyLine Lahti","Kauppakatu 17","15140","Lahti","Finland",60.987632,25.666653,"READY_TO_IMPORT","VERIFIED_CURRENT","https://ladyline.fi/toimipiste/lahti/","","","nominatim","ok","https://ladyline.fi","official_wp_toimipiste; women's club with conventional gym floor; address_sanitized; official_ladyline_yhteystiedot",""
"fi_27af1d3e8b","LadyLine","LadyLine Loimaa","Hossinkatu 1-3","32200","Loimaa","Finland",60.853247,23.045517,"READY_TO_IMPORT","VERIFIED_CURRENT","https://ladyline.fi/toimipiste/loimaa/","","","nominatim","ok","https://ladyline.fi","official_wp_toimipiste; women's club with conventional gym floor; address_sanitized; official_ladyline_yhteystiedot",""
"fi_e4659e05ff","LadyLine","LadyLine Mikkeli","Ratamonkatu 5","50100","Mikkeli","Finland",61.69743,27.283714,"READY_TO_IMPORT","VERIFIED_CURRENT","https://ladyline.fi/toimipiste/mikkeli/","","","nominatim","ok","https://ladyline.fi","official_wp_toimipiste; women's club with conventional gym floor; address_sanitized; official_ladyline_yhteystiedot",""
"fi_5cb443c599","LadyLine","LadyLine Oulu","Poratie 5 E","90140","Oulu","Finland",64.996784,25.481592,"READY_TO_IMPORT","VERIFIED_CURRENT","https://ladyline.fi/toimipiste/oulu/","","","nominatim","ok","https://ladyline.fi","official_wp_toimipiste; women's club with conventional gym floor; official_ladyline_yhteystiedot",""
"fi_be335df3f4","LadyLine","LadyLine Porvoo","Rauhankatu 33","06100","Porvoo","Finland",60.39459,25.664254,"READY_TO_IMPORT","VERIFIED_CURRENT","https://ladyline.fi/toimipiste/porvoo/","","","nominatim","ok","https://ladyline.fi","official_wp_toimipiste; women's club with conventional gym floor; address_sanitized; official_ladyline_yhteystiedot",""
"fi_8d193e1575","LadyLine","LadyLine Rovaniemi","Vapaudentie 2-4","96100","Rovaniemi","Finland",66.495056,25.714657,"READY_TO_IMPORT","VERIFIED_CURRENT","https://ladyline.fi/toimipiste/rovaniemi/","","","nominatim","ok","https://ladyline.fi","official_wp_toimipiste; women's club with conventional gym floor; address_sanitized; official_ladyline_yhteystiedot",""
"fi_fc2f6f849c","LadyLine","LadyLine Vaasa – Ritz","Kirkkopuistikko 22","65100","Vaasa","Finland",63.095795,21.60886,"READY_TO_IMPORT","VERIFIED_CURRENT","https://ladyline.fi/toimipiste/vaasa-ritz/","","","nominatim","suspicious","https://ladyline.fi","official_wp_toimipiste; women's club with conventional gym floor; official_ladyline_yhteystiedot; soft_postal",""
"fi_1250b3cc8d","Liikku","Liikku Espoo Espoonlahti","Höyrylaivantie 18","02320","Espoo","Finland",60.1526381,24.6584003,"READY_TO_IMPORT","VERIFIED_CURRENT","https://www.liikku.fi/kuntosali/espoo-espoonlahti/","klo 16-19","","official_club_map","","https://www.liikku.fi","official_wp_gym_cpt; leaflet_marker_on_official_page",""
"fi_757635c680","Liikku","Liikku Espoo Iso Omena","Piispansilta 9","02230","Espoo","Finland",60.1630398,24.7381274,"READY_TO_IMPORT","VERIFIED_CURRENT","https://www.liikku.fi/kuntosali/espoo-iso-omena/","klo 16-19","","official_club_map","","https://www.liikku.fi","official_wp_gym_cpt; leaflet_marker_on_official_page",""
"fi_4aef8ba850","Liikku","Liikku Espoo Leppävaara","Bertel Jungin aukio 9","02600","Espoo","Finland",60.217047,24.814662,"COMING_SOON","COMING_SOON","https://www.liikku.fi/kuntosali/espoo-leppavaara/","avoinna jäsenille joka päivä aamusta iltaan klo 05-23","","official_leaflet","ok","https://www.liikku.fi","official_wp_gym_cpt; leaflet_marker_on_official_page; homepage lists Espoo Leppävaara Bertel Jungin aukio 9 as opening early 2027; club page currently presents hours — held for review; phase2_official_avataan_2027",""
"fi_e9b8a6fe55","Liikku","Liikku Espoo Niittykumpu","Niittyportti 4","02200","Espoo","Finland",60.1688488,24.7703085,"READY_TO_IMPORT","VERIFIED_CURRENT","https://www.liikku.fi/kuntosali/espoo-niittykumpu/","klo 16–19","","official_club_map","","https://www.liikku.fi","official_wp_gym_cpt; leaflet_marker_on_official_page",""
"fi_dd49fd265f","Liikku","Liikku Espoo Otaniemi","Otaniementie 12","02150","Espoo","Finland",60.1847143,24.8256433,"READY_TO_IMPORT","VERIFIED_CURRENT","https://www.liikku.fi/kuntosali/espoo-otaniemi/","","","official_club_map","","https://www.liikku.fi","official_wp_gym_cpt; leaflet_marker_on_official_page",""
"fi_c75c9dbf23","Liikku","Liikku Forssa","Kutomonkuja 1","30100","Forssa","Finland",60.809051,23.6305963,"READY_TO_IMPORT","VERIFIED_CURRENT","https://www.liikku.fi/kuntosali/forssa/","","","official_club_map","","https://www.liikku.fi","official_wp_gym_cpt; leaflet_marker_on_official_page",""
"fi_6e5aca50f2","Liikku","Liikku Haukipudas","Kirkkotie 1","90830","Haukipudas","Finland",65.1770054,25.350469,"READY_TO_IMPORT","VERIFIED_CURRENT","https://www.liikku.fi/kuntosali/haukipudas/","","","official_club_map","","https://www.liikku.fi","official_wp_gym_cpt; leaflet_marker_on_official_page",""
"fi_f3fe7ce6ee","Liikku","Liikku Helsinki Herttoniemi","Hitsaajankatu 14","00810","Helsinki","Finland",60.1931527,25.0304379,"READY_TO_IMPORT","VERIFIED_CURRENT","https://www.liikku.fi/kuntosali/helsinki-herttoniemi/","klo 16-19","","official_club_map","","https://www.liikku.fi","official_wp_gym_cpt; leaflet_marker_on_official_page",""
"fi_701a61c65a","Liikku","Liikku Helsinki Itäkeskus","Vanhanlinnantie 1","00900","Helsinki","Finland",60.213778,25.08838,"READY_TO_IMPORT","VERIFIED_CURRENT","https://www.liikku.fi/kuntosali/helsinki-itakeskus/","klo 16-19","","official_club_map","","https://www.liikku.fi","official_wp_gym_cpt; leaflet_marker_on_official_page",""
"fi_dca807142e","Liikku","Liikku Helsinki Kaarela","Kaarelankuja 2a","00430","Helsinki","Finland",60.2372992,24.9000418,"READY_TO_IMPORT","VERIFIED_CURRENT","https://www.liikku.fi/kuntosali/helsinki-kaarela/","klo 16-19","","official_club_map","","https://www.liikku.fi","official_wp_gym_cpt; leaflet_marker_on_official_page",""
"fi_4c4d31d598","Liikku","Liikku Helsinki Kalasatama","Hermannin rantatie 5","00580","Helsinki","Finland",60.187528,24.9794629,"READY_TO_IMPORT","VERIFIED_CURRENT","https://www.liikku.fi/kuntosali/helsinki-kalasatama/","klo 16-19","","official_club_map","","https://www.liikku.fi","official_wp_gym_cpt; leaflet_marker_on_official_page",""
"fi_303a73e460","Liikku","Liikku Helsinki Konala","Konalantie 47","00390","Helsinki","Finland",60.2399392,24.8452012,"READY_TO_IMPORT","VERIFIED_CURRENT","https://www.liikku.fi/kuntosali/helsinki-konala/","klo 16-19","","official_club_map","","https://www.liikku.fi","official_wp_gym_cpt; leaflet_marker_on_official_page",""
"fi_122f2042c9","Liikku","Liikku Helsinki Lauttasaari","Heikkiläntie 4","00210","Helsinki","Finland",60.1547752,24.8801141,"READY_TO_IMPORT","VERIFIED_CURRENT","https://www.liikku.fi/kuntosali/liikku-helsinki-lauttasaari/","klo 16-19","","official_club_map","","https://www.liikku.fi","official_wp_gym_cpt; leaflet_marker_on_official_page",""
"fi_66364bdfa6","Liikku","Liikku Helsinki Myllypuro","Alakiventie 2","00920","Helsinki","Finland",60.221073,25.0797003,"READY_TO_IMPORT","VERIFIED_CURRENT","https://www.liikku.fi/kuntosali/helsinki-myllypuro/","klo 16-19","","official_club_map","","https://www.liikku.fi","official_wp_gym_cpt; leaflet_marker_on_official_page",""
"fi_4f22d1beff","Liikku","Liikku Helsinki Pasila","Esterinportti 2","00240","Helsinki","Finland",60.1971149,24.9278672,"READY_TO_IMPORT","VERIFIED_CURRENT","https://www.liikku.fi/kuntosali/helsinki-pasila/","klo 16–19","","official_club_map","","https://www.liikku.fi","official_wp_gym_cpt; leaflet_marker_on_official_page",""
"fi_c252dfe1e9","Liikku","Liikku Helsinki Pitäjänmäki","Höyläämötie 2","00380","Helsinki","Finland",60.2149636,24.8776326,"READY_TO_IMPORT","VERIFIED_CURRENT","https://www.liikku.fi/kuntosali/helsinki-pitajanmaki/","klo 16-19","","official_club_map","","https://www.liikku.fi","official_wp_gym_cpt; leaflet_marker_on_official_page",""
"fi_6ba3b798e8","Liikku","Liikku Helsinki Pukinmäki","Eskolankaari 2","00720","Helsinki","Finland",60.2425717,24.9957053,"READY_TO_IMPORT","VERIFIED_CURRENT","https://www.liikku.fi/kuntosali/helsinki-pukinmaki/","klo 16-19","","official_club_map","","https://www.liikku.fi","official_wp_gym_cpt; leaflet_marker_on_official_page",""
"fi_e22d061498","Liikku","Liikku Helsinki Ruoholahti","Itämerenkatu 21","00180","Helsinki","Finland",60.1635569,24.9101661,"READY_TO_IMPORT","VERIFIED_CURRENT","https://www.liikku.fi/kuntosali/liikku-helsinki-ruoholahti/","klo 16-19","","official_club_map","","https://www.liikku.fi","official_wp_gym_cpt; leaflet_marker_on_official_page",""
"fi_2aca554e2e","Liikku","Liikku Helsinki Töölö","Mechelininkatu 3C","00100","Helsinki","Finland",60.169619,24.9213012,"READY_TO_IMPORT","VERIFIED_CURRENT","https://www.liikku.fi/kuntosali/helsinki-toolo/","klo 16-19","","official_club_map","","https://www.liikku.fi","official_wp_gym_cpt; leaflet_marker_on_official_page",""
"fi_44481792da","Liikku","Liikku Helsinki Vallila","Teollisuuskatu 21","00510","Helsinki","Finland",60.1943724,24.9483633,"READY_TO_IMPORT","VERIFIED_CURRENT","https://www.liikku.fi/kuntosali/helsinki-vallila/","klo 16-19","","official_club_map","","https://www.liikku.fi","official_wp_gym_cpt; leaflet_marker_on_official_page",""
"fi_bcb9d341d6","Liikku","Liikku Helsinki Viikki","Viikintori 3","00790","Helsinki","Finland",60.2275495,25.0085986,"READY_TO_IMPORT","VERIFIED_CURRENT","https://www.liikku.fi/kuntosali/helsinki-viikki/","klo 16-19","","official_club_map","","https://www.liikku.fi","official_wp_gym_cpt; leaflet_marker_on_official_page",""
"fi_25cb21c882","Liikku","Liikku Hollola","Keskuskatu 11","15870","Hollola","Finland",60.9886041,25.5141912,"READY_TO_IMPORT","VERIFIED_CURRENT","https://www.liikku.fi/kuntosali/hollola/","","","official_club_map","","https://www.liikku.fi","official_wp_gym_cpt; leaflet_marker_on_official_page",""
"fi_f812715d25","Liikku","Liikku Hämeenlinna Hätilä","Viipurintie 19","13210","Hämeenlinna","Finland",61.0029857,24.487679,"READY_TO_IMPORT","VERIFIED_CURRENT","https://www.liikku.fi/kuntosali/liikku-hatila/","","","official_club_map","","https://www.liikku.fi","official_wp_gym_cpt; leaflet_marker_on_official_page",""
"fi_092d72af63","Liikku","Liikku Hämeenlinna Tiiriö","Pitkätanhuankatu 1","13130","Hämeenlinna","Finland",61.0086039,24.4128764,"READY_TO_IMPORT","VERIFIED_CURRENT","https://www.liikku.fi/kuntosali/hameenlinna-tiirio/","","","official_club_map","","https://www.liikku.fi","official_wp_gym_cpt; leaflet_marker_on_official_page",""
"fi_9c800fa6b4","Liikku","Liikku Imatra","Tainionkoskentie 68","55120","Imatra","Finland",61.1901129,28.7757796,"READY_TO_IMPORT","VERIFIED_CURRENT","https://www.liikku.fi/kuntosali/imatra/","","","official_club_map","","https://www.liikku.fi","official_wp_gym_cpt; leaflet_marker_on_official_page",""
"fi_8a43b2269d","Liikku","Liikku Joensuu Keskusta","Kauppakatu 29","80100","Joensuu","Finland",62.603221,29.7621755,"READY_TO_IMPORT","VERIFIED_CURRENT","https://www.liikku.fi/kuntosali/joensuu-keskusta/","klo 16-19","","official_club_map","","https://www.liikku.fi","official_wp_gym_cpt; leaflet_marker_on_official_page",""
"fi_4a9d09bd3c","Liikku","Liikku Joensuu Raatekangas","Raatekankaantie 4","80100","Joensuu","Finland",62.6301886,29.7777158,"READY_TO_IMPORT","VERIFIED_CURRENT","https://www.liikku.fi/kuntosali/joensuu-raatekangas/","","","official_club_map","","https://www.liikku.fi","official_wp_gym_cpt; leaflet_marker_on_official_page",""
"fi_0ea2f26587","Liikku","Liikku Jyväskylä Kolmikulma","Puistokatu 2","40100","Jyväskylä","Finland",62.2450797,25.751901,"READY_TO_IMPORT","VERIFIED_CURRENT","https://www.liikku.fi/kuntosali/jyvaskyla-kolmikulma/","klo 16-19","","official_club_map","","https://www.liikku.fi","official_wp_gym_cpt; leaflet_marker_on_official_page",""
"fi_99f6b18ab6","Liikku","Liikku Jyväskylä Seppälä","Ahjokatu 12","40320","Jyväskylä","Finland",62.2574872,25.7790302,"READY_TO_IMPORT","VERIFIED_CURRENT","https://www.liikku.fi/kuntosali/jyvaskyla-seppala/","","","official_club_map","","https://www.liikku.fi","official_wp_gym_cpt; leaflet_marker_on_official_page",""
"fi_c2c0df7047","Liikku","Liikku Kaarina","Hovirinnantie 5","20780","Kaarina","Finland",60.4080118,22.3593091,"READY_TO_IMPORT","VERIFIED_CURRENT","https://www.liikku.fi/kuntosali/kaarina/","","","official_club_map","","https://www.liikku.fi","official_wp_gym_cpt; leaflet_marker_on_official_page",""
"fi_10a8cb406e","Liikku","Liikku Kajaani","Kasarminkatu 2","87100","Kajaani","Finland",64.2182431,27.7317258,"COMING_SOON","COMING_SOON","https://www.liikku.fi/kuntosali/kajaani/","","","official_club_map","","https://www.liikku.fi","official_wp_gym_cpt; leaflet_marker_on_official_page",""
"fi_75b28c356c","Liikku","Liikku Kangasala","Mäkirinteentie 4","36220","Kangasala","Finland",61.4735371,23.9780356,"READY_TO_IMPORT","VERIFIED_CURRENT","https://www.liikku.fi/kuntosali/kangasala/","klo 16-19","","official_club_map","","https://www.liikku.fi","official_wp_gym_cpt; leaflet_marker_on_official_page",""
"fi_8e770615a5","Liikku","Liikku Kemi","Lapintie 1","94100","Kemi","Finland",65.740894,24.5659492,"READY_TO_IMPORT","VERIFIED_CURRENT","https://www.liikku.fi/kuntosali/kemi/","","","official_club_map","","https://www.liikku.fi","official_wp_gym_cpt; leaflet_marker_on_official_page",""
"fi_df31cd9267","Liikku","Liikku Kokkola","Latojankatu 2","67700","Kokkola","Finland",63.8327054,23.1331893,"READY_TO_IMPORT","VERIFIED_CURRENT","https://www.liikku.fi/kuntosali/kokkola/","","","official_club_map","","https://www.liikku.fi","official_wp_gym_cpt; leaflet_marker_on_official_page",""
"fi_3ac421b5ee","Liikku","Liikku Kotka","Jumalniementie 5a","48600","Kotka","Finland",60.503633,26.912248,"COMING_SOON","COMING_SOON","https://www.liikku.fi/kuntosali/kotka/","avoinna jäsenille joka päivä aamusta iltaan klo 05-23","","official_club_map","","https://www.liikku.fi","official_wp_gym_cpt; leaflet_marker_on_official_page",""
"fi_d2d6e22a7d","Liikku","Liikku Kouvola","Tervasharjunkatu 1","45720","Kouvola","Finland",60.8766311,26.650385,"READY_TO_IMPORT","VERIFIED_CURRENT","https://www.liikku.fi/kuntosali/kouvola/","klo 16–19","","official_club_map","","https://www.liikku.fi","official_wp_gym_cpt; leaflet_marker_on_official_page",""
"fi_7f47cbba25","Liikku","Liikku Kuopio","Volttikatu 2","70150","Kuopio","Finland",62.8846691,27.6293717,"READY_TO_IMPORT","VERIFIED_CURRENT","https://www.liikku.fi/kuntosali/kuopio/","klo 16-19","","official_club_map","","https://www.liikku.fi","official_wp_gym_cpt; leaflet_marker_on_official_page",""
"fi_c908d41be3","Liikku","Liikku Lahti Hennala","Helsingintie 138","15700","Lahti","Finland",60.9683925,25.6287159,"READY_TO_IMPORT","VERIFIED_CURRENT","https://www.liikku.fi/kuntosali/lahti-hennala/","","","official_club_map","","https://www.liikku.fi","official_wp_gym_cpt; leaflet_marker_on_official_page",""
"fi_3dccdb3a66","Liikku","Liikku Lahti Karisma","Kauppiaankatu 2","15160","Lahti","Finland",60.9815558,25.7364452,"READY_TO_IMPORT","VERIFIED_CURRENT","https://www.liikku.fi/kuntosali/lahti-karisma/","","","official_club_map","","https://www.liikku.fi","official_wp_gym_cpt; leaflet_marker_on_official_page",""
"fi_8ff5861010","Liikku","Liikku Lahti Mukkula","Ritaniemenkatu 13","15240","Lahti","Finland",61.0164958,25.662067,"READY_TO_IMPORT","VERIFIED_CURRENT","https://www.liikku.fi/kuntosali/lahti-mukkula/","","","official_club_map","","https://www.liikku.fi","official_wp_gym_cpt; leaflet_marker_on_official_page",""
"fi_1ed834bd11","Liikku","Liikku Lahti Syke","Kauppakatu 18","15140","Lahti","Finland",60.9870932,25.6645582,"READY_TO_IMPORT","VERIFIED_CURRENT","https://www.liikku.fi/kuntosali/lahti-syke/","","","official_club_map","","https://www.liikku.fi","official_wp_gym_cpt; leaflet_marker_on_official_page",""
"fi_374e1707fd","Liikku","Liikku Lappeenranta","Snellmaninkatu 5","53100","Lappeenranta","Finland",61.0564112,28.1833791,"READY_TO_IMPORT","VERIFIED_CURRENT","https://www.liikku.fi/kuntosali/lappeenranta/","klo 16-19","","official_club_map","","https://www.liikku.fi","official_wp_gym_cpt; leaflet_marker_on_official_page",""
"fi_94a404ed5e","Liikku","Liikku Lohja","Korjaamokuja 3","08200","Lohja","Finland",60.2255144,24.029309,"READY_TO_IMPORT","VERIFIED_CURRENT","https://www.liikku.fi/kuntosali/lohja/","klo 16-19","","official_club_map","","https://www.liikku.fi","official_wp_gym_cpt; leaflet_marker_on_official_page",""
"fi_8293a58308","Liikku","Liikku Mikkeli","Setrikatu 5","50100","Mikkeli","Finland",61.6778006,27.2693926,"READY_TO_IMPORT","VERIFIED_CURRENT","https://www.liikku.fi/kuntosali/mikkeli/","","","official_club_map","","https://www.liikku.fi","official_wp_gym_cpt; leaflet_marker_on_official_page",""
"fi_9f75d8557d","Liikku","Liikku Mäntsälä","Mäntsäläntie 1","04600","Mäntsälä","Finland",60.6366287,25.3187126,"READY_TO_IMPORT","VERIFIED_CURRENT","https://www.liikku.fi/kuntosali/mantsala/","klo 16-19","","official_club_map","","https://www.liikku.fi","official_wp_gym_cpt; leaflet_marker_on_official_page",""
"fi_b11c52408b","Liikku","Liikku Oulu Kaakkuri","Metsokankaantie 3","90420","Oulu","Finland",64.9572524,25.528713,"READY_TO_IMPORT","VERIFIED_CURRENT","https://www.liikku.fi/kuntosali/oulu-kaakkuri/","","","official_club_map","","https://www.liikku.fi","official_wp_gym_cpt; leaflet_marker_on_official_page",""
"fi_8674b12e32","Liikku","Liikku Oulu Limingantulli","Alasintie 3-7","90400","Oulu","Finland",64.9960843,25.4680607,"READY_TO_IMPORT","VERIFIED_CURRENT","https://www.liikku.fi/kuntosali/oulu-limingantulli/","klo 16-19","","official_club_map","","https://www.liikku.fi","official_wp_gym_cpt; leaflet_marker_on_official_page",""
"fi_1d8feb56f6","Liikku","Liikku Oulu Talvikangas","Tuiskutie 3","90630","Oulu","Finland",65.0451986,25.5870332,"READY_TO_IMPORT","VERIFIED_CURRENT","https://www.liikku.fi/kuntosali/oulu-talvikangas/","","","official_club_map","","https://www.liikku.fi","official_wp_gym_cpt; leaflet_marker_on_official_page",""
"fi_0a82cd5a4f","Liikku","Liikku Oulu Toppilansalmi","Siilotie 2a","90520","Oulu","Finland",65.034968,25.4334059,"READY_TO_IMPORT","VERIFIED_CURRENT","https://www.liikku.fi/kuntosali/oulu-toppilansalmi/","klo 16–19","","official_club_map","","https://www.liikku.fi","official_wp_gym_cpt; leaflet_marker_on_official_page",""
"fi_98492eeffe","Liikku","Liikku Pori Aittaluoto","Kuninkaanlahdenkatu 5","28100","Pori","Finland",61.4882013,21.8068604,"READY_TO_IMPORT","VERIFIED_CURRENT","https://www.liikku.fi/kuntosali/pori-aittaluoto/","","","official_club_map","","https://www.liikku.fi","official_wp_gym_cpt; leaflet_marker_on_official_page",""
"fi_bb3cfd9c30","Liikku","Liikku Pori Eteläväylä","Eteläväylä 4","28610","Pori","Finland",61.4762289,21.7571778,"READY_TO_IMPORT","VERIFIED_CURRENT","https://www.liikku.fi/kuntosali/pori-etelavayla/","","","official_club_map","","https://www.liikku.fi","official_wp_gym_cpt; leaflet_marker_on_official_page",""
"fi_2a8abdbf01","Liikku","Liikku Raisio","Myllynkatu 1","21280","Raisio","Finland",60.4908251,22.2010122,"READY_TO_IMPORT","VERIFIED_CURRENT","https://www.liikku.fi/kuntosali/raisio/","klo 16-19","","official_club_map","","https://www.liikku.fi","official_wp_gym_cpt; leaflet_marker_on_official_page",""
"fi_09695c219b","Liikku","Liikku Rauma","Kaivopuistontie 33","26100","Rauma","Finland",61.1395119,21.4864063,"READY_TO_IMPORT","VERIFIED_CURRENT","https://www.liikku.fi/kuntosali/rauma/","klo 16-19","","official_club_map","","https://www.liikku.fi","official_wp_gym_cpt; leaflet_marker_on_official_page",""
"fi_8a8a1f4b88","Liikku","Liikku Riihimäki","Etelän Viertotie 2","11130","Riihimäki","Finland",60.733483,24.7795609,"READY_TO_IMPORT","VERIFIED_CURRENT","https://www.liikku.fi/kuntosali/riihimaki/","klo 16-19","","official_club_map","","https://www.liikku.fi","official_wp_gym_cpt; leaflet_marker_on_official_page",""
"fi_0838591b8f","Liikku","Liikku Rovaniemi Lähteentie","Lähteentie 20","96400","Rovaniemi","Finland",66.4999389,25.75277,"READY_TO_IMPORT","VERIFIED_CURRENT","https://www.liikku.fi/kuntosali/rovaniemi-lahteentie/","","","official_club_map","","https://www.liikku.fi","official_wp_gym_cpt; leaflet_marker_on_official_page",""
"fi_a907920b71","Liikku","Liikku Rovaniemi Vierustie","Vierustie 16","96320","Rovaniemi","Finland",66.4923033,25.6958687,"COMING_SOON","COMING_SOON","https://www.liikku.fi/kuntosali/rovaniemi-vierustie/","avoinna jäsenille joka päivä aamusta iltaan klo 05-23","","official_club_map","","https://www.liikku.fi","official_wp_gym_cpt; leaflet_marker_on_official_page",""
"fi_3621d94491","Liikku","Liikku Salo","Savipajankatu 5","24240","Salo","Finland",60.3951047,23.1270072,"READY_TO_IMPORT","VERIFIED_CURRENT","https://www.liikku.fi/kuntosali/salo/","","","official_club_map","","https://www.liikku.fi","official_wp_gym_cpt; leaflet_marker_on_official_page",""
"fi_469c9cb381","Liikku","Liikku Seinäjoki Itikka","Rengastie 9","60120","Seinäjoki","Finland",62.7990952,22.8417033,"READY_TO_IMPORT","VERIFIED_CURRENT","https://www.liikku.fi/kuntosali/seinajoki/","","","official_club_map","","https://www.liikku.fi","official_wp_gym_cpt; leaflet_marker_on_official_page",""
"fi_ea7e05f015","Liikku","Liikku Seinäjoki Kasperi","Tapiolantie 18","60150","Seinäjoki","Finland",62.7703443,22.8766379,"READY_TO_IMPORT","VERIFIED_CURRENT","https://www.liikku.fi/kuntosali/seinajoki-kasperi/","klo 16-19","","official_club_map","","https://www.liikku.fi","official_wp_gym_cpt; leaflet_marker_on_official_page",""
"fi_6085aa8ff8","Liikku","Liikku Tampere Hermia","Insinöörinkatu 41b","33720","Tampere","Finland",61.4471213,23.8548669,"READY_TO_IMPORT","VERIFIED_CURRENT","https://www.liikku.fi/kuntosali/tampere-hervanta-hermia/","klo 16-19","","official_club_map","","https://www.liikku.fi","official_wp_gym_cpt; leaflet_marker_on_official_page",""
"fi_915df658f2","Liikku","Liikku Tampere Kaleva","Sammonkatu 60","33540","Tampere","Finland",61.4940314,23.8120888,"READY_TO_IMPORT","VERIFIED_CURRENT","https://www.liikku.fi/kuntosali/tampere-kaleva/","klo 16–19","","official_club_map","","https://www.liikku.fi","official_wp_gym_cpt; leaflet_marker_on_official_page",""
"fi_6e2442afa6","Liikku","Liikku Tampere Keskusta","Hämeenkatu 21","33100","Tampere","Finland",61.4970081,23.7580406,"COMING_SOON","COMING_SOON","https://www.liikku.fi/kuntosali/tampere-keskusta/","avoinna jäsenille joka päivä aamusta iltaan klo 05-23","","official_club_map","","https://www.liikku.fi","official_wp_gym_cpt; leaflet_marker_on_official_page",""
"fi_720fde0adc","Liikku","Liikku Tampere Lielahti","Antti Possin Kuja 1","33400","Tampere","Finland",61.5202248,23.6687948,"READY_TO_IMPORT","VERIFIED_CURRENT","https://www.liikku.fi/kuntosali/tampere-lielahti/","klo 16-19","","official_club_map","","https://www.liikku.fi","official_wp_gym_cpt; leaflet_marker_on_official_page",""
"fi_b06df64233","Liikku","Liikku Tampere Rantaperkiö","Rantaperkiönkatu 1","33900","Tampere","Finland",61.4736192,23.7652206,"READY_TO_IMPORT","VERIFIED_CURRENT","https://www.liikku.fi/kuntosali/tampere-rantaperkio/","klo 16-19","","official_club_map","","https://www.liikku.fi","official_wp_gym_cpt; leaflet_marker_on_official_page",""
"fi_1befb0322a","Liikku","Liikku Tampere Turtola","Martinpojankatu 4","33710","Tampere","Finland",61.4762206,23.8408781,"READY_TO_IMPORT","VERIFIED_CURRENT","https://www.liikku.fi/kuntosali/tampere-turtola/","","","official_club_map","","https://www.liikku.fi","official_wp_gym_cpt; leaflet_marker_on_official_page",""
"fi_98a2deca53","Liikku","Liikku Turku Keskusta","Aurakatu 5","20100","Turku","Finland",60.4506392,22.2672921,"READY_TO_IMPORT","VERIFIED_CURRENT","https://www.liikku.fi/kuntosali/turku-keskusta/","klo 16-19","","official_club_map","","https://www.liikku.fi","official_wp_gym_cpt; leaflet_marker_on_official_page",""
"fi_239ba6d39d","Liikku","Liikku Turku Paalupaikka","Satakunnantie 102","20320","Turku","Finland",60.4667958,22.246323,"READY_TO_IMPORT","VERIFIED_CURRENT","https://www.liikku.fi/kuntosali/turku-paalupaikka/","klo 16-19","","official_club_map","","https://www.liikku.fi","official_wp_gym_cpt; leaflet_marker_on_official_page",""
"fi_dd1b8375e4","Liikku","Liikku Turku Satama","Juhana Herttuan puistokatu 3","20200","Turku","Finland",60.4432091,22.2234863,"READY_TO_IMPORT","VERIFIED_CURRENT","https://www.liikku.fi/kuntosali/turku-satama/","","","official_club_map","","https://www.liikku.fi","official_wp_gym_cpt; leaflet_marker_on_official_page",""
"fi_ab7f346f7f","Liikku","Liikku Tuusula","Moukarinkuja 4","04300","Tuusula","Finland",60.3867719,25.0240857,"READY_TO_IMPORT","VERIFIED_CURRENT","https://www.liikku.fi/kuntosali/tuusula/","","","official_club_map","","https://www.liikku.fi","official_wp_gym_cpt; leaflet_marker_on_official_page",""
"fi_e2368c0471","Liikku","Liikku Vaasa","Kiilletie 1","65300","Vaasa","Finland",63.11063,21.6504999,"READY_TO_IMPORT","VERIFIED_CURRENT","https://www.liikku.fi/kuntosali/vaasa/","klo 16-19","","official_club_map","","https://www.liikku.fi","official_wp_gym_cpt; leaflet_marker_on_official_page",""
"fi_2bca4f47ee","Liikku","Liikku Vantaa Kivistö","Topaasikuja 8","01700","Vantaa","Finland",60.3140798,24.8475791,"READY_TO_IMPORT","VERIFIED_CURRENT","https://www.liikku.fi/kuntosali/vantaa-kivisto/","klo 16-19","","official_club_map","","https://www.liikku.fi","official_wp_gym_cpt; leaflet_marker_on_official_page",""
"fi_541bc572e1","Liikku","Liikku Vantaa Porttipuisto","Salpakuja 2","01380","Vantaa","Finland",60.2813602,25.0818788,"READY_TO_IMPORT","VERIFIED_CURRENT","https://www.liikku.fi/kuntosali/vantaa-porttipuisto/","klo 16-19","","official_club_map","","https://www.liikku.fi","official_wp_gym_cpt; leaflet_marker_on_official_page",""
"fi_d1e6c6cb8f","Liikku","Liikku Vantaa Tammisto","Tammiston Kauppatie 18","01510","Vantaa","Finland",60.286715,24.9738491,"READY_TO_IMPORT","VERIFIED_CURRENT","https://www.liikku.fi/kuntosali/vantaa-tammisto/","","","official_club_map","","https://www.liikku.fi","official_wp_gym_cpt; leaflet_marker_on_official_page",""
"fi_e801dad361","Liikku","Liikku Varkaus","Käsityökatu 21-27","78200","Varkaus","Finland",62.3174467,27.8561353,"READY_TO_IMPORT","VERIFIED_CURRENT","https://www.liikku.fi/kuntosali/varkaus/","klo 16-19","","official_club_map","","https://www.liikku.fi","official_wp_gym_cpt; leaflet_marker_on_official_page",""
"fi_18c82db05a","Liikku","Liikku Ylivieska","Ollilanojankatu 1","84100","Ylivieska","Finland",64.0625053,24.5567295,"READY_TO_IMPORT","VERIFIED_CURRENT","https://www.liikku.fi/kuntosali/ylivieska/","","","official_club_map","","https://www.liikku.fi","official_wp_gym_cpt; leaflet_marker_on_official_page",""
"fi_e0ff2d31af","Liikku","Liikku Ylöjärvi","Soppeentie 2","33470","Ylöjärvi","Finland",61.5492477,23.5939714,"READY_TO_IMPORT","VERIFIED_CURRENT","https://www.liikku.fi/kuntosali/ylojarvi/","","","official_club_map","","https://www.liikku.fi","official_wp_gym_cpt; leaflet_marker_on_official_page",""
"fi_89739c5517","Ole.Fit","Ole.Fit Espoo","Sokinsuonkuja 4","02760","Espoo","Finland",60.201427,24.671599,"READY_TO_IMPORT","VERIFIED_CURRENT","https://www.ole.fit/kuntokeskukset/espoo/espoo","avoinna avainkortilla 24/7 Suomeksi In English Ole","","nominatim","ok","https://www.ole.fit","official_club_page; address_sanitized; official_olefit_business_details",""
"fi_b671391bc8","Ole.Fit","Ole.Fit Fit Niittykumpu","Kappelikuja 6","02200","Espoo","Finland",60.167957,24.766533,"READY_TO_IMPORT","VERIFIED_CURRENT","https://www.ole.fit/kuntokeskukset/espoo/niittykumpu","24/7","","nominatim","ok","https://www.ole.fit","official_club_page; address_sanitized; official_olefit_business_details",""
"fi_9ffa2e0790","Ole.Fit","Ole.Fit Kuntosali Espoossa","Jupperintulli 2","02730","Espoo","Finland",60.253425,24.775435,"READY_TO_IMPORT","VERIFIED_CURRENT","https://www.ole.fit/kuntokeskukset/espoo/laaksolahti","avoinna kulkukortilla joka päivä 24/7 Asiakaspalvelu avoinna ma-to 16-20 Ole","","nominatim","ok","https://www.ole.fit","official_club_page; official_olefit_business_details",""
"fi_24d05631b9","Ole.Fit","Ole.Fit Kuntosali Espoossa","Viherlaaksontie 2","02710","Espoo","Finland",60.227065,24.741509,"READY_TO_IMPORT","VERIFIED_CURRENT","https://www.ole.fit/kuntokeskukset/espoo/viherlaakso","avoinna kulkukortilla 24h Asiakaspalvelu avoinna ma-to klo 16-20 Ole","","nominatim","ok","https://www.ole.fit","official_club_page; address_sanitized; official_olefit_business_details",""
"fi_44631f1922","Ole.Fit","Ole.Fit Uuden ajan kuntokeskus","Kauppamäki 3","02780","Espoo","Finland",60.192454,24.602443,"READY_TO_IMPORT","VERIFIED_CURRENT","https://www.ole.fit/kuntokeskukset/espoo/kauklahti","avoinna ma, ti, to klo 16:00-19:00 ja pe klo 10:00-13:00","","nominatim","ok","https://www.ole.fit","official_club_page; address_sanitized; official_olefit_business_details",""
"fi_e77ebe2a52","Ole.Fit","Ole.Fit Forssa","Kutomonkuja 2 A 1","30100","Forssa","Finland",60.809285,23.629158,"READY_TO_IMPORT","VERIFIED_CURRENT","https://www.ole.fit/kuntokeskukset/forssa","","","nominatim","ok","https://www.ole.fit","official_club_page; official_olefit_business_details",""
"fi_7f8d3d9e4f","Ole.Fit","Ole.Fit Fit Skatta","Kanavakatu 1","00160","Helsinki","Finland",60.168453,24.959932,"READY_TO_IMPORT","VERIFIED_CURRENT","https://www.ole.fit/kuntokeskukset/helsinki/skatta","24/7","","nominatim","ok","https://www.ole.fit","official_club_page; address_sanitized; official_olefit_business_details",""
"fi_e1850b7de9","Ole.Fit","Ole.Fit Hakaniemi","Viherniemenkatu 9","00530","Helsinki","Finland",60.179437,24.953308,"READY_TO_IMPORT","VERIFIED_CURRENT","https://www.ole.fit/kuntokeskukset/helsinki/hakaniemi","AVOINNA MA-KE KLO 17-19, TERVETULOA! TUTUSTUMISKÄYNNIT RESPAN AUKIOLLESSA, TERVETULOA E","","nominatim","ok","https://www.ole.fit","official_club_page; address_sanitized; official_olefit_business_details",""
"fi_ee4cb1e9d7","Ole.Fit","Ole.Fit Kalasatama","Leonkatu 21","00540","Helsinki","Finland",60.184524,24.983167,"READY_TO_IMPORT","VERIFIED_CURRENT","https://www.ole.fit/kuntokeskukset/helsinki/kalasatama","24/7","","nominatim","ok","https://www.ole.fit","official_club_page; address_sanitized; official_olefit_business_details",""
"fi_7514d7e6dc","Ole.Fit","Ole.Fit Kamppi","Runeberginkatu 2","00100","Helsinki","Finland",60.167869,24.929109,"READY_TO_IMPORT","VERIFIED_CURRENT","https://www.ole.fit/kuntokeskukset/helsinki/kamppi","avoinna ma-to klo 14-20 ja pe klo 9-13 Suomeksi In English Ole","","nominatim","ok","https://www.ole.fit","official_club_page; official_olefit_business_details",""
"fi_7ab4f86533","Ole.Fit","Ole.Fit Meidän kaikkien kuntokeskus","Hämeentie 15","00500","Helsinki","Finland",60.184564,24.960486,"READY_TO_IMPORT","VERIFIED_CURRENT","https://www.ole.fit/kuntokeskukset/helsinki/kallio","24/7","","nominatim","ok","https://www.ole.fit","official_club_page; address_sanitized; official_olefit_business_details",""
"fi_8f513582ee","Ole.Fit","Ole.Fit Monipuolinen kuntokeskus","Malminkartanonaukio 4","00410","Helsinki","Finland",60.247101,24.861694,"READY_TO_IMPORT","VERIFIED_CURRENT","https://www.ole.fit/kuntokeskukset/helsinki/malminkartano","aukioloajat: Maanantai - Torstai klo 16-20 & Perjantai klo 9-13 Ole","","nominatim","ok","https://www.ole.fit","official_club_page; address_sanitized; official_olefit_business_details",""
"fi_041b03713c","Ole.Fit","Ole.Fit Pihlajisto","Salpausseläntie 11","00710","Helsinki","Finland",60.231332,25.00024,"READY_TO_IMPORT","VERIFIED_CURRENT","https://www.ole.fit/kuntokeskukset/helsinki/pihlajisto","Avoinna kulkukortilla 05–24 (sisäänpääsy 23:30 saakka) Asiakaspalvelu avoinna maanantai","","nominatim","ok","https://www.ole.fit","official_club_page; address_sanitized; official_olefit_business_details",""
"fi_74555b267c","Ole.Fit","Ole.Fit Tervetuloa Fit Puroon","Ratasmyllynkuja 3","00900","Helsinki","Finland",60.212486,25.068338,"READY_TO_IMPORT","VERIFIED_CURRENT","https://www.ole.fit/kuntokeskukset/helsinki/puro","","","nominatim","ok","https://www.ole.fit","official_club_page; official_olefit_business_details",""
"fi_fbaacf113a","Ole.Fit","Ole.Fit Uuden ajan kuntokeskus","Nuijamiestentie 10","00320","Helsinki","Finland","","","COMING_SOON","COMING_SOON","https://www.ole.fit/kuntokeskukset/helsinki/haaga","avoinna ma–to 16–20, pe 9–13 Ole","","","","https://www.ole.fit","official_club_page; official_olefit_business_details",""
"fi_c8fa1265fc","Ole.Fit","Ole.Fit Uuden ajan kuntokeskus","Tunnelitie 10","00320","Helsinki","Finland","","","COMING_SOON","COMING_SOON","https://www.ole.fit/kuntokeskukset/helsinki/huopalahti","","","","","https://www.ole.fit","official_club_page; address_sanitized; official_olefit_business_details",""
"fi_23bc325a0f","Ole.Fit","Ole.Fit Vallila","Satamaradankatu 1","00510","Helsinki","Finland",60.191542,24.951994,"READY_TO_IMPORT","VERIFIED_CURRENT","https://www.ole.fit/kuntokeskukset/helsinki/vallila","","","nominatim","ok","https://www.ole.fit","official_club_page; official_olefit_business_details",""
"fi_9e8bd09b4f","Ole.Fit","Ole.Fit Hyvinkää","Hämeenkatu 4","05800","Hyvinkää","Finland",60.631399,24.858188,"READY_TO_IMPORT","VERIFIED_CURRENT","https://www.ole.fit/kuntokeskukset2/hyvinkaa/hyvinkaa","","","official_google_embed","ok","https://www.ole.fit","phase2_olefit_kuntokeskukset2; official club page + homepage locator; phase2_official_map",""
"fi_813b71bb09","Ole.Fit","Ole.Fit Veturi","Uudenmaankatu 29","05800","Hyvinkää","Finland",60.626102,24.8508,"READY_TO_IMPORT","VERIFIED_CURRENT","https://www.ole.fit/kuntokeskukset2/hyvinkaa/veturi","","","official_google_embed","ok","https://www.ole.fit","phase2_olefit_kuntokeskukset2; official club page + homepage locator; phase2_official_map",""
"fi_c2fa9474e9","Ole.Fit","Ole.Fit Hämeenlinnan Paras Kuntosali","Viipurintie 36","13210","Hämeenlinna","Finland",61.003168,24.490614,"READY_TO_IMPORT","VERIFIED_CURRENT","https://www.ole.fit/kuntokeskukset/hameenlinna/hatila","avoinna Ti ja Ke klo 16:00-18:00, tervetuloa! Elokuussa 2026 myös La 15","","nominatim","ok","https://www.ole.fit","official_club_page; address_sanitized; official_olefit_business_details",""
"fi_15c1547726","Ole.Fit","Ole.Fit Tawastia","Sibeliuksenkatu 5","13100","Hämeenlinna","Finland",60.995619,24.464289,"READY_TO_IMPORT","VERIFIED_CURRENT","https://www.ole.fit/kuntokeskukset/hameenlinna/tawastia","","","nominatim","ok","https://www.ole.fit","official_club_page; address_sanitized; official_olefit_business_details",""
"fi_10ac84ccd6","Ole.Fit","Ole.Fit Fit Ilmajoki","Kaaronojantie 1","60800","Ilmajoki","Finland",62.730397,22.602276,"READY_TO_IMPORT","VERIFIED_CURRENT","https://www.ole.fit/kuntokeskukset/ilmajoki","klo 17-19","","official_google_embed","ok","https://www.ole.fit","official_club_page; official_olefit_business_details; phase2_official_map_recovery",""
"fi_831b219b02","Ole.Fit","Ole.Fit Inkeroinen","Valtatie 12","46900","Inkeroinen","Finland",60.696487,26.832005,"READY_TO_IMPORT","VERIFIED_CURRENT","https://www.ole.fit/kuntokeskukset/inkeroinen","AVOINNA MA 9-12 JA KE 15-18 TERVETULOA! Ole","","nominatim","ok","https://www.ole.fit","official_club_page; official_olefit_business_details",""
"fi_a53093d9ab","Ole.Fit","Ole.Fit Joensuu","Jokikatu 2 G","80220","Joensuu","Finland",62.595397,29.769289,"READY_TO_IMPORT","VERIFIED_CURRENT","https://www.ole.fit/kuntokeskukset/joensuu","avoinna Ma ja Ti klo 16-17, To klo 11-12 tervetuloa! Ole","","nominatim","suspicious","https://www.ole.fit","official_club_page; soft_postal; official_olefit_business_details",""
"fi_3de513b975","Ole.Fit","Ole.Fit Fit Himos","Peikkometsäntie 2","42100","Jämsä","Finland",60.468979,25.131015,"READY_TO_IMPORT","VERIFIED_CURRENT","https://www.ole.fit/kuntokeskukset/jamsa","","","nominatim","ok","https://www.ole.fit","official_club_page; address_sanitized; official_olefit_business_details",""
"fi_3467f8b53a","Ole.Fit","Ole.Fit Fit Järvenpää","Diggarinkatu 2","04420","Järvenpää","Finland",60.455424,25.110213,"READY_TO_IMPORT","VERIFIED_CURRENT","https://www.ole.fit/kuntokeskukset/jarvenpaa","24/7","","nominatim","ok","https://www.ole.fit","official_club_page; address_sanitized; official_olefit_business_details",""
"fi_fffb18fa31","Ole.Fit","Ole.Fit Fit Kalajoki","Kalajoentie 2","85100","Kalajoki","Finland",64.259581,23.950709,"READY_TO_IMPORT","VERIFIED_CURRENT","https://www.ole.fit/kuntokeskukset/kalajoki","24/7","","nominatim","ok","https://www.ole.fit","official_club_page; address_sanitized; official_olefit_business_details",""
"fi_44bb14fb7d","Ole.Fit","Ole.Fit Uuden ajan kuntokeskus","Kirkkojärventie 4","36200","Kangasala","Finland",61.460941,24.070611,"READY_TO_IMPORT","VERIFIED_CURRENT","https://www.ole.fit/kuntokeskukset/kangasala","avoinna- ma-ke 15-18, to suljettu ja pe 09-12 Ole","","nominatim","ok","https://www.ole.fit","official_club_page; address_sanitized; official_olefit_business_details",""
"fi_788c8b8c1f","Ole.Fit","Ole.Fit Kerava","Kauppakaari 15","04200","Kerava","Finland",60.403917,25.096684,"READY_TO_IMPORT","VERIFIED_CURRENT","https://www.ole.fit/kuntokeskukset2/kerava/kerava","","","official_google_embed","ok","https://www.ole.fit","phase2_olefit_kuntokeskukset2; official club page + homepage locator; phase2_official_map",""
"fi_d7beee6041","Ole.Fit","Ole.Fit Savio","Koivikontie 6","04260","Kerava","Finland",60.380541,25.091936,"READY_TO_IMPORT","VERIFIED_CURRENT","https://www.ole.fit/kuntokeskukset2/kerava/savio","","","official_google_embed","ok","https://www.ole.fit","phase2_olefit_kuntokeskukset2; official club page + homepage locator; phase2_official_map; phase2_savio_homepage_current_2026_stale_2025_copy",""
"fi_8cbdd8283a","Ole.Fit","Ole.Fit Kokkola","Yrittäjäntie 5-7","67100","Kokkola","Finland",63.833232,23.110147,"READY_TO_IMPORT","VERIFIED_CURRENT","https://www.ole.fit/kuntokeskukset2/kokkola/kokkola","","","nominatim_structured","ok","https://www.ole.fit","phase2_olefit_kokkola_official_footer; EGYM teaser is not a gym opening; MINI nav page is the same club",""
"fi_111937b9e0","Ole.Fit","Ole.Fit Monipuolinen kuntokeskus","Karjalantie 10-12","48600","Kotka","Finland",60.516642,26.93306,"READY_TO_IMPORT","VERIFIED_CURRENT","https://www.ole.fit/kuntokeskukset/kotka","24/7","","nominatim","ok","https://www.ole.fit","official_club_page; address_sanitized; official_olefit_business_details",""
"fi_58a0c5077a","Ole.Fit","Ole.Fit kuntosali kurikka fitkurikka kuntokeskus","Kurikantie 9a2","61300","Kurikka","Finland",62.616082,22.401176,"READY_TO_IMPORT","VERIFIED_CURRENT","https://www.ole.fit/kuntokeskukset/kurikka","","","nominatim_structured","ok","https://www.ole.fit","official_club_page; address_sanitized; official_olefit_business_details; phase2_structured_nominatim",""
"fi_98b9e749f2","Ole.Fit","Ole.Fit Kuntokeskus meille kaikille","Aleksanterinkatu 7 B","15110","Lahti","Finland",60.983163,25.655534,"READY_TO_IMPORT","VERIFIED_CURRENT","https://www.ole.fit/kuntokeskukset/lahti","","","nominatim","ok","https://www.ole.fit","official_club_page; address_sanitized; official_olefit_business_details",""
"fi_6bb3908aba","Ole.Fit","Ole.Fit Uuden ajan premium-kuntokeskus","Hyrymäenkatu 2","53550","Lappeenranta","Finland",61.043781,28.220032,"READY_TO_IMPORT","VERIFIED_CURRENT","https://www.ole.fit/kuntokeskukset/lappeenranta","avoinna ma-to klo 17-19 ja pe klo 12-14","","nominatim","ok","https://www.ole.fit","official_club_page; address_sanitized; official_olefit_business_details",""
"fi_c7cd06e2cf","Ole.Fit","Ole.Fit Fit Lapua","Oskarinkatu 10","62100","Lapua","Finland",62.970008,23.010429,"READY_TO_IMPORT","VERIFIED_CURRENT","https://www.ole.fit/kuntokeskukset/lapua","klo 17-19","","nominatim","ok","https://www.ole.fit","official_club_page; official_olefit_business_details",""
"fi_25074a2bd2","Ole.Fit","Ole.Fit Kuntosali ja ohjatut tunnit Liedossa","Kärpijoentie 1","21420","Lieto","Finland",60.502555,22.459053,"READY_TO_IMPORT","VERIFIED_CURRENT","https://www.ole.fit/kuntokeskukset/lieto","","","nominatim","ok","https://www.ole.fit","official_club_page; address_sanitized; official_olefit_business_details",""
"fi_b7de5cbe03","Ole.Fit","Ole.Fit Uuden ajan kuntokeskus","Raviradankatu 64","08700","Lohja","Finland",60.220185,24.032264,"READY_TO_IMPORT","VERIFIED_CURRENT","https://www.ole.fit/kuntokeskukset/lohja","avoinna kesällä: Ti 18","","nominatim","ok","https://www.ole.fit","official_club_page; address_sanitized; official_olefit_business_details",""
"fi_dfdcfcbcc8","Ole.Fit","Ole.Fit Kuntosali Naantali","Noutokatu 5","21100","Naantali","Finland",60.473639,22.060162,"READY_TO_IMPORT","VERIFIED_CURRENT","https://www.ole.fit/kuntokeskukset/naantali","avoinna avainkortilla 24/7 Ole","","nominatim","ok","https://www.ole.fit","official_club_page; address_sanitized; official_olefit_business_details",""
"fi_7eae8df12d","Ole.Fit","Ole.Fit Meidän kaikkien kuntokeskus","Rauhalammintie 1","29600","Noormarkku","Finland",61.583223,21.864912,"READY_TO_IMPORT","VERIFIED_CURRENT","https://www.ole.fit/kuntokeskukset/noormarkku","aukioloajat test --> Aina auki 24/7 Ole","","nominatim","ok","https://www.ole.fit","official_club_page; official_olefit_business_details",""
"fi_53fb48ee93","Ole.Fit","Ole.Fit Meidän kaikkien kuntokeskus","Keskustie 3","12100","Oitti","Finland",60.787437,25.028644,"READY_TO_IMPORT","VERIFIED_CURRENT","https://www.ole.fit/kuntokeskukset/hausjarvi","avoinna elokuussa seuraavasti: vko 33 ti klo 15-18, vko 34 ke 16-19 ja alkaen 24","","nominatim","ok","https://www.ole.fit","official_club_page; official_olefit_business_details",""
"fi_b47efda2c8","Ole.Fit","Ole.Fit Uuden ajan kuntokeskus","Kapellimestarinkatu 4","90140","Oulu","Finland",65.004241,25.477549,"READY_TO_IMPORT","VERIFIED_CURRENT","https://www.ole.fit/kuntokeskukset/oulu","24/7","","nominatim","ok","https://www.ole.fit","official_club_page; address_sanitized; official_olefit_business_details",""
"fi_2b83b65585","Ole.Fit","Ole.Fit Moderni ja elämyksellinen 24/7 kuntokeskus","Purotie 13","68600","Pietarsaari","Finland",63.675378,22.724336,"READY_TO_IMPORT","VERIFIED_CURRENT","https://www.ole.fit/kuntokeskukset/pietarsaari","24/7","","nominatim","ok","https://www.ole.fit","official_club_page; address_sanitized; official_olefit_business_details",""
"fi_f6dd4b6d38","Ole.Fit","Ole Fit Pihtipudas","Keskustie 12","44800","Pihtipudas","Finland",63.370982,25.566921,"READY_TO_IMPORT","VERIFIED_CURRENT","https://www.ole.fit/kuntokeskukset/pihtipudas","avoinna 24/7 aktiivisella avainkortilla vuoden ympäri! Jos sinulla ei ole hetkeen ollut","","nominatim","ok","https://www.ole.fit","official_club_page; address_sanitized; official_olefit_business_details",""
"fi_d7f3a0af4d","Ole.Fit","Ole.Fit Kuntosali Pornainen","Keisarintie 2","07170","Pornainen","Finland",60.476107,25.37545,"READY_TO_IMPORT","VERIFIED_CURRENT","https://www.ole.fit/kuntokeskukset/pornainen","24/7","","nominatim","ok","https://www.ole.fit","official_club_page; official_olefit_business_details",""
"fi_92147d709c","Ole.Fit","Ole.Fit Fit Raisio","Konekuja 5","21200","Raisio","Finland",60.493846,22.190559,"READY_TO_IMPORT","VERIFIED_CURRENT","https://www.ole.fit/kuntokeskukset/raisio","avoinna ma, ti, to klo 16–19 & la klo 10-13 Ole","","nominatim","suspicious","https://www.ole.fit","official_club_page; address_sanitized; official_olefit_business_details; soft_postal",""
"fi_92b7bcb46e","Ole.Fit","Ole.Fit Riihimäki","Hämeenkatu 23","11100","Riihimäki","Finland",60.739001,24.77386,"READY_TO_IMPORT","VERIFIED_CURRENT","https://www.ole.fit/kuntokeskukset/riihimaki","avoinna ma-to klo 15-19, pe klo 10-14 Tervetuloa tutustumaan! Ole","","nominatim","ok","https://www.ole.fit","official_club_page; official_olefit_business_details",""
"fi_a2b026403e","Ole.Fit","Ole.Fit Uuden ajan kuntokeskus","Torikatu 1","38200","Sastamala","Finland",61.34018,22.909252,"READY_TO_IMPORT","VERIFIED_CURRENT","https://www.ole.fit/kuntokeskukset/sastamala","avoinna kesäkauden ma-ti klo 16:00-18:30 ja pe klo 12:00-14:00 Ole","","nominatim","ok","https://www.ole.fit","official_club_page; address_sanitized; official_olefit_business_details",""
"fi_2d11554664","Ole.Fit","Ole.Fit Meidän kaikkien kuntokeskus","Karvarinkatu 2","60320","Seinäjoki","Finland",62.796693,22.808113,"READY_TO_IMPORT","VERIFIED_CURRENT","https://www.ole.fit/kuntokeskukset/seinajoki","avoinna MA-TO klo 17-20 ja LA klo 10-13 Kulkukortilla pääset treenaamaan 24/7! Ole","","nominatim","ok","https://www.ole.fit","official_club_page; official_olefit_business_details",""
"fi_48fd58725a","Ole.Fit","Ole Fit Suolahti","Asemakatu 10","44200","Suolahti","Finland",62.566534,25.85244,"READY_TO_IMPORT","VERIFIED_CURRENT","https://www.ole.fit/kuntokeskukset/suolahti","24/7","","nominatim","ok","https://www.ole.fit","official_club_page; address_sanitized; official_olefit_business_details",""
"fi_322fab35e8","Ole.Fit","Ole.Fit Kuntosali Tampere","Juhlatalonkatu 5","33100","Tampere","Finland",61.503638,23.763902,"READY_TO_IMPORT","VERIFIED_CURRENT","https://www.ole.fit/kuntokeskukset/tampere","","","nominatim","ok","https://www.ole.fit","official_club_page; official_olefit_business_details",""
"fi_3f97ec8841","Ole.Fit","Ole.Fit Tervakoski","Tervalantie 2","12400","Tervakoski","Finland",60.815348,24.625925,"READY_TO_IMPORT","VERIFIED_CURRENT","https://www.ole.fit/kuntokeskukset/janakkala","24/7","","nominatim","ok","https://www.ole.fit","official_club_page; address_sanitized; official_olefit_business_details",""
"fi_ddee77460c","Ole.Fit","Ole.Fit Turenki","Sarvikuja 1","14200","Turenki","Finland",60.922438,24.646444,"READY_TO_IMPORT","VERIFIED_CURRENT","https://www.ole.fit/kuntokeskukset/turenki","aukioloajat: ma-ke 16-20 to 9-13 Ole","","nominatim","ok","https://www.ole.fit","official_club_page; address_sanitized; official_olefit_business_details",""
"fi_8c4c87c816","Ole.Fit","Ole.Fit Kupittaa","Uudenmaankatu 19","20700","Turku","Finland",60.446023,22.281527,"READY_TO_IMPORT","VERIFIED_CURRENT","https://www.ole.fit/kuntokeskukset2/turku/kupittaa","","","official_google_embed","ok","https://www.ole.fit","phase2_olefit_kuntokeskukset2; official club page + homepage locator; phase2_official_map",""
"fi_266e02a4d4","Ole.Fit","Ole.Fit Manhattan","Pitkämäenkatu 6 A","20250","Turku","Finland",60.457951,22.233187,"READY_TO_IMPORT","VERIFIED_CURRENT","https://www.ole.fit/kuntokeskukset2/turku/manhattan","","","official_google_embed","ok","https://www.ole.fit","phase2_olefit_kuntokeskukset2; official club page + homepage locator; phase2_official_map",""
"fi_2010cc03a4","Ole.Fit","Ole.Fit Saippua Center","Ruissalontie 12 c E-rappu","20200","Turku","Finland",60.446843,22.234684,"READY_TO_IMPORT","VERIFIED_CURRENT","https://www.ole.fit/kuntokeskukset2/turku/saippua-center","","","official_google_embed","ok","https://www.ole.fit","phase2_olefit_kuntokeskukset2; official club page + homepage locator; phase2_official_map",""
"fi_37f342e0a1","Ole.Fit","Ole.Fit Hyrylä","Kauppatie 13","04300","Tuusula","Finland",60.400852,25.023315,"READY_TO_IMPORT","VERIFIED_CURRENT","https://www.ole.fit/kuntokeskukset2/tuusula/hyryla","","","official_google_embed","ok","https://www.ole.fit","phase2_olefit_kuntokeskukset2; official club page + homepage locator; phase2_official_map",""
"fi_a3fe0ff543","Ole.Fit","Ole.Fit Jokela","Keskustie 9–11","05400","Tuusula","Finland",60.552739,24.963588,"READY_TO_IMPORT","VERIFIED_CURRENT","https://www.ole.fit/kuntokeskukset2/tuusula/jokela","","","official_google_embed","ok","https://www.ole.fit","phase2_olefit_kuntokeskukset2; official club page + homepage locator; phase2_official_map",""
"fi_aa3ac66a44","Ole.Fit","Ole.Fit Urkka","Kilpailutie 9","04300","Tuusula","Finland",60.391164,25.029735,"READY_TO_IMPORT","VERIFIED_CURRENT","https://www.ole.fit/kuntokeskukset2/tuusula/urkka","","","official_google_embed","ok","https://www.ole.fit","phase2_olefit_kuntokeskukset2; official club page + homepage locator; phase2_official_map",""
"fi_abad1338f5","Ole.Fit","Ole.Fit Meidän kaikkien kuntokeskus","Uusitie 1","28400","Ulvila","Finland",61.434414,21.863639,"READY_TO_IMPORT","VERIFIED_CURRENT","https://www.ole.fit/kuntokeskukset/ulvila","aukioloajat test --> Aina auki, 24/7 Ole","","official_google_embed","ok","https://www.ole.fit","official_club_page; address_sanitized; official_olefit_business_details; phase2_official_map_recovery",""
"fi_bb91d0baab","Ole.Fit","Ole.Fit Moderni kuntosali Vaasassa","Kvartsikatu 1","65300","Vaasa","Finland",63.118505,21.65968,"READY_TO_IMPORT","VERIFIED_CURRENT","https://www.ole.fit/kuntokeskukset/vaasa","Avoinna kulkutunnisteella joka päivä klo 04-01","","nominatim","ok","https://www.ole.fit","official_club_page; official_olefit_business_details",""
"fi_a8b7a3d62d","Ole.Fit","Ole.Fit Kuntokeskus Valkeakoskella","Apiankatu 1","37600","Valkeakoski","Finland",61.264406,24.031964,"READY_TO_IMPORT","VERIFIED_CURRENT","https://www.ole.fit/kuntokeskukset/valkeakoski","","","nominatim","ok","https://www.ole.fit","official_club_page; official_olefit_business_details",""
"fi_5f2ee2a97a","Ole.Fit","Ole.Fit Martinlaakso","Martinkyläntie 9","01770","Vantaa","Finland",60.287573,24.851476,"READY_TO_IMPORT","VERIFIED_CURRENT","https://www.ole.fit/kuntokeskukset2/vantaa/martinlaakso","","","official_google_embed","ok","https://www.ole.fit","phase2_olefit_kuntokeskukset2; official club page + homepage locator; phase2_official_map",""
"fi_e1e1fb5ae0","Ole.Fit","Ole.Fit Meidän kaikkien kuntokeskus","Koivuvaarankuja 2","01640","Vantaa","Finland",60.258492,24.81981,"READY_TO_IMPORT","VERIFIED_CURRENT","https://www.ole.fit/kuntokeskukset/arravaara","avoinna: ma-to klo 16","","official_google_embed","ok","https://www.ole.fit","official_club_page; address_sanitized; official_olefit_business_details; phase2_official_map_recovery",""
"fi_a2a58ec5dd","Ole.Fit","Ole.Fit Porttipuisto","Porttisuontie 7","01200","Vantaa","Finland",60.278877,25.085829,"READY_TO_IMPORT","VERIFIED_CURRENT","https://www.ole.fit/kuntokeskukset2/vantaa/porttipuisto","","","official_locator","ok","https://www.ole.fit","phase2_olefit_kuntokeskukset2; official club page + homepage locator; official_coord_reverse_mismatch:pc=01380:city=vantaa   helsingin seutukunta kuninkaala tikkurilan suuralue; phase2_olefit_homepage_locator_verified",""
"fi_4635940bc5","Ole.Fit","Ole.Fit Fit Varkaus","Laivalinnankatu 19","78200","Varkaus","Finland",62.314639,27.871119,"READY_TO_IMPORT","VERIFIED_CURRENT","https://www.ole.fit/kuntokeskukset/varkaus","24/7","","official_google_embed","ok","https://www.ole.fit","official_club_page; address_sanitized; official_olefit_business_details; phase2_official_map_recovery",""
"fi_5cf5ab42dd","Ole.Fit","Ole Fit Äänekoski","Kauppakatu 11","44100","Äänekoski","Finland",62.603385,25.727974,"READY_TO_IMPORT","VERIFIED_CURRENT","https://www.ole.fit/kuntokeskukset/aanekoski","24/7","","nominatim","ok","https://www.ole.fit","official_club_page; address_sanitized; official_olefit_business_details",""
"fi_ac6a2161b6","PTVGYM","PTVGYM Espoo","Päivänkakkarantie 8","02270","Espoo","Finland",60.157641,24.699102,"READY_TO_IMPORT","VERIFIED_CURRENT","https://ptvgym.fi/kuntosalit/espoo","24/7","","nominatim","ok","https://ptvgym.fi","official_club_page; 15 clubs listed on ptvgym.fi; address_sanitized; official_ptvgym_yhteystiedot",""
"fi_bf288a3b59","PTVGYM","PTVGYM Helsinki Pitäjänmäki","Höyläämötie 14","00380","Helsinki","Finland",60.216899,24.879962,"READY_TO_IMPORT","VERIFIED_CURRENT","https://ptvgym.fi/kuntosalit/pitajanmaki/","24/7","","nominatim","ok","https://ptvgym.fi","official_club_page https://ptvgym.fi/kuntosalit/pitajanmaki/; official_ptvgym_yhteystiedot",""
"fi_73ce5e27a2","PTVGYM","PTVGYM Helsinki Roihupelto","Laippatie 4","00880","Helsinki","Finland",60.209531,25.053342,"READY_TO_IMPORT","VERIFIED_CURRENT","https://ptvgym.fi/kuntosalit/helsinki-roihupelto","24/7","","nominatim","ok","https://ptvgym.fi","official_club_page; 15 clubs listed on ptvgym.fi; address_sanitized; official_ptvgym_yhteystiedot",""
"fi_bfe01872cf","PTVGYM","PTVGYM Joensuu","Teollisuuskatu 5-7","80100","Joensuu","Finland",62.610717,29.774254,"READY_TO_IMPORT","VERIFIED_CURRENT","https://ptvgym.fi/kuntosalit/joensuu","24/7","","nominatim","ok","https://ptvgym.fi","official_club_page; 15 clubs listed on ptvgym.fi; address_sanitized; official_ptvgym_yhteystiedot",""
"fi_d62fac465c","PTVGYM","PTVGYM Jyväskylä","Vasarakatu 25","40320","Jyväskylä","Finland",62.261768,25.771599,"READY_TO_IMPORT","VERIFIED_CURRENT","https://ptvgym.fi/kuntosalit/jyvaskyla","24/7","","nominatim","ok","https://ptvgym.fi","official_club_page; 15 clubs listed on ptvgym.fi; address_sanitized; official_ptvgym_yhteystiedot; club tab still showed Alasinkatu 3 — used current yhteystiedot Vasarakatu 25",""
"fi_aefd9c757a","PTVGYM","PTVGYM Kouvola","Tommolankatu 12","45130","Kouvola","Finland",60.874295,26.665418,"READY_TO_IMPORT","VERIFIED_CURRENT","https://ptvgym.fi/kuntosalit/kouvola","24/7","","nominatim","ok","https://ptvgym.fi","official_club_page; 15 clubs listed on ptvgym.fi; address_sanitized; official_ptvgym_yhteystiedot",""
"fi_7f4a2df1ce","PTVGYM","PTVGYM Kuopio","Kartanonkatu 4A","70700","Kuopio","Finland",62.869904,27.62905,"READY_TO_IMPORT","VERIFIED_CURRENT","https://ptvgym.fi/kuntosalit/kuopio","24/7","","nominatim","ok","https://ptvgym.fi","official_club_page; 15 clubs listed on ptvgym.fi; address_sanitized; official_ptvgym_yhteystiedot",""
"fi_a24e8de523","PTVGYM","PTVGYM Lahti","Keijutie 31","15700","Lahti","Finland",60.967054,25.627319,"READY_TO_IMPORT","VERIFIED_CURRENT","https://ptvgym.fi/kuntosalit/lahti","24/7","","nominatim","ok","https://ptvgym.fi","official_club_page; 15 clubs listed on ptvgym.fi; address_sanitized; official_ptvgym_yhteystiedot",""
"fi_b6da72ceea","PTVGYM","PTVGYM Lappeenranta","Kauppiaankatu 2","53550","Lappeenranta","Finland",61.041654,28.211944,"READY_TO_IMPORT","VERIFIED_CURRENT","https://ptvgym.fi/kuntosalit/lappeenranta","24/7","","nominatim","ok","https://ptvgym.fi","official_club_page; 15 clubs listed on ptvgym.fi; official_ptvgym_yhteystiedot",""
"fi_126d8c816b","PTVGYM","PTVGYM Oulu","Poratie 5","90150","Oulu","Finland",64.996359,25.481302,"READY_TO_IMPORT","VERIFIED_CURRENT","https://ptvgym.fi/kuntosalit/oulu","24/7","","nominatim","ok","https://ptvgym.fi","official_club_page; 15 clubs listed on ptvgym.fi; address_sanitized; official_ptvgym_yhteystiedot",""
"fi_003e6adf06","PTVGYM","PTVGYM Porvoo","Puusepänkaarre 7","06150","Porvoo","Finland",60.410004,25.693147,"READY_TO_IMPORT","VERIFIED_CURRENT","https://ptvgym.fi/kuntosalit/porvoo","24/7","","nominatim","ok","https://ptvgym.fi","official_club_page tab address; official_ptvgym_yhteystiedot",""
"fi_a7c8066941","PTVGYM","PTVGYM Seinäjoki","Kauppaneliö 10","60210","Seinäjoki","Finland",62.792259,22.866428,"READY_TO_IMPORT","VERIFIED_CURRENT","https://ptvgym.fi/kuntosalit/seinajoki","24/7","","nominatim","ok","https://ptvgym.fi","official_club_page; 15 clubs listed on ptvgym.fi; address_sanitized; official_ptvgym_yhteystiedot",""
"fi_c82dc4b8cf","PTVGYM","PTVGYM Tampere","Kuokkamaantie 8","33800","Tampere","Finland",61.481699,23.785387,"READY_TO_IMPORT","VERIFIED_CURRENT","https://ptvgym.fi/kuntosalit/tampere","24/7","","nominatim","ok","https://ptvgym.fi","official_club_page; 15 clubs listed on ptvgym.fi; address_sanitized; official_ptvgym_yhteystiedot",""
"fi_9c6aeb5f83","PTVGYM","PTVGYM Turku","Postikatu 3","20250","Turku","Finland",60.456014,22.233611,"READY_TO_IMPORT","VERIFIED_CURRENT","https://ptvgym.fi/kuntosalit/turku","24/7","","nominatim","ok","https://ptvgym.fi","official_club_page; 15 clubs listed on ptvgym.fi; address_sanitized; official_ptvgym_yhteystiedot",""
"fi_57664b13ec","PTVGYM","PTVGYM Vantaa","Tikkurilantie 10","01370","Vantaa","Finland",60.290155,25.072519,"READY_TO_IMPORT","VERIFIED_CURRENT","https://ptvgym.fi/kuntosalit/vantaa","24/7","","nominatim","suspicious","https://ptvgym.fi","official_club_page; 15 clubs listed on ptvgym.fi; address_sanitized; official_ptvgym_yhteystiedot; soft_postal",""
"fi_8dc82b777d","Vocatum","Vocatum Wellness Kempele","Linnunrata 21","90440","Kempele","Finland",64.923426,25.530173,"READY_TO_IMPORT","VERIFIED_CURRENT","https://vocatum.fi/","","","nominatim_structured","ok","https://vocatum.fi","phase2_vocatum_official; Pateniemi avataan 1.9.2026; Lielahti avataan 15.9.2026",""
"fi_28f4af4d27","Vocatum","Vocatum Pateniemi","Pateniemenranta 1","90800","Oulu","Finland","","","COMING_SOON","COMING_SOON","https://vocatum.fi/","","","","held_coming_soon","https://vocatum.fi","phase2_vocatum_official; Pateniemi avataan 1.9.2026; Lielahti avataan 15.9.2026",""
"fi_455413a5f6","Vocatum","Vocatum Wellness Kynsilehto","Lehtorouskuntie 10","90650","Oulu","Finland",65.027562,25.537379,"READY_TO_IMPORT","VERIFIED_CURRENT","https://vocatum.fi/","","","nominatim_structured","suspicious","https://vocatum.fi","phase2_vocatum_official; Pateniemi avataan 1.9.2026; Lielahti avataan 15.9.2026; soft_postal",""
"fi_01b9d6ae8f","Vocatum","Vocatum Wellness Pirkkala","Saapastie 2","33950","Pirkkala","Finland",61.467687,23.719926,"READY_TO_IMPORT","VERIFIED_CURRENT","https://vocatum.fi/","","","nominatim_structured","ok","https://vocatum.fi","phase2_vocatum_official; Pateniemi avataan 1.9.2026; Lielahti avataan 15.9.2026",""
"fi_25957fcd4a","Vocatum","Vocatum Up&Go Lielahti","Taninkatu 2","33400","Tampere","Finland",61.516668,23.663528,"COMING_SOON","COMING_SOON","https://vocatum.fi/kuntosali-tampere-lielahti/","","","nominatim_structured","ok","https://vocatum.fi","phase2_vocatum_official; Pateniemi avataan 1.9.2026; Lielahti avataan 15.9.2026",""
"fi_4c6955248f","Vocatum","Vocatum Up&Go Tampella","Tampellan Esplanadi 3","33100","Tampere","Finland",61.504634,23.763102,"READY_TO_IMPORT","VERIFIED_CURRENT","https://vocatum.fi/","","","nominatim_structured","ok","https://vocatum.fi","phase2_vocatum_official; Pateniemi avataan 1.9.2026; Lielahti avataan 15.9.2026",""
