id,brand,name,center_name,address,postal_code,city,country,constituent_country,latitude,longitude,import_category,verification_status,geocode_status,coord_source,source_url,website,opening_hours,legacy_brand,notes
gb_bcfc11cc01,Anytime Fitness,Anytime Fitness Abbey Wood,Anytime Fitness Abbey Wood,"Units 7-8 Kestrel Court, 1-3 Kite Court",SE2 9FB,Abbey Wood,United Kingdom,England,51.497735,0.121701,READY_TO_IMPORT,VERIFIED_CURRENT,ok,nominatim,https://www.anytimefitness.com/en-gb/locations/abbey-wood-south-east-uk-0472,https://www.anytimefitness.com/en-gb/locations/abbey-wood-south-east-uk-0472,,,official_club_page_webfetch; phase2; official_club_page_webfetch
gb_23d005985c,Anytime Fitness,Anytime Fitness Addlestone,Anytime Fitness Addlestone,"Unit E, Brooklands House",KT15 2GB,Addlestone,United Kingdom,England,51.369953,-0.489697,READY_TO_IMPORT,VERIFIED_CURRENT,suspicious,nominatim,https://www.anytimefitness.com/en-gb/locations/addlestone-south-east-uk-0353,https://www.anytimefitness.com/en-gb/locations/addlestone-south-east-uk-0353,,,official_club_page_webfetch; phase2; soft_postal; official_club_page_webfetch
gb_c8e52ec418,Anytime Fitness,Anytime Fitness Aldershot,Anytime Fitness Aldershot,"Unit 13, Low Walk, Wellington Centre",GU11 1DB,Aldershot,United Kingdom,England,51.248679,-0.765219,READY_TO_IMPORT,VERIFIED_CURRENT,ok,nominatim,https://www.anytimefitness.com/en-gb/locations/aldershot-south-east-uk-0256,https://www.anytimefitness.com/en-gb/locations/aldershot-south-east-uk-0256,,,official_club_page_webfetch; phase2; official_club_page_webfetch
gb_13b12fc927,Anytime Fitness,Anytime Fitness Aldridge,Anytime Fitness Aldridge,"Aldridge Shopping Centre, Rookery Parade",WS9 8QR,Aldridge,United Kingdom,England,52.604199,-1.916924,READY_TO_IMPORT,VERIFIED_CURRENT,suspicious,nominatim,https://www.anytimefitness.com/en-gb/locations/aldridge-west-midlands-uk-0333,https://www.anytimefitness.com/en-gb/locations/aldridge-west-midlands-uk-0333,,,official_club_page_webfetch; phase2; official_club_page_webfetch; soft_postal
gb_207ce320df,Anytime Fitness,Anytime Fitness Amersham,Anytime Fitness Amersham,"Metro House, 41-45 Woodside Road",HP6 6AA,Amersham,United Kingdom,England,,,COMING_SOON,COMING_SOON,,,https://www.anytimefitness.com/en-gb/locations/amersham-south-east-uk-0548,https://www.anytimefitness.com/en-gb/locations/amersham-south-east-uk-0548,,,official_club_page_webfetch; phase2; official_club_page_webfetch
gb_fd08eda69d,Anytime Fitness,Anytime Fitness Ashford,Anytime Fitness Ashford,25 New Street,TN24 8TN,Ashford,United Kingdom,England,51.150467,0.868637,READY_TO_IMPORT,VERIFIED_CURRENT,ok,nominatim,https://www.anytimefitness.com/en-gb/locations/ashford-south-east-uk-0028,https://www.anytimefitness.com/en-gb/locations/ashford-south-east-uk-0028,,,official_club_page_webfetch; phase2; official_club_page_webfetch
gb_a47c74fdc4,Anytime Fitness,Anytime Fitness London (High Barnet),Anytime Fitness London (High Barnet),"Unit 1B, The Spires",EN5 5XY,Barnet,United Kingdom,England,51.655327,-0.202306,READY_TO_IMPORT,VERIFIED_CURRENT,ok,nominatim,https://www.anytimefitness.com/en-gb/locations/barnet-greater-london-uk-0091,https://www.anytimefitness.com/en-gb/locations/barnet-greater-london-uk-0091,,,official_club_page_webfetch; phase2; official_club_page_webfetch
gb_62133db6a3,Anytime Fitness,Anytime Fitness Barnstaple,Anytime Fitness Barnstaple,"Unit 3, Northgate House, North Walk",EX31 1TP,Barnstaple,United Kingdom,England,51.082378,-4.061912,READY_TO_IMPORT,VERIFIED_CURRENT,suspicious,nominatim,https://www.anytimefitness.com/en-gb/locations/barnstaple-south-west-uk-0277,https://www.anytimefitness.com/en-gb/locations/barnstaple-south-west-uk-0277,,,official_club_page_webfetch; phase2; soft_postal; official_club_page_webfetch
gb_a9ec5bc474,Anytime Fitness,Anytime Fitness Basingstoke,Anytime Fitness Basingstoke,"Crown Heights, Alencon Link",RG21 7SY,Basingstoke,United Kingdom,England,,,NEEDS_COORDINATES,VERIFIED_CURRENT,failed,,https://www.anytimefitness.com/en-gb/locations/basingstoke-south-east-uk-0010,https://www.anytimefitness.com/en-gb/locations/basingstoke-south-east-uk-0010,,,official_club_page_webfetch; phase2; official_club_page_webfetch; demoted_outward_mismatch:RG21 7SY->SS6 7HQ
gb_3294f1b3c1,Anytime Fitness,Anytime Fitness Stranmillis,Anytime Fitness Stranmillis,"Crannog House, 46 Stranmillis Embankment",BT9 5FL,Belfast,United Kingdom,Northern Ireland,,,NEEDS_COORDINATES,VERIFIED_CURRENT,failed,,https://www.anytimefitness.com/en-gb/locations/belfast-northern-ireland-uk-0345,https://www.anytimefitness.com/en-gb/locations/belfast-northern-ireland-uk-0345,,,official_club_page_webfetch; phase2; official_club_page_webfetch
gb_b3503b1e55,Anytime Fitness,Anytime Fitness Beverley,Anytime Fitness Beverley,"Flemingate Centre, Flemingate",HU17 0NQ,Beverley,United Kingdom,England,53.84035,-0.421575,READY_TO_IMPORT,VERIFIED_CURRENT,suspicious,nominatim,https://www.anytimefitness.com/en-gb/locations/beverley-yorkshire-and-the-humber-uk-0292,https://www.anytimefitness.com/en-gb/locations/beverley-yorkshire-and-the-humber-uk-0292,,,official_club_page_webfetch; phase2; soft_postal; official_club_page_webfetch
gb_8883e1d9f4,Anytime Fitness,Anytime Fitness Bexleyheath,Anytime Fitness Bexleyheath,Royal Oak Road,DA6 7AD,Bexleyheath,United Kingdom,England,51.456048,0.142603,READY_TO_IMPORT,VERIFIED_CURRENT,ok,nominatim,https://www.anytimefitness.com/en-gb/locations/bexleyheath-greater-london-uk-0128,https://www.anytimefitness.com/en-gb/locations/bexleyheath-greater-london-uk-0128,,,official_club_page_webfetch; phase2; official_club_page_webfetch
gb_bebe4e21ad,Anytime Fitness,Anytime Fitness Bicester,Anytime Fitness Bicester,"Unit A5, Pioneer Square",OX26 6FA,Bicester,United Kingdom,England,51.898775,-1.152941,READY_TO_IMPORT,VERIFIED_CURRENT,ok,nominatim,https://www.anytimefitness.com/en-gb/locations/bicester-south-east-uk-0085,https://www.anytimefitness.com/en-gb/locations/bicester-south-east-uk-0085,,,official_club_page_webfetch; phase2; official_club_page_webfetch
gb_994a281757,Anytime Fitness,Anytime Fitness Birkenhead,Anytime Fitness Birkenhead,172-184 Grange Rd,CH41 6EA,Birkenhead,United Kingdom,England,53.38941,-3.028136,READY_TO_IMPORT,VERIFIED_CURRENT,ok,nominatim,https://www.anytimefitness.com/en-gb/locations/birkenhead-north-west-uk-0480,https://www.anytimefitness.com/en-gb/locations/birkenhead-north-west-uk-0480,,,official_club_page_webfetch; phase2; official_club_page_webfetch
gb_d8349cc471,Anytime Fitness,Anytime Fitness Birmingham (Yardley),Anytime Fitness Birmingham (Yardley),"Units 24-25 Swan Centre, 20 Church Road",B25 8UJ,Birmingham,United Kingdom,England,52.462078,-1.814591,READY_TO_IMPORT,VERIFIED_CURRENT,ok,nominatim,https://www.anytimefitness.com/en-gb/locations/birmingham-west-midlands-uk-0033,https://www.anytimefitness.com/en-gb/locations/birmingham-west-midlands-uk-0033,,,official_club_page_webfetch; phase2; official_club_page_webfetch
gb_1a01c90ae4,Anytime Fitness,Anytime Fitness Birmingham (Fort Dunlop),Anytime Fitness Birmingham (Fort Dunlop),"Unit 12, Fort Dunlop, Fort Parkway",B24 9FD,Birmingham Fort Dunlop,United Kingdom,England,,,NEEDS_COORDINATES,VERIFIED_CURRENT,failed,,https://www.anytimefitness.com/en-gb/locations/birmingham-fort-dunlop-west-midlands-uk-0483,https://www.anytimefitness.com/en-gb/locations/birmingham-fort-dunlop-west-midlands-uk-0483,,,official_club_page_webfetch; phase2; official_club_page_webfetch
gb_1862ebeb48,Anytime Fitness,Anytime Fitness Birmingham (Hagley Road),Anytime Fitness Birmingham (Hagley Road),"4 Wolverhampton Road, Hagley Road West",B68 0LH,Birmingham Hagley Road,United Kingdom,England,,,NEEDS_COORDINATES,VERIFIED_CURRENT,failed,,https://www.anytimefitness.com/en-gb/locations/birmingham-hagley-road-west-midlands-uk-0419,https://www.anytimefitness.com/en-gb/locations/birmingham-hagley-road-west-midlands-uk-0419,,,official_club_page_webfetch; phase2; official_club_page_webfetch; demoted_outward_mismatch:B68 0LH->WS3 2EY
gb_cac7ecabf6,Anytime Fitness,Anytime Fitness Birmingham (Paradise Circus),Anytime Fitness Birmingham (Paradise Circus),"Paradise View, 28 Paradise Street",B1 2BJ,Birmingham Paradise Circus,United Kingdom,England,,,NEEDS_COORDINATES,VERIFIED_CURRENT,failed,,https://www.anytimefitness.com/en-gb/locations/birmingham-paradise-circus-west-midlands-uk-0499,https://www.anytimefitness.com/en-gb/locations/birmingham-paradise-circus-west-midlands-uk-0499,,,official_club_page_webfetch; phase2; official_club_page_webfetch
gb_36ee99ae8d,Anytime Fitness,Anytime Fitness Glasgow (Bishopbriggs),Anytime Fitness Glasgow (Bishopbriggs),288 Kirkintilloch Road,G64 2PT,Bishopbriggs Glasgow,United Kingdom,Scotland,,,NEEDS_COORDINATES,VERIFIED_CURRENT,failed,,https://www.anytimefitness.com/en-gb/locations/bishopbriggs-glasgow-scotland-uk-0241,https://www.anytimefitness.com/en-gb/locations/bishopbriggs-glasgow-scotland-uk-0241,,,official_club_page_webfetch; phase2; official_club_page_webfetch
gb_bc4220a816,Anytime Fitness,Anytime Fitness Bishops Cleeve,Anytime Fitness Bishops Cleeve,"The Cleevelands Centre, Sapphire Road",GL52 7AH,Bishops Cleeve,United Kingdom,England,51.952482,-2.068942,READY_TO_IMPORT,VERIFIED_CURRENT,ok,nominatim,https://www.anytimefitness.com/en-gb/locations/bishops-cleeve-south-west-uk-0454,https://www.anytimefitness.com/en-gb/locations/bishops-cleeve-south-west-uk-0454,,,official_club_page_webfetch; phase2; official_club_page_webfetch
gb_59751a5e27,Anytime Fitness,Anytime Fitness Bordon,Anytime Fitness Bordon,"Unit 8c, The Forest Centre",GU35 0TN,Bordon,United Kingdom,England,51.109186,-0.857311,READY_TO_IMPORT,VERIFIED_CURRENT,suspicious,nominatim,https://www.anytimefitness.com/en-gb/locations/bordon-south-east-uk-0367,https://www.anytimefitness.com/en-gb/locations/bordon-south-east-uk-0367,,,official_club_page_webfetch; phase2; soft_postal; official_club_page_webfetch
gb_2851b29817,Anytime Fitness,Anytime Fitness Borehamwood,Anytime Fitness Borehamwood,Unit 1CA Borehamwood Shopping Park,WD6 4PR,Borehamwood,United Kingdom,England,,,NEEDS_COORDINATES,VERIFIED_CURRENT,failed,,https://www.anytimefitness.com/en-gb/locations/borehamwood-greater-london-uk-0436,https://www.anytimefitness.com/en-gb/locations/borehamwood-greater-london-uk-0436,,,official_club_page_webfetch; phase2; official_club_page_webfetch
gb_1bf19ef735,Anytime Fitness,Anytime Fitness Brentwood,Anytime Fitness Brentwood,1 Weald Road,CM14 4SN,Brentwood,United Kingdom,England,51.619721,0.297721,READY_TO_IMPORT,VERIFIED_CURRENT,ok,nominatim,https://www.anytimefitness.com/en-gb/locations/brentwood-east-of-england-uk-0437,https://www.anytimefitness.com/en-gb/locations/brentwood-east-of-england-uk-0437,,,official_club_page_webfetch; phase2; official_club_page_webfetch
gb_99b967c937,Anytime Fitness,Anytime Fitness Bristol (Bradley Stoke),Anytime Fitness Bristol (Bradley Stoke),"Willow Brook Centre, Bradley Stoke",BS32 8BS,Bristol,United Kingdom,England,51.53587,-2.548413,READY_TO_IMPORT,VERIFIED_CURRENT,ok,nominatim,https://www.anytimefitness.com/en-gb/locations/bristol-south-west-uk-0009,https://www.anytimefitness.com/en-gb/locations/bristol-south-west-uk-0009,,,official_club_page_webfetch; phase2; official_club_page_webfetch
gb_911cb0e97d,Anytime Fitness,Anytime Fitness Bristol (Clifton),Anytime Fitness Bristol (Clifton),"48 Queens Road, Clifton",BS8 1RE,Bristol,United Kingdom,England,,,NEEDS_COORDINATES,VERIFIED_CURRENT,ambiguous,,https://www.anytimefitness.com/en-gb/locations/bristol-south-west-uk-0001,https://www.anytimefitness.com/en-gb/locations/bristol-south-west-uk-0001,,,official_club_page_webfetch; phase2; official_club_page_webfetch
gb_63bbdf6024,Anytime Fitness,Anytime Fitness Bristol (Yate),Anytime Fitness Bristol (Yate),"17 East Walk, Yate Shopping Centre",BS37 4AP,Bristol,United Kingdom,England,51.540431,-2.412582,READY_TO_IMPORT,VERIFIED_CURRENT,suspicious,nominatim,https://www.anytimefitness.com/en-gb/locations/bristol-south-west-uk-0037,https://www.anytimefitness.com/en-gb/locations/bristol-south-west-uk-0037,,,official_club_page_webfetch; phase2; official_club_page_webfetch; soft_postal
gb_66f49482e7,Anytime Fitness,Anytime Fitness Bushey,Anytime Fitness Bushey,26-28 Aldenham Road,WD19 4AA,Bushey,United Kingdom,England,51.646095,-0.382702,READY_TO_IMPORT,VERIFIED_CURRENT,ok,nominatim,https://www.anytimefitness.com/en-gb/locations/bushey-greater-london-uk-0416,https://www.anytimefitness.com/en-gb/locations/bushey-greater-london-uk-0416,,,official_club_page_webfetch; phase2; official_club_page_webfetch
gb_da549d6b30,Anytime Fitness,Anytime Fitness Camberley,Anytime Fitness Camberley,"Unit C01, The Atrium, Park St",GU15 3PT,Camberley,United Kingdom,England,,,COMING_SOON,COMING_SOON,,,https://www.anytimefitness.com/en-gb/locations/camberley-south-east-uk-0478,https://www.anytimefitness.com/en-gb/locations/camberley-south-east-uk-0478,,,official_club_page_webfetch; phase2; official_club_page_webfetch
gb_ccc1a63037,Anytime Fitness,Anytime Fitness Canvey Island,Anytime Fitness Canvey Island,125 Furtherwick Road,SS8 7AT,Canvey Island,United Kingdom,England,51.519314,0.593012,READY_TO_IMPORT,VERIFIED_CURRENT,suspicious,nominatim,https://www.anytimefitness.com/en-gb/locations/canvey-island-east-of-england-uk-0266,https://www.anytimefitness.com/en-gb/locations/canvey-island-east-of-england-uk-0266,,,official_club_page_webfetch; phase2; soft_postal; official_club_page_webfetch
gb_fef9f9b856,Anytime Fitness,Anytime Fitness Chippenham,Anytime Fitness Chippenham,Unit 3 31-33 High Street,SN15 3EY,Chippenham,United Kingdom,England,,,NEEDS_COORDINATES,VERIFIED_CURRENT,failed,,https://www.anytimefitness.com/en-gb/locations/chippenham-south-east-uk-0531,https://www.anytimefitness.com/en-gb/locations/chippenham-south-east-uk-0531,,,official_club_page_webfetch; phase2; official_club_page_webfetch
gb_668d9bc4e6,Anytime Fitness,Anytime Fitness Chorley,Anytime Fitness Chorley,"Part First Floor, Booths",PR7 1DB,Chorley,United Kingdom,England,53.654285,-2.630705,READY_TO_IMPORT,VERIFIED_CURRENT,ok,nominatim,https://www.anytimefitness.com/en-gb/locations/chorley-north-west-uk-0172,https://www.anytimefitness.com/en-gb/locations/chorley-north-west-uk-0172,,,official_club_page_webfetch; phase2; official_club_page_webfetch
gb_8c82a9caa4,Anytime Fitness,Anytime Fitness Christchurch,Anytime Fitness Christchurch,"Christchurch Shopping Centre, 25 Saxon Square",BH23 1QA,Christchurch,United Kingdom,England,50.735018,-1.776971,READY_TO_IMPORT,VERIFIED_CURRENT,suspicious,nominatim,https://www.anytimefitness.com/en-gb/locations/christchurch-south-west-uk-0352,https://www.anytimefitness.com/en-gb/locations/christchurch-south-west-uk-0352,,,official_club_page_webfetch; phase2; soft_postal; official_club_page_webfetch
gb_2920034e1c,Anytime Fitness,Anytime Fitness Clacton-on-Sea,Anytime Fitness Clacton-on-Sea,"30 North Road, Essex",CO15 4DD,Clacton On Sea,United Kingdom,England,51.80527,1.155425,READY_TO_IMPORT,VERIFIED_CURRENT,ok,nominatim,https://www.anytimefitness.com/en-gb/locations/clacton-on-sea-east-of-england-uk-0240,https://www.anytimefitness.com/en-gb/locations/clacton-on-sea-east-of-england-uk-0240,,,official_club_page_webfetch; phase2; official_club_page_webfetch
gb_1fbcb52105,Anytime Fitness,Anytime Fitness Clarkston,Anytime Fitness Clarkston,10 Busby Road,G76 7XL,Clarkston,United Kingdom,Scotland,55.789986,-4.27802,READY_TO_IMPORT,VERIFIED_CURRENT,ok,nominatim,https://www.anytimefitness.com/en-gb/locations/clarkston-scotland-uk-0242,https://www.anytimefitness.com/en-gb/locations/clarkston-scotland-uk-0242,,,official_club_page_webfetch; phase2; official_club_page_webfetch
gb_bef7169df3,Anytime Fitness,Anytime Fitness Colchester,Anytime Fitness Colchester,"Unit 1A, Peartree Leisure Park, Moss Road",CO3 0LE,Colchester,United Kingdom,England,51.876606,0.848917,READY_TO_IMPORT,VERIFIED_CURRENT,ok,nominatim,https://www.anytimefitness.com/en-gb/locations/colchester-east-of-england-uk-0013,https://www.anytimefitness.com/en-gb/locations/colchester-east-of-england-uk-0013,,,official_club_page_webfetch; phase2; official_club_page_webfetch
gb_a3d812e904,Anytime Fitness,Anytime Fitness Colchester East,Anytime Fitness Colchester East,Haven Road,CO2 8HT,Colchester,United Kingdom,England,51.878129,0.929979,READY_TO_IMPORT,VERIFIED_CURRENT,ok,nominatim,https://www.anytimefitness.com/en-gb/locations/colchester-east-of-england-uk-0045,https://www.anytimefitness.com/en-gb/locations/colchester-east-of-england-uk-0045,,,official_club_page_webfetch; phase2; official_club_page_webfetch
gb_1e89067c9d,Anytime Fitness,Anytime Fitness Corby,Anytime Fitness Corby,"Block C, Rockingham Leisure Park, 1 Princewood Road",NN17 4AP,Corby,United Kingdom,England,52.508693,-0.705907,READY_TO_IMPORT,VERIFIED_CURRENT,suspicious,nominatim,https://www.anytimefitness.com/en-gb/locations/corby-east-midlands-uk-0182,https://www.anytimefitness.com/en-gb/locations/corby-east-midlands-uk-0182,,,official_club_page_webfetch; phase2; soft_postal; official_club_page_webfetch
gb_1dae1c01a0,Anytime Fitness,Anytime Fitness Cosham,Anytime Fitness Cosham,3 and 4 Portsmouth Road,PO6 2AE,Cosham,United Kingdom,England,,,NEEDS_COORDINATES,VERIFIED_CURRENT,failed,,https://www.anytimefitness.com/en-gb/locations/cosham-south-east-uk-0243,https://www.anytimefitness.com/en-gb/locations/cosham-south-east-uk-0243,,,official_club_page_webfetch; phase2; official_club_page_webfetch
gb_7a5f303631,Anytime Fitness,Anytime Fitness Crawley,Anytime Fitness Crawley,"Pegler Court, Pegler Way",RH11 7GU,Crawley,United Kingdom,England,,,NEEDS_COORDINATES,VERIFIED_CURRENT,failed,,https://www.anytimefitness.com/en-gb/locations/crawley-south-east-uk-0030,https://www.anytimefitness.com/en-gb/locations/crawley-south-east-uk-0030,,,official_club_page_webfetch; phase2; official_club_page_webfetch
gb_783296aa78,Anytime Fitness,Anytime Fitness Croxley Park,Anytime Fitness Croxley Park,"Croxley Business Park, The Hive",WD18 8AS,Croxley Park,United Kingdom,England,51.645889,-0.429362,READY_TO_IMPORT,VERIFIED_CURRENT,suspicious,nominatim,https://www.anytimefitness.com/en-gb/locations/croxley-park-greater-london-uk-0103,https://www.anytimefitness.com/en-gb/locations/croxley-park-greater-london-uk-0103,,,official_club_page_webfetch; phase2; soft_postal; official_club_page_webfetch
gb_5b88ad24ed,Anytime Fitness,Anytime Fitness Daventry,Anytime Fitness Daventry,"Regal Centre, Bowen Square",NN11 4DR,Daventry,United Kingdom,England,52.25681,-1.161984,READY_TO_IMPORT,VERIFIED_CURRENT,ok,nominatim,https://www.anytimefitness.com/en-gb/locations/daventry-east-midlands-uk-0068,https://www.anytimefitness.com/en-gb/locations/daventry-east-midlands-uk-0068,,,official_sitemap_url; club_page_blocked_or_thin; official_club_page_webfetch
gb_3e41dc4d37,Anytime Fitness,Anytime Fitness Didcot,Anytime Fitness Didcot,7 Market Place,OX11 7LE,Didcot,United Kingdom,England,,,NEEDS_COORDINATES,VERIFIED_CURRENT,failed,,https://www.anytimefitness.com/en-gb/locations/didcot-south-east-uk-0534,https://www.anytimefitness.com/en-gb/locations/didcot-south-east-uk-0534,,,official_sitemap_url; club_page_blocked_or_thin; official_club_page_webfetch
gb_5ee05b1de6,Anytime Fitness,Anytime Fitness Dorchester,Anytime Fitness Dorchester,"2 Eldridge Street, Brewery Square",DT1 1GY,Dorchester,United Kingdom,England,,,NEEDS_COORDINATES,VERIFIED_CURRENT,failed,,https://www.anytimefitness.com/en-gb/locations/dorchester-south-west-uk-0258,https://www.anytimefitness.com/en-gb/locations/dorchester-south-west-uk-0258,,,official_sitemap_url; club_page_blocked_or_thin; official_club_page_webfetch
gb_af67d59b6b,Anytime Fitness,Anytime Fitness Dorking,Anytime Fitness Dorking,"Unit 3, 285 - 293 High Street",RH4 1RL,Dorking,United Kingdom,England,51.234505,-0.327087,READY_TO_IMPORT,VERIFIED_CURRENT,ok,nominatim,https://www.anytimefitness.com/en-gb/locations/dorking-south-east-uk-0164,https://www.anytimefitness.com/en-gb/locations/dorking-south-east-uk-0164,,,official_sitemap_url; club_page_blocked_or_thin; official_club_page_webfetch
gb_cdbcb8f639,Anytime Fitness,Anytime Fitness Droitwich Spa,Anytime Fitness Droitwich Spa,"The Royal Exchange, 9-11 Queens Street",WR9 8LA,Droitwich Spa,United Kingdom,England,,,NEEDS_COORDINATES,VERIFIED_CURRENT,ambiguous,,https://www.anytimefitness.com/en-gb/locations/droitwich-spa-west-midlands-uk-0321,https://www.anytimefitness.com/en-gb/locations/droitwich-spa-west-midlands-uk-0321,,,official_sitemap_url; club_page_blocked_or_thin; official_club_page_webfetch
gb_6dd494e815,Anytime Fitness,Anytime Fitness Eastbourne,Anytime Fitness Eastbourne,22-24 Langney Road,BN21 3EU,Eastbourne,United Kingdom,England,50.768912,0.288399,READY_TO_IMPORT,VERIFIED_CURRENT,ok,nominatim,https://www.anytimefitness.com/en-gb/locations/eastbourne-south-east-uk-0067,https://www.anytimefitness.com/en-gb/locations/eastbourne-south-east-uk-0067,,,official_sitemap_url; club_page_blocked_or_thin; official_club_page_webfetch
gb_fbc8941672,Anytime Fitness,Anytime Fitness Eastleigh,Anytime Fitness Eastleigh,The Swan Centre,SO50 5SF,Eastleigh,United Kingdom,England,50.967188,-1.353601,READY_TO_IMPORT,VERIFIED_CURRENT,ok,nominatim,https://www.anytimefitness.com/en-gb/locations/eastleigh-south-east-uk-0032,https://www.anytimefitness.com/en-gb/locations/eastleigh-south-east-uk-0032,,,official_sitemap_url; club_page_blocked_or_thin; official_club_page_webfetch
gb_ad21c38a4f,Anytime Fitness,Anytime Fitness Epsom,Anytime Fitness Epsom,"Level 2, Epsom Square",KT19 8AG,Epsom,United Kingdom,England,,,NEEDS_COORDINATES,VERIFIED_CURRENT,failed,,https://www.anytimefitness.com/en-gb/locations/epsom-greater-london-uk-0350,https://www.anytimefitness.com/en-gb/locations/epsom-greater-london-uk-0350,,,official_sitemap_url; club_page_blocked_or_thin; official_club_page_webfetch
gb_374dec9d7f,Anytime Fitness,Anytime Fitness Fareham,Anytime Fitness Fareham,"Locks Heath Shopping Centre, Centre Way, Locks Heath",SO31 6DX,Fareham,United Kingdom,England,,,NEEDS_COORDINATES,VERIFIED_CURRENT,failed,,https://www.anytimefitness.com/en-gb/locations/fareham-south-east-uk-0252,https://www.anytimefitness.com/en-gb/locations/fareham-south-east-uk-0252,,,official_sitemap_url; club_page_blocked_or_thin; official_club_page_webfetch
gb_5521729ce5,Anytime Fitness,Anytime Fitness Farnham,Anytime Fitness Farnham,31 - 32 East Street,GU9 7SW,Farnham,United Kingdom,England,51.217145,-0.794774,READY_TO_IMPORT,VERIFIED_CURRENT,ok,nominatim,https://www.anytimefitness.com/en-gb/locations/farnham-south-east-uk-0071,https://www.anytimefitness.com/en-gb/locations/farnham-south-east-uk-0071,,,official_sitemap_url; club_page_blocked_or_thin; official_club_page_webfetch
gb_b729d263be,Anytime Fitness,Anytime Fitness Felixstowe,Anytime Fitness Felixstowe,"Unit 6, Suites 21 & 24, Orwell House",IP11 3AQ,Felixstowe,United Kingdom,England,51.962943,1.320807,READY_TO_IMPORT,VERIFIED_CURRENT,suspicious,nominatim,https://www.anytimefitness.com/en-gb/locations/felixstowe-east-of-england-uk-0213,https://www.anytimefitness.com/en-gb/locations/felixstowe-east-of-england-uk-0213,,,official_sitemap_url; club_page_blocked_or_thin; official_club_page_webfetch; soft_postal
gb_72cc8ff07f,Anytime Fitness,Anytime Fitness Feltham,Anytime Fitness Feltham,1 High Street,TW13 4AH,Feltham,United Kingdom,England,51.44683,-0.409141,READY_TO_IMPORT,VERIFIED_CURRENT,suspicious,nominatim,https://www.anytimefitness.com/en-gb/locations/feltham-greater-london-uk-0139,https://www.anytimefitness.com/en-gb/locations/feltham-greater-london-uk-0139,,,official_sitemap_url; club_page_blocked_or_thin; official_club_page_webfetch; soft_postal
gb_fcad10561c,Anytime Fitness,Anytime Fitness Ferndown,Anytime Fitness Ferndown,Unit 1 Lindbergh Road,BH21 7SP,Ferndown,United Kingdom,England,50.813591,-1.912234,READY_TO_IMPORT,VERIFIED_CURRENT,suspicious,nominatim,https://www.anytimefitness.com/en-gb/locations/ferndown-south-west-uk-0405,https://www.anytimefitness.com/en-gb/locations/ferndown-south-west-uk-0405,,,official_sitemap_url; club_page_blocked_or_thin; official_club_page_webfetch; soft_postal
gb_1f2060f0af,Anytime Fitness,Anytime Fitness Fleet,Anytime Fitness Fleet,Hart Shopping Centre,GU51 3LA,Fleet,United Kingdom,England,51.2815,-0.840891,READY_TO_IMPORT,VERIFIED_CURRENT,ok,nominatim,https://www.anytimefitness.com/en-gb/locations/fleet-south-east-uk-0257,https://www.anytimefitness.com/en-gb/locations/fleet-south-east-uk-0257,,,official_sitemap_url; club_page_blocked_or_thin; official_club_page_webfetch
gb_680e1b5b23,Anytime Fitness,Anytime Fitness Gateshead,Anytime Fitness Gateshead,200 The High Street,NE8 1AQ,Gateshead,United Kingdom,England,,,NEEDS_COORDINATES,VERIFIED_CURRENT,failed,,https://www.anytimefitness.com/en-gb/locations/gateshead-north-east-uk-0052,https://www.anytimefitness.com/en-gb/locations/gateshead-north-east-uk-0052,,,official_sitemap_url; club_page_blocked_or_thin; official_club_page_webfetch
gb_91622ca214,Anytime Fitness,Anytime Fitness Gerrards Cross,Anytime Fitness Gerrards Cross,"Gerrards House, Station Road",SL9 8ES,Gerrards Cross,United Kingdom,England,51.588173,-0.551122,READY_TO_IMPORT,VERIFIED_CURRENT,ok,nominatim,https://www.anytimefitness.com/en-gb/locations/gerrards-cross-south-east-uk-0468,https://www.anytimefitness.com/en-gb/locations/gerrards-cross-south-east-uk-0468,,,official_sitemap_url; club_page_blocked_or_thin; official_club_page_webfetch
gb_b606eccf6c,Anytime Fitness,Anytime Fitness Glasgow,Anytime Fitness Glasgow,205 Dumbarton Road,G11 6AA,Glasgow,United Kingdom,Scotland,55.870579,-4.299901,READY_TO_IMPORT,VERIFIED_CURRENT,suspicious,nominatim,https://www.anytimefitness.com/en-gb/locations/glasgow-scotland-uk-0012,https://www.anytimefitness.com/en-gb/locations/glasgow-scotland-uk-0012,,,official_sitemap_url; club_page_blocked_or_thin; official_club_page_webfetch; soft_postal
gb_a55b0d003a,Anytime Fitness,Anytime Fitness Gloucester,Anytime Fitness Gloucester,13/23 Northgate Street,GL1 2AN,Gloucester,United Kingdom,England,,,NEEDS_COORDINATES,VERIFIED_CURRENT,failed,,https://www.anytimefitness.com/en-gb/locations/gloucester-west-midlands-uk-0466,https://www.anytimefitness.com/en-gb/locations/gloucester-west-midlands-uk-0466,,,official_sitemap_url; club_page_blocked_or_thin; official_club_page_webfetch
gb_1cfda71ab4,Anytime Fitness,Anytime Fitness Gosport,Anytime Fitness Gosport,131 Stoke Road,PO12 1SD,Gosport,United Kingdom,England,50.792699,-1.135312,READY_TO_IMPORT,VERIFIED_CURRENT,ok,nominatim,https://www.anytimefitness.com/en-gb/locations/gosport-south-east-uk-0101,https://www.anytimefitness.com/en-gb/locations/gosport-south-east-uk-0101,,,official_sitemap_url; club_page_blocked_or_thin; official_club_page_webfetch
gb_7ecc67e209,Anytime Fitness,Anytime Fitness Grantham,Anytime Fitness Grantham,91-92 Westgate,NG31 6LE,Grantham,United Kingdom,England,52.91143,-0.644185,READY_TO_IMPORT,VERIFIED_CURRENT,suspicious,nominatim,https://www.anytimefitness.com/en-gb/locations/grantham-east-midlands-uk-0197,https://www.anytimefitness.com/en-gb/locations/grantham-east-midlands-uk-0197,,,official_sitemap_url; club_page_blocked_or_thin; official_club_page_webfetch; soft_postal
gb_4adec4d44a,Anytime Fitness,Anytime Fitness Guildford,Anytime Fitness Guildford,"5, 6 White Lion Walk",GU1 3DN,Guildford,United Kingdom,England,51.235656,-0.575497,READY_TO_IMPORT,VERIFIED_CURRENT,ok,nominatim,https://www.anytimefitness.com/en-gb/locations/guildford-south-west-uk-0507,https://www.anytimefitness.com/en-gb/locations/guildford-south-west-uk-0507,,,official_sitemap_url; club_page_blocked_or_thin; official_club_page_webfetch
gb_fa22963145,Anytime Fitness,Anytime Fitness Harlow,Anytime Fitness Harlow,"Unit 4, Mill Court, Edinburgh Gate",CM20 2JA,Harlow,United Kingdom,England,51.780607,0.095677,READY_TO_IMPORT,VERIFIED_CURRENT,ok,nominatim,https://www.anytimefitness.com/en-gb/locations/harlow-east-of-england-uk-0038,https://www.anytimefitness.com/en-gb/locations/harlow-east-of-england-uk-0038,,,official_sitemap_url; club_page_blocked_or_thin; official_club_page_webfetch
gb_96b55356cd,Anytime Fitness,Anytime Fitness Hayling Island,Anytime Fitness Hayling Island,"First Floor, 10 Mengham Road",PO11 9BL,Hayling Island,United Kingdom,England,50.781721,-0.963728,READY_TO_IMPORT,VERIFIED_CURRENT,suspicious,nominatim,https://www.anytimefitness.com/en-gb/locations/hayling-island-south-east-uk-0475,https://www.anytimefitness.com/en-gb/locations/hayling-island-south-east-uk-0475,,,official_sitemap_url; club_page_blocked_or_thin; official_club_page_webfetch; soft_postal
gb_174930d5ca,Anytime Fitness,Anytime Fitness Headington Oxford,Anytime Fitness Headington Oxford,116-120 London Road,OX3 9AX,Headington Oxford,United Kingdom,England,51.759898,-1.211017,READY_TO_IMPORT,VERIFIED_CURRENT,suspicious,nominatim,https://www.anytimefitness.com/en-gb/locations/headington-oxford-south-east-uk-0248,https://www.anytimefitness.com/en-gb/locations/headington-oxford-south-east-uk-0248,,,official_sitemap_url; club_page_blocked_or_thin; official_club_page_webfetch; soft_postal
gb_34d6f1dd3f,Anytime Fitness,Anytime Fitness Hemel Hempstead,Anytime Fitness Hemel Hempstead,"Riverside Shopping Centre, Moor End Road",HP1 1BT,Hemel Hempstead,United Kingdom,England,,,NEEDS_COORDINATES,VERIFIED_CURRENT,failed,,https://www.anytimefitness.com/en-gb/locations/hemel-hempstead-east-of-england-uk-0002,https://www.anytimefitness.com/en-gb/locations/hemel-hempstead-east-of-england-uk-0002,,,official_sitemap_url; club_page_blocked_or_thin; official_club_page_webfetch; demoted_outward_mismatch:HP1 1BT->HD9 3AZ
gb_9d21635037,Anytime Fitness,Anytime Fitness Hereford,Anytime Fitness Hereford,"Unit 48/49, Maylord Shopping Centre, Maylord Street",HR1 2DT,Hereford,United Kingdom,England,52.057702,-2.714596,READY_TO_IMPORT,VERIFIED_CURRENT,suspicious,nominatim,https://www.anytimefitness.com/en-gb/locations/hereford-west-midlands-uk-0355,https://www.anytimefitness.com/en-gb/locations/hereford-west-midlands-uk-0355,,,official_sitemap_url; club_page_blocked_or_thin; official_club_page_webfetch; soft_postal
gb_346d8d3d02,Anytime Fitness,Anytime Fitness Hertford,Anytime Fitness Hertford,"The New Arcade, The Marquee Centre, Railway Street",SG14 1SH,Hertford,United Kingdom,England,51.797374,-0.075117,READY_TO_IMPORT,VERIFIED_CURRENT,ok,nominatim,https://www.anytimefitness.com/en-gb/locations/hertford-east-of-england-uk-0127,https://www.anytimefitness.com/en-gb/locations/hertford-east-of-england-uk-0127,,,official_sitemap_url; club_page_blocked_or_thin; official_club_page_webfetch
gb_6a47ca2830,Anytime Fitness,Anytime Fitness High Wycombe,Anytime Fitness High Wycombe,"2 Newlands Walk, Eden Shopping Centre",HP11 2DQ,High Wycombe,United Kingdom,England,51.629263,-0.755196,READY_TO_IMPORT,VERIFIED_CURRENT,ok,nominatim,https://www.anytimefitness.com/en-gb/locations/high-wycombe-south-east-uk-0004,https://www.anytimefitness.com/en-gb/locations/high-wycombe-south-east-uk-0004,,,official_sitemap_url; club_page_blocked_or_thin; official_club_page_webfetch
gb_b053d55a1e,Anytime Fitness,Anytime Fitness Hornchurch,Anytime Fitness Hornchurch,46-48 High Street,RM12 4UN,Hornchurch,United Kingdom,England,51.563011,0.21452,READY_TO_IMPORT,VERIFIED_CURRENT,suspicious,nominatim,https://www.anytimefitness.com/en-gb/locations/hornchurch-greater-london-uk-0098,https://www.anytimefitness.com/en-gb/locations/hornchurch-greater-london-uk-0098,,,official_sitemap_url; club_page_blocked_or_thin; official_club_page_webfetch; soft_postal
gb_7a4f3f0a03,Anytime Fitness,Anytime Fitness Huntingdon,Anytime Fitness Huntingdon,"44 High Street, Unit 9 St Benedicts Court",PE29 3PR,Huntingdon,United Kingdom,England,52.32956,-0.183359,READY_TO_IMPORT,VERIFIED_CURRENT,suspicious,nominatim,https://www.anytimefitness.com/en-gb/locations/huntingdon-east-of-england-uk-0165,https://www.anytimefitness.com/en-gb/locations/huntingdon-east-of-england-uk-0165,,,official_sitemap_url; club_page_blocked_or_thin; official_club_page_webfetch; soft_postal
gb_591ba7539a,Anytime Fitness,Anytime Fitness Ilkeston,Anytime Fitness Ilkeston,"Unit 2, Rutland Street",DE7 8DG,Ilkeston,United Kingdom,England,52.978071,-1.304917,READY_TO_IMPORT,VERIFIED_CURRENT,ok,nominatim,https://www.anytimefitness.com/en-gb/locations/ilkeston-east-midlands-uk-0108,https://www.anytimefitness.com/en-gb/locations/ilkeston-east-midlands-uk-0108,,,official_sitemap_url; club_page_blocked_or_thin; official_club_page_webfetch
gb_8c12ed0b7d,Anytime Fitness,Anytime Fitness Inverness,Anytime Fitness Inverness,26 Harbour Road,IV1 1UA,Inverness,United Kingdom,Scotland,57.48542,-4.217633,READY_TO_IMPORT,VERIFIED_CURRENT,ok,nominatim,https://www.anytimefitness.com/en-gb/locations/inverness-scotland-uk-0425,https://www.anytimefitness.com/en-gb/locations/inverness-scotland-uk-0425,,,official_sitemap_url; club_page_blocked_or_thin; official_club_page_webfetch
gb_34a255f0b5,Anytime Fitness,Anytime Fitness Isle Of Dogs,Anytime Fitness Isle Of Dogs,"Stratus Point, 9 Harbour Wy",E14 9YN,Isle Of Dogs,United Kingdom,England,51.49922,-0.020078,READY_TO_IMPORT,VERIFIED_CURRENT,suspicious,nominatim,https://www.anytimefitness.com/en-gb/locations/isle-of-dogs-greater-london-uk-0394,https://www.anytimefitness.com/en-gb/locations/isle-of-dogs-greater-london-uk-0394,,,official_sitemap_url; club_page_blocked_or_thin; official_club_page_webfetch; soft_postal
gb_a51ceb6e54,Anytime Fitness,Anytime Fitness Kendal,Anytime Fitness Kendal,"Unit 12, K-Village, Lound Road",LA9 7FH,Kendal,United Kingdom,England,54.320101,-2.744328,READY_TO_IMPORT,VERIFIED_CURRENT,ok,nominatim,https://www.anytimefitness.com/en-gb/locations/kendal-north-west-uk-0332,https://www.anytimefitness.com/en-gb/locations/kendal-north-west-uk-0332,,,official_sitemap_url; club_page_blocked_or_thin; official_club_page_webfetch
gb_cdd326ce44,Anytime Fitness,Anytime Fitness Kenilworth,Anytime Fitness Kenilworth,Talisman Square,CV8 1JB,Kenilworth,United Kingdom,England,52.342539,-1.577302,READY_TO_IMPORT,VERIFIED_CURRENT,ok,nominatim,https://www.anytimefitness.com/en-gb/locations/kenilworth-west-midlands-uk-0118,https://www.anytimefitness.com/en-gb/locations/kenilworth-west-midlands-uk-0118,,,official_sitemap_url; club_page_blocked_or_thin; official_club_page_webfetch
gb_a53d778f11,Anytime Fitness,Anytime Fitness Kettering,Anytime Fitness Kettering,"ASDA Complex, Northfield Avenue",NN16 9HU,Kettering,United Kingdom,England,52.411391,-0.734123,READY_TO_IMPORT,VERIFIED_CURRENT,suspicious,nominatim,https://www.anytimefitness.com/en-gb/locations/kettering-east-of-england-uk-0382,https://www.anytimefitness.com/en-gb/locations/kettering-east-of-england-uk-0382,,,official_sitemap_url; club_page_blocked_or_thin; official_club_page_webfetch; soft_postal
gb_695cfeab31,Anytime Fitness,Anytime Fitness Leamington Spa,Anytime Fitness Leamington Spa,76-86 The Parade,CV32 4DA,Leamington Spa,United Kingdom,England,,,NEEDS_COORDINATES,VERIFIED_CURRENT,failed,,https://www.anytimefitness.com/en-gb/locations/leamington-spa-west-midlands-uk-0512,https://www.anytimefitness.com/en-gb/locations/leamington-spa-west-midlands-uk-0512,,,official_sitemap_url; club_page_blocked_or_thin; official_club_page_webfetch
gb_85b3aa5eaf,Anytime Fitness,Anytime Fitness Leatherhead,Anytime Fitness Leatherhead,11-15 North Street,KT22 7AX,Leatherhead,United Kingdom,England,51.295885,-0.330901,READY_TO_IMPORT,VERIFIED_CURRENT,suspicious,nominatim,https://www.anytimefitness.com/en-gb/locations/leatherhead-south-east-uk-0422,https://www.anytimefitness.com/en-gb/locations/leatherhead-south-east-uk-0422,,,official_sitemap_url; club_page_blocked_or_thin; official_club_page_webfetch; soft_postal
gb_54cd7c0b04,Anytime Fitness,Anytime Fitness Leeds,Anytime Fitness Leeds,"Unit 1, Bridgewater Place",LS11 5QS,Leeds,United Kingdom,England,53.792003,-1.548041,READY_TO_IMPORT,VERIFIED_CURRENT,suspicious,nominatim,https://www.anytimefitness.com/en-gb/locations/leeds-yorkshire-and-the-humber-uk-0025,https://www.anytimefitness.com/en-gb/locations/leeds-yorkshire-and-the-humber-uk-0025,,,official_sitemap_url; club_page_blocked_or_thin; official_club_page_webfetch; soft_postal
gb_494dc61e3f,Anytime Fitness,Anytime Fitness Leeds,Anytime Fitness Leeds,"Unit B, Moor Allerton Centre",LS17 5NY,Leeds,United Kingdom,England,53.845071,-1.550663,READY_TO_IMPORT,VERIFIED_CURRENT,ok,nominatim,https://www.anytimefitness.com/en-gb/locations/leeds-yorkshire-and-the-humber-uk-0234,https://www.anytimefitness.com/en-gb/locations/leeds-yorkshire-and-the-humber-uk-0234,,,official_sitemap_url; club_page_blocked_or_thin; official_club_page_webfetch
gb_5f13ba3503,Anytime Fitness,Anytime Fitness Leigh,Anytime Fitness Leigh,"Unit 1/2, The Loom Retail Park, Spinning Jenny Way",WN7 4PE,Leigh,United Kingdom,England,53.493206,-2.515923,READY_TO_IMPORT,VERIFIED_CURRENT,ok,nominatim,https://www.anytimefitness.com/en-gb/locations/leigh-north-west-uk-0141,https://www.anytimefitness.com/en-gb/locations/leigh-north-west-uk-0141,,,official_sitemap_url; club_page_blocked_or_thin; official_club_page_webfetch
gb_109910140f,Anytime Fitness,Anytime Fitness Leigh On Sea,Anytime Fitness Leigh On Sea,24-30 Rectory Grove,SS9 2HG,Leigh On Sea,United Kingdom,England,51.542638,0.653803,READY_TO_IMPORT,VERIFIED_CURRENT,suspicious,nominatim,https://www.anytimefitness.com/en-gb/locations/leigh-on-sea-east-of-england-uk-0365,https://www.anytimefitness.com/en-gb/locations/leigh-on-sea-east-of-england-uk-0365,,,official_sitemap_url; club_page_blocked_or_thin; official_club_page_webfetch; soft_postal
gb_6913dfcbd5,Anytime Fitness,Anytime Fitness Leighton Buzzard,Anytime Fitness Leighton Buzzard,"Billington Road, Greater Billington",LU7 9HH,Leighton Buzzard,United Kingdom,England,51.901787,-0.649983,READY_TO_IMPORT,VERIFIED_CURRENT,suspicious,nominatim,https://www.anytimefitness.com/en-gb/locations/leighton-buzzard-east-midlands-uk-0018,https://www.anytimefitness.com/en-gb/locations/leighton-buzzard-east-midlands-uk-0018,,,official_sitemap_url; club_page_blocked_or_thin; official_club_page_webfetch; soft_postal
gb_9e12abb4d5,Anytime Fitness,Anytime Fitness Letchworth,Anytime Fitness Letchworth,36 Gernon Road,SG6 3DU,Letchworth,United Kingdom,England,51.977422,-0.227494,READY_TO_IMPORT,VERIFIED_CURRENT,ok,nominatim,https://www.anytimefitness.com/en-gb/locations/letchworth-east-of-england-uk-0096,https://www.anytimefitness.com/en-gb/locations/letchworth-east-of-england-uk-0096,,,official_sitemap_url; club_page_blocked_or_thin; official_club_page_webfetch
gb_1eb427599b,Anytime Fitness,Anytime Fitness Lewisham,Anytime Fitness Lewisham,"Unit B, Meridian South, Birdwood Avenue, Hither Green",SE13 6UR,Lewisham,United Kingdom,England,51.448562,-0.004125,READY_TO_IMPORT,VERIFIED_CURRENT,ok,nominatim,https://www.anytimefitness.com/en-gb/locations/lewisham-greater-london-uk-0021,https://www.anytimefitness.com/en-gb/locations/lewisham-greater-london-uk-0021,,,official_sitemap_url; club_page_blocked_or_thin; official_club_page_webfetch
gb_68d6a1c6ab,Anytime Fitness,Anytime Fitness Lewisham,Anytime Fitness Lewisham,Unit A Renaissance,SE13 7DJ,Lewisham,United Kingdom,England,,,NEEDS_COORDINATES,VERIFIED_CURRENT,ambiguous,,https://www.anytimefitness.com/en-gb/locations/lewisham-greater-london-uk-0384,https://www.anytimefitness.com/en-gb/locations/lewisham-greater-london-uk-0384,,,official_sitemap_url; club_page_blocked_or_thin; official_club_page_webfetch
gb_b9f872e845,Anytime Fitness,Anytime Fitness Leyton,Anytime Fitness Leyton,665 High Road,E10 6RA,Leyton,United Kingdom,England,51.570792,-0.008535,READY_TO_IMPORT,VERIFIED_CURRENT,suspicious,nominatim,https://www.anytimefitness.com/en-gb/locations/leyton-greater-london-uk-0171,https://www.anytimefitness.com/en-gb/locations/leyton-greater-london-uk-0171,,,official_sitemap_url; club_page_blocked_or_thin; official_club_page_webfetch; soft_postal
gb_a2a003907c,Anytime Fitness,Anytime Fitness Lincoln,Anytime Fitness Lincoln,"Units 2-4 Darwin Plaza, Wragby Road",LN2 4QA,Lincoln,United Kingdom,England,,,NEEDS_COORDINATES,VERIFIED_CURRENT,failed,,https://www.anytimefitness.com/en-gb/locations/lincoln-east-midlands-uk-0084,https://www.anytimefitness.com/en-gb/locations/lincoln-east-midlands-uk-0084,,,official_sitemap_url; club_page_blocked_or_thin; official_club_page_webfetch
gb_e36eb06b27,Anytime Fitness,Anytime Fitness Liverpool Allerton Road,Anytime Fitness Liverpool Allerton Road,182 Allerton Road,L18 5HU,Liverpool Allerton Road,United Kingdom,England,53.385068,-2.908035,READY_TO_IMPORT,VERIFIED_CURRENT,ok,nominatim,https://www.anytimefitness.com/en-gb/locations/liverpool-allerton-road-north-west-uk-0135,https://www.anytimefitness.com/en-gb/locations/liverpool-allerton-road-north-west-uk-0135,,,official_sitemap_url; club_page_blocked_or_thin; official_club_page_webfetch
gb_a5f7659722,Anytime Fitness,Anytime Fitness London,Anytime Fitness London,"Unit 2 The Nido Building, 200 Pentonville Road",N1 9JP,London,United Kingdom,England,51.531309,-0.117592,READY_TO_IMPORT,VERIFIED_CURRENT,ok,nominatim,https://www.anytimefitness.com/en-gb/locations/london-greater-london-uk-0003,https://www.anytimefitness.com/en-gb/locations/london-greater-london-uk-0003,,,official_sitemap_url; club_page_blocked_or_thin; official_club_page_webfetch
gb_fbfe54b4f5,Anytime Fitness,Anytime Fitness London,Anytime Fitness London,"1st Floor, Regal House, 70 London Road",TW1 3QS,London,United Kingdom,England,51.449664,-0.329867,READY_TO_IMPORT,VERIFIED_CURRENT,ok,nominatim,https://www.anytimefitness.com/en-gb/locations/london-greater-london-uk-0015,https://www.anytimefitness.com/en-gb/locations/london-greater-london-uk-0015,,,official_sitemap_url; club_page_blocked_or_thin; official_club_page_webfetch
gb_fa49395fff,Anytime Fitness,Anytime Fitness London,Anytime Fitness London,"166 - 168 High Street, Stratford",E15 2FD,London,United Kingdom,England,51.535207,-0.005772,READY_TO_IMPORT,VERIFIED_CURRENT,ok,nominatim,https://www.anytimefitness.com/en-gb/locations/london-greater-london-uk-0020,https://www.anytimefitness.com/en-gb/locations/london-greater-london-uk-0020,,,official_sitemap_url; club_page_blocked_or_thin; official_club_page_webfetch
gb_3cf61c0789,Anytime Fitness,Anytime Fitness London,Anytime Fitness London,"Royal Garden Hotel, 2-24 Kensington High Street",W8 4PT,London,United Kingdom,England,51.502558,-0.187849,READY_TO_IMPORT,VERIFIED_CURRENT,ok,nominatim,https://www.anytimefitness.com/en-gb/locations/london-greater-london-uk-0029,https://www.anytimefitness.com/en-gb/locations/london-greater-london-uk-0029,,,official_sitemap_url; club_page_blocked_or_thin; official_club_page_webfetch
gb_2ea3e0acea,Anytime Fitness,Anytime Fitness London,Anytime Fitness London,"Unit 1, Southbury Road",EN3 4HR,London,United Kingdom,England,,,NEEDS_COORDINATES,VERIFIED_CURRENT,failed,,https://www.anytimefitness.com/en-gb/locations/london-greater-london-uk-0019,https://www.anytimefitness.com/en-gb/locations/london-greater-london-uk-0019,,,official_sitemap_url; club_page_blocked_or_thin; official_club_page_webfetch
gb_8833ebac0d,Anytime Fitness,Anytime Fitness London,Anytime Fitness London,"1 Priory Court, Pilgrim Street",EC4 6DE,London,United Kingdom,England,,,NEEDS_COORDINATES,VERIFIED_CURRENT,failed,,https://www.anytimefitness.com/en-gb/locations/london-greater-london-uk-0044,https://www.anytimefitness.com/en-gb/locations/london-greater-london-uk-0044,,,official_sitemap_url; club_page_blocked_or_thin; official_club_page_webfetch; demoted_outward_mismatch:EC4 6DE->WA7 3FT
gb_ba90d2237e,Anytime Fitness,Anytime Fitness London,Anytime Fitness London,16 Coombe Lane,SW20 8ND,London,United Kingdom,England,51.409737,-0.228945,READY_TO_IMPORT,VERIFIED_CURRENT,ok,nominatim,https://www.anytimefitness.com/en-gb/locations/london-greater-london-uk-0060,https://www.anytimefitness.com/en-gb/locations/london-greater-london-uk-0060,,,official_sitemap_url; club_page_blocked_or_thin; official_club_page_webfetch
gb_679dba9799,Anytime Fitness,Anytime Fitness London,Anytime Fitness London,"222-224 Fulham Road, Chelsea",SW10 9NB,London,United Kingdom,England,51.48542,-0.182086,READY_TO_IMPORT,VERIFIED_CURRENT,ok,nominatim,https://www.anytimefitness.com/en-gb/locations/london-greater-london-uk-0047,https://www.anytimefitness.com/en-gb/locations/london-greater-london-uk-0047,,,official_sitemap_url; club_page_blocked_or_thin; official_club_page_webfetch
gb_de7e36b973,Anytime Fitness,Anytime Fitness London,Anytime Fitness London,"3 Mullins Place, Kings Avenue",SW4 8EU,London,United Kingdom,England,,,NEEDS_COORDINATES,VERIFIED_CURRENT,failed,,https://www.anytimefitness.com/en-gb/locations/london-greater-london-uk-0061,https://www.anytimefitness.com/en-gb/locations/london-greater-london-uk-0061,,,official_sitemap_url; club_page_blocked_or_thin; official_club_page_webfetch
gb_6a9800c79f,Anytime Fitness,Anytime Fitness London,Anytime Fitness London,"Unit 1, Tesco Extra, Love Lane",SE18 6QT,London,United Kingdom,England,51.489217,0.066115,READY_TO_IMPORT,VERIFIED_CURRENT,suspicious,nominatim,https://www.anytimefitness.com/en-gb/locations/london-greater-london-uk-0090,https://www.anytimefitness.com/en-gb/locations/london-greater-london-uk-0090,,,official_sitemap_url; club_page_blocked_or_thin; official_club_page_webfetch; soft_postal
gb_69c7953d1b,Anytime Fitness,Anytime Fitness London,Anytime Fitness London,185 Tooting High Street,SW17 0SZ,London,United Kingdom,England,51.42432,-0.171632,READY_TO_IMPORT,VERIFIED_CURRENT,ok,nominatim,https://www.anytimefitness.com/en-gb/locations/london-greater-london-uk-0104,https://www.anytimefitness.com/en-gb/locations/london-greater-london-uk-0104,,,official_sitemap_url; club_page_blocked_or_thin; official_club_page_webfetch
gb_6f36e24c4e,Anytime Fitness,Anytime Fitness London,Anytime Fitness London,"568 Kingsland Road, Dalston",E8 4AH,London,United Kingdom,England,51.545214,-0.075677,READY_TO_IMPORT,VERIFIED_CURRENT,ok,nominatim,https://www.anytimefitness.com/en-gb/locations/london-greater-london-uk-0162,https://www.anytimefitness.com/en-gb/locations/london-greater-london-uk-0162,,,official_sitemap_url; club_page_blocked_or_thin; official_club_page_webfetch
gb_cb4f0d0f87,Anytime Fitness,Anytime Fitness London,Anytime Fitness London,332 Ladbroke Grove,W10 5AD,London,United Kingdom,England,51.525876,-0.214771,READY_TO_IMPORT,VERIFIED_CURRENT,ok,nominatim,https://www.anytimefitness.com/en-gb/locations/london-greater-london-uk-0129,https://www.anytimefitness.com/en-gb/locations/london-greater-london-uk-0129,,,official_sitemap_url; club_page_blocked_or_thin; official_club_page_webfetch
gb_2f997e211c,Anytime Fitness,Anytime Fitness London,Anytime Fitness London,"Unit 1 & 2, 224-226 Norwood Road",SE27 9AQ,London,United Kingdom,England,51.438047,-0.106009,READY_TO_IMPORT,VERIFIED_CURRENT,suspicious,nominatim,https://www.anytimefitness.com/en-gb/locations/london-greater-london-uk-0166,https://www.anytimefitness.com/en-gb/locations/london-greater-london-uk-0166,,,official_sitemap_url; club_page_blocked_or_thin; official_club_page_webfetch; soft_postal
gb_48dc41fc8b,Anytime Fitness,Anytime Fitness London,Anytime Fitness London,"29 Brighton Road, Sutton",SM2 5AJ,London,United Kingdom,England,51.358295,-0.190826,READY_TO_IMPORT,VERIFIED_CURRENT,ok,nominatim,https://www.anytimefitness.com/en-gb/locations/london-greater-london-uk-0260,https://www.anytimefitness.com/en-gb/locations/london-greater-london-uk-0260,,,official_sitemap_url; club_page_blocked_or_thin; official_club_page_webfetch
gb_a8898f3c8f,Anytime Fitness,Anytime Fitness London,Anytime Fitness London,"342 a/b Baring Road, Grove Park",SE12 0DU,London,United Kingdom,England,51.433241,0.021193,READY_TO_IMPORT,VERIFIED_CURRENT,suspicious,nominatim,https://www.anytimefitness.com/en-gb/locations/london-greater-london-uk-0280,https://www.anytimefitness.com/en-gb/locations/london-greater-london-uk-0280,,,official_sitemap_url; club_page_blocked_or_thin; official_club_page_webfetch; soft_postal
gb_00c650c9bf,Anytime Fitness,Anytime Fitness London,Anytime Fitness London,"62 & 64 Vernon Road, Bow",E3 5GS,London,United Kingdom,England,51.532173,-0.029201,READY_TO_IMPORT,VERIFIED_CURRENT,ok,nominatim,https://www.anytimefitness.com/en-gb/locations/london-greater-london-uk-0284,https://www.anytimefitness.com/en-gb/locations/london-greater-london-uk-0284,,,official_sitemap_url; club_page_blocked_or_thin; official_club_page_webfetch
gb_f240a78429,Anytime Fitness,Anytime Fitness London,Anytime Fitness London,49-51 Kilburn High Road,NW6 5SB,London,United Kingdom,England,51.536555,-0.191752,READY_TO_IMPORT,VERIFIED_CURRENT,ok,nominatim,https://www.anytimefitness.com/en-gb/locations/london-greater-london-uk-0379,https://www.anytimefitness.com/en-gb/locations/london-greater-london-uk-0379,,,official_sitemap_url; club_page_blocked_or_thin; official_club_page_webfetch
gb_f9f724a739,Anytime Fitness,Anytime Fitness London,Anytime Fitness London,"Unit C, Bugsby's Way, Greenwich Shopping Park",SE7 7ST,London,United Kingdom,England,51.48736,0.025173,READY_TO_IMPORT,VERIFIED_CURRENT,suspicious,nominatim,https://www.anytimefitness.com/en-gb/locations/london-greater-london-uk-0286,https://www.anytimefitness.com/en-gb/locations/london-greater-london-uk-0286,,,official_sitemap_url; club_page_blocked_or_thin; official_club_page_webfetch; soft_postal
gb_99db465385,Anytime Fitness,Anytime Fitness London,Anytime Fitness London,Test 100 Lane.,SW1A 1AA,London,United Kingdom,England,,,NEEDS_REVIEW,NEEDS_REVIEW,,,https://www.anytimefitness.com/en-gb/locations/london-greater-london-uk-0527,https://www.anytimefitness.com/en-gb/locations/london-greater-london-uk-0527,,,official_sitemap_url; club_page_blocked_or_thin; official_club_page_webfetch; test_placeholder_page; left_unresolved_test_placeholder
gb_e272ebd474,Anytime Fitness,Anytime Fitness London,Anytime Fitness London,58-70 York Road,SW11 3QD,London,United Kingdom,England,,,COMING_SOON,COMING_SOON,,,https://www.anytimefitness.com/en-gb/locations/london-greater-london-uk-0567,https://www.anytimefitness.com/en-gb/locations/london-greater-london-uk-0567,,,official_sitemap_url; club_page_blocked_or_thin; official_club_page_webfetch
gb_bb4658146c,Anytime Fitness,Anytime Fitness London Acton,Anytime Fitness London Acton,187-189 High Street,W3 9DJ,London Acton,United Kingdom,England,51.507345,-0.272118,READY_TO_IMPORT,VERIFIED_CURRENT,suspicious,nominatim,https://www.anytimefitness.com/en-gb/locations/london-acton-greater-london-uk-0524,https://www.anytimefitness.com/en-gb/locations/london-acton-greater-london-uk-0524,,,official_sitemap_url; club_page_blocked_or_thin; official_club_page_webfetch; soft_postal
gb_35f4be1da2,Anytime Fitness,Anytime Fitness London Aldgate,Anytime Fitness London Aldgate,18 Alie St,E1 8DE,London Aldgate,United Kingdom,England,51.513298,-0.072019,READY_TO_IMPORT,VERIFIED_CURRENT,ok,nominatim,https://www.anytimefitness.com/en-gb/locations/london-aldgate-greater-london-uk-0482,https://www.anytimefitness.com/en-gb/locations/london-aldgate-greater-london-uk-0482,,,official_sitemap_url; club_page_blocked_or_thin; official_club_page_webfetch
gb_1d962a05d3,Anytime Fitness,Anytime Fitness London Alperton,Anytime Fitness London Alperton,82 Beresford Ave,HA0 1TB,London Alperton,United Kingdom,England,51.541165,-0.283667,READY_TO_IMPORT,VERIFIED_CURRENT,suspicious,nominatim,https://www.anytimefitness.com/en-gb/locations/london-alperton-greater-london-uk-0426,https://www.anytimefitness.com/en-gb/locations/london-alperton-greater-london-uk-0426,,,official_sitemap_url; club_page_blocked_or_thin; official_club_page_webfetch; soft_postal
gb_2111ccb226,Anytime Fitness,Anytime Fitness London Angel,Anytime Fitness London Angel,361-373 City Road,EC1V 1LR,London Angel,United Kingdom,England,51.531075,-0.102722,READY_TO_IMPORT,VERIFIED_CURRENT,ok,nominatim,https://www.anytimefitness.com/en-gb/locations/london-angel-greater-london-uk-0160,https://www.anytimefitness.com/en-gb/locations/london-angel-greater-london-uk-0160,,,official_sitemap_url; club_page_blocked_or_thin; official_club_page_webfetch
gb_59f1b963d2,Anytime Fitness,Anytime Fitness London Balham,Anytime Fitness London Balham,172-176 Balham High Road,SW12 9BW,London Balham,United Kingdom,England,51.444148,-0.152222,READY_TO_IMPORT,VERIFIED_CURRENT,ok,nominatim,https://www.anytimefitness.com/en-gb/locations/london-balham-greater-london-uk-0381,https://www.anytimefitness.com/en-gb/locations/london-balham-greater-london-uk-0381,,,official_sitemap_url; club_page_blocked_or_thin; official_club_page_webfetch
gb_df3f666dde,Anytime Fitness,Anytime Fitness London Barking,Anytime Fitness London Barking,"Unit 3, 59A London Road",IG11 7EP,London Barking,United Kingdom,England,51.537188,0.072053,READY_TO_IMPORT,VERIFIED_CURRENT,suspicious,nominatim,https://www.anytimefitness.com/en-gb/locations/london-barking-greater-london-uk-0462,https://www.anytimefitness.com/en-gb/locations/london-barking-greater-london-uk-0462,,,official_sitemap_url; club_page_blocked_or_thin; official_club_page_webfetch; soft_postal
gb_c0ab5438fe,Anytime Fitness,Anytime Fitness London Bermondsey,Anytime Fitness London Bermondsey,"Matter Bermondsey, 18-19 Crimscott Street",SE1 5TE,London Bermondsey,United Kingdom,England,,,NEEDS_COORDINATES,VERIFIED_CURRENT,failed,,https://www.anytimefitness.com/en-gb/locations/london-bermondsey-greater-london-uk-0494,https://www.anytimefitness.com/en-gb/locations/london-bermondsey-greater-london-uk-0494,,,official_sitemap_url; club_page_blocked_or_thin; official_club_page_webfetch
gb_fa3aac5d74,Anytime Fitness,Anytime Fitness London Brixton,Anytime Fitness London Brixton,"Ivor House, Acre Lane",SW2 5RS,London Brixton,United Kingdom,England,51.46054,-0.117725,READY_TO_IMPORT,VERIFIED_CURRENT,ok,nominatim,https://www.anytimefitness.com/en-gb/locations/london-brixton-greater-london-uk-0497,https://www.anytimefitness.com/en-gb/locations/london-brixton-greater-london-uk-0497,,,official_sitemap_url; club_page_blocked_or_thin; official_club_page_webfetch
gb_08ac54f90f,Anytime Fitness,Anytime Fitness London Chalk Farm,Anytime Fitness London Chalk Farm,47 Crogsland Road,NW1 8QJ,London Chalk Farm,United Kingdom,England,51.543936,-0.152498,READY_TO_IMPORT,VERIFIED_CURRENT,ok,nominatim,https://www.anytimefitness.com/en-gb/locations/london-chalk-farm-greater-london-uk-0372,https://www.anytimefitness.com/en-gb/locations/london-chalk-farm-greater-london-uk-0372,,,official_sitemap_url; club_page_blocked_or_thin; official_club_page_webfetch
gb_551b943330,Anytime Fitness,Anytime Fitness London Chiswick,Anytime Fitness London Chiswick,"Edmunds House, Colonial Drive, Bollo Lane, Chiswick",W4 5HA,London Chiswick,United Kingdom,England,51.494604,-0.270214,READY_TO_IMPORT,VERIFIED_CURRENT,ok,nominatim,https://www.anytimefitness.com/en-gb/locations/london-chiswick-greater-london-uk-0415,https://www.anytimefitness.com/en-gb/locations/london-chiswick-greater-london-uk-0415,,,official_sitemap_url; club_page_blocked_or_thin; official_club_page_webfetch
gb_fc33685356,Anytime Fitness,Anytime Fitness London Clapham Junction,Anytime Fitness London Clapham Junction,276 – 288 Lavender Hill,SW11 1LJ,London Clapham Junction,United Kingdom,England,51.464097,-0.167593,READY_TO_IMPORT,VERIFIED_CURRENT,ok,nominatim,https://www.anytimefitness.com/en-gb/locations/london-clapham-junction-greater-london-uk-0484,https://www.anytimefitness.com/en-gb/locations/london-clapham-junction-greater-london-uk-0484,,,official_sitemap_url; club_page_blocked_or_thin; official_club_page_webfetch
gb_877fa091aa,Anytime Fitness,Anytime Fitness London Colindale,Anytime Fitness London Colindale,42 Capitol Way,NW9 0AW,London Colindale,United Kingdom,England,,,NEEDS_COORDINATES,VERIFIED_CURRENT,failed,,https://www.anytimefitness.com/en-gb/locations/london-colindale-greater-london-uk-0413,https://www.anytimefitness.com/en-gb/locations/london-colindale-greater-london-uk-0413,,,official_sitemap_url; club_page_blocked_or_thin; official_club_page_webfetch
gb_ffe6f92c5f,Anytime Fitness,Anytime Fitness London Euston,Anytime Fitness London Euston,210 Euston Road,NW1 2DA,London Euston,United Kingdom,England,51.525997,-0.135305,READY_TO_IMPORT,VERIFIED_CURRENT,ok,nominatim,https://www.anytimefitness.com/en-gb/locations/london-euston-greater-london-uk-0193,https://www.anytimefitness.com/en-gb/locations/london-euston-greater-london-uk-0193,,,official_sitemap_url; club_page_blocked_or_thin; official_club_page_webfetch
gb_b2c27a6cf7,Anytime Fitness,Anytime Fitness London Fields Hackney,Anytime Fitness London Fields Hackney,8 Pemberton Place,E8 3RF,London Fields Hackney,United Kingdom,England,51.540436,-0.054939,READY_TO_IMPORT,VERIFIED_CURRENT,suspicious,nominatim,https://www.anytimefitness.com/en-gb/locations/london-fields-hackney-greater-london-uk-0433,https://www.anytimefitness.com/en-gb/locations/london-fields-hackney-greater-london-uk-0433,,,official_sitemap_url; club_page_blocked_or_thin; official_club_page_webfetch; soft_postal
gb_052c323ca0,Anytime Fitness,Anytime Fitness London Fulham Hurlingham,Anytime Fitness London Fulham Hurlingham,"Piper Building, Peterborough Road",SW6 3EF,London Fulham Hurlingham,United Kingdom,England,51.469026,-0.196172,READY_TO_IMPORT,VERIFIED_CURRENT,suspicious,nominatim,https://www.anytimefitness.com/en-gb/locations/london-fulham-hurlingham-south-east-uk-0427,https://www.anytimefitness.com/en-gb/locations/london-fulham-hurlingham-south-east-uk-0427,,,official_sitemap_url; club_page_blocked_or_thin; official_club_page_webfetch; soft_postal
gb_861c962822,Anytime Fitness,Anytime Fitness London Hackney Downs,Anytime Fitness London Hackney Downs,"Unit 8, Maple Path, Lower Clapton",E5 8QJ,London Hackney Downs,United Kingdom,England,,,NEEDS_COORDINATES,VERIFIED_CURRENT,failed,,https://www.anytimefitness.com/en-gb/locations/london-hackney-downs-greater-london-uk-0521,https://www.anytimefitness.com/en-gb/locations/london-hackney-downs-greater-london-uk-0521,,,official_sitemap_url; club_page_blocked_or_thin; official_club_page_webfetch
gb_575409d5a7,Anytime Fitness,Anytime Fitness London Harringay,Anytime Fitness London Harringay,"6-9 Salisbury Promenade, Green Lanes",N8 0RX,London Harringay,United Kingdom,England,,,NEEDS_COORDINATES,VERIFIED_CURRENT,failed,,https://www.anytimefitness.com/en-gb/locations/london-harringay-greater-london-uk-0447,https://www.anytimefitness.com/en-gb/locations/london-harringay-greater-london-uk-0447,,,official_sitemap_url; club_page_blocked_or_thin; official_club_page_webfetch
gb_12dc4110dd,Anytime Fitness,Anytime Fitness London Harrow And Wealdstone,Anytime Fitness London Harrow And Wealdstone,19 High Street,HA3 5FF,London Harrow And Wealdstone,United Kingdom,England,,,NEEDS_COORDINATES,VERIFIED_CURRENT,failed,,https://www.anytimefitness.com/en-gb/locations/london-harrow-and-wealdstone-greater-london-uk-0448,https://www.anytimefitness.com/en-gb/locations/london-harrow-and-wealdstone-greater-london-uk-0448,,,official_sitemap_url; club_page_blocked_or_thin; official_club_page_webfetch
gb_05eb747e56,Anytime Fitness,Anytime Fitness London Kingston Upon Thames,Anytime Fitness London Kingston Upon Thames,1 Wood Street,KT1 1TY,London Kingston Upon Thames,United Kingdom,England,,,NEEDS_COORDINATES,VERIFIED_CURRENT,failed,,https://www.anytimefitness.com/en-gb/locations/london-kingston-upon-thames-greater-london-uk-0476,https://www.anytimefitness.com/en-gb/locations/london-kingston-upon-thames-greater-london-uk-0476,,,official_sitemap_url; club_page_blocked_or_thin; official_club_page_webfetch
gb_322ffd2006,Anytime Fitness,Anytime Fitness London Loughton,Anytime Fitness London Loughton,"216 High Road, Loughton",IG10 1ET,London Loughton,United Kingdom,England,51.647959,0.055456,READY_TO_IMPORT,VERIFIED_CURRENT,ok,nominatim,https://www.anytimefitness.com/en-gb/locations/london-loughton-greater-london-uk-0431,https://www.anytimefitness.com/en-gb/locations/london-loughton-greater-london-uk-0431,,,official_sitemap_url; club_page_blocked_or_thin; official_club_page_webfetch
gb_4009bf12df,Anytime Fitness,Anytime Fitness London New Southgate,Anytime Fitness London New Southgate,"Unit 5 Ladderswood Estate, 3 Lower park Road",N11 1FJ,London New Southgate,United Kingdom,England,,,NEEDS_COORDINATES,VERIFIED_CURRENT,failed,,https://www.anytimefitness.com/en-gb/locations/london-new-southgate-greater-london-uk-0492,https://www.anytimefitness.com/en-gb/locations/london-new-southgate-greater-london-uk-0492,,,official_sitemap_url; club_page_blocked_or_thin; official_club_page_webfetch
gb_7eff0ee212,Anytime Fitness,Anytime Fitness London Putney,Anytime Fitness London Putney,215 Upper Richmond Road,SW15 6SY,London Putney,United Kingdom,England,51.461185,-0.221348,READY_TO_IMPORT,VERIFIED_CURRENT,ok,nominatim,https://www.anytimefitness.com/en-gb/locations/london-putney-greater-london-uk-0481,https://www.anytimefitness.com/en-gb/locations/london-putney-greater-london-uk-0481,,,official_sitemap_url; club_page_blocked_or_thin; official_club_page_webfetch
gb_99d6684ad1,Anytime Fitness,Anytime Fitness London Stratford East,Anytime Fitness London Stratford East,"Prospect East, 156-158 Leyton Road, East Village, Stratford",E15 1DR,London Stratford East,United Kingdom,England,51.54877,-0.003309,READY_TO_IMPORT,VERIFIED_CURRENT,ok,nominatim,https://www.anytimefitness.com/en-gb/locations/london-stratford-east-greater-london-uk-0393,https://www.anytimefitness.com/en-gb/locations/london-stratford-east-greater-london-uk-0393,,,official_sitemap_url; club_page_blocked_or_thin; official_club_page_webfetch
gb_eb8f0a6fca,Anytime Fitness,Anytime Fitness London Swiss Cottage,Anytime Fitness London Swiss Cottage,"5 Harben Parade, Finchley Road",NW3 6JP,London Swiss Cottage,United Kingdom,England,51.544588,-0.176363,READY_TO_IMPORT,VERIFIED_CURRENT,suspicious,nominatim,https://www.anytimefitness.com/en-gb/locations/london-swiss-cottage-greater-london-uk-0423,https://www.anytimefitness.com/en-gb/locations/london-swiss-cottage-greater-london-uk-0423,,,official_sitemap_url; club_page_blocked_or_thin; official_club_page_webfetch; soft_postal
gb_c88110b410,Anytime Fitness,Anytime Fitness London Tottenham Hale,Anytime Fitness London Tottenham Hale,"Unit 2 East Apartments, 1 Ashley Road",N17 9QY,London Tottenham Hale,United Kingdom,England,51.589225,-0.060862,READY_TO_IMPORT,VERIFIED_CURRENT,ok,nominatim,https://www.anytimefitness.com/en-gb/locations/london-tottenham-hale-greater-london-uk-0501,https://www.anytimefitness.com/en-gb/locations/london-tottenham-hale-greater-london-uk-0501,,,official_sitemap_url; club_page_blocked_or_thin; official_club_page_webfetch
gb_1259f0c7eb,Anytime Fitness,Anytime Fitness London Wandsworth,Anytime Fitness London Wandsworth,94 Putney Bridge Road,SW18 1TU,London Wandsworth,United Kingdom,England,51.459929,-0.199151,READY_TO_IMPORT,VERIFIED_CURRENT,ok,nominatim,https://www.anytimefitness.com/en-gb/locations/london-wandsworth-greater-london-uk-0464,https://www.anytimefitness.com/en-gb/locations/london-wandsworth-greater-london-uk-0464,,,official_sitemap_url; club_page_blocked_or_thin; official_club_page_webfetch
gb_0278d22578,Anytime Fitness,Anytime Fitness London West Ealing,Anytime Fitness London West Ealing,77-83 The Broadway,W13 9BP,London West Ealing,United Kingdom,England,51.509677,-0.325065,READY_TO_IMPORT,VERIFIED_CURRENT,ok,nominatim,https://www.anytimefitness.com/en-gb/locations/london-west-ealing-greater-london-uk-0452,https://www.anytimefitness.com/en-gb/locations/london-west-ealing-greater-london-uk-0452,,,official_sitemap_url; club_page_blocked_or_thin; official_club_page_webfetch
gb_978ffaa869,Anytime Fitness,Anytime Fitness London West Hendon,Anytime Fitness London West Hendon,1 Cool Oak Lane,NW9 7FJ,London West Hendon,United Kingdom,England,,,NEEDS_COORDINATES,VERIFIED_CURRENT,failed,,https://www.anytimefitness.com/en-gb/locations/london-west-hendon-south-east-uk-0435,https://www.anytimefitness.com/en-gb/locations/london-west-hendon-south-east-uk-0435,,,official_sitemap_url; club_page_blocked_or_thin; official_club_page_webfetch
gb_c934efc26b,Anytime Fitness,Anytime Fitness London Wimbledon,Anytime Fitness London Wimbledon,13-19 Wimbledon Hill Road,SW19 7NE,London Wimbledon,United Kingdom,England,51.421715,-0.207601,READY_TO_IMPORT,VERIFIED_CURRENT,ok,nominatim,https://www.anytimefitness.com/en-gb/locations/london-wimbledon-greater-london-uk-0488,https://www.anytimefitness.com/en-gb/locations/london-wimbledon-greater-london-uk-0488,,,official_sitemap_url; club_page_blocked_or_thin; official_club_page_webfetch
gb_705ca6f5de,Anytime Fitness,Anytime Fitness London Woodberry Down,Anytime Fitness London Woodberry Down,"Unit 3, B2.0 Darter House",N4 2XE,London Woodberry Down,United Kingdom,England,,,NEEDS_COORDINATES,VERIFIED_CURRENT,failed,,https://www.anytimefitness.com/en-gb/locations/london-woodberry-down-greater-london-uk-0522,https://www.anytimefitness.com/en-gb/locations/london-woodberry-down-greater-london-uk-0522,,,official_sitemap_url; club_page_blocked_or_thin; official_club_page_webfetch
gb_5896ed4501,Anytime Fitness,Anytime Fitness Loudwater,Anytime Fitness Loudwater,"Keystone House, Boundary Road",HP10 9PN,Loudwater,United Kingdom,England,,,NEEDS_COORDINATES,VERIFIED_CURRENT,ambiguous,,https://www.anytimefitness.com/en-gb/locations/loudwater-south-east-uk-0077,https://www.anytimefitness.com/en-gb/locations/loudwater-south-east-uk-0077,,,official_sitemap_url; club_page_blocked_or_thin; official_club_page_webfetch
gb_230336716a,Anytime Fitness,Anytime Fitness Loughborough,Anytime Fitness Loughborough,Bridge Street,LE11 1NQ,Loughborough,United Kingdom,England,52.774424,-1.210373,READY_TO_IMPORT,VERIFIED_CURRENT,suspicious,nominatim,https://www.anytimefitness.com/en-gb/locations/loughborough-east-midlands-uk-0161,https://www.anytimefitness.com/en-gb/locations/loughborough-east-midlands-uk-0161,,,official_sitemap_url; club_page_blocked_or_thin; official_club_page_webfetch; soft_postal
gb_f66a68fae6,Anytime Fitness,Anytime Fitness Maghull,Anytime Fitness Maghull,"38-42 Westway, Central Square",L31 0AE,Maghull,United Kingdom,England,53.515992,-2.944268,READY_TO_IMPORT,VERIFIED_CURRENT,ok,nominatim,https://www.anytimefitness.com/en-gb/locations/maghull-north-west-uk-0305,https://www.anytimefitness.com/en-gb/locations/maghull-north-west-uk-0305,,,official_sitemap_url; club_page_blocked_or_thin; official_club_page_webfetch
gb_39d797b5bd,Anytime Fitness,Anytime Fitness Maidenhead,Anytime Fitness Maidenhead,"Cooper Court, Unit A and B",SL6 1LF,Maidenhead,United Kingdom,England,51.521345,-0.717557,READY_TO_IMPORT,VERIFIED_CURRENT,ok,nominatim,https://www.anytimefitness.com/en-gb/locations/maidenhead-south-east-uk-0439,https://www.anytimefitness.com/en-gb/locations/maidenhead-south-east-uk-0439,,,official_sitemap_url; club_page_blocked_or_thin; official_club_page_webfetch
gb_19358ffccc,Anytime Fitness,Anytime Fitness Malvern,Anytime Fitness Malvern,"Malvern Shopping Park, Townsend Way",WR14 1PY,Malvern,United Kingdom,England,,,NEEDS_COORDINATES,VERIFIED_CURRENT,failed,,https://www.anytimefitness.com/en-gb/locations/malvern-west-midlands-uk-0401,https://www.anytimefitness.com/en-gb/locations/malvern-west-midlands-uk-0401,,,official_sitemap_url; club_page_blocked_or_thin; official_club_page_webfetch
gb_0419169d6a,Anytime Fitness,Anytime Fitness Manchester Central Piccadilly,Anytime Fitness Manchester Central Piccadilly,Unit 4A Piccadilly Place,M1 3BN,Manchester Central Piccadilly,United Kingdom,England,53.477752,-2.233126,READY_TO_IMPORT,VERIFIED_CURRENT,ok,nominatim,https://www.anytimefitness.com/en-gb/locations/manchester-central-piccadilly-north-west-uk-0477,https://www.anytimefitness.com/en-gb/locations/manchester-central-piccadilly-north-west-uk-0477,,,official_sitemap_url; club_page_blocked_or_thin; official_club_page_webfetch
gb_f1c60d7253,Anytime Fitness,Anytime Fitness Mansfield,Anytime Fitness Mansfield,176 Nottingham Road,NG18 4AF,Mansfield,United Kingdom,England,52.905023,-1.370717,READY_TO_IMPORT,VERIFIED_CURRENT,ok,nominatim,https://www.anytimefitness.com/en-gb/locations/mansfield-east-midlands-uk-0191,https://www.anytimefitness.com/en-gb/locations/mansfield-east-midlands-uk-0191,,,official_sitemap_url; club_page_blocked_or_thin; official_club_page_webfetch
gb_374505e494,Anytime Fitness,Anytime Fitness Mill Hill,Anytime Fitness Mill Hill,"Titan Court, 1 Flower Lane",NW7 2JA,Mill Hill,United Kingdom,England,51.615283,-0.244787,READY_TO_IMPORT,VERIFIED_CURRENT,suspicious,nominatim,https://www.anytimefitness.com/en-gb/locations/mill-hill-greater-london-uk-0105,https://www.anytimefitness.com/en-gb/locations/mill-hill-greater-london-uk-0105,,,official_sitemap_url; club_page_blocked_or_thin; official_club_page_webfetch; soft_postal
gb_f180aa9c0b,Anytime Fitness,Anytime Fitness Milton Keynes,Anytime Fitness Milton Keynes,"1 Benbow Court, Shenley Church End",MK5 6JG,Milton Keynes,United Kingdom,England,52.026634,-0.788618,READY_TO_IMPORT,VERIFIED_CURRENT,ok,nominatim,https://www.anytimefitness.com/en-gb/locations/milton-keynes-south-east-uk-0145,https://www.anytimefitness.com/en-gb/locations/milton-keynes-south-east-uk-0145,,,official_sitemap_url; club_page_blocked_or_thin; official_club_page_webfetch
gb_b991e2131c,Anytime Fitness,Anytime Fitness Orpington,Anytime Fitness Orpington,313 High Street,BR6 0NN,Orpington,United Kingdom,England,51.373489,0.097993,READY_TO_IMPORT,VERIFIED_CURRENT,ok,nominatim,https://www.anytimefitness.com/en-gb/locations/orpington-greater-london-uk-0035,https://www.anytimefitness.com/en-gb/locations/orpington-greater-london-uk-0035,,,official_sitemap_url; club_page_blocked_or_thin; official_club_page_webfetch
gb_6bf363a5a4,Anytime Fitness,Anytime Fitness Oxted,Anytime Fitness Oxted,145-157 Station Road East,RH8 0QE,Oxted,United Kingdom,England,51.258547,-0.004345,READY_TO_IMPORT,VERIFIED_CURRENT,ok,nominatim,https://www.anytimefitness.com/en-gb/locations/oxted-south-east-uk-0442,https://www.anytimefitness.com/en-gb/locations/oxted-south-east-uk-0442,,,official_sitemap_url; club_page_blocked_or_thin; official_club_page_webfetch
gb_80b7f2cf76,Anytime Fitness,Anytime Fitness Paignton,Anytime Fitness Paignton,188-190 Torquay Road,TQ3 2AL,Paignton,United Kingdom,England,50.443349,-3.563916,READY_TO_IMPORT,VERIFIED_CURRENT,ok,nominatim,https://www.anytimefitness.com/en-gb/locations/paignton-south-west-uk-0356,https://www.anytimefitness.com/en-gb/locations/paignton-south-west-uk-0356,,,official_sitemap_url; club_page_blocked_or_thin; official_club_page_webfetch
gb_6e12302833,Anytime Fitness,Anytime Fitness Peckham,Anytime Fitness Peckham,190 Rye Lane,SE15 4NF,Peckham,United Kingdom,England,51.467103,-0.066601,READY_TO_IMPORT,VERIFIED_CURRENT,suspicious,nominatim,https://www.anytimefitness.com/en-gb/locations/peckham-greater-london-uk-0392,https://www.anytimefitness.com/en-gb/locations/peckham-greater-london-uk-0392,,,official_sitemap_url; club_page_blocked_or_thin; official_club_page_webfetch; soft_postal
gb_1644bc2403,Anytime Fitness,Anytime Fitness Ringwood,Anytime Fitness Ringwood,"Piquet House, Yeoman Road",BH24 3FH,Ringwood,United Kingdom,England,50.839613,-1.781421,READY_TO_IMPORT,VERIFIED_CURRENT,ok,nominatim,https://www.anytimefitness.com/en-gb/locations/ringwood-south-west-uk-0406,https://www.anytimefitness.com/en-gb/locations/ringwood-south-west-uk-0406,,,official_sitemap_url; club_page_blocked_or_thin; official_club_page_webfetch
gb_2fa73eb445,Anytime Fitness,Anytime Fitness Rugeley,Anytime Fitness Rugeley,Brewery Street,WS15 2DY,Rugeley,United Kingdom,England,52.759243,-1.933842,READY_TO_IMPORT,VERIFIED_CURRENT,ok,nominatim,https://www.anytimefitness.com/en-gb/locations/rugeley-west-midlands-uk-0370,https://www.anytimefitness.com/en-gb/locations/rugeley-west-midlands-uk-0370,,,official_sitemap_url; club_page_blocked_or_thin; official_club_page_webfetch
gb_25f890bcea,Anytime Fitness,Anytime Fitness Ruislip,Anytime Fitness Ruislip,50 Windmill Hill,HA4 8PT,Ruislip,United Kingdom,England,,,NEEDS_COORDINATES,VERIFIED_CURRENT,failed,,https://www.anytimefitness.com/en-gb/locations/ruislip-greater-london-uk-0069,https://www.anytimefitness.com/en-gb/locations/ruislip-greater-london-uk-0069,,,official_sitemap_url; club_page_blocked_or_thin; official_club_page_webfetch
gb_62bb0b0e16,Anytime Fitness,Anytime Fitness Rushden,Anytime Fitness Rushden,"Unit 3 and 4, Peter Crisp Building, 3- 9 Church Street",NN10 9YU,Rushden,United Kingdom,England,52.289113,-0.597984,READY_TO_IMPORT,VERIFIED_CURRENT,suspicious,nominatim,https://www.anytimefitness.com/en-gb/locations/rushden-east-midlands-uk-0087,https://www.anytimefitness.com/en-gb/locations/rushden-east-midlands-uk-0087,,,official_sitemap_url; club_page_blocked_or_thin; official_club_page_webfetch; soft_postal
gb_ae5025dfdc,Anytime Fitness,Anytime Fitness Shrewsbury,Anytime Fitness Shrewsbury,"Cirrus House, Lower Claremont Bank",SY1 1RT,Shrewsbury,United Kingdom,England,52.7091,-2.758943,READY_TO_IMPORT,VERIFIED_CURRENT,suspicious,nominatim,https://www.anytimefitness.com/en-gb/locations/shrewsbury-west-midlands-uk-0107,https://www.anytimefitness.com/en-gb/locations/shrewsbury-west-midlands-uk-0107,,,official_sitemap_url; club_page_blocked_or_thin; official_club_page_webfetch; soft_postal
gb_ff0a0fad55,Anytime Fitness,Anytime Fitness Southport,Anytime Fitness Southport,"Unit 2, Ribble Buildings, Lord Street",PR8 1RN,Southport,United Kingdom,England,,,NEEDS_COORDINATES,VERIFIED_CURRENT,failed,,https://www.anytimefitness.com/en-gb/locations/southport-north-west-uk-0225,https://www.anytimefitness.com/en-gb/locations/southport-north-west-uk-0225,,,official_sitemap_url; club_page_blocked_or_thin; official_club_page_webfetch
gb_ac730aeb47,Anytime Fitness,Anytime Fitness Southsea,Anytime Fitness Southsea,"Handleys Corner, 44-46 Palmerston Road",PO5 3QG,Southsea,United Kingdom,England,50.78544,-1.089453,READY_TO_IMPORT,VERIFIED_CURRENT,ok,nominatim,https://www.anytimefitness.com/en-gb/locations/southsea-south-east-uk-0529,https://www.anytimefitness.com/en-gb/locations/southsea-south-east-uk-0529,,,official_sitemap_url; club_page_blocked_or_thin; official_club_page_webfetch
gb_b855706f1e,Anytime Fitness,Anytime Fitness Stratford Upon Avon,Anytime Fitness Stratford Upon Avon,"Unit 4, Maybrook Road",CV37 0BT,Stratford Upon Avon,United Kingdom,England,52.199144,-1.713762,READY_TO_IMPORT,VERIFIED_CURRENT,ok,nominatim,https://www.anytimefitness.com/en-gb/locations/stratford-upon-avon-west-midlands-uk-0273,https://www.anytimefitness.com/en-gb/locations/stratford-upon-avon-west-midlands-uk-0273,,,official_sitemap_url; club_page_blocked_or_thin; official_club_page_webfetch
gb_b6742104b3,Anytime Fitness,Anytime Fitness Stroud,Anytime Fitness Stroud,"Unit H, Merrywalks Shopping Centre",GL5 1QA,Stroud,United Kingdom,England,51.746544,-2.218834,READY_TO_IMPORT,VERIFIED_CURRENT,suspicious,nominatim,https://www.anytimefitness.com/en-gb/locations/stroud-south-west-uk-0119,https://www.anytimefitness.com/en-gb/locations/stroud-south-west-uk-0119,,,official_sitemap_url; club_page_blocked_or_thin; official_club_page_webfetch; soft_postal
gb_426d0ef34e,Anytime Fitness,Anytime Fitness Sutton In Ashfield,Anytime Fitness Sutton In Ashfield,"Unit E, The Broad Centre, Station Road",NG17 5FH,Sutton In Ashfield,United Kingdom,England,,,NEEDS_COORDINATES,VERIFIED_CURRENT,failed,,https://www.anytimefitness.com/en-gb/locations/sutton-in-ashfield-east-midlands-uk-0229,https://www.anytimefitness.com/en-gb/locations/sutton-in-ashfield-east-midlands-uk-0229,,,official_sitemap_url; club_page_blocked_or_thin; official_club_page_webfetch
gb_0c38b57f0f,Anytime Fitness,Anytime Fitness Swadlincote,Anytime Fitness Swadlincote,"Astron Business Park, Hearthcote Road",DE11 9DW,Swadlincote,United Kingdom,England,52.77135,-1.57134,READY_TO_IMPORT,VERIFIED_CURRENT,ok,nominatim,https://www.anytimefitness.com/en-gb/locations/swadlincote-north-west-uk-0451,https://www.anytimefitness.com/en-gb/locations/swadlincote-north-west-uk-0451,,,official_sitemap_url; club_page_blocked_or_thin; official_club_page_webfetch
gb_4f5203d22e,Anytime Fitness,Anytime Fitness Swansea Fforestfach,Anytime Fitness Swansea Fforestfach,"Unit 10B, Park Fforestfach, Pontardulais Road",SA5 4BB,Swansea Fforestfach,United Kingdom,Wales,,,NEEDS_COORDINATES,VERIFIED_CURRENT,failed,,https://www.anytimefitness.com/en-gb/locations/swansea-fforestfach-wales-uk-0088,https://www.anytimefitness.com/en-gb/locations/swansea-fforestfach-wales-uk-0088,,,official_sitemap_url; club_page_blocked_or_thin; official_club_page_webfetch
gb_accdc6a269,Anytime Fitness,Anytime Fitness Swindon Old Town,Anytime Fitness Swindon Old Town,"Unit 3, Hoopers Place, Swindon",SN1 3RA,Swindon Old Town,United Kingdom,England,51.560134,-1.778565,READY_TO_IMPORT,VERIFIED_CURRENT,ok,nominatim,https://www.anytimefitness.com/en-gb/locations/swindon-old-town-south-west-uk-0199,https://www.anytimefitness.com/en-gb/locations/swindon-old-town-south-west-uk-0199,,,official_sitemap_url; club_page_blocked_or_thin; official_club_page_webfetch
gb_d47036a4f3,Anytime Fitness,Anytime Fitness Telford,Anytime Fitness Telford,"Gresham Drive, Newdale",TF3 5ES,Telford,United Kingdom,England,52.677066,-2.479681,READY_TO_IMPORT,VERIFIED_CURRENT,ok,nominatim,https://www.anytimefitness.com/en-gb/locations/telford-west-midlands-uk-0078,https://www.anytimefitness.com/en-gb/locations/telford-west-midlands-uk-0078,,,official_sitemap_url; club_page_blocked_or_thin; official_club_page_webfetch
gb_24e1492c46,Anytime Fitness,Anytime Fitness Tolworth,Anytime Fitness Tolworth,122-124 Tolworth Broadway,KT6 7HT,Tolworth,United Kingdom,England,51.379593,-0.281578,READY_TO_IMPORT,VERIFIED_CURRENT,ok,nominatim,https://www.anytimefitness.com/en-gb/locations/tolworth-greater-london-uk-0537,https://www.anytimefitness.com/en-gb/locations/tolworth-greater-london-uk-0537,,,official_sitemap_url; club_page_blocked_or_thin; official_club_page_webfetch
gb_a5979e51b9,Anytime Fitness,Anytime Fitness Totton,Anytime Fitness Totton,27 Salisbury Road,SO40 3HX,Totton,United Kingdom,England,50.919855,-1.491063,READY_TO_IMPORT,VERIFIED_CURRENT,ok,nominatim,https://www.anytimefitness.com/en-gb/locations/totton-south-east-uk-0216,https://www.anytimefitness.com/en-gb/locations/totton-south-east-uk-0216,,,official_sitemap_url; club_page_blocked_or_thin; official_club_page_webfetch
gb_cc85fb1ff6,Anytime Fitness,Anytime Fitness Trowbridge,Anytime Fitness Trowbridge,"Unit C, 27 Fore Street",BA14 8EW,Trowbridge,United Kingdom,England,51.320622,-2.208027,READY_TO_IMPORT,VERIFIED_CURRENT,ok,nominatim,https://www.anytimefitness.com/en-gb/locations/trowbridge-south-west-uk-0112,https://www.anytimefitness.com/en-gb/locations/trowbridge-south-west-uk-0112,,,official_sitemap_url; club_page_blocked_or_thin; official_club_page_webfetch
gb_343508ad44,Anytime Fitness,Anytime Fitness Truro,Anytime Fitness Truro,Calenick Street,TR1 2SF,Truro,United Kingdom,England,50.262156,-5.054604,READY_TO_IMPORT,VERIFIED_CURRENT,ok,nominatim,https://www.anytimefitness.com/en-gb/locations/truro-south-west-uk-0153,https://www.anytimefitness.com/en-gb/locations/truro-south-west-uk-0153,,,official_sitemap_url; club_page_blocked_or_thin; official_club_page_webfetch
gb_7d8adca646,Anytime Fitness,Anytime Fitness Uckfield,Anytime Fitness Uckfield,"Suite 4, Bell Walk House",TN22 5DQ,Uckfield,United Kingdom,England,50.969115,0.095577,READY_TO_IMPORT,VERIFIED_CURRENT,ok,nominatim,https://www.anytimefitness.com/en-gb/locations/uckfield-south-east-uk-0259,https://www.anytimefitness.com/en-gb/locations/uckfield-south-east-uk-0259,,,official_sitemap_url; club_page_blocked_or_thin; official_club_page_webfetch
gb_d4c0c8d633,Anytime Fitness,Anytime Fitness Upminster,Anytime Fitness Upminster,55/57 Station Road,RM14 2SU,Upminster,United Kingdom,England,51.5585,0.250181,READY_TO_IMPORT,VERIFIED_CURRENT,ok,nominatim,https://www.anytimefitness.com/en-gb/locations/upminster-greater-london-uk-0469,https://www.anytimefitness.com/en-gb/locations/upminster-greater-london-uk-0469,,,official_sitemap_url; club_page_blocked_or_thin; official_club_page_webfetch
gb_8ac3b9ed06,Anytime Fitness,Anytime Fitness Watford,Anytime Fitness Watford,127 The Parade,WD17 1NA,Watford,United Kingdom,England,,,COMING_SOON,COMING_SOON,,,https://www.anytimefitness.com/en-gb/locations/watford-south-east-uk-0547,https://www.anytimefitness.com/en-gb/locations/watford-south-east-uk-0547,,,official_sitemap_url; club_page_blocked_or_thin; official_club_page_webfetch
gb_9789a6c720,Anytime Fitness,Anytime Fitness Wellington,Anytime Fitness Wellington,"Unit 5a/5d, Westpark 26",TA21 9AD,Wellington,United Kingdom,England,50.980737,-3.205999,READY_TO_IMPORT,VERIFIED_CURRENT,ok,nominatim,https://www.anytimefitness.com/en-gb/locations/wellington-south-west-uk-0298,https://www.anytimefitness.com/en-gb/locations/wellington-south-west-uk-0298,,,official_sitemap_url; club_page_blocked_or_thin; official_club_page_webfetch
gb_e1cd94b261,Anytime Fitness,Anytime Fitness Welwyn Garden City,Anytime Fitness Welwyn Garden City,"Unit 54, The Howard Centre",AL8 6HA,Welwyn Garden City,United Kingdom,England,,,NEEDS_COORDINATES,VERIFIED_CURRENT,failed,,https://www.anytimefitness.com/en-gb/locations/welwyn-garden-city-east-of-england-uk-0041,https://www.anytimefitness.com/en-gb/locations/welwyn-garden-city-east-of-england-uk-0041,,,official_sitemap_url; club_page_blocked_or_thin; official_club_page_webfetch
gb_437110c34c,Anytime Fitness,Anytime Fitness Wickford,Anytime Fitness Wickford,"De Burgh House, Market Road",SS12 0FD,Wickford,United Kingdom,England,,,NEEDS_COORDINATES,VERIFIED_CURRENT,failed,,https://www.anytimefitness.com/en-gb/locations/wickford-greater-london-uk-0506,https://www.anytimefitness.com/en-gb/locations/wickford-greater-london-uk-0506,,,official_sitemap_url; club_page_blocked_or_thin; official_club_page_webfetch
gb_31b8ed9b20,Anytime Fitness,Anytime Fitness Winchester,Anytime Fitness Winchester,28 Jewry Street,SO23 8RY,Winchester,United Kingdom,England,51.064228,-1.315945,READY_TO_IMPORT,VERIFIED_CURRENT,ok,nominatim,https://www.anytimefitness.com/en-gb/locations/winchester-south-east-uk-0064,https://www.anytimefitness.com/en-gb/locations/winchester-south-east-uk-0064,,,official_sitemap_url; club_page_blocked_or_thin; official_club_page_webfetch
gb_f3b2c6f69a,Anytime Fitness,Anytime Fitness Witham,Anytime Fitness Witham,103-105 Newland Street,CM8 1BE,Witham,United Kingdom,England,51.79814,0.63852,READY_TO_IMPORT,VERIFIED_CURRENT,ok,nominatim,https://www.anytimefitness.com/en-gb/locations/witham-east-of-england-uk-0222,https://www.anytimefitness.com/en-gb/locations/witham-east-of-england-uk-0222,,,official_sitemap_url; club_page_blocked_or_thin; official_club_page_webfetch
gb_2989155494,Anytime Fitness,Anytime Fitness Woking,Anytime Fitness Woking,51-57 Chertsey Road,GU21 5AJ,Woking,United Kingdom,England,51.320407,-0.555613,READY_TO_IMPORT,VERIFIED_CURRENT,ok,nominatim,https://www.anytimefitness.com/en-gb/locations/woking-south-east-uk-0261,https://www.anytimefitness.com/en-gb/locations/woking-south-east-uk-0261,,,official_sitemap_url; club_page_blocked_or_thin; official_club_page_webfetch
gb_f95b4b6d83,Anytime Fitness,Anytime Fitness Woodley,Anytime Fitness Woodley,"Unit 1, 6 East Reading Retail Centre, Shepherds Hill",RG6 1FE,Woodley,United Kingdom,England,51.459914,-0.920709,READY_TO_IMPORT,VERIFIED_CURRENT,ok,nominatim,https://www.anytimefitness.com/en-gb/locations/woodley-south-east-uk-0187,https://www.anytimefitness.com/en-gb/locations/woodley-south-east-uk-0187,,,official_sitemap_url; club_page_blocked_or_thin; official_club_page_webfetch
gb_355dc4a147,Anytime Fitness,Anytime Fitness Worcester,Anytime Fitness Worcester,"Basin Road, Worcester",WR5 3GB,Worcester,United Kingdom,England,52.181753,-2.220317,READY_TO_IMPORT,VERIFIED_CURRENT,suspicious,nominatim,https://www.anytimefitness.com/en-gb/locations/worcester-west-midlands-uk-0399,https://www.anytimefitness.com/en-gb/locations/worcester-west-midlands-uk-0399,,,official_sitemap_url; club_page_blocked_or_thin; official_club_page_webfetch; soft_postal
gb_f2210762b8,Anytime Fitness,Anytime Fitness Worksop,Anytime Fitness Worksop,"Unit 2, Sandy Lane Retail Park, Babbage Way",S80 1UJ,Worksop,United Kingdom,England,,,NEEDS_COORDINATES,VERIFIED_CURRENT,failed,,https://www.anytimefitness.com/en-gb/locations/worksop-east-midlands-uk-0080,https://www.anytimefitness.com/en-gb/locations/worksop-east-midlands-uk-0080,,,official_sitemap_url; club_page_blocked_or_thin; official_club_page_webfetch
gb_8d04c4c655,Anytime Fitness,Anytime Fitness Worthing,Anytime Fitness Worthing,2 Newland Road,BN11 1JR,Worthing,United Kingdom,England,50.817711,-0.371993,READY_TO_IMPORT,VERIFIED_CURRENT,suspicious,nominatim,https://www.anytimefitness.com/en-gb/locations/worthing-south-east-uk-0066,https://www.anytimefitness.com/en-gb/locations/worthing-south-east-uk-0066,,,official_sitemap_url; club_page_blocked_or_thin; official_club_page_webfetch; soft_postal
gb_2932bb09e2,Anytime Fitness,Anytime Fitness Yeovil,Anytime Fitness Yeovil,"4/6 Frederick Place, Quedam Shopping Centre",BA20 1LD,Yeovil,United Kingdom,England,50.941654,-2.630185,READY_TO_IMPORT,VERIFIED_CURRENT,ok,nominatim,https://www.anytimefitness.com/en-gb/locations/yeovil-south-west-uk-0300,https://www.anytimefitness.com/en-gb/locations/yeovil-south-west-uk-0300,,,official_sitemap_url; club_page_blocked_or_thin; official_club_page_webfetch
gb_0ab0b32d29,Bannatyne,Bannatyne Aberdeen Health Club,Bannatyne Aberdeen Health Club,"Bannatyne Health Club, Laurel Drive, Danestone, Aberdeen, AB22 8AQ",AB22 8AQ,Aberdeen,United Kingdom,Scotland,57.177577,-2.150589,READY_TO_IMPORT,VERIFIED_CURRENT,ok,nominatim,https://www.bannatyne.co.uk/health-club/aberdeen/,https://www.bannatyne.co.uk/health-club/aberdeen/,,,official_club_page
gb_9eaa1be505,Bannatyne,Bannatyne Ashford Health Club,Bannatyne Ashford Health Club,"Bannatyne Health Club and Spa, Unit 2, Lower Terrace, Eureka Leisure Park, Ashford",TN25 4BN,Ashford,United Kingdom,England,,,NEEDS_COORDINATES,VERIFIED_CURRENT,failed,,https://www.bannatyne.co.uk/health-club/ashford/,https://www.bannatyne.co.uk/health-club/ashford/,,,official_club_page; soft_postal; demoted_outward_mismatch:TN25 4BN->TN24 8XH
gb_ea12f2bdef,Bannatyne,Bannatyne Ayr Health Club,Bannatyne Ayr Health Club,"Bannatyne Health Club, 1 Highfield Drive, Ayr, Ayrshire, KA8 9SH",KA8 9SH,Ayrshire,United Kingdom,Scotland,55.476088,-4.589467,READY_TO_IMPORT,VERIFIED_CURRENT,ok,nominatim,https://www.bannatyne.co.uk/health-club/ayr/,https://www.bannatyne.co.uk/health-club/ayr/,,,official_club_page
gb_93c6a4392d,Bannatyne,Bannatyne Barnsley Health Club,Bannatyne Barnsley Health Club,"Bannatyne Health Club & Spa, Barnsley Road, Dodworth, Barnsley, S75 3JT",S75 3JT,Barnsley,United Kingdom,England,53.545502,-1.523372,READY_TO_IMPORT,VERIFIED_CURRENT,ok,nominatim,https://www.bannatyne.co.uk/health-club/barnsley/,https://www.bannatyne.co.uk/health-club/barnsley/,,,official_club_page
gb_a191ca3c40,Bannatyne,Bannatyne Belfast Health Club,Bannatyne Belfast Health Club,"Bannatyne Health Club and Spa, Mertoun Hall, 106 Belfast Road, Holywood",BT18 9QY,Belfast,United Kingdom,Northern Ireland,,,NEEDS_COORDINATES,VERIFIED_CURRENT,failed,,https://www.bannatyne.co.uk/health-club/belfast/,https://www.bannatyne.co.uk/health-club/belfast/,,,official_club_page; demoted_outward_mismatch:BT18 9QY->BT8 7BP
gb_a197eb80ac,Bannatyne,Bannatyne Birmingham - Brindleyplace Health Club,Bannatyne Birmingham - Brindleyplace Health Club,"Bannatyne Health Club & Spa, 3 Brunswick Arcade, Brindleyplace, Birmingham, B1 2JF",B1 2JF,Birmingham,United Kingdom,England,52.477885,-1.915009,READY_TO_IMPORT,VERIFIED_CURRENT,ok,nominatim,https://www.bannatyne.co.uk/health-club/birmingham-brindleyplace/,https://www.bannatyne.co.uk/health-club/birmingham-brindleyplace/,,,official_club_page
gb_19a8d419e2,Bannatyne,Bannatyne Braintree Health Club,Bannatyne Braintree Health Club,"Bannatyne Health Club, Springwood Drive, Braintree",CM7 2YN,Braintree,United Kingdom,England,,,NEEDS_COORDINATES,VERIFIED_CURRENT,failed,,https://www.bannatyne.co.uk/health-club/braintree/,https://www.bannatyne.co.uk/health-club/braintree/,,,official_club_page
gb_e3ca7c7906,Bannatyne,Bannatyne Bristol Health Club,Bannatyne Bristol Health Club,"Bannatyne Health Club & Spa, 80 Redland Road, Redland, Bristol, BS6 6AG",BS6 6AG,Bristol,United Kingdom,England,51.467926,-2.597595,READY_TO_IMPORT,VERIFIED_CURRENT,ok,nominatim,https://www.bannatyne.co.uk/health-club/bristol/,https://www.bannatyne.co.uk/health-club/bristol/,,,official_club_page
gb_4588feb30e,Bannatyne,Bannatyne Broadstairs Health Club,Bannatyne Broadstairs Health Club,"Bannatyne Health Club and Spa, Westwood Farm, Westwood Road, Broadstairs",CT10 2NR,Broadstairs,United Kingdom,England,51.360393,1.400003,READY_TO_IMPORT,VERIFIED_CURRENT,ok,nominatim,https://www.bannatyne.co.uk/health-club/broadstairs/,https://www.bannatyne.co.uk/health-club/broadstairs/,,,official_club_page
gb_b3e113e869,Bannatyne,Bannatyne Burton on Trent Health Club,Bannatyne Burton on Trent Health Club,"Bannatyne Health Club & Spa, Centrum 100 Retail Park, Wellington Road, Burton on Trent, DE14 2WG",DE14 2WG,Burton on Trent,United Kingdom,England,52.793588,-1.668245,READY_TO_IMPORT,VERIFIED_CURRENT,ok,nominatim,https://www.bannatyne.co.uk/health-club/burton-on-trent/,https://www.bannatyne.co.uk/health-club/burton-on-trent/,,,official_club_page
gb_c51027ac74,Bannatyne,Bannatyne Bury St Edmunds Health Club,Bannatyne Bury St Edmunds Health Club,"Bannatyne Health Club & Spa, Horringer Court, Horringer Road, Bury St. Edmunds, IP29 5PH",IP29 5PH,Bury St. Edmunds,United Kingdom,England,52.23303,0.690687,READY_TO_IMPORT,VERIFIED_CURRENT,ok,nominatim,https://www.bannatyne.co.uk/health-club/bury-st-edmunds/,https://www.bannatyne.co.uk/health-club/bury-st-edmunds/,,,official_club_page
gb_2c0087c439,Bannatyne,Bannatyne Cardiff Health Club,Bannatyne Cardiff Health Club,"Bannatyne Health Club & Spa, Parc Ty Glas , Llanishen, Cardiff, CF14 5DU",CF14 5DU,Cardiff,United Kingdom,Wales,51.524089,-3.193015,READY_TO_IMPORT,VERIFIED_CURRENT,ok,nominatim,https://www.bannatyne.co.uk/health-club/cardiff/,https://www.bannatyne.co.uk/health-club/cardiff/,,,official_club_page
gb_ac6e6d15c8,Bannatyne,Bannatyne Carlisle Health Club,Bannatyne Carlisle Health Club,"Bannatyne Health Club & Spa, 50 Kingstown Road, Carlisle, CA3 0AD",CA3 0AD,Carlisle,United Kingdom,England,54.914954,-2.94079,READY_TO_IMPORT,VERIFIED_CURRENT,ok,nominatim,https://www.bannatyne.co.uk/health-club/carlisle/,https://www.bannatyne.co.uk/health-club/carlisle/,,,official_club_page
gb_f72e14f062,Bannatyne,Bannatyne Milton Keynes Health Club,Bannatyne Milton Keynes Health Club,"Bannatyne Health Club and Spa, 488 Midsummer Boulevard, Central Milton Keynes",MK9 2EA,Central Milton Keynes,United Kingdom,England,52.038819,-0.760647,READY_TO_IMPORT,VERIFIED_CURRENT,suspicious,nominatim,https://www.bannatyne.co.uk/health-club/milton-keynes/,https://www.bannatyne.co.uk/health-club/milton-keynes/,,,official_club_page; soft_postal
gb_01786c13c5,Bannatyne,Bannatyne Chester-le-Street Health Club,Bannatyne Chester-le-Street Health Club,"Bannatyne Health Club, County Grounds, Riverside",DH3 3SH,Chester-le-Street,United Kingdom,England,,,NEEDS_COORDINATES,VERIFIED_CURRENT,failed,,https://www.bannatyne.co.uk/health-club/chesterlestreet/,https://www.bannatyne.co.uk/health-club/chesterlestreet/,,,official_club_page
gb_3d72686636,Bannatyne,Bannatyne Colchester - Kingsford Park Health Club,Bannatyne Colchester - Kingsford Park Health Club,"Bannatyne Health Club & Spa, Kingsford Park, Layer Road, Colchester, CO2 0HS",CO2 0HS,Colchester,United Kingdom,England,51.85881,0.863654,READY_TO_IMPORT,VERIFIED_CURRENT,ok,nominatim,https://www.bannatyne.co.uk/health-club/colchester-kingsford-park/,https://www.bannatyne.co.uk/health-club/colchester-kingsford-park/,,,official_club_page
gb_63c4ef64fe,Bannatyne,Bannatyne Crewe Health Club,Bannatyne Crewe Health Club,"Bannatyne Health Club and Spa, Flour Mill Way, Crewe",CW1 5NW,Crewe,United Kingdom,England,,,NEEDS_COORDINATES,VERIFIED_CURRENT,failed,,https://www.bannatyne.co.uk/health-club/crewe/,https://www.bannatyne.co.uk/health-club/crewe/,,,official_club_page
gb_b3c373bc54,Bannatyne,Bannatyne Darlington Health Club,Bannatyne Darlington Health Club,"Bannatyne Health Club and Spa, Haughton Road, Darlington",DL1 1SS,Darlington,United Kingdom,England,,,NEEDS_COORDINATES,VERIFIED_CURRENT,failed,,https://www.bannatyne.co.uk/health-club/darlington/,https://www.bannatyne.co.uk/health-club/darlington/,,,official_club_page
gb_813b3fe41a,Bannatyne,Bannatyne Dumfries Health Club,Bannatyne Dumfries Health Club,"Bannatyne Health Club, Marchfield House, Edinburgh Road, Dumfries",DG1 1SE,Dumfries and Galloway,United Kingdom,England,55.084642,-3.595591,READY_TO_IMPORT,VERIFIED_CURRENT,ok,nominatim,https://www.bannatyne.co.uk/health-club/dumfries/,https://www.bannatyne.co.uk/health-club/dumfries/,,,official_club_page
gb_3cb5fa9ecd,Bannatyne,Bannatyne Durham Health Club,Bannatyne Durham Health Club,"Bannatyne Health Club & Spa, Eden Terrace, Belmont, Durham, DH1 2HJ",DH1 2HJ,Durham,United Kingdom,England,54.784394,-1.535311,READY_TO_IMPORT,VERIFIED_CURRENT,ok,nominatim,https://www.bannatyne.co.uk/health-club/durham/,https://www.bannatyne.co.uk/health-club/durham/,,,official_club_page
gb_30ce523edf,Bannatyne,Bannatyne Eastbourne Health Club,Bannatyne Eastbourne Health Club,"Bannatyne Health Club, 7 Edward Rd, Eastbourne , East Sussex, BN23 8AS",BN23 8AS,East Sussex,United Kingdom,England,50.799917,0.28989,READY_TO_IMPORT,VERIFIED_CURRENT,ok,nominatim,https://www.bannatyne.co.uk/health-club/eastbourne/,https://www.bannatyne.co.uk/health-club/eastbourne/,,,official_club_page
gb_f5ae252c2b,Bannatyne,Bannatyne Hastings Health Club,Bannatyne Hastings Health Club,"Bannatyne Health Club & Spa, Battle Road, Hastings, East Sussex, TN38 8EZ",TN38 8EZ,East Sussex,United Kingdom,England,50.892854,0.541729,READY_TO_IMPORT,VERIFIED_CURRENT,ok,nominatim,https://www.bannatyne.co.uk/health-club/hastings/,https://www.bannatyne.co.uk/health-club/hastings/,,,official_club_page
gb_d6a326af67,Bannatyne,Bannatyne Edinburgh - City Centre Health Club,Bannatyne Edinburgh - City Centre Health Club,"Bannatyne Health Club & Spa, 43 Queen Street, Edinburgh, EH2 3NH",EH2 3NH,Edinburgh,United Kingdom,Scotland,55.954103,-3.201961,READY_TO_IMPORT,VERIFIED_CURRENT,ok,nominatim,https://www.bannatyne.co.uk/health-club/edinburgh-city-centre/,https://www.bannatyne.co.uk/health-club/edinburgh-city-centre/,,,official_club_page
gb_729d03f98b,Bannatyne,Bannatyne Edinburgh - Newcraighall Rd Health Club,Bannatyne Edinburgh - Newcraighall Rd Health Club,"Bannatyne Health Club & Spa, 89 Newcraighall Road, Musselburgh, Edinburgh, EH21 8RX",EH21 8RX,Edinburgh,United Kingdom,Scotland,55.935117,-3.095786,READY_TO_IMPORT,VERIFIED_CURRENT,ok,nominatim,https://www.bannatyne.co.uk/health-club/edinburgh-newcraighall-rd/,https://www.bannatyne.co.uk/health-club/edinburgh-newcraighall-rd/,,,official_club_page
gb_0e144c258e,Bannatyne,Bannatyne Chafford Hundred Health Club,Bannatyne Chafford Hundred Health Club,"Bannatyne Health Club & Spa, Howard Road, Chafford Hundred, Essex, RM16 6YJ",RM16 6YJ,Essex,United Kingdom,England,51.491147,0.291986,READY_TO_IMPORT,VERIFIED_CURRENT,ok,nominatim,https://www.bannatyne.co.uk/health-club/chafford-hundred/,https://www.bannatyne.co.uk/health-club/chafford-hundred/,,,official_club_page
gb_6f2eac2c9f,Bannatyne,Bannatyne Colchester Health Club,Bannatyne Colchester Health Club,"Bannatyne Health Club, Heath House, Grange Way, Whitehall Industrial Est, Colchester, Essex, CO2 8GU",CO2 8GU,Essex,United Kingdom,England,51.873818,0.927012,READY_TO_IMPORT,VERIFIED_CURRENT,ok,nominatim,https://www.bannatyne.co.uk/health-club/colchester/,https://www.bannatyne.co.uk/health-club/colchester/,,,official_club_page
gb_91c7f422f1,Bannatyne,Bannatyne Falkirk Health Club,Bannatyne Falkirk Health Club,"Bannatyne Health Club and Spa, Central Retail Park",FK1 1LW,Falkirk,United Kingdom,Scotland,56.00459,-3.780264,READY_TO_IMPORT,VERIFIED_CURRENT,ok,nominatim,https://www.bannatyne.co.uk/health-club/falkirk/,https://www.bannatyne.co.uk/health-club/falkirk/,,,official_club_page
gb_5d655b2d99,Bannatyne,Bannatyne Dunfermline - Fife Health Club,Bannatyne Dunfermline - Fife Health Club,"Bannatyne Health Club & Spa, Fife Leisure Park, Dunfermline, Fife, KY11 8EX",KY11 8EX,Fife,United Kingdom,Scotland,56.079057,-3.396297,READY_TO_IMPORT,VERIFIED_CURRENT,ok,nominatim,https://www.bannatyne.co.uk/health-club/dunfermline-fife/,https://www.bannatyne.co.uk/health-club/dunfermline-fife/,,,official_club_page
gb_afa0832568,Bannatyne,Bannatyne Fairfield Health Club,Bannatyne Fairfield Health Club,"Bannatyne Health Club and Spa, Kingsley Avenue, Fairfield",SG5 4JJ,Hitchin,United Kingdom,England,,,NEEDS_COORDINATES,VERIFIED_CURRENT,failed,,https://www.bannatyne.co.uk/health-club/fairfield/,https://www.bannatyne.co.uk/health-club/fairfield/,,,official_club_page
gb_628953ea05,Bannatyne,Bannatyne Humberston - Grimsby Health Club,Bannatyne Humberston - Grimsby Health Club,"Bannatyne Health Club & Spa, Humberston Avenue, Grimsby, Humberston DN36 4SX",DN36 4SX,Humberston,United Kingdom,England,53.527236,-0.034698,READY_TO_IMPORT,VERIFIED_CURRENT,ok,nominatim,https://www.bannatyne.co.uk/health-club/humberston/,https://www.bannatyne.co.uk/health-club/humberston/,,,official_club_page
gb_beb15f0beb,Bannatyne,Bannatyne Inverness Health Club,Bannatyne Inverness Health Club,"Bannatyne Health Club and Spa, The Inshes Retail and Leisure Park, Sir Walter Scott Drive",IV2 3TW,Inverness,United Kingdom,Scotland,,,NEEDS_COORDINATES,VERIFIED_CURRENT,failed,,https://www.bannatyne.co.uk/health-club/inverness/,https://www.bannatyne.co.uk/health-club/inverness/,,,official_club_page
gb_6d890b34ff,Bannatyne,Bannatyne Folkestone Health Club,Bannatyne Folkestone Health Club,"Bannatyne Health Club, Shearway Business Park, Folkestone, Kent, CT19 4RH",CT19 4RH,Kent,United Kingdom,England,51.094646,1.152133,READY_TO_IMPORT,VERIFIED_CURRENT,suspicious,nominatim,https://www.bannatyne.co.uk/health-club/folkestone/,https://www.bannatyne.co.uk/health-club/folkestone/,,,official_club_page; soft_postal
gb_d09de6ab7c,Bannatyne,Bannatyne Stepps Health Club,Bannatyne Stepps Health Club,"Bannatyne Health Club, Buchanan Business Park, Cumbernauld Road, Stepps, Glasgow, Lanarkshire, G33 6HZ",G33 6HZ,Lanarkshire,United Kingdom,Scotland,55.673843,-3.775744,READY_TO_IMPORT,VERIFIED_CURRENT,ok,nominatim,https://www.bannatyne.co.uk/health-club/stepps/,https://www.bannatyne.co.uk/health-club/stepps/,,,official_club_page
gb_bdc7600096,Bannatyne,Bannatyne Blackpool Health Club,Bannatyne Blackpool Health Club,"Bannatyne Health Club & Spa, Bloomfield Central, Rigby Road, Blackpool, Lancashire, FY1 5EP",FY1 5EP,Lancashire,United Kingdom,England,53.553591,-2.775321,READY_TO_IMPORT,VERIFIED_CURRENT,ok,nominatim,https://www.bannatyne.co.uk/health-club/blackpool/,https://www.bannatyne.co.uk/health-club/blackpool/,,,official_club_page
gb_33333112a2,Bannatyne,Bannatyne Cookridge Hall Health Club,Bannatyne Cookridge Hall Health Club,"Bannatyne Health Club & Spa, Cookridge Lane, Leeds, LS16 7NL",LS16 7NL,Leeds,United Kingdom,England,53.861911,-1.610189,READY_TO_IMPORT,VERIFIED_CURRENT,ok,nominatim,https://www.bannatyne.co.uk/health-club/cookridge-hall/,https://www.bannatyne.co.uk/health-club/cookridge-hall/,,,official_club_page
gb_6e9ed208e0,Bannatyne,"Bannatyne Leeds, Cardigan Fields Health Club","Bannatyne Leeds, Cardigan Fields Health Club","Bannatyne Health Club, Cardigan Fields Development, Kirkstall Road, Leeds, LS4 2DG",LS4 2DG,Leeds,United Kingdom,England,53.804075,-1.58477,READY_TO_IMPORT,VERIFIED_CURRENT,ok,nominatim,https://www.bannatyne.co.uk/health-club/leeds/,https://www.bannatyne.co.uk/health-club/leeds/,,,official_club_page
gb_e864311ee8,Bannatyne,Bannatyne Leicester Health Club,Bannatyne Leicester Health Club,"Bannatyne Health Club and Spa, 58 Welford Road",LE2 7AA,Leicester,United Kingdom,England,,,NEEDS_COORDINATES,VERIFIED_CURRENT,failed,,https://www.bannatyne.co.uk/health-club/leicester/,https://www.bannatyne.co.uk/health-club/leicester/,,,official_club_page
gb_e43a54556f,Bannatyne,Bannatyne Livingston - West Lothian Health Club,Bannatyne Livingston - West Lothian Health Club,"Bannatyne Health Club, Charlesfield Road, Nr Kirkton Campus, Livingston, EH54 9FD",EH54 9FD,Livingston,United Kingdom,Scotland,55.873294,-3.539017,READY_TO_IMPORT,VERIFIED_CURRENT,ok,nominatim,https://www.bannatyne.co.uk/health-club/livingston-west-lothian/,https://www.bannatyne.co.uk/health-club/livingston-west-lothian/,,,official_club_page
gb_8332bf0a06,Bannatyne,"Bannatyne Chingford, London Health Club","Bannatyne Chingford, London Health Club","Bannatyne Health Club, 2 Morrison Avenue, Chingford, London, E4 8SA",E4 8SA,London,United Kingdom,England,51.607938,-0.01802,READY_TO_IMPORT,VERIFIED_CURRENT,ok,nominatim,https://www.bannatyne.co.uk/health-club/chingford/,https://www.bannatyne.co.uk/health-club/chingford/,,,official_club_page
gb_e5e1183f05,Bannatyne,"Bannatyne Grove Park, London Health Club","Bannatyne Grove Park, London Health Club","Bannatyne Health Club, 35 Marvels Lane, Grove Park, London, SE12 9PN",SE12 9PN,London,United Kingdom,England,51.43702,0.025762,READY_TO_IMPORT,VERIFIED_CURRENT,suspicious,nominatim,https://www.bannatyne.co.uk/health-club/grove-park-london/,https://www.bannatyne.co.uk/health-club/grove-park-london/,,,official_club_page; soft_postal
gb_379148e165,Bannatyne,"Bannatyne Maida Vale, London Health Club","Bannatyne Maida Vale, London Health Club","Bannatyne Health Club, 4 Greville Road, Maida Vale, London, NW6 5HZ",NW6 5HZ,London,United Kingdom,England,51.536233,-0.190791,READY_TO_IMPORT,VERIFIED_CURRENT,ok,nominatim,https://www.bannatyne.co.uk/health-club/maida-vale/,https://www.bannatyne.co.uk/health-club/maida-vale/,,,official_club_page
gb_0bd28ad587,Bannatyne,Bannatyne Luton Health Club,Bannatyne Luton Health Club,"Bannatyne Health Club & Spa, 1 Regent Street, Luton, LU1 5FA",LU1 5FA,Luton,United Kingdom,England,51.876686,-0.416947,READY_TO_IMPORT,VERIFIED_CURRENT,ok,nominatim,https://www.bannatyne.co.uk/health-club/luton/,https://www.bannatyne.co.uk/health-club/luton/,,,official_club_page
gb_464c57b0a6,Bannatyne,Bannatyne Coulby Newham Health Club,Bannatyne Coulby Newham Health Club,"Bannatyne Health Club, Stainton Road, Parkway Village, Coulby Newham",TS8 0TJ,Middlesbrough,United Kingdom,England,,,NEEDS_COORDINATES,VERIFIED_CURRENT,failed,,https://www.bannatyne.co.uk/health-club/coulby-newham/,https://www.bannatyne.co.uk/health-club/coulby-newham/,,,official_club_page
gb_8b9e1190d4,Bannatyne,Bannatyne Newport Health Club,Bannatyne Newport Health Club,"Bannatyne Health Club, Enterprise Way, Newport",NP20 2AQ,Newport,United Kingdom,Wales,51.57906,-2.985473,READY_TO_IMPORT,VERIFIED_CURRENT,ok,nominatim,https://www.bannatyne.co.uk/health-club/newport/,https://www.bannatyne.co.uk/health-club/newport/,,,official_club_page
gb_54dc2d5f09,Bannatyne,Bannatyne Norwich West Health Club,Bannatyne Norwich West Health Club,"Bannatyne Health Club, Longwater Business Park, William Frost Way Costessey, Norwich, Norfolk, NR5 0JS",NR5 0JS,Norfolk,United Kingdom,England,52.654254,1.185776,READY_TO_IMPORT,VERIFIED_CURRENT,suspicious,nominatim,https://www.bannatyne.co.uk/health-club/norwich-west/,https://www.bannatyne.co.uk/health-club/norwich-west/,,,official_club_page; soft_postal
gb_cb00f775e0,Bannatyne,Bannatyne Norwich Health Club,Bannatyne Norwich Health Club,"Bannatyne Health Club & Spa, Northside Business Park, Thorpe St Andrew, Norwich, NR7 0HT",NR7 0HT,Norwich,United Kingdom,England,52.629743,1.368543,READY_TO_IMPORT,VERIFIED_CURRENT,ok,nominatim,https://www.bannatyne.co.uk/health-club/norwich/,https://www.bannatyne.co.uk/health-club/norwich/,,,official_club_page
gb_55a2d96e3e,Bannatyne,Bannatyne Mansfield Health Club,Bannatyne Mansfield Health Club,"Bannatyne Health Club & Spa, Briar Lane, Mansfield, Nottinghamshire, NG18 3HS",NG18 3HS,Nottinghamshire,United Kingdom,England,53.133416,-1.165648,READY_TO_IMPORT,VERIFIED_CURRENT,ok,nominatim,https://www.bannatyne.co.uk/health-club/mansfield/,https://www.bannatyne.co.uk/health-club/mansfield/,,,official_club_page
gb_4331187710,Bannatyne,Bannatyne Orpington Health Club,Bannatyne Orpington Health Club,"Bannatyne Health Club, Sandy Lane, Orpington, BR5 3HY",BR5 3HY,Orpington,United Kingdom,England,51.408425,0.124202,READY_TO_IMPORT,VERIFIED_CURRENT,ok,nominatim,https://www.bannatyne.co.uk/health-club/orpington/,https://www.bannatyne.co.uk/health-club/orpington/,,,official_club_page
gb_a4faee87c6,Bannatyne,Bannatyne Banbury Health Club,Bannatyne Banbury Health Club,"Bannatyne Health Club & Spa, Bodicote Park, Oxford Road, Banbury, Oxon, OX15 4AF",OX15 4AF,Oxon,United Kingdom,England,52.035823,-1.318799,READY_TO_IMPORT,VERIFIED_CURRENT,ok,nominatim,https://www.bannatyne.co.uk/health-club/banbury/,https://www.bannatyne.co.uk/health-club/banbury/,,,official_club_page
gb_b874eb18f7,Bannatyne,Bannatyne Perth Health Club,Bannatyne Perth Health Club,"Bannatyne Health Club & Spa, St Catherines Retail Park, Perth, PH1 5RG",PH1 5RG,Perth,United Kingdom,Scotland,56.399808,-3.438758,READY_TO_IMPORT,VERIFIED_CURRENT,ok,nominatim,https://www.bannatyne.co.uk/health-club/perth/,https://www.bannatyne.co.uk/health-club/perth/,,,official_club_page
gb_7a3e933eff,Bannatyne,Bannatyne Peterborough Health Club,Bannatyne Peterborough Health Club,"Bannatyne Health Club and Spa, Papyrus Road, Werrington",PE4 5HW,Peterborough,United Kingdom,England,52.617407,-0.289455,READY_TO_IMPORT,VERIFIED_CURRENT,ok,nominatim,https://www.bannatyne.co.uk/health-club/peterborough/,https://www.bannatyne.co.uk/health-club/peterborough/,,,official_club_page
gb_fbe2d5bb9e,Bannatyne,Bannatyne Rotherham Health Club,Bannatyne Rotherham Health Club,"Bannatyne Health Club, Moorhead Way, Bramley, Rotherham, S66 1YY",S66 1YY,Rotherham,United Kingdom,England,53.421969,-1.254181,READY_TO_IMPORT,VERIFIED_CURRENT,suspicious,nominatim,https://www.bannatyne.co.uk/health-club/rotherham/,https://www.bannatyne.co.uk/health-club/rotherham/,,,official_club_page; soft_postal
gb_96152766de,Bannatyne,Bannatyne Shrewsbury Health Club,Bannatyne Shrewsbury Health Club,"Bannatyne Health Club, Meole Brace Golf course, Oteley Road, Meole Brace, Shrewsbury, SY2 6QQ",SY2 6QQ,Shrewsbury,United Kingdom,England,52.69203,-2.749901,READY_TO_IMPORT,VERIFIED_CURRENT,ok,nominatim,https://www.bannatyne.co.uk/health-club/shrewsbury/,https://www.bannatyne.co.uk/health-club/shrewsbury/,,,official_club_page
gb_bc213a8c62,Bannatyne,Bannatyne Solihull Health Club,Bannatyne Solihull Health Club,"Bannatyne Health Club and Spa, Saintbury Drive",B91 3SZ,Solihull,United Kingdom,England,,,NEEDS_COORDINATES,VERIFIED_CURRENT,failed,,https://www.bannatyne.co.uk/health-club/solihull/,https://www.bannatyne.co.uk/health-club/solihull/,,,official_club_page
gb_abba6e94da,Bannatyne,Bannatyne Tamworth Health Club,Bannatyne Tamworth Health Club,"Bannatyne Health Club & Spa, Bonehill Road, Bitterscote, Tamworth, Staffordshire, B78 3HN",B78 3HN,Staffordshire,United Kingdom,England,52.62927,-1.708521,READY_TO_IMPORT,VERIFIED_CURRENT,suspicious,nominatim,https://www.bannatyne.co.uk/health-club/tamworth/,https://www.bannatyne.co.uk/health-club/tamworth/,,,official_club_page; soft_postal
gb_d83fab857a,Bannatyne,Bannatyne Ingleby Barwick Health Club,Bannatyne Ingleby Barwick Health Club,"Bannatyne Health Club, Myton Road, Ingleby Barwick",TS17 0WA,Stockton on Tees,United Kingdom,England,,,NEEDS_COORDINATES,VERIFIED_CURRENT,failed,,https://www.bannatyne.co.uk/health-club/ingleby-barwick/,https://www.bannatyne.co.uk/health-club/ingleby-barwick/,,,official_club_page
gb_b7eee8e4a8,Bannatyne,Bannatyne Lowestoft Health Club,Bannatyne Lowestoft Health Club,"Bannatyne Health Club, Peto Way, Lowestoft, Suffolk, NR32 2ED",NR32 2ED,Suffolk,United Kingdom,England,52.477413,1.728871,READY_TO_IMPORT,VERIFIED_CURRENT,ok,nominatim,https://www.bannatyne.co.uk/health-club/lowestoft/,https://www.bannatyne.co.uk/health-club/lowestoft/,,,official_club_page
gb_e57914aba1,Bannatyne,Bannatyne Weybridge Health Club,Bannatyne Weybridge Health Club,"Bannatyne Health Club, Walton Lane, Weybridge, Surrey, KT13 8QA",KT13 8QA,Surrey,United Kingdom,England,51.23837,-0.552987,READY_TO_IMPORT,VERIFIED_CURRENT,ok,nominatim,https://www.bannatyne.co.uk/health-club/weybridge/,https://www.bannatyne.co.uk/health-club/weybridge/,,,official_club_page
gb_4bec19e470,Bannatyne,Bannatyne Sutton Coldfield Health Club,Bannatyne Sutton Coldfield Health Club,"Bannatyne Health Club & Spa, Princess Park, Princess Alice Drive, Sutton Coldfield, B73 6RB",B73 6RB,Sutton Coldfield,United Kingdom,England,52.550868,-1.858639,READY_TO_IMPORT,VERIFIED_CURRENT,ok,nominatim,https://www.bannatyne.co.uk/health-club/sutton-coldfield/,https://www.bannatyne.co.uk/health-club/sutton-coldfield/,,,official_club_page
gb_8ebdf37f41,Bannatyne,Bannatyne Wakefield Health Club,Bannatyne Wakefield Health Club,"Bannatyne Health Club and Spa, Paragon Business Village, Snow Hill",WF1 2UF,Wakefield,United Kingdom,England,,,NEEDS_COORDINATES,VERIFIED_CURRENT,failed,,https://www.bannatyne.co.uk/health-club/wakefield/,https://www.bannatyne.co.uk/health-club/wakefield/,,,official_club_page
gb_23a93b4379,Bannatyne,Bannatyne Wellingborough Health Club,Bannatyne Wellingborough Health Club,"Bannatyne Health Club, Wallis Close, Park Farm Industrial Estate, Wellingborough",NN8 6AG,Wellingborough,United Kingdom,England,,,NEEDS_COORDINATES,VERIFIED_CURRENT,failed,,https://www.bannatyne.co.uk/health-club/wellingborough/,https://www.bannatyne.co.uk/health-club/wellingborough/,,,official_club_page
gb_78b00b5f65,Bannatyne,Bannatyne Worksop Health Club,Bannatyne Worksop Health Club,"Bannatyne Health Club, Manton Colliery, Retford Road",S80 2QA,Worksop,United Kingdom,England,,,NEEDS_COORDINATES,VERIFIED_CURRENT,failed,,https://www.bannatyne.co.uk/health-club/worksop/,https://www.bannatyne.co.uk/health-club/worksop/,,,official_club_page
gb_90e56e5d45,Bannatyne,Bannatyne York Health Club,Bannatyne York Health Club,"Bannatyne Health Club & Spa, White Rose Close, Unit 1A, York Business Park, Nether Poppleton, York, YO26 6RL",YO26 6RL,York,United Kingdom,England,53.981052,-1.131659,READY_TO_IMPORT,VERIFIED_CURRENT,ok,nominatim,https://www.bannatyne.co.uk/health-club/york/,https://www.bannatyne.co.uk/health-club/york/,,,official_club_page
gb_9cf0314e1b,Buzz Gym,Buzz Gym Brighton City Centre,Buzz Gym Brighton City Centre,,,Brighton City Centre,United Kingdom,,,,COMING_SOON,COMING_SOON,,,https://www.buzzgym.co.uk/brighton-city-centre/,https://www.buzzgym.co.uk/brighton-city-centre/,,,official_club_page; additional_chain_phase1
gb_8dd359359f,Buzz Gym,Buzz Gym London Harrow,Buzz Gym London Harrow,St Ann's Shopping Centre,HA1 1AT,Harrow,United Kingdom,England,,,NEEDS_COORDINATES,VERIFIED_CURRENT,failed,,https://www.buzzgym.co.uk/london-harrow/,https://www.buzzgym.co.uk/london-harrow/,,,official_club_page; additional_chain_phase1; phase2_address_overwrite
gb_414393eb18,Buzz Gym,Buzz Gym Wycombe,Buzz Gym Wycombe,Eden Shopping Centre,HP11 2BZ,High Wycombe,United Kingdom,England,51.630432,-0.755837,READY_TO_IMPORT,VERIFIED_CURRENT,ok,nominatim,https://www.buzzgym.co.uk/wycombe/,https://www.buzzgym.co.uk/wycombe/,,,official_club_page; additional_chain_phase1
gb_77011aeabb,Buzz Gym,Buzz Gym London Cannon Street,Buzz Gym London Cannon Street,"Cannon Green, 1 Suffolk Lane",EC4R 0AN,London,United Kingdom,England,51.510422,-0.089748,READY_TO_IMPORT,VERIFIED_CURRENT,suspicious,nominatim,https://www.buzzgym.co.uk/london-cannon-street/,https://www.buzzgym.co.uk/london-cannon-street/,,,official_club_page; additional_chain_phase1; phase2_address_overwrite; soft_postal
gb_b144e31ee3,Buzz Gym,Buzz Gym Oxford,Buzz Gym Oxford,Westgate Shopping Centre,OX1 1TR,Oxford,United Kingdom,England,,,NEEDS_COORDINATES,VERIFIED_CURRENT,failed,,https://www.buzzgym.co.uk/oxford/,https://www.buzzgym.co.uk/oxford/,,,official_club_page; additional_chain_phase1; phase2_address_overwrite
gb_08a373336a,Buzz Gym,Buzz Gym Plymouth City Centre,Buzz Gym Plymouth City Centre,,,Plymouth City Centre,United Kingdom,,,,COMING_SOON,COMING_SOON,,,https://www.buzzgym.co.uk/plymouth-city-centre/,https://www.buzzgym.co.uk/plymouth-city-centre/,,,official_club_page; additional_chain_phase1; opening_winter_2026
gb_fadc90fda2,Buzz Gym,Buzz Gym Reading,Buzz Gym Reading,100 Kings Road,RG1 3BY,Reading,United Kingdom,England,51.455007,-0.963267,READY_TO_IMPORT,VERIFIED_CURRENT,ok,nominatim,https://www.buzzgym.co.uk/reading/,https://www.buzzgym.co.uk/reading/,,,official_club_page; additional_chain_phase1; phase2_address_overwrite
gb_756a674ab3,Buzz Gym,Buzz Gym Reading East Winnersh,Buzz Gym Reading East Winnersh,680 Eskdale Road,RG41 5TS,Reading East Winnersh,United Kingdom,England,51.438292,-0.884204,READY_TO_IMPORT,VERIFIED_CURRENT,ok,nominatim,https://www.buzzgym.co.uk/reading-east-winnersh/,https://www.buzzgym.co.uk/reading-east-winnersh/,,,official_club_page; additional_chain_phase1
gb_82cbdbb680,Buzz Gym,Buzz Gym Slough,Buzz Gym Slough,Herschel Street,SL1 1PG,Slough,United Kingdom,England,51.508079,-0.594801,READY_TO_IMPORT,VERIFIED_CURRENT,ok,nominatim,https://www.buzzgym.co.uk/slough/,https://www.buzzgym.co.uk/slough/,,,official_club_page; additional_chain_phase1; phase2_address_overwrite
gb_28a7833e69,Buzz Gym,Buzz Gym Swindon,Buzz Gym Swindon,Brunel Plaza,SN1 1LF,Swindon,United Kingdom,England,51.561355,-1.787835,READY_TO_IMPORT,VERIFIED_CURRENT,ok,nominatim,https://www.buzzgym.co.uk/swindon/,https://www.buzzgym.co.uk/swindon/,,,official_club_page; additional_chain_phase1; phase2_address_overwrite
gb_a67066da8c,Buzz Gym,Buzz Gym London Wembley,Buzz Gym London Wembley,"Olympic Way, Wembley Park",HA9 0NR,Wembley,United Kingdom,England,,,COMING_SOON,COMING_SOON,,,https://www.buzzgym.co.uk/london-wembley/,https://www.buzzgym.co.uk/london-wembley/,,,official_club_page; additional_chain_phase1; phase2_address_overwrite
gb_95123039d2,David Lloyd,David Lloyd Aberdeen,David Lloyd Aberdeen,"Garthdee Road, Aberdeen",AB10 7AY,Aberdeen,United Kingdom,Scotland,57.1215596,-2.1255835,READY_TO_IMPORT,VERIFIED_CURRENT,ok,official_maps_embed,https://www.davidlloyd.co.uk/clubs/aberdeen/,https://www.davidlloyd.co.uk/clubs/aberdeen/,,,official_json_ld; phase2_maps_q
gb_f20f31ff08,David Lloyd,David Lloyd Acton Park,David Lloyd Acton Park,"East Acton Lane, West London",W3 7HB,Acton Park,United Kingdom,England,51.509741,-0.256357,READY_TO_IMPORT,VERIFIED_CURRENT,ok,nominatim,https://www.davidlloyd.co.uk/clubs/acton-park/,https://www.davidlloyd.co.uk/clubs/acton-park/,,,official_json_ld
gb_bf1c0ba754,David Lloyd,David Lloyd Ashford,David Lloyd Ashford,"Arrowhead Rd, Sevington, Ashford",TN24 0FL,Ashford,United Kingdom,England,51.125041,0.900993,READY_TO_IMPORT,VERIFIED_CURRENT,ambiguous,official_maps_embed,https://www.davidlloyd.co.uk/clubs/ashford/,https://www.davidlloyd.co.uk/clubs/ashford/,,,official_json_ld; phase2_maps_q
gb_20696a837e,David Lloyd,David Lloyd Basildon,David Lloyd Basildon,"Festival Leisure Park, Pipps Hill Road South, Basildon",SS14 3DG,Basildon,United Kingdom,England,51.5844391,0.4630259,READY_TO_IMPORT,VERIFIED_CURRENT,failed,official_maps_embed,https://www.davidlloyd.co.uk/clubs/basildon/,https://www.davidlloyd.co.uk/clubs/basildon/,,,official_json_ld; phase2_maps_q
gb_d9d9ca3119,David Lloyd,David Lloyd Beaconsfield,David Lloyd Beaconsfield,"Glory Mill Lane, Wooburn Green, High Wycombe, Bucks",HP10 0BY,Beaconsfield,United Kingdom,England,51.5958414,-0.6845378,READY_TO_IMPORT,VERIFIED_CURRENT,failed,official_maps_embed,https://www.davidlloyd.co.uk/clubs/beaconsfield/,https://www.davidlloyd.co.uk/clubs/beaconsfield/,,,official_json_ld; phase2_maps_q
gb_a503e19cb3,David Lloyd,David Lloyd Beckenham,David Lloyd Beckenham,"Stanhope Grove, Beckenham, Kent",BR3 3HL,Beckenham,United Kingdom,England,51.3961187,-0.035121,READY_TO_IMPORT,VERIFIED_CURRENT,failed,official_maps_embed,https://www.davidlloyd.co.uk/clubs/beckenham/,https://www.davidlloyd.co.uk/clubs/beckenham/,,,official_json_ld; phase2_maps_q
gb_3a12050fc1,David Lloyd,David Lloyd Belfast,David Lloyd Belfast,"115 Old Dundonald Road, Belfast",BT16 1DL,Belfast,United Kingdom,Northern Ireland,54.5864555,-5.8220317,READY_TO_IMPORT,VERIFIED_CURRENT,suspicious,official_maps_embed,https://www.davidlloyd.co.uk/clubs/belfast/,https://www.davidlloyd.co.uk/clubs/belfast/,,,official_json_ld; soft_postal; phase2_maps_q
gb_fdfef195f8,David Lloyd,David Lloyd Bicester,David Lloyd Bicester,Wendlebury Road,OX25 2BX,Bicester,United Kingdom,England,51.8862864,-1.1674064,READY_TO_IMPORT,VERIFIED_CURRENT,ok,official_maps_embed,https://www.davidlloyd.co.uk/clubs/bicester/,https://www.davidlloyd.co.uk/clubs/bicester/,,,official_json_ld; phase2_maps_q
gb_a0651ed419,David Lloyd,David Lloyd Birmingham,David Lloyd Birmingham,"Shady Lane, Great Barr, Birmingham",B44 9ER,Birmingham,United Kingdom,England,52.5520322,-1.8985281,READY_TO_IMPORT,VERIFIED_CURRENT,failed,official_maps_embed,https://www.davidlloyd.co.uk/clubs/birmingham/,https://www.davidlloyd.co.uk/clubs/birmingham/,,,official_json_ld; phase2_maps_q
gb_8a18aeb24b,David Lloyd,David Lloyd Bishops Cleeve,David Lloyd Bishops Cleeve,"Unit 1, Stoke Road, Bishops Cleeve, Cheltenham, Gloucestershire",GL52 7BQ,Bishops Cleeve,United Kingdom,England,51.9462963,-2.0823202,READY_TO_IMPORT,VERIFIED_CURRENT,failed,official_maps_embed,https://www.davidlloyd.co.uk/clubs/bishops-cleeve/,https://www.davidlloyd.co.uk/clubs/bishops-cleeve/,,,official_json_ld; phase2_maps_q
gb_470822fdeb,David Lloyd,David Lloyd Bolton,David Lloyd Bolton,"Chorley Street, Bolton",BL1 4AL,Bolton,United Kingdom,England,53.5811503,-2.4386939,READY_TO_IMPORT,VERIFIED_CURRENT,suspicious,official_maps_embed,https://www.davidlloyd.co.uk/clubs/bolton/,https://www.davidlloyd.co.uk/clubs/bolton/,,,official_json_ld; soft_postal; phase2_maps_q
gb_12e505517f,David Lloyd,David Lloyd Brighton,David Lloyd Brighton,"Brighton Marina Village, Brighton",BN2 5UF,Brighton,United Kingdom,England,50.812233,-0.107025,READY_TO_IMPORT,VERIFIED_CURRENT,suspicious,nominatim,https://www.davidlloyd.co.uk/clubs/brighton/,https://www.davidlloyd.co.uk/clubs/brighton/,,,official_json_ld; soft_postal
gb_68e9f163a0,David Lloyd,David Lloyd Bristol Emersons Green,David Lloyd Bristol Emersons Green,"Willowherb Road, Emersons Green, South Gloucestershire",BS16 7PF,Bristol Emersons Green,United Kingdom,England,51.492225,-2.469336,READY_TO_IMPORT,VERIFIED_CURRENT,ok,nominatim,https://www.davidlloyd.co.uk/clubs/bristol-emersons-green/,https://www.davidlloyd.co.uk/clubs/bristol-emersons-green/,,,official_json_ld
gb_b5354e0f51,David Lloyd,David Lloyd Bristol Long Ashton,David Lloyd Bristol Long Ashton,"Ashton Road, Bristol",BS3 2HB,Bristol Long Ashton,United Kingdom,England,51.437633,-2.631234,READY_TO_IMPORT,VERIFIED_CURRENT,ok,nominatim,https://www.davidlloyd.co.uk/clubs/bristol-long-ashton/,https://www.davidlloyd.co.uk/clubs/bristol-long-ashton/,,,official_json_ld
gb_b93366e676,David Lloyd,David Lloyd Bristol Westbury,David Lloyd Bristol Westbury,"Greystoke Avenue, Westbury-on-Trym, Bristol",BS10 6AZ,Bristol Westbury,United Kingdom,England,51.4985701,-2.6137369,READY_TO_IMPORT,VERIFIED_CURRENT,ok,official_maps_embed,https://www.davidlloyd.co.uk/clubs/bristol-westbury/,https://www.davidlloyd.co.uk/clubs/bristol-westbury/,,,official_json_ld; phase2_maps_q
gb_8186990af0,David Lloyd,David Lloyd Bromsgrove,David Lloyd Bromsgrove,"Slideslow Drive, Bromsgrove",B60 1GJ,Bromsgrove,United Kingdom,England,52.3380733,-2.050701,READY_TO_IMPORT,VERIFIED_CURRENT,ok,official_maps_embed,https://www.davidlloyd.co.uk/clubs/bromsgrove/,https://www.davidlloyd.co.uk/clubs/bromsgrove/,,,official_json_ld; phase2_maps_q
gb_b3032b20f2,David Lloyd,David Lloyd Bury St Edmunds,David Lloyd Bury St Edmunds,"1 Sandlands Drive, Bury St Edmunds",IP32 6JD,Bury St Edmunds,United Kingdom,England,52.268046,0.69585,READY_TO_IMPORT,VERIFIED_CURRENT,ambiguous,official_maps_embed,https://www.davidlloyd.co.uk/clubs/bury-st-edmunds/,https://www.davidlloyd.co.uk/clubs/bury-st-edmunds/,,,official_json_ld; phase2_maps_q
gb_6df0ac4bd0,David Lloyd,David Lloyd Bushey,David Lloyd Bushey,"Hartspring Lane, Bushey, Watford",WD23 2DL,Bushey,United Kingdom,England,51.6624944,-0.3638916,READY_TO_IMPORT,VERIFIED_CURRENT,failed,official_maps_embed,https://www.davidlloyd.co.uk/clubs/bushey/,https://www.davidlloyd.co.uk/clubs/bushey/,,,official_json_ld; phase2_maps_q
gb_60a6acbeb5,David Lloyd,David Lloyd Cambridge,David Lloyd Cambridge,"Coldham’s Business Park, Coldham’s Lane, Cambridge",CB1 3LH,Cambridge,United Kingdom,England,52.1939336,0.1668678,READY_TO_IMPORT,VERIFIED_CURRENT,failed,official_maps_embed,https://www.davidlloyd.co.uk/clubs/cambridge/,https://www.davidlloyd.co.uk/clubs/cambridge/,,,official_json_ld; phase2_maps_q
gb_56cf0a9fea,David Lloyd,David Lloyd Cardiff,David Lloyd Cardiff,"Ipswich Road, Roath, Cardiff",CF23 9AQ,Cardiff,United Kingdom,Wales,51.502599,-3.145749,READY_TO_IMPORT,VERIFIED_CURRENT,ok,nominatim,https://www.davidlloyd.co.uk/clubs/cardiff/,https://www.davidlloyd.co.uk/clubs/cardiff/,,,official_json_ld
gb_1429b2bd39,David Lloyd,David Lloyd Cheadle,David Lloyd Cheadle,"Royal Crescent, Cheadle Royal, Cheadle, Cheshire",SK8 3FL,Cheadle,United Kingdom,England,53.3783262,-2.2198104,READY_TO_IMPORT,VERIFIED_CURRENT,failed,official_maps_embed,https://www.davidlloyd.co.uk/clubs/cheadle/,https://www.davidlloyd.co.uk/clubs/cheadle/,,,official_json_ld; phase2_maps_q
gb_3ccc877a61,David Lloyd,David Lloyd Cheam,David Lloyd Cheam,"Ewell Road, Cheam, Sutton",SM3 8DP,Cheam,United Kingdom,England,51.3575183,-0.2197891,READY_TO_IMPORT,VERIFIED_CURRENT,failed,official_maps_embed,https://www.davidlloyd.co.uk/clubs/cheam/,https://www.davidlloyd.co.uk/clubs/cheam/,,,official_json_ld; phase2_maps_q
gb_3f5c1c37a3,David Lloyd,David Lloyd Cheshire Oaks,David Lloyd Cheshire Oaks,"Stanney Lane, Ellesmere Port",CH65 9JN,Cheshire Oaks,United Kingdom,England,53.2639544,-2.8900679,READY_TO_IMPORT,VERIFIED_CURRENT,ok,official_maps_embed,https://www.davidlloyd.co.uk/clubs/cheshire-oaks/,https://www.davidlloyd.co.uk/clubs/cheshire-oaks/,,,official_json_ld; phase2_maps_q
gb_3dc4974e40,David Lloyd,David Lloyd Chigwell,David Lloyd Chigwell,"Roding Lane, Buckhurst Hill, Chigwell",IG9 6BJ,Chigwell,United Kingdom,England,51.6272641,0.0547958,READY_TO_IMPORT,VERIFIED_CURRENT,failed,official_maps_embed,https://www.davidlloyd.co.uk/clubs/chigwell/,https://www.davidlloyd.co.uk/clubs/chigwell/,,,official_json_ld; phase2_maps_q
gb_a4918157bb,David Lloyd,David Lloyd Chorley,David Lloyd Chorley,"Moss Lane, Whittle-le-Woods, Chorley",PR6 8AB,Chorley,United Kingdom,England,53.6769561,-2.6218313,READY_TO_IMPORT,VERIFIED_CURRENT,ok,official_maps_embed,https://www.davidlloyd.co.uk/clubs/chorley/,https://www.davidlloyd.co.uk/clubs/chorley/,,,official_json_ld; phase2_maps_q
gb_9084e89258,David Lloyd,David Lloyd Colchester,David Lloyd Colchester,"United Way, Mile End, Colchester",CO4 6AT,Colchester,United Kingdom,England,51.922352,0.900435,READY_TO_IMPORT,VERIFIED_CURRENT,ok,official_maps_embed,https://www.davidlloyd.co.uk/clubs/colchester/,https://www.davidlloyd.co.uk/clubs/colchester/,,,official_json_ld; phase2_maps_q
gb_d84e3b27a5,David Lloyd,David Lloyd Colliers Wood,David Lloyd Colliers Wood,"29 Chapter Way, London",SW19 2RF,Colliers Wood,United Kingdom,England,51.4141068,-0.1804335,READY_TO_IMPORT,VERIFIED_CURRENT,ok,official_maps_embed,https://www.davidlloyd.co.uk/clubs/colliers-wood/,https://www.davidlloyd.co.uk/clubs/colliers-wood/,,,official_json_ld; phase2_maps_q
gb_44e2a8f461,David Lloyd,David Lloyd Coventry,David Lloyd Coventry,"Abbey Road, Coventry",CV3 4BJ,Coventry,United Kingdom,England,52.3877832,-1.4865966,READY_TO_IMPORT,VERIFIED_CURRENT,ok,official_maps_embed,https://www.davidlloyd.co.uk/clubs/coventry/,https://www.davidlloyd.co.uk/clubs/coventry/,,,official_json_ld; phase2_maps_q
gb_4940ad917f,David Lloyd,David Lloyd Cricklewood Lane,David Lloyd Cricklewood Lane,"108-110 Cricklewood Lane, London",NW2 2DS,Cricklewood Lane,United Kingdom,England,51.55936149999999,-0.2099867,READY_TO_IMPORT,VERIFIED_CURRENT,failed,official_maps_embed,https://www.davidlloyd.co.uk/clubs/cricklewood-lane/,https://www.davidlloyd.co.uk/clubs/cricklewood-lane/,,,official_json_ld; phase2_maps_q
gb_27546a5021,David Lloyd,David Lloyd Dartford,David Lloyd Dartford,"Darenth Road, Dartford, Kent",DA1 1NJ,Dartford,United Kingdom,England,51.4390377,0.2250415,READY_TO_IMPORT,VERIFIED_CURRENT,ambiguous,official_maps_embed,https://www.davidlloyd.co.uk/clubs/dartford/,https://www.davidlloyd.co.uk/clubs/dartford/,,,official_json_ld; phase2_maps_q
gb_6ea4be852a,David Lloyd,David Lloyd Derby,David Lloyd Derby,"Riverside Road, Pride Park, Derby",DE24 8HY,Derby,United Kingdom,England,52.9166257,-1.4544847,READY_TO_IMPORT,VERIFIED_CURRENT,ok,official_maps_embed,https://www.davidlloyd.co.uk/clubs/derby/,https://www.davidlloyd.co.uk/clubs/derby/,,,official_json_ld; phase2_maps_q
gb_d1ae6b2905,David Lloyd,David Lloyd Dudley,David Lloyd Dudley,"Pensnett Road, Brierley Hill, Dudley",DY5 3YP,Dudley,United Kingdom,England,52.4879232,-2.1271986,READY_TO_IMPORT,VERIFIED_CURRENT,ok,official_maps_embed,https://www.davidlloyd.co.uk/clubs/dudley/,https://www.davidlloyd.co.uk/clubs/dudley/,,,official_json_ld; phase2_maps_q
gb_a7ce27ce5c,David Lloyd,David Lloyd Dundee,David Lloyd Dundee,"Ethiebeaton Park, Monifieth, Dundee",DD5 4HB,Dundee,United Kingdom,Scotland,56.491687,-2.834117,READY_TO_IMPORT,VERIFIED_CURRENT,ok,nominatim,https://www.davidlloyd.co.uk/clubs/dundee/,https://www.davidlloyd.co.uk/clubs/dundee/,,,official_json_ld
gb_3f1860c0ba,David Lloyd,David Lloyd Eastbourne,David Lloyd Eastbourne,"Broadwater Way, Hampden Park, Eastbourne",BN22 9PZ,Eastbourne,United Kingdom,England,50.792616,0.2785466,READY_TO_IMPORT,VERIFIED_CURRENT,suspicious,official_maps_embed,https://www.davidlloyd.co.uk/clubs/eastbourne/,https://www.davidlloyd.co.uk/clubs/eastbourne/,,,official_json_ld; soft_postal; phase2_maps_q
gb_947fbb24c6,David Lloyd,David Lloyd Edinburgh Corstorphine,David Lloyd Edinburgh Corstorphine,"89B Glasgow Road, Edinburgh",EH12 8GZ,Edinburgh Corstorphine,United Kingdom,Scotland,55.93896059999999,-3.3027736,READY_TO_IMPORT,VERIFIED_CURRENT,ok,official_maps_embed,https://www.davidlloyd.co.uk/clubs/edinburgh-corstorphine/,https://www.davidlloyd.co.uk/clubs/edinburgh-corstorphine/,,,official_json_ld; phase2_maps_q
gb_64e6b2a6cf,David Lloyd,David Lloyd Edinburgh Newhaven Harbour,David Lloyd Edinburgh Newhaven Harbour,"Newhaven Place, Newhaven, Edinburgh",EH6 4LX,Edinburgh Newhaven Harbour,United Kingdom,Scotland,55.9839855,-3.196418,READY_TO_IMPORT,VERIFIED_CURRENT,failed,official_maps_embed,https://www.davidlloyd.co.uk/clubs/edinburgh-newhaven-harbour/,https://www.davidlloyd.co.uk/clubs/edinburgh-newhaven-harbour/,,,official_json_ld; phase2_maps_q
gb_49cb62dde5,David Lloyd,David Lloyd Edinburgh Shawfair,David Lloyd Edinburgh Shawfair,"Old Dalkeith Road, Danderhall, Dalkeith",EH22 1FD,Edinburgh Shawfair,United Kingdom,Scotland,55.9057224,-3.1022704,READY_TO_IMPORT,VERIFIED_CURRENT,failed,official_maps_embed,https://www.davidlloyd.co.uk/clubs/edinburgh-shawfair/,https://www.davidlloyd.co.uk/clubs/edinburgh-shawfair/,,,official_json_ld; phase2_maps_q
gb_52e6a83b98,David Lloyd,David Lloyd Enfield,David Lloyd Enfield,"Carterhatch Lane, Enfield, Middlesex",EN1 4LF,Enfield,United Kingdom,England,51.660224,-0.0610693,READY_TO_IMPORT,VERIFIED_CURRENT,failed,official_maps_embed,https://www.davidlloyd.co.uk/clubs/enfield/,https://www.davidlloyd.co.uk/clubs/enfield/,,,official_json_ld; phase2_maps_q
gb_1e4b01ef46,David Lloyd,David Lloyd Epsom,David Lloyd Epsom,"Central Boiler House, Horton Lane, Epsom, Surrey",KT19 8PL,Epsom,United Kingdom,England,51.34521710000001,-0.2883306,READY_TO_IMPORT,VERIFIED_CURRENT,failed,official_maps_embed,https://www.davidlloyd.co.uk/clubs/epsom/,https://www.davidlloyd.co.uk/clubs/epsom/,,,official_json_ld; phase2_maps_q
gb_856434b8a1,David Lloyd,David Lloyd Exeter,David Lloyd Exeter,"Sandy Park Way, Exeter",EX2 7NN,Exeter,United Kingdom,England,50.7096202,-3.4683104,READY_TO_IMPORT,VERIFIED_CURRENT,ok,official_maps_embed,https://www.davidlloyd.co.uk/clubs/exeter/,https://www.davidlloyd.co.uk/clubs/exeter/,,,official_json_ld; phase2_maps_q
gb_8ebc92b5a0,David Lloyd,David Lloyd Farnham,David Lloyd Farnham,"Monkton Lane, Farnham, Surrey",GU9 9ND,Farnham,United Kingdom,England,51.2264503,-0.7762224,READY_TO_IMPORT,VERIFIED_CURRENT,ok,official_maps_embed,https://www.davidlloyd.co.uk/clubs/farnham/,https://www.davidlloyd.co.uk/clubs/farnham/,,,official_json_ld; phase2_maps_q
gb_50a0aaee87,David Lloyd,David Lloyd Finchley,David Lloyd Finchley,"Leisure Way, High Road, Finchley, London",N12 0QZ,Finchley,United Kingdom,England,51.6046188,-0.1749255,READY_TO_IMPORT,VERIFIED_CURRENT,ok,official_maps_embed,https://www.davidlloyd.co.uk/clubs/finchley/,https://www.davidlloyd.co.uk/clubs/finchley/,,,official_json_ld; phase2_maps_q
gb_bbb2644ab4,David Lloyd,David Lloyd Fulham,David Lloyd Fulham,"Unit 24, Fulham Broadway Retail Centre, Fulham Road, London",SW6 1BW,Fulham,United Kingdom,England,51.48034029999999,-0.194502,READY_TO_IMPORT,VERIFIED_CURRENT,failed,official_maps_embed,https://www.davidlloyd.co.uk/clubs/fulham/,https://www.davidlloyd.co.uk/clubs/fulham/,,,official_json_ld; phase2_maps_q
gb_9cb820958d,David Lloyd,David Lloyd Gidea Park,David Lloyd Gidea Park,"Squirrels Heath Lane, Gidea Park, Romford, Essex",RM11 2DY,Gidea Park,United Kingdom,England,51.5830686,0.2173299,READY_TO_IMPORT,VERIFIED_CURRENT,failed,official_maps_embed,https://www.davidlloyd.co.uk/clubs/gidea-park/,https://www.davidlloyd.co.uk/clubs/gidea-park/,,,official_json_ld; phase2_maps_q
gb_918d5a0132,David Lloyd,David Lloyd Gillingham,David Lloyd Gillingham,"Featherby Rd, Gillingham",ME8 6DE,Gillingham,United Kingdom,,51.3705931,0.5732397,READY_TO_IMPORT,VERIFIED_CURRENT,ok,official_maps_q,https://www.davidlloyd.co.uk/clubs/gillingham/,https://www.davidlloyd.co.uk/clubs/gillingham/,,,official_json_ld; phase2_maps_q; postcode_from_osm_at_official_coords; phase2_coord_recovery_official
gb_aaf796f611,David Lloyd,David Lloyd Glasgow Renfrew,David Lloyd Glasgow Renfrew,"Cockleshill Park, Arkleston Road, Renfrew, Renfrewshire",PA4 0RA,Glasgow Renfrew,United Kingdom,Scotland,55.8619109,-4.407427,READY_TO_IMPORT,VERIFIED_CURRENT,failed,official_maps_embed,https://www.davidlloyd.co.uk/clubs/glasgow-renfrew/,https://www.davidlloyd.co.uk/clubs/glasgow-renfrew/,,,official_json_ld; phase2_maps_q
gb_452f6e2e48,David Lloyd,David Lloyd Glasgow Rouken Glen,David Lloyd Glasgow Rouken Glen,"2 Stewarton Road, Glasgow",G46 7UY,Glasgow Rouken Glen,United Kingdom,Scotland,55.799028,-4.323544,READY_TO_IMPORT,VERIFIED_CURRENT,ok,nominatim,https://www.davidlloyd.co.uk/clubs/glasgow-rouken-glen/,https://www.davidlloyd.co.uk/clubs/glasgow-rouken-glen/,,,official_json_ld
gb_4700eaa01b,David Lloyd,David Lloyd Glasgow West End,David Lloyd Glasgow West End,"242 Netherton Road, Anniesland",G13 1BJ,Glasgow West End,United Kingdom,Scotland,55.8979819,-4.3256711,READY_TO_IMPORT,VERIFIED_CURRENT,failed,official_maps_embed,https://www.davidlloyd.co.uk/clubs/glasgow-west-end/,https://www.davidlloyd.co.uk/clubs/glasgow-west-end/,,,official_json_ld; phase2_maps_q
gb_d1f3d0bab5,David Lloyd,David Lloyd Gloucester,David Lloyd Gloucester,"Delta Way, Gloucester Business Park, Brockworth, Gloucester",GL3 4BJ,Gloucester,United Kingdom,England,51.8475374,-2.1707232,READY_TO_IMPORT,VERIFIED_CURRENT,suspicious,official_maps_embed,https://www.davidlloyd.co.uk/clubs/gloucester/,https://www.davidlloyd.co.uk/clubs/gloucester/,,,official_json_ld; soft_postal; phase2_maps_q
gb_b14c0438f1,David Lloyd,David Lloyd Hamilton,David Lloyd Hamilton,"Mote Hill, Hamilton",ML3 6BY,Hamilton,United Kingdom,Scotland,55.7813536,-4.0360084,READY_TO_IMPORT,VERIFIED_CURRENT,ambiguous,official_maps_embed,https://www.davidlloyd.co.uk/clubs/hamilton/,https://www.davidlloyd.co.uk/clubs/hamilton/,,,official_json_ld; phase2_maps_q
gb_3608629ea8,David Lloyd,David Lloyd Hampton,David Lloyd Hampton,"Staines Road, Hampton, Middlesex",TW2 5JD,Hampton,United Kingdom,England,51.438079,-0.3681089,READY_TO_IMPORT,VERIFIED_CURRENT,failed,official_maps_embed,https://www.davidlloyd.co.uk/clubs/hampton/,https://www.davidlloyd.co.uk/clubs/hampton/,,,official_json_ld; phase2_maps_q
gb_2708978428,David Lloyd,David Lloyd Harlow,David Lloyd Harlow,"Newhall Way, Harlow Innovation Park, Harlow",CM17 9LX,Harlow,United Kingdom,England,51.774995,0.130918,READY_TO_IMPORT,VERIFIED_CURRENT,suspicious,official_maps_embed,https://www.davidlloyd.co.uk/clubs/harlow/,https://www.davidlloyd.co.uk/clubs/harlow/,,,official_json_ld; soft_postal; phase2_maps_q
gb_b9b933ddd5,David Lloyd,David Lloyd Harrogate,David Lloyd Harrogate,"Oakdale Place, Harrogate, North Yorkshire",HG1 2LA,Harrogate,United Kingdom,England,54.0010777,-1.5533496,READY_TO_IMPORT,VERIFIED_CURRENT,ok,official_maps_embed,https://www.davidlloyd.co.uk/clubs/harrogate/,https://www.davidlloyd.co.uk/clubs/harrogate/,,,official_json_ld; phase2_maps_q
gb_a42bf7016c,David Lloyd,David Lloyd Hatfield,David Lloyd Hatfield,"The Hangar, Hatfield Business Park, Hatfield, Hertfordshire",AL10 9AX,Hatfield,United Kingdom,England,51.7655922,-0.2438239,READY_TO_IMPORT,VERIFIED_CURRENT,ok,official_maps_embed,https://www.davidlloyd.co.uk/clubs/hatfield/,https://www.davidlloyd.co.uk/clubs/hatfield/,,,official_json_ld; phase2_maps_q
gb_236b6e869d,David Lloyd,David Lloyd Herne Bay,David Lloyd Herne Bay,"The Boulevard, Altira Park, Herne Bay",CT6 6GZ,Herne Bay,United Kingdom,England,51.36243415193306,1.148139230037393,READY_TO_IMPORT,VERIFIED_CURRENT,failed,official_maps_embed,https://www.davidlloyd.co.uk/clubs/herne-bay/,https://www.davidlloyd.co.uk/clubs/herne-bay/,,,official_json_ld; phase2_maps_q
gb_df1f790857,David Lloyd,David Lloyd Heston,David Lloyd Heston,"Southall Lane, Hounslow, Middlesex",TW5 9PE,Heston,United Kingdom,England,51.4936493,-0.4019602,READY_TO_IMPORT,VERIFIED_CURRENT,failed,official_maps_embed,https://www.davidlloyd.co.uk/clubs/heston/,https://www.davidlloyd.co.uk/clubs/heston/,,,official_json_ld; phase2_maps_q
gb_f167c40eab,David Lloyd,David Lloyd Hull,David Lloyd Hull,"Raich Carter Way, Kingston Upon Hull, East Yorkshire",HU7 3DB,Hull,United Kingdom,England,53.792817,-0.357588,READY_TO_IMPORT,VERIFIED_CURRENT,ok,nominatim,https://www.davidlloyd.co.uk/clubs/hull/,https://www.davidlloyd.co.uk/clubs/hull/,,,official_json_ld
gb_28abde5b30,David Lloyd,David Lloyd Ipswich,David Lloyd Ipswich,"Ransomes Europark, The Havens, Ipswich",IP3 9SJ,Ipswich,United Kingdom,England,52.027322,1.213527,READY_TO_IMPORT,VERIFIED_CURRENT,ok,nominatim,https://www.davidlloyd.co.uk/clubs/ipswich/,https://www.davidlloyd.co.uk/clubs/ipswich/,,,official_json_ld
gb_3e435e42b5,David Lloyd,David Lloyd Kensington,David Lloyd Kensington,"Point West, 116 Cromwell Road, London",SW7 4XR,Kensington,United Kingdom,England,51.495194,-0.187218,READY_TO_IMPORT,VERIFIED_CURRENT,ok,nominatim,https://www.davidlloyd.co.uk/clubs/kensington/,https://www.davidlloyd.co.uk/clubs/kensington/,,,official_json_ld
gb_b40b853432,David Lloyd,David Lloyd Kettering,David Lloyd Kettering,"Hanwood Park Avenue, Kettering, Northamptonshire",NN15 6FQ,Kettering,United Kingdom,England,52.37803428945886,-0.6808141423278535,READY_TO_IMPORT,VERIFIED_CURRENT,ambiguous,official_maps_embed,https://www.davidlloyd.co.uk/clubs/kettering/,https://www.davidlloyd.co.uk/clubs/kettering/,,,official_json_ld; phase2_maps_q
gb_39ffa2f075,David Lloyd,David Lloyd Kidbrooke Village,David Lloyd Kidbrooke Village,"Kidbrooke Park Road, Corner of Weigall Road, London",SE12 8HG,Kidbrooke Village,United Kingdom,England,51.45874,0.026309,READY_TO_IMPORT,VERIFIED_CURRENT,failed,official_maps_embed,https://www.davidlloyd.co.uk/clubs/kidbrooke-village/,https://www.davidlloyd.co.uk/clubs/kidbrooke-village/,,,official_json_ld; phase2_maps_q
gb_a9ca3c51ca,David Lloyd,David Lloyd Kings Hill,David Lloyd Kings Hill,"21 Kings Hill Avenue, West Malling, Kent",ME19 4UA,Kings Hill,United Kingdom,England,51.2763534,0.3925844,READY_TO_IMPORT,VERIFIED_CURRENT,failed,official_maps_embed,https://www.davidlloyd.co.uk/clubs/kings-hill/,https://www.davidlloyd.co.uk/clubs/kings-hill/,,,official_json_ld; phase2_maps_q
gb_5a9e507a10,David Lloyd,David Lloyd Kingston,David Lloyd Kingston,"2nd Floor The Rotunda, Clarence Street, Kingston upon Thames, Surrey",KT1 1QJ,Kingston,United Kingdom,England,51.41163170000001,-0.2992154,READY_TO_IMPORT,VERIFIED_CURRENT,failed,official_maps_embed,https://www.davidlloyd.co.uk/clubs/kingston/,https://www.davidlloyd.co.uk/clubs/kingston/,,,official_json_ld; phase2_maps_q
gb_0de750ae11,David Lloyd,David Lloyd Leeds,David Lloyd Leeds,"Tongue Lane, Moortown, Leeds, West Yorkshire",LS6 4QW,Leeds,United Kingdom,England,53.84288,-1.555642,READY_TO_IMPORT,VERIFIED_CURRENT,ok,nominatim,https://www.davidlloyd.co.uk/clubs/leeds/,https://www.davidlloyd.co.uk/clubs/leeds/,,,official_json_ld
gb_866290536e,David Lloyd,David Lloyd Leicester Meridian,David Lloyd Leicester Meridian,"Meridian Leisure Park, Lubbesthorpe Way, Leicester",LE19 1JZ,Leicester Meridian,United Kingdom,England,52.612469,-1.188546,READY_TO_IMPORT,VERIFIED_CURRENT,ok,nominatim,https://www.davidlloyd.co.uk/clubs/leicester-meridian/,https://www.davidlloyd.co.uk/clubs/leicester-meridian/,,,official_json_ld
gb_d9f676c9c1,David Lloyd,David Lloyd Leicester Narborough,David Lloyd Leicester Narborough,"Carlton Park, Narborough, Leicester, Leicestershire",LE19 0LF,Leicester Narborough,United Kingdom,England,52.5804295,-1.2073013,READY_TO_IMPORT,VERIFIED_CURRENT,failed,official_maps_embed,https://www.davidlloyd.co.uk/clubs/leicester-narborough/,https://www.davidlloyd.co.uk/clubs/leicester-narborough/,,,official_json_ld; phase2_maps_q
gb_a314262b7c,David Lloyd,David Lloyd Lichfield,David Lloyd Lichfield,"Wall Island, Birmingham Road, Shenstone, Lichfield",WS14 0QP,Lichfield,United Kingdom,England,52.652641,-1.8348122,READY_TO_IMPORT,VERIFIED_CURRENT,failed,official_maps_embed,https://www.davidlloyd.co.uk/clubs/lichfield/,https://www.davidlloyd.co.uk/clubs/lichfield/,,,official_json_ld; phase2_maps_q
gb_e4abc7c3b8,David Lloyd,David Lloyd Lincoln,David Lloyd Lincoln,"Burton Waters, Woodcock Lane, Lincoln, Lincolnshire",LN1 2BE,Lincoln,United Kingdom,England,53.252317,-0.602579,READY_TO_IMPORT,VERIFIED_CURRENT,suspicious,nominatim,https://www.davidlloyd.co.uk/clubs/lincoln/,https://www.davidlloyd.co.uk/clubs/lincoln/,,,official_json_ld; soft_postal
gb_daeb28608e,David Lloyd,David Lloyd Liverpool Knowsley,David Lloyd Liverpool Knowsley,"Arbour Lane, Liverpool",L33 7ET,Liverpool Knowsley,United Kingdom,England,53.477239,-2.869655,READY_TO_IMPORT,VERIFIED_CURRENT,ok,nominatim,https://www.davidlloyd.co.uk/clubs/liverpool-knowsley/,https://www.davidlloyd.co.uk/clubs/liverpool-knowsley/,,,official_json_ld
gb_45600a3360,David Lloyd,David Lloyd Liverpool Speke,David Lloyd Liverpool Speke,"6 The Aerodrome, Liverpool, Merseyside",L24 8QD,Liverpool Speke,United Kingdom,England,53.34826690000001,-2.8831286,READY_TO_IMPORT,VERIFIED_CURRENT,failed,official_maps_embed,https://www.davidlloyd.co.uk/clubs/liverpool-speke/,https://www.davidlloyd.co.uk/clubs/liverpool-speke/,,,official_json_ld; phase2_maps_q
gb_3e54b85868,David Lloyd,David Lloyd Luton,David Lloyd Luton,"910 Capability Green, Luton, Bedfordshire",LU1 3LU,Luton,United Kingdom,England,51.8675434,-0.40948,READY_TO_IMPORT,VERIFIED_CURRENT,failed,official_maps_embed,https://www.davidlloyd.co.uk/clubs/luton/,https://www.davidlloyd.co.uk/clubs/luton/,,,official_json_ld; phase2_maps_q
gb_1701dfa970,David Lloyd,David Lloyd Maidenhead,David Lloyd Maidenhead,"Grenfell Island, Grenfell Place, Maidenhead, Berkshire",SL6 1HJ,Maidenhead,United Kingdom,England,51.520174,-0.7230624,READY_TO_IMPORT,VERIFIED_CURRENT,failed,official_maps_embed,https://www.davidlloyd.co.uk/clubs/maidenhead/,https://www.davidlloyd.co.uk/clubs/maidenhead/,,,official_json_ld; phase2_maps_q
gb_a541a05cd6,David Lloyd,David Lloyd Manchester North,David Lloyd Manchester North,"Heywood Old Road, Manchester",M24 4TH,Manchester North,United Kingdom,England,53.5558148,-2.2366228,READY_TO_IMPORT,VERIFIED_CURRENT,failed,official_maps_embed,https://www.davidlloyd.co.uk/clubs/manchester-north/,https://www.davidlloyd.co.uk/clubs/manchester-north/,,,official_json_ld; phase2_maps_q
gb_76fb02db0f,David Lloyd,David Lloyd Manchester Trafford City,David Lloyd Manchester Trafford City,"Barton Embankment, Trafford City, Manchester",M17 8RH,Manchester Trafford City,United Kingdom,England,53.4702067,-2.3586689,READY_TO_IMPORT,VERIFIED_CURRENT,failed,official_maps_embed,https://www.davidlloyd.co.uk/clubs/manchester-trafford-city/,https://www.davidlloyd.co.uk/clubs/manchester-trafford-city/,,,official_json_ld; phase2_maps_q
gb_c0d86b1b73,David Lloyd,David Lloyd Milton Keynes,David Lloyd Milton Keynes,"Livingstone Drive, Newlands, Milton Keynes, Buckinghamshire",MK15 0DL,Milton Keynes,United Kingdom,England,52.052786,-0.733436,READY_TO_IMPORT,VERIFIED_CURRENT,ok,nominatim,https://www.davidlloyd.co.uk/clubs/milton-keynes/,https://www.davidlloyd.co.uk/clubs/milton-keynes/,,,official_json_ld
gb_1191647232,David Lloyd,David Lloyd Newbury,David Lloyd Newbury,"Monks Lane, Newbury",RG14 7RW,Newbury,United Kingdom,England,51.3826649,-1.335662,READY_TO_IMPORT,VERIFIED_CURRENT,ambiguous,official_maps_embed,https://www.davidlloyd.co.uk/clubs/newbury/,https://www.davidlloyd.co.uk/clubs/newbury/,,,official_json_ld; phase2_maps_q
gb_9b954606a4,David Lloyd,David Lloyd Newcastle,David Lloyd Newcastle,"Castle Farm Road, South Gosforth, Newcastle",NE3 1SN,Newcastle,United Kingdom,England,55.001345,-1.599185,READY_TO_IMPORT,VERIFIED_CURRENT,ok,nominatim,https://www.davidlloyd.co.uk/clubs/newcastle/,https://www.davidlloyd.co.uk/clubs/newcastle/,,,official_json_ld
gb_f4e57a2590,David Lloyd,David Lloyd Northwood,David Lloyd Northwood,"Ducks Hill Road, Northwood, London",HA6 2DR,Northwood,United Kingdom,England,,,NEEDS_COORDINATES,VERIFIED_CURRENT,failed,,https://www.davidlloyd.co.uk/clubs/northwood/,https://www.davidlloyd.co.uk/clubs/northwood/,,,official_json_ld
gb_f12f754df2,David Lloyd,David Lloyd Norwich,David Lloyd Norwich,"Drayton High Road, Drayton, Norwich",NR6 5DU,Norwich,United Kingdom,England,52.65195139999999,1.2617284,READY_TO_IMPORT,VERIFIED_CURRENT,failed,official_maps_embed,https://www.davidlloyd.co.uk/clubs/norwich/,https://www.davidlloyd.co.uk/clubs/norwich/,,,official_json_ld; phase2_maps_q
gb_f204b9d15e,David Lloyd,David Lloyd Notting Hill,David Lloyd Notting Hill,"1 Alfred Road, London",W2 5EU,Notting Hill,United Kingdom,England,51.5208435,-0.1940686,READY_TO_IMPORT,VERIFIED_CURRENT,ok,official_maps_embed,https://www.davidlloyd.co.uk/clubs/notting-hill/,https://www.davidlloyd.co.uk/clubs/notting-hill/,,,official_json_ld; phase2_maps_q
gb_9aff5be701,David Lloyd,David Lloyd Nottingham,David Lloyd Nottingham,"Aspley Lane, Nottingham, Nottinghamshire",NG8 5AR,Nottingham,United Kingdom,England,52.966555,-1.188891,READY_TO_IMPORT,VERIFIED_CURRENT,ok,nominatim,https://www.davidlloyd.co.uk/clubs/nottingham/,https://www.davidlloyd.co.uk/clubs/nottingham/,,,official_json_ld
gb_dc6eaff75b,David Lloyd,David Lloyd Nottingham West Bridgford,David Lloyd Nottingham West Bridgford,"Rugby Rd, West Bridgford, Nottingham, Nottinghamshire",NG2 7HX,Nottingham West Bridgford,United Kingdom,England,52.925679,-1.143595,READY_TO_IMPORT,VERIFIED_CURRENT,ok,nominatim,https://www.davidlloyd.co.uk/clubs/nottingham-west-bridgford/,https://www.davidlloyd.co.uk/clubs/nottingham-west-bridgford/,,,official_json_ld
gb_2fb4f690eb,David Lloyd,David Lloyd Oxford,David Lloyd Oxford,"Oxford Business Park North, Garsington Rd, Cowley, Oxford",OX4 2JY,Oxford,United Kingdom,England,51.7314386,-1.2038068,READY_TO_IMPORT,VERIFIED_CURRENT,failed,official_maps_embed,https://www.davidlloyd.co.uk/clubs/oxford/,https://www.davidlloyd.co.uk/clubs/oxford/,,,official_json_ld; phase2_maps_q
gb_7c01022111,David Lloyd,David Lloyd Peterborough,David Lloyd Peterborough,"Thorpe Wood, Peterborough",PE3 6SB,Peterborough,United Kingdom,England,52.5688667,-0.3012051,READY_TO_IMPORT,VERIFIED_CURRENT,suspicious,official_maps_embed,https://www.davidlloyd.co.uk/clubs/peterborough/,https://www.davidlloyd.co.uk/clubs/peterborough/,,,official_json_ld; soft_postal; phase2_maps_q
gb_81a6bd53f6,David Lloyd,David Lloyd Poole,David Lloyd Poole,"24 Cabot Lane, Poole",BH17 7BX,Poole,United Kingdom,England,50.7443883,-1.9905006,READY_TO_IMPORT,VERIFIED_CURRENT,ambiguous,official_maps_embed,https://www.davidlloyd.co.uk/clubs/poole/,https://www.davidlloyd.co.uk/clubs/poole/,,,official_json_ld; phase2_maps_q
gb_9577ee7faa,David Lloyd,David Lloyd Port Solent,David Lloyd Port Solent,"The Boardwalk, Port Solent, Portsmouth",PO6 4TP,Port Solent,United Kingdom,England,50.840528,-1.097929,READY_TO_IMPORT,VERIFIED_CURRENT,ok,official_maps_embed,https://www.davidlloyd.co.uk/clubs/port-solent/,https://www.davidlloyd.co.uk/clubs/port-solent/,,,official_json_ld; phase2_maps_q
gb_1eac1f68ce,David Lloyd,David Lloyd Purley,David Lloyd Purley,"Hannibal Way, Croydon, Surrey",CR0 4RW,Purley,United Kingdom,England,51.3577884,-0.124404,READY_TO_IMPORT,VERIFIED_CURRENT,failed,official_maps_embed,https://www.davidlloyd.co.uk/clubs/purley/,https://www.davidlloyd.co.uk/clubs/purley/,,,official_json_ld; phase2_maps_q
gb_8ff4a00f2e,David Lloyd,David Lloyd Raynes Park,David Lloyd Raynes Park,"Bushey Road, Raynes Park, London",SW20 8TE,Raynes Park,United Kingdom,England,51.4059884,-0.2225384,READY_TO_IMPORT,VERIFIED_CURRENT,ok,official_maps_embed,https://www.davidlloyd.co.uk/clubs/raynes-park/,https://www.davidlloyd.co.uk/clubs/raynes-park/,,,official_json_ld; phase2_maps_q
gb_57699b2c0a,David Lloyd,David Lloyd Reading,David Lloyd Reading,"1 Thames Valley Park Drive, Thames Valley Business Park, Reading, Berkshire",RG6 1PT,Reading,United Kingdom,England,51.462227,-0.932145,READY_TO_IMPORT,VERIFIED_CURRENT,ok,nominatim,https://www.davidlloyd.co.uk/clubs/reading/,https://www.davidlloyd.co.uk/clubs/reading/,,,official_json_ld
gb_c17c1a70f6,David Lloyd,David Lloyd Ringwood,David Lloyd Ringwood,"242 Christchurch Road, Ringwood",BH24 3AS,Ringwood,United Kingdom,England,50.8373503,-1.784347,READY_TO_IMPORT,VERIFIED_CURRENT,ok,official_maps_embed,https://www.davidlloyd.co.uk/clubs/ringwood/,https://www.davidlloyd.co.uk/clubs/ringwood/,,,official_json_ld; phase2_maps_q
gb_35e62cd4cc,David Lloyd,David Lloyd Royal Berkshire,David Lloyd Royal Berkshire,"Nine Mile Ride, Bracknell",RG12 7PB,Royal Berkshire,United Kingdom,England,51.389224,-0.742002,READY_TO_IMPORT,VERIFIED_CURRENT,suspicious,nominatim,https://www.davidlloyd.co.uk/clubs/royal-berkshire/,https://www.davidlloyd.co.uk/clubs/royal-berkshire/,,,official_json_ld; soft_postal
gb_99da19ae04,David Lloyd,David Lloyd Rugby,David Lloyd Rugby,"Crick Road, Rugby",CV23 0AB,Rugby,United Kingdom,England,52.3554199,-1.1826812,READY_TO_IMPORT,VERIFIED_CURRENT,ambiguous,official_maps_embed,https://www.davidlloyd.co.uk/clubs/rugby/,https://www.davidlloyd.co.uk/clubs/rugby/,,,official_json_ld; phase2_maps_q
gb_1b6881be9b,David Lloyd,David Lloyd Shrewsbury,David Lloyd Shrewsbury,"David Lloyd Club Shrewsbury, Sundorne Road, Shrewsbury",SY1 4RG,Shrewsbury,United Kingdom,England,52.727484,-2.710987,READY_TO_IMPORT,VERIFIED_CURRENT,ok,official_maps_embed,https://www.davidlloyd.co.uk/clubs/shrewsbury/,https://www.davidlloyd.co.uk/clubs/shrewsbury/,,,official_json_ld; phase2_maps_q
gb_e41a77526d,David Lloyd,David Lloyd Sidcup,David Lloyd Sidcup,"Baugh Road, Rectory Lane, Sidcup, Kent",DA14 5ED,Sidcup,United Kingdom,England,51.42225,0.115954,READY_TO_IMPORT,VERIFIED_CURRENT,ok,nominatim,https://www.davidlloyd.co.uk/clubs/sidcup/,https://www.davidlloyd.co.uk/clubs/sidcup/,,,official_json_ld
gb_0def0cc3ea,David Lloyd,David Lloyd Solihull Cranmore,David Lloyd Solihull Cranmore,"247 Cranmore Boulevard, Shirley, Solihull, West Midlands",B90 4ZL,Solihull Cranmore,United Kingdom,England,52.39560729999999,-1.8094884,READY_TO_IMPORT,VERIFIED_CURRENT,failed,official_maps_embed,https://www.davidlloyd.co.uk/clubs/solihull-cranmore/,https://www.davidlloyd.co.uk/clubs/solihull-cranmore/,,,official_json_ld; phase2_maps_q
gb_d3f3e2b3c6,David Lloyd,David Lloyd Southampton,David Lloyd Southampton,"Off Browhill Way, Frogmore Lane, Southampton, Hampshire",SO16 0XS,Southampton,United Kingdom,England,50.9344269,-1.4637602,READY_TO_IMPORT,VERIFIED_CURRENT,failed,official_maps_embed,https://www.davidlloyd.co.uk/clubs/southampton/,https://www.davidlloyd.co.uk/clubs/southampton/,,,official_json_ld; phase2_maps_q
gb_ae2b6e5b3f,David Lloyd,David Lloyd Southampton West End,David Lloyd Southampton West End,"Botley Road, West End",SO30 3XA,Southampton West End,United Kingdom,England,50.9228506,-1.3031547,READY_TO_IMPORT,VERIFIED_CURRENT,failed,official_maps_embed,https://www.davidlloyd.co.uk/clubs/southampton-west-end/,https://www.davidlloyd.co.uk/clubs/southampton-west-end/,,,official_json_ld; phase2_maps_q
gb_f1475e88dd,David Lloyd,David Lloyd Southend,David Lloyd Southend,"Snakes Lane, Southend on Sea, Essex",SS2 6XT,Southend,United Kingdom,England,51.5645325,0.6678264,READY_TO_IMPORT,VERIFIED_CURRENT,ambiguous,official_maps_embed,https://www.davidlloyd.co.uk/clubs/southend/,https://www.davidlloyd.co.uk/clubs/southend/,,,official_json_ld; phase2_maps_q
gb_c9632fbc58,David Lloyd,David Lloyd St Neots,David Lloyd St Neots,"Nuffield Road, St Neots",PE19 0AA,St Neots,United Kingdom,England,52.223805,-0.24826,READY_TO_IMPORT,VERIFIED_CURRENT,ok,official_maps_embed,https://www.davidlloyd.co.uk/clubs/st-neots/,https://www.davidlloyd.co.uk/clubs/st-neots/,,,official_json_ld; phase2_maps_q
gb_2eada767c3,David Lloyd,David Lloyd Stevenage,David Lloyd Stevenage,"Stevenage Leisure Park, Kingsway, Stevenage, Hertfordshire",SG1 2UA,Stevenage,United Kingdom,England,51.899391,-0.209338,READY_TO_IMPORT,VERIFIED_CURRENT,ok,nominatim,https://www.davidlloyd.co.uk/clubs/stevenage/,https://www.davidlloyd.co.uk/clubs/stevenage/,,,official_json_ld
gb_ceced00d7d,David Lloyd,David Lloyd Sudbury Hill,David Lloyd Sudbury Hill,"Greenford Road, Greenford, Middlesex",UB6 0HX,Sudbury Hill,United Kingdom,England,51.5567517,-0.3359298,READY_TO_IMPORT,VERIFIED_CURRENT,suspicious,official_maps_embed,https://www.davidlloyd.co.uk/clubs/sudbury-hill/,https://www.davidlloyd.co.uk/clubs/sudbury-hill/,,,official_json_ld; soft_postal; phase2_maps_q
gb_a0bd234af5,David Lloyd,David Lloyd Sunderland,David Lloyd Sunderland,"3 Camberwell Way, Doxford Park, Sunderland, Tyne & Wear",SR3 3XN,Sunderland,United Kingdom,England,54.861743,-1.432615,READY_TO_IMPORT,VERIFIED_CURRENT,ok,nominatim,https://www.davidlloyd.co.uk/clubs/sunderland/,https://www.davidlloyd.co.uk/clubs/sunderland/,,,official_json_ld
gb_66b5e6bce8,David Lloyd,David Lloyd Swansea,David Lloyd Swansea,"Llandarcy, Neath",SA10 6GZ,Swansea,United Kingdom,Wales,51.6476959,-3.8500589,READY_TO_IMPORT,VERIFIED_CURRENT,failed,official_maps_embed,https://www.davidlloyd.co.uk/clubs/swansea/,https://www.davidlloyd.co.uk/clubs/swansea/,,,official_json_ld; phase2_maps_q
gb_85436c63ee,David Lloyd,David Lloyd Swindon,David Lloyd Swindon,"Latham Road, Blunsdon, Swindon",SN25 4DL,Swindon,United Kingdom,England,51.604042,-1.783859,READY_TO_IMPORT,VERIFIED_CURRENT,ok,nominatim,https://www.davidlloyd.co.uk/clubs/swindon/,https://www.davidlloyd.co.uk/clubs/swindon/,,,official_json_ld
gb_6fe2f4d78b,David Lloyd,David Lloyd Teesside,David Lloyd Teesside,"Tees Barrage Way, Thornaby, Stockton-on-Tees, Cleveland",TS17 6QA,Teesside,United Kingdom,England,54.5649823,-1.2867864,READY_TO_IMPORT,VERIFIED_CURRENT,failed,official_maps_embed,https://www.davidlloyd.co.uk/clubs/teesside/,https://www.davidlloyd.co.uk/clubs/teesside/,,,official_json_ld; phase2_maps_q
gb_397cfd22d0,David Lloyd,David Lloyd Warrington,David Lloyd Warrington,"Cromwell Avenue South, Great Sankey, Warrington, Cheshire",WA5 1HH,Warrington,United Kingdom,England,53.3870105,-2.6248428,READY_TO_IMPORT,VERIFIED_CURRENT,failed,official_maps_embed,https://www.davidlloyd.co.uk/clubs/warrington/,https://www.davidlloyd.co.uk/clubs/warrington/,,,official_json_ld; phase2_maps_q
gb_57103ee865,David Lloyd,David Lloyd Weybridge Brooklands,David Lloyd Weybridge Brooklands,"Brooklands Road, Weybridge, Surrey",KT13 0BD,Weybridge Brooklands,United Kingdom,England,51.3468063,-0.4626134,READY_TO_IMPORT,VERIFIED_CURRENT,failed,official_maps_embed,https://www.davidlloyd.co.uk/clubs/weybridge-brooklands/,https://www.davidlloyd.co.uk/clubs/weybridge-brooklands/,,,official_json_ld; phase2_maps_q
gb_b3581c93eb,David Lloyd,David Lloyd Wickwoods,David Lloyd Wickwoods,"Shaves Wood Lane, Albourne, Nr Hassocks, West Sussex",BN6 9DY,Wickwoods,United Kingdom,England,50.9193499,-0.2230678,READY_TO_IMPORT,VERIFIED_CURRENT,failed,official_maps_embed,https://www.davidlloyd.co.uk/clubs/wickwoods/,https://www.davidlloyd.co.uk/clubs/wickwoods/,,,official_json_ld; phase2_maps_q
gb_8d43736220,David Lloyd,David Lloyd Woking,David Lloyd Woking,"Westfield Avenue, Old Woking, Woking",GU22 9PF,Woking,United Kingdom,England,51.3048743,-0.5603824,READY_TO_IMPORT,VERIFIED_CURRENT,ambiguous,official_maps_embed,https://www.davidlloyd.co.uk/clubs/woking/,https://www.davidlloyd.co.uk/clubs/woking/,,,official_json_ld; phase2_maps_q
gb_35e95bdcf4,David Lloyd,David Lloyd Worcester,David Lloyd Worcester,"Warriors Way, Hindlip, Worcester",WR3 8ZE,Worcester,United Kingdom,England,52.2169853,-2.1617421,READY_TO_IMPORT,VERIFIED_CURRENT,failed,official_maps_embed,https://www.davidlloyd.co.uk/clubs/worcester/,https://www.davidlloyd.co.uk/clubs/worcester/,,,official_json_ld; phase2_maps_q
gb_f1756501f4,David Lloyd,David Lloyd Worthing,David Lloyd Worthing,"Romany Road, Worthing",BN13 3DL,Worthing,United Kingdom,England,50.8266719,-0.4294783,READY_TO_IMPORT,VERIFIED_CURRENT,ambiguous,official_maps_embed,https://www.davidlloyd.co.uk/clubs/worthing/,https://www.davidlloyd.co.uk/clubs/worthing/,,,official_json_ld; phase2_maps_q
gb_dd409c9271,David Lloyd,David Lloyd Yeovil,David Lloyd Yeovil,"Bunford Park, Yeovil, Somerset",BA20 2HT,Yeovil,United Kingdom,England,50.9345868,-2.6674064,READY_TO_IMPORT,VERIFIED_CURRENT,failed,official_maps_embed,https://www.davidlloyd.co.uk/clubs/yeovil/,https://www.davidlloyd.co.uk/clubs/yeovil/,,,official_json_ld; phase2_maps_q
gb_b37f9f7b99,David Lloyd,David Lloyd York,David Lloyd York,"St John's Playing Field, Hull Road, York",YO10 3LG,York,United Kingdom,England,53.9538099,-1.0441468,READY_TO_IMPORT,VERIFIED_CURRENT,failed,official_maps_embed,https://www.davidlloyd.co.uk/clubs/york/,https://www.davidlloyd.co.uk/clubs/york/,,,official_json_ld; phase2_maps_q
gb_7f03c597c1,easyGym,easyGym Locations,easyGym Locations,"60A Denmark Hill, Camberwell",SE5 8RZ,Locations,United Kingdom,England,51.473443,-0.093118,READY_TO_IMPORT,VERIFIED_CURRENT,ok,nominatim,https://easygym.co.uk/locations/,https://easygym.co.uk/locations/,,,official_location_page; phase2; official_uk_clubs_page; phase2; international_clubs_excluded
gb_0a58466361,Energie Fitness,Energie Fitness Acton,Energie Fitness Acton,Joyce Court Bollo Bridge Rd,W3 8DR,Acton,United Kingdom,England,51.501794,-0.272236,READY_TO_IMPORT,VERIFIED_CURRENT,suspicious,nominatim,https://www.energiefitness.com/gym/acton,https://www.energiefitness.com/gym/acton,,,official_json_ld; ireland_and_reformer_filtered; soft_postal
gb_819269a482,Energie Fitness,Energie Fitness Archway,Energie Fitness Archway,646 Holloway Road,N19 3NU,Archway,United Kingdom,England,51.562452,-0.125928,READY_TO_IMPORT,VERIFIED_CURRENT,suspicious,nominatim,https://www.energiefitness.com/gym/archway,https://www.energiefitness.com/gym/archway,,,official_json_ld; ireland_and_reformer_filtered; soft_postal
gb_95b1c58b9f,Energie Fitness,Energie Fitness Ashford,Energie Fitness Ashford,40-42 Church Rd,TW15 2UY,Ashford,United Kingdom,England,51.433408,-0.46318,READY_TO_IMPORT,VERIFIED_CURRENT,ok,nominatim,https://www.energiefitness.com/gym/ashford,https://www.energiefitness.com/gym/ashford,,,official_json_ld; ireland_and_reformer_filtered
gb_817388d759,Energie Fitness,Energie Fitness Bedford,Energie Fitness Bedford,Horne Lane Harpur Centre,MK40 1TS,Bedford,United Kingdom,England,,,NEEDS_COORDINATES,VERIFIED_CURRENT,failed,,https://www.energiefitness.com/gym/bedford,https://www.energiefitness.com/gym/bedford,,,official_json_ld; ireland_and_reformer_filtered
gb_9550b2a219,Energie Fitness,Energie Fitness Bognor Regis,Energie Fitness Bognor Regis,8 Clock Park Shripney Rd,PO22 9NH,Bognor Regis,United Kingdom,England,,,COMING_SOON,COMING_SOON,,,https://www.energiefitness.com/gym/bognor-regis,https://www.energiefitness.com/gym/bognor-regis,,,official_json_ld; ireland_and_reformer_filtered
gb_a231b8d010,Energie Fitness,Energie Fitness Brentford,Energie Fitness Brentford,"Westgate House Great West Quarter, Ealing Road",,Brentford,United Kingdom,,,,NEEDS_REVIEW,VERIFIED_CURRENT,failed,,https://www.energiefitness.com/gym/brentford,https://www.energiefitness.com/gym/brentford,,,official_json_ld; ireland_and_reformer_filtered; truncated_official_postcode:TW8 0G
gb_5757d438db,Energie Fitness,Energie Fitness Bridgend,Energie Fitness Bridgend,21 Brackla Street Centre Brackla Street,CF31 1DD,Bridgend,United Kingdom,Wales,,,NEEDS_COORDINATES,VERIFIED_CURRENT,failed,,https://www.energiefitness.com/gym/bridgend,https://www.energiefitness.com/gym/bridgend,,,official_json_ld; ireland_and_reformer_filtered
gb_8b2e56a031,Energie Fitness,Energie Fitness Brighton,Energie Fitness Brighton,61-62 Western Rd,BN1 2HA,Brighton,United Kingdom,England,50.824123,-0.148893,READY_TO_IMPORT,VERIFIED_CURRENT,ok,nominatim,https://www.energiefitness.com/gym/brighton,https://www.energiefitness.com/gym/brighton,,,official_json_ld; ireland_and_reformer_filtered
gb_ee30cfcef4,Energie Fitness,Energie Fitness Brooklands,Energie Fitness Brooklands,10 The Square Brooklands Road,MK10 7NF,Brooklands,United Kingdom,England,,,NEEDS_COORDINATES,VERIFIED_CURRENT,failed,,https://www.energiefitness.com/gym/brooklands,https://www.energiefitness.com/gym/brooklands,,,official_json_ld; ireland_and_reformer_filtered
gb_097f1beb59,Energie Fitness,Energie Fitness Cardiff St Mellons,Energie Fitness Cardiff St Mellons,Building One Eastern Business Park Suite 3-8 Wern Fawr Lane,CF3 5EA,Cardiff,United Kingdom,Wales,,,NEEDS_COORDINATES,VERIFIED_CURRENT,failed,,https://www.energiefitness.com/gym/cardiff-st-mellons,https://www.energiefitness.com/gym/cardiff-st-mellons,,,official_json_ld; ireland_and_reformer_filtered
gb_4e29c6dbf5,Energie Fitness,Energie Fitness Chelmsford,Energie Fitness Chelmsford,Victoria Rd South,CM1 1LN,Chelmsford,United Kingdom,England,51.735481,0.469512,READY_TO_IMPORT,VERIFIED_CURRENT,ok,nominatim,https://www.energiefitness.com/gym/chelmsford,https://www.energiefitness.com/gym/chelmsford,,,official_json_ld; ireland_and_reformer_filtered
gb_885b773a8e,Energie Fitness,Energie Fitness Chingford,Energie Fitness Chingford,83 Chingford Mount Road,E4 8LU,Chingford,United Kingdom,England,51.611174,-0.018227,READY_TO_IMPORT,VERIFIED_CURRENT,suspicious,nominatim,https://www.energiefitness.com/gym/chingford,https://www.energiefitness.com/gym/chingford,,,official_json_ld; ireland_and_reformer_filtered; soft_postal
gb_638e792cf4,Energie Fitness,Energie Fitness Colchester,Energie Fitness Colchester,4 Stanway Retail Park Peartree Road,CO3 0LX,Colchester,United Kingdom,England,,,NEEDS_COORDINATES,VERIFIED_CURRENT,failed,,https://www.energiefitness.com/gym/colchester,https://www.energiefitness.com/gym/colchester,,,official_json_ld; ireland_and_reformer_filtered
gb_2cd6888fd2,Energie Fitness,Energie Fitness Cricklewood,Energie Fitness Cricklewood,23 Cricklewood Broadway,NW2 3JX,Cricklewood,United Kingdom,England,,,NEEDS_COORDINATES,VERIFIED_CURRENT,failed,,https://www.energiefitness.com/gym/cricklewood,https://www.energiefitness.com/gym/cricklewood,,,official_json_ld; ireland_and_reformer_filtered
gb_7582180ea0,Energie Fitness,Energie Fitness Deeside,Energie Fitness Deeside,Deeside Retail Park,CH5 1JJ,Deeside,United Kingdom,England,53.209429,-3.029582,READY_TO_IMPORT,VERIFIED_CURRENT,ok,nominatim,https://www.energiefitness.com/gym/deeside,https://www.energiefitness.com/gym/deeside,,,official_json_ld; ireland_and_reformer_filtered
gb_428ce17744,Energie Fitness,Energie Fitness Dumbarton,Energie Fitness Dumbarton,32 High St,G82 1LL,Dumbarton,United Kingdom,Scotland,55.943221,-4.569407,READY_TO_IMPORT,VERIFIED_CURRENT,ok,nominatim,https://www.energiefitness.com/gym/dumbarton,https://www.energiefitness.com/gym/dumbarton,,,official_json_ld; ireland_and_reformer_filtered
gb_2906c0c04c,Energie Fitness,Energie Fitness East Grinstead,Energie Fitness East Grinstead,115 London Rd,RH19 1EQ,East Grinstead,United Kingdom,England,51.126414,-0.010276,READY_TO_IMPORT,VERIFIED_CURRENT,ok,nominatim,https://www.energiefitness.com/gym/east-grinstead,https://www.energiefitness.com/gym/east-grinstead,,,official_json_ld; ireland_and_reformer_filtered
gb_f43c92ddac,Energie Fitness,Energie Fitness Eltham,Energie Fitness Eltham,99 Well Hall Road,SE9 6SU,Eltham,United Kingdom,England,51.459987,0.04919,READY_TO_IMPORT,VERIFIED_CURRENT,suspicious,nominatim,https://www.energiefitness.com/gym/eltham,https://www.energiefitness.com/gym/eltham,,,official_json_ld; ireland_and_reformer_filtered; soft_postal
gb_59728c6752,Energie Fitness,Energie Fitness Erith,Energie Fitness Erith,98 Erith High St,DA8 1TA,Erith,United Kingdom,England,51.480099,0.181114,READY_TO_IMPORT,VERIFIED_CURRENT,suspicious,nominatim,https://www.energiefitness.com/gym/erith,https://www.energiefitness.com/gym/erith,,,official_json_ld; ireland_and_reformer_filtered; soft_postal
gb_61eda20def,Energie Fitness,Energie Fitness Hampton Hill,Energie Fitness Hampton Hill,94-102 High St,TW12 1NY,Hampton Hill,United Kingdom,England,51.427631,-0.354723,READY_TO_IMPORT,VERIFIED_CURRENT,ok,nominatim,https://www.energiefitness.com/gym/hampton-hill,https://www.energiefitness.com/gym/hampton-hill,,,official_json_ld; ireland_and_reformer_filtered
gb_e9890b0ea3,Energie Fitness,Energie Fitness Hayes,Energie Fitness Hayes,20 Blyth Rd,UB3 1BY,Hayes,United Kingdom,England,51.503466,-0.421087,READY_TO_IMPORT,VERIFIED_CURRENT,suspicious,nominatim,https://www.energiefitness.com/gym/hayes,https://www.energiefitness.com/gym/hayes,,,official_json_ld; ireland_and_reformer_filtered; soft_postal
gb_87923cb45b,Energie Fitness,Energie Fitness High Wycombe,Energie Fitness High Wycombe,"6 Cliveden Office Village Lancaster Road, Cressex Business Park",HP12 3YZ,High Wycombe,United Kingdom,England,51.621597,-0.774459,READY_TO_IMPORT,VERIFIED_CURRENT,ok,nominatim,https://www.energiefitness.com/gym/high-wycombe,https://www.energiefitness.com/gym/high-wycombe,,,official_json_ld; ireland_and_reformer_filtered
gb_908bf8b6fc,Energie Fitness,Energie Fitness Highbury,Energie Fitness Highbury,555 Liverpool Road,N7 8NP,Highbury,United Kingdom,England,51.5504,-0.110585,READY_TO_IMPORT,VERIFIED_CURRENT,ok,nominatim,https://www.energiefitness.com/gym/highbury,https://www.energiefitness.com/gym/highbury,,,official_json_ld; ireland_and_reformer_filtered
gb_9c648d580c,Energie Fitness,Energie Fitness Hoddesdon,Energie Fitness Hoddesdon,110-114 High St,EN11 8HD,Hoddesdon,United Kingdom,England,51.760897,-0.011156,READY_TO_IMPORT,VERIFIED_CURRENT,ok,nominatim,https://www.energiefitness.com/gym/hoddesdon,https://www.energiefitness.com/gym/hoddesdon,,,official_json_ld; ireland_and_reformer_filtered
gb_efdeb5176b,Energie Fitness,Energie Fitness Hyde,Energie Fitness Hyde,Market St,SK14 1HE,Hyde,United Kingdom,England,53.446624,-2.073293,READY_TO_IMPORT,VERIFIED_CURRENT,ok,nominatim,https://www.energiefitness.com/gym/hyde,https://www.energiefitness.com/gym/hyde,,,official_json_ld; ireland_and_reformer_filtered
gb_72cdd8842c,Energie Fitness,Energie Fitness Inverurie,Energie Fitness Inverurie,Burghmuir Pl,AB51 4FW,Inverurie,United Kingdom,Scotland,57.286689,-2.398348,READY_TO_IMPORT,VERIFIED_CURRENT,ok,nominatim,https://www.energiefitness.com/gym/inverurie,https://www.energiefitness.com/gym/inverurie,,,official_json_ld; ireland_and_reformer_filtered
gb_dd34d15796,Energie Fitness,Energie Fitness Kettering,Energie Fitness Kettering,Tanners Gate Retail Park Northall Street,NN16 8AQ,Kettering,United Kingdom,England,,,NEEDS_COORDINATES,VERIFIED_CURRENT,failed,,https://www.energiefitness.com/gym/kettering,https://www.energiefitness.com/gym/kettering,,,official_json_ld; ireland_and_reformer_filtered
gb_cc5aa6f225,Energie Fitness,Energie Fitness Kilburn,Energie Fitness Kilburn,34a-36 Kilburn High Rd,NW6 5UA,Kilburn,United Kingdom,England,51.536956,-0.191837,READY_TO_IMPORT,VERIFIED_CURRENT,ok,nominatim,https://www.energiefitness.com/gym/kilburn,https://www.energiefitness.com/gym/kilburn,,,official_json_ld; ireland_and_reformer_filtered
gb_feecbce288,Energie Fitness,Energie Fitness Leighton Buzzard,Energie Fitness Leighton Buzzard,2 Leighton Rd,LU7 1LA,Leighton Buzzard,United Kingdom,England,51.916601,-0.670902,READY_TO_IMPORT,VERIFIED_CURRENT,suspicious,nominatim,https://www.energiefitness.com/gym/leighton-buzzard,https://www.energiefitness.com/gym/leighton-buzzard,,,official_json_ld; ireland_and_reformer_filtered; soft_postal
gb_c879353b0d,Energie Fitness,Energie Fitness Letchworth,Energie Fitness Letchworth,42-48 Eastcheap,SG6 3DD,Letchworth,United Kingdom,England,51.977756,-0.228281,READY_TO_IMPORT,VERIFIED_CURRENT,ok,nominatim,https://www.energiefitness.com/gym/letchworth,https://www.energiefitness.com/gym/letchworth,,,official_json_ld; ireland_and_reformer_filtered
gb_7cf822ea88,Energie Fitness,Energie Fitness Lichfield,Energie Fitness Lichfield,Three Spires Shopping Lichfield 6a Gresley Row,WS13 6JF,Lichfield,United Kingdom,England,52.682768,-1.82407,READY_TO_IMPORT,VERIFIED_CURRENT,ok,nominatim,https://www.energiefitness.com/gym/lichfield,https://www.energiefitness.com/gym/lichfield,,,official_json_ld; ireland_and_reformer_filtered
gb_fb392636ea,Energie Fitness,Energie Fitness Lincoln,Energie Fitness Lincoln,Flavian Rd,LN2 4GR,Lincoln,United Kingdom,England,53.252332,-0.517662,READY_TO_IMPORT,VERIFIED_CURRENT,ok,nominatim,https://www.energiefitness.com/gym/lincoln,https://www.energiefitness.com/gym/lincoln,,,official_json_ld; ireland_and_reformer_filtered
gb_099a422460,Energie Fitness,Energie Fitness Borough,Energie Fitness Borough,"Moonraker Point, 1 Pocock Street",SE1 0FN,London,United Kingdom,England,51.502485,-0.099983,READY_TO_IMPORT,VERIFIED_CURRENT,suspicious,nominatim,https://www.energiefitness.com/gym/borough,https://www.energiefitness.com/gym/borough,,,official_json_ld; ireland_and_reformer_filtered; soft_postal
gb_70c29a7580,Energie Fitness,Energie Fitness Homerton,Energie Fitness Homerton,68-82 Digby Rd,E9 6HX,London,United Kingdom,England,51.547531,-0.043954,READY_TO_IMPORT,VERIFIED_CURRENT,ok,nominatim,https://www.energiefitness.com/gym/homerton,https://www.energiefitness.com/gym/homerton,,,official_json_ld; ireland_and_reformer_filtered
gb_09d4bd1640,Energie Fitness,Energie Fitness Old Street,Energie Fitness Old Street,60-63 Bunhill Row Old Street,EC1Y 8QD,London,United Kingdom,England,51.524622,-0.090346,READY_TO_IMPORT,VERIFIED_CURRENT,ok,nominatim,https://www.energiefitness.com/gym/old-street,https://www.energiefitness.com/gym/old-street,,,official_json_ld; ireland_and_reformer_filtered
gb_806e2108b8,Energie Fitness,Energie Fitness Palmers Green,Energie Fitness Palmers Green,Broomfield Lane,N13 4EY,Palmers Green,United Kingdom,England,,,NEEDS_COORDINATES,VERIFIED_CURRENT,failed,,https://www.energiefitness.com/gym/palmers-green,https://www.energiefitness.com/gym/palmers-green,,,official_json_ld; ireland_and_reformer_filtered
gb_e4801e4899,Energie Fitness,Energie Fitness Pontypridd,Energie Fitness Pontypridd,79 Taff St,CF37 4SU,Pontypridd,United Kingdom,Wales,51.602238,-3.340257,READY_TO_IMPORT,VERIFIED_CURRENT,ok,nominatim,https://www.energiefitness.com/gym/pontypridd,https://www.energiefitness.com/gym/pontypridd,,,official_json_ld; ireland_and_reformer_filtered
gb_705ca5557a,Energie Fitness,Energie Fitness Putney,Energie Fitness Putney,85 Upper Richmond Rd,SW15 2FU,Putney,United Kingdom,England,51.459825,-0.212366,READY_TO_IMPORT,VERIFIED_CURRENT,ok,nominatim,https://www.energiefitness.com/gym/putney,https://www.energiefitness.com/gym/putney,,,official_json_ld; ireland_and_reformer_filtered
gb_131b76ffa6,Energie Fitness,Energie Fitness Sandhurst,Energie Fitness Sandhurst,392 Yorktown Road,GU47 0PU,Sandhurst,United Kingdom,England,,,NEEDS_COORDINATES,VERIFIED_CURRENT,failed,,https://www.energiefitness.com/gym/sandhurst,https://www.energiefitness.com/gym/sandhurst,,,official_json_ld; ireland_and_reformer_filtered
gb_53244c3e41,Energie Fitness,Energie Fitness Scunthorpe,Energie Fitness Scunthorpe,Mannaberg Way,DN15 8XF,Scunthorpe,United Kingdom,England,53.604195,-0.647596,READY_TO_IMPORT,VERIFIED_CURRENT,ok,nominatim,https://www.energiefitness.com/gym/scunthorpe,https://www.energiefitness.com/gym/scunthorpe,,,official_json_ld; ireland_and_reformer_filtered
gb_7d945eaa7b,Energie Fitness,Energie Fitness Thornton Heath,Energie Fitness Thornton Heath,Brigstock Rd,CR7 7JG,Thornton Heath,United Kingdom,England,51.398579,-0.099196,READY_TO_IMPORT,VERIFIED_CURRENT,ok,nominatim,https://www.energiefitness.com/gym/thornton-heath,https://www.energiefitness.com/gym/thornton-heath,,,official_json_ld; ireland_and_reformer_filtered
gb_8094c60770,Energie Fitness,Energie Fitness Tooting,Energie Fitness Tooting,15 Seacole Walk,SW17 0ZH,Tooting,United Kingdom,England,51.437502,-0.17145,READY_TO_IMPORT,VERIFIED_CURRENT,ok,nominatim,https://www.energiefitness.com/gym/tooting,https://www.energiefitness.com/gym/tooting,,,official_json_ld; ireland_and_reformer_filtered
gb_8bc37fcb63,Energie Fitness,Energie Fitness Tunbridge Wells,Energie Fitness Tunbridge Wells,5 N Farm Road,TN2 3DR,Tunbridge Wells,United Kingdom,England,,,NEEDS_COORDINATES,VERIFIED_CURRENT,failed,,https://www.energiefitness.com/gym/tunbridge-wells,https://www.energiefitness.com/gym/tunbridge-wells,,,official_json_ld; ireland_and_reformer_filtered
gb_6f3dfebbca,Energie Fitness,Energie Fitness Tunstall,Energie Fitness Tunstall,Scotia Rd,ST6 4HG,Tunstall,United Kingdom,England,53.054803,-2.202011,READY_TO_IMPORT,VERIFIED_CURRENT,suspicious,nominatim,https://www.energiefitness.com/gym/tunstall,https://www.energiefitness.com/gym/tunstall,,,official_json_ld; ireland_and_reformer_filtered; soft_postal
gb_3853c15e51,Energie Fitness,Energie Fitness Warrington,Energie Fitness Warrington,Maybrook Pl,WA4 1JR,Warrington,United Kingdom,England,53.37945,-2.562398,READY_TO_IMPORT,VERIFIED_CURRENT,ok,nominatim,https://www.energiefitness.com/gym/warrington,https://www.energiefitness.com/gym/warrington,,,official_json_ld; ireland_and_reformer_filtered
gb_de84973c62,Energie Fitness,Energie Fitness Winchester,Energie Fitness Winchester,Middle Brook Street,SO23 8QY,Winchester,United Kingdom,England,,,NEEDS_COORDINATES,VERIFIED_CURRENT,failed,,https://www.energiefitness.com/gym/winchester,https://www.energiefitness.com/gym/winchester,,,official_json_ld; ireland_and_reformer_filtered
gb_79386958d0,Energie Fitness,Energie Fitness Wokingham,Energie Fitness Wokingham,Denmark St,RG40 2LD,Wokingham,United Kingdom,England,51.409271,-0.835087,READY_TO_IMPORT,VERIFIED_CURRENT,suspicious,nominatim,https://www.energiefitness.com/gym/wokingham,https://www.energiefitness.com/gym/wokingham,,,official_json_ld; ireland_and_reformer_filtered; soft_postal
gb_359f8a8609,Energie Fitness,Energie Fitness Wolverhampton,Energie Fitness Wolverhampton,Unit 3 Mitre Retail Park Eagle Street,WV2 2AQ,Wolverhampton,United Kingdom,England,,,NEEDS_COORDINATES,VERIFIED_CURRENT,failed,,https://www.energiefitness.com/gym/wolverhampton,https://www.energiefitness.com/gym/wolverhampton,,,official_json_ld; ireland_and_reformer_filtered
gb_a61d8eaaca,Everlast Gyms,Everlast Gyms Aintree,Everlast Gyms Aintree,101 Ormskirk Road,L9 5AE,Aintree,United Kingdom,England,53.483811,-2.951411,READY_TO_IMPORT,VERIFIED_CURRENT,ok,nominatim,https://everlastgyms.com/gyms/aintree/,https://everlastgyms.com/gyms/,,DW Sports Fitness,"official_member_selector_name_only; everlastgyms.com_timed_out; official_search_snippet: 101 Ormskirk Road, Liverpool, Merseyside, L9 5AE"
gb_d984af4807,Everlast Gyms,Everlast Gyms Bangor NI,Everlast Gyms Bangor NI,"Unit 5, Bloomfield Retail Park",BT19 7HB,Bangor NI,United Kingdom,Northern Ireland,54.645941,-5.656184,READY_TO_IMPORT,VERIFIED_CURRENT,ok,nominatim,https://everlastgyms.com/gyms/bangor-ni/,https://everlastgyms.com/gyms/,,DW Sports Fitness,"official_member_selector_name_only; everlastgyms.com_timed_out; official_search_snippet: Unit 5, Bloomfield Retail Park, County Down, BT19 7HB; official page now /gyms/bangor/; Northern Ireland UK"
gb_f8d25b9152,Everlast Gyms,Everlast Gyms Barnsley,Everlast Gyms Barnsley,The Peel Centre,S71 1JE,Barnsley,United Kingdom,England,,,NEEDS_COORDINATES,VERIFIED_CURRENT,failed,,https://everlastgyms.com/gyms/barnsley/,https://everlastgyms.com/gyms/,,DW Sports Fitness,"official_member_selector_name_only; everlastgyms.com_timed_out; official_search_snippet: The Peel Centre, Barnsley, S71 1JE"
gb_9ff73cbfc9,Everlast Gyms,Everlast Gyms Barrow,Everlast Gyms Barrow,"Unit B, Cornmill Park, Hindpool Road",LA14 2GN,Barrow,United Kingdom,England,54.111701,-3.232418,READY_TO_IMPORT,VERIFIED_CURRENT,ok,nominatim,https://everlastgyms.com/gyms/barrow/,https://everlastgyms.com/gyms/,,DW Sports Fitness,"official_member_selector_name_only; everlastgyms.com_timed_out; official_search_snippet: Unit B Cornmill Park, Hindpool Road, Barrow in Furness, LA14 2GN"
gb_0bf81d083d,Everlast Gyms,Everlast Gyms Birstall - Leeds,Everlast Gyms Birstall - Leeds,Gelderd Road,WF17 9TD,Birstall - Leeds,United Kingdom,England,53.742148,-1.645286,READY_TO_IMPORT,VERIFIED_CURRENT,ok,nominatim,https://everlastgyms.com/gyms/birstall-leeds/,https://everlastgyms.com/gyms/,,DW Sports Fitness,"official_member_selector_name_only; everlastgyms.com_timed_out; official_search_snippet: Gelderd Road, Birstall, Batley, West Yorkshire, WF17 9TD; refurbished elevated gym / HYROX Performance Center; official page now /gyms/birstall/"
gb_d768b0e0cb,Everlast Gyms,Everlast Gyms Blackburn,Everlast Gyms Blackburn,"Haslingden Road, Guide",BB1 2EE,Blackburn,United Kingdom,England,53.730585,-2.452909,READY_TO_IMPORT,VERIFIED_CURRENT,ok,nominatim,https://everlastgyms.com/gyms/blackburn/,https://everlastgyms.com/gyms/,,DW Sports Fitness,"official_member_selector_name_only; everlastgyms.com_timed_out; official_search_snippet: Haslingden Road, Guide, Blackburn, BB1 2EE"
gb_7cf5bcbc22,Everlast Gyms,Everlast Gyms Bristol Filton,Everlast Gyms Bristol Filton,"Unit 3, Foxden Road, East Filton",BS34 8SP,Bristol Filton,United Kingdom,England,51.506615,-2.551507,READY_TO_IMPORT,VERIFIED_CURRENT,ok,nominatim,https://everlastgyms.com/gyms/bristol-filton/,https://everlastgyms.com/gyms/,,DW Sports Fitness,"official_member_selector_name_only; everlastgyms.com_timed_out; official_search_snippet: Unit 3, Foxden Road, East Filton, Bristol, BS34 8SP"
gb_ed1be4dc5b,Everlast Gyms,Everlast Gyms Bristol Imperial,Everlast Gyms Bristol Imperial,Imperial Retail Park,BS13 7TJ,Bristol Imperial,United Kingdom,England,,,NEEDS_COORDINATES,VERIFIED_CURRENT,ambiguous,,https://everlastgyms.com/gyms/bristol-imperial/,https://everlastgyms.com/gyms/,,DW Sports Fitness,"official_member_selector_name_only; everlastgyms.com_timed_out; official_search_snippet: Imperial Retail Park, Bristol, BS13 7TJ"
gb_e774442b08,Everlast Gyms,Everlast Gyms Bromborough,Everlast Gyms Bromborough,"23 Welton Road, Croft Retail Park",CH62 3PN,Bromborough,United Kingdom,England,53.340863,-2.976725,READY_TO_IMPORT,VERIFIED_CURRENT,ok,nominatim,https://everlastgyms.com/gyms/bromborough/,https://everlastgyms.com/gyms/,,DW Sports Fitness,"official_member_selector_name_only; everlastgyms.com_timed_out; official_search_snippet: 23 Welton Road, Croft Retail Park, Bromborough, Birkenhead CH62 3PN"
gb_2de1847fb3,Everlast Gyms,Everlast Gyms Burton Upon Trent,Everlast Gyms Burton Upon Trent,"Unit 11, Middleway Retail Park, Guild Street",DE14 1NA,Burton Upon Trent,United Kingdom,England,,,NEEDS_COORDINATES,VERIFIED_CURRENT,failed,,https://everlastgyms.com/gyms/burton-upon-trent/,https://everlastgyms.com/gyms/,,DW Sports Fitness,"official_member_selector_name_only; everlastgyms.com_timed_out; official_search_snippet: Unit 11, Middleway Retail Park Guild Street, Burton upon Trent, DE14 1NA"
gb_8ce5a04943,Everlast Gyms,Everlast Gyms Cambridge,Everlast Gyms Cambridge,"Beehive Centre, Coldhams Lane",CB1 3ER,Cambridge,United Kingdom,England,52.204458,0.142955,READY_TO_IMPORT,VERIFIED_CURRENT,ok,nominatim,https://everlastgyms.com/gyms/cambridge/,https://everlastgyms.com/gyms/,,DW Sports Fitness,"official_member_selector_name_only; everlastgyms.com_timed_out; official_search_snippet: Beehive Centre, Coldhams Lane, Cambridge, CB1 3ER"
gb_3ec683d50a,Everlast Gyms,Everlast Gyms Canterbury,Everlast Gyms Canterbury,"Units 1-2, Maybrook Retail Park, Vauxhall Road",CT1 1ZG,Canterbury,United Kingdom,England,51.293144,1.103377,READY_TO_IMPORT,VERIFIED_CURRENT,ok,nominatim,https://everlastgyms.com/gyms/canterbury/,https://everlastgyms.com/gyms/,,DW Sports Fitness,"official_member_selector_name_only; everlastgyms.com_timed_out; official_search_snippet: Units 1 & 2, Maybrook Retail Park, Vauxhall Road, Canterbury, CT1 1ZG"
gb_8daaaf952e,Everlast Gyms,Everlast Gyms Cardiff Leckwith,Everlast Gyms Cardiff Leckwith,Capital Retail Park,CF11 8EG,Cardiff Leckwith,United Kingdom,Wales,51.470166,-3.203489,READY_TO_IMPORT,VERIFIED_CURRENT,ok,nominatim,https://everlastgyms.com/gyms/cardiff-leckwith/,https://everlastgyms.com/gyms/,,DW Sports Fitness,"official_member_selector_name_only; everlastgyms.com_timed_out; official_search_snippet: Cardiff Leckwith, Capital Retail Park, Cardiff, CF11 8EG; official page now /gyms/cardiff/"
gb_0f222cf980,Everlast Gyms,Everlast Gyms Carlisle,Everlast Gyms Carlisle,Currock Road,CA2 4AX,Carlisle,United Kingdom,England,54.884646,-2.932858,READY_TO_IMPORT,VERIFIED_CURRENT,ok,nominatim,https://everlastgyms.com/gyms/carlisle/,https://everlastgyms.com/gyms/,,DW Sports Fitness,"official_member_selector_name_only; everlastgyms.com_timed_out; official_search_snippet: Currock Road, Carlisle, CA2 4AX"
gb_f00a6599dd,Everlast Gyms,Everlast Gyms Cheltenham HC,Everlast Gyms Cheltenham HC,"16 The Brewery Quarter, Henrietta Street",GL50 4FA,Cheltenham HC,United Kingdom,England,51.902917,-2.076243,READY_TO_IMPORT,VERIFIED_CURRENT,ok,nominatim,https://everlastgyms.com/gyms/cheltenham-hc/,https://everlastgyms.com/gyms/,,DW Sports Fitness,"official_member_selector_name_only; everlastgyms.com_timed_out; official_search_snippet: 16 The Brewery Quarter, Henrietta Street, Cheltenham, GL50 4FA"
gb_d515091006,Everlast Gyms,Everlast Gyms Chiswick,Everlast Gyms Chiswick,"Chiswick Sports Ground, Hartington Road",W4 3UH,Chiswick,United Kingdom,England,,,NEEDS_COORDINATES,VERIFIED_CURRENT,failed,,https://everlastgyms.com/gyms/chiswick/,https://everlastgyms.com/gyms/,,DW Sports Fitness,"official_member_selector_name_only; everlastgyms.com_timed_out; official_search_snippet: Chiswick Sports Ground, Hartington Road, Chiswick, London, W4 3UH; page says NOW OPEN"
gb_754a242aa6,Everlast Gyms,Everlast Gyms Colchester,Everlast Gyms Colchester,"North Station, Clarendon Way",CO1 1XF,Colchester,United Kingdom,England,,,NEEDS_COORDINATES,VERIFIED_CURRENT,failed,,https://everlastgyms.com/gyms/colchester/,https://everlastgyms.com/gyms/,,DW Sports Fitness,"official_member_selector_name_only; everlastgyms.com_timed_out; official_search_snippet: North Station, Clarendon Way, Colchester, Essex, C01 1XF (normalized CO1 1XF)"
gb_997fd2761b,Everlast Gyms,Everlast Gyms Denton,Everlast Gyms Denton,"Unit 6E, Crown Point North Retail Park",M34 3JP,Denton,United Kingdom,England,,,NEEDS_COORDINATES,VERIFIED_CURRENT,failed,,https://everlastgyms.com/gyms/denton/,https://everlastgyms.com/gyms/,,DW Sports Fitness,"official_member_selector_name_only; everlastgyms.com_timed_out; official_search_snippet: Unit 6E, Crown Point North Retail Park, Denton, M34 3JP"
gb_c23278cfec,Everlast Gyms,Everlast Gyms Derby,Everlast Gyms Derby,"Unit 3A & 3B, Derwent Parade, Pride Park",DE24 8BW,Derby,United Kingdom,England,52.916246,-1.44492,READY_TO_IMPORT,VERIFIED_CURRENT,ok,nominatim,https://everlastgyms.com/gyms/derby/,https://everlastgyms.com/gyms/,,DW Sports Fitness,"official_member_selector_name_only; everlastgyms.com_timed_out; official_search_snippet: Unit 3A & 3B, Derwent Parade, Pride Park, Derby, DE24 8BW"
gb_659eb4a698,Everlast Gyms,Everlast Gyms Dunstable,Everlast Gyms Dunstable,"Unit 7, White Lion Retail Park, Boscombe Road",LU5 4WL,Dunstable,United Kingdom,England,51.890872,-0.512605,READY_TO_IMPORT,VERIFIED_CURRENT,ok,nominatim,https://everlastgyms.com/gyms/dunstable/,https://everlastgyms.com/gyms/,,DW Sports Fitness,"official_member_selector_name_only; everlastgyms.com_timed_out; official_search_snippet: Unit 7, White Lion Retail Park, Boscombe Road, Dunstable, LU5 4WL"
gb_18fd76e930,Everlast Gyms,Everlast Gyms East Kilbride,Everlast Gyms East Kilbride,1 Law Place,G74 4QL,East Kilbride,United Kingdom,Scotland,55.77866,-4.174803,READY_TO_IMPORT,VERIFIED_CURRENT,ok,nominatim,https://everlastgyms.com/gyms/east-kilbride/,https://everlastgyms.com/gyms/,,DW Sports Fitness,"official_member_selector_name_only; everlastgyms.com_timed_out; official_search_snippet: 1 Law Place, East-Kilbride, G74 4QL"
gb_cf30c7b6eb,Everlast Gyms,Everlast Gyms Ewell,Everlast Gyms Ewell,Banstead Road,KT17 3HG,Ewell,United Kingdom,England,,,NEEDS_COORDINATES,VERIFIED_CURRENT,failed,,https://everlastgyms.com/gyms/ewell/,https://everlastgyms.com/gyms/,,DW Sports Fitness,"official_member_selector_name_only; everlastgyms.com_timed_out; official_search_snippet: Banstead Road, Ewell, KT17 3HG; refurbished elevated gym"
gb_76de77b1d0,Everlast Gyms,Everlast Gyms Gateshead,Everlast Gyms Gateshead,"Level 5 Multi-Story Red Zone, Metrocentre, St Michaels Way",NE11 9YG,Gateshead,United Kingdom,England,,,NEEDS_COORDINATES,VERIFIED_CURRENT,failed,,https://everlastgyms.com/gyms/gateshead/,https://everlastgyms.com/gyms/,,DW Sports Fitness,"official_member_selector_name_only; everlastgyms.com_timed_out; official_search_snippet: Level 5 Multi-Story Red Zone, Metrocentre, St. Michaels Way, Metrocentre, Gateshead, NE11 9YG"
gb_8507eab47a,Everlast Gyms,Everlast Gyms Gillingham,Everlast Gyms Gillingham,"Will Adams Way, Watling Street",ME8 6BY,Gillingham,United Kingdom,England,,,NEEDS_COORDINATES,VERIFIED_CURRENT,failed,,https://everlastgyms.com/gyms/gillingham/,https://everlastgyms.com/gyms/,,DW Sports Fitness,"official_member_selector_name_only; everlastgyms.com_timed_out; official_search_snippet: Will Adams Way, Watling Street, Gillingham, Kent, ME8 6BY"
gb_64f132bf18,Everlast Gyms,Everlast Gyms Glasgow Fort,Everlast Gyms Glasgow Fort,30 Auchinlea Way,G34 9JJ,Glasgow Fort,United Kingdom,Scotland,55.867869,-4.129472,READY_TO_IMPORT,VERIFIED_CURRENT,ok,nominatim,https://everlastgyms.com/gyms/glasgow-fort/,https://everlastgyms.com/gyms/,,DW Sports Fitness,"official_member_selector_name_only; everlastgyms.com_timed_out; official_search_snippet: 30 Auchinlea Way, Glasgow, G34 9JJ"
gb_1785f1de9b,Everlast Gyms,Everlast Gyms Gloucester,Everlast Gyms Gloucester,"Unit 2, St Oswalds Road",GL1 2UE,Gloucester,United Kingdom,England,,,NEEDS_COORDINATES,VERIFIED_CURRENT,failed,,https://everlastgyms.com/gyms/gloucester/,https://everlastgyms.com/gyms/,,DW Sports Fitness,"official_member_selector_name_only; everlastgyms.com_timed_out; official_search_snippet: Unit 2, St Oswalds Road, Gloucester, Gl1 2UE (normalized GL1 2UE)"
gb_1b46d46340,Everlast Gyms,Everlast Gyms Halifax,Everlast Gyms Halifax,"1st Floor, Unit A, Charlestown Road",HX3 6AB,Halifax,United Kingdom,England,,,NEEDS_COORDINATES,VERIFIED_CURRENT,failed,,https://everlastgyms.com/gyms/halifax/,https://everlastgyms.com/gyms/,,DW Sports Fitness,"official_member_selector_name_only; everlastgyms.com_timed_out; official_search_snippet: 1st Floor, Unit A Charlestown Road, Halifax, HX3 6AB; refurbished / HYROX Performance Center"
gb_a79275e28a,Everlast Gyms,Everlast Gyms Hull,Everlast Gyms Hull,"Craven Street, North Mount Pleasant, Holderness Road",HU9 2AP,Hull,United Kingdom,England,,,NEEDS_COORDINATES,VERIFIED_CURRENT,failed,,https://everlastgyms.com/gyms/hull/,https://everlastgyms.com/gyms/,,DW Sports Fitness,"official_member_selector_name_only; everlastgyms.com_timed_out; official_search_snippet: Craven Street, North Mount Pleasant, Holderness Rd, HU9 2AP"
gb_241c43f964,Everlast Gyms,Everlast Gyms Keighley,Everlast Gyms Keighley,"Unit 2, Cavendish Retail Park",BD21 3RB,Keighley,United Kingdom,England,53.867212,-1.90575,READY_TO_IMPORT,VERIFIED_CURRENT,suspicious,nominatim,https://everlastgyms.com/gyms/keighley/,https://everlastgyms.com/gyms/,,DW Sports Fitness,"official_member_selector_name_only; everlastgyms.com_timed_out; official_search_snippet: Unit 2 Cavendish Retail Park, Keighley, West Yorkshire, BD21 3RB; soft_postal"
gb_8b38bcab85,Everlast Gyms,Everlast Gyms Kettering,Everlast Gyms Kettering,"Orion Way, Pytchley Road",NN15 6NL,Kettering,United Kingdom,England,52.377364,-0.719681,READY_TO_IMPORT,VERIFIED_CURRENT,ok,nominatim,https://everlastgyms.com/gyms/kettering/,https://everlastgyms.com/gyms/,,DW Sports Fitness,"official_member_selector_name_only; everlastgyms.com_timed_out; official_search_snippet: Orion Way, Pytchley Road, Kettering, Northamptonshire, NN15 6NL"
gb_931ad81c49,Everlast Gyms,Everlast Gyms Kings Lynn,Everlast Gyms Kings Lynn,Hamburg Way,PE30 2ND,Kings Lynn,United Kingdom,England,52.771775,0.418577,READY_TO_IMPORT,VERIFIED_CURRENT,ok,nominatim,https://everlastgyms.com/gyms/kings-lynn/,https://everlastgyms.com/gyms/,,DW Sports Fitness,"official_member_selector_name_only; everlastgyms.com_timed_out; official_search_snippet: Hamburg Way, Kings Lynn, Norfolk, PE30 2ND"
gb_36b480271b,Everlast Gyms,Everlast Gyms Leicester,Everlast Gyms Leicester,6 Halford Street,LE1 1JB,Leicester,United Kingdom,England,52.634553,-1.130874,READY_TO_IMPORT,VERIFIED_CURRENT,suspicious,nominatim,https://everlastgyms.com/gyms/leicester/,https://everlastgyms.com/gyms/,,DW Sports Fitness,"official_member_selector_name_only; everlastgyms.com_timed_out; official_search_snippet: 6 Halford Street, LE1 1JB; soft_postal"
gb_cc4187a131,Everlast Gyms,Everlast Gyms Leigh,Everlast Gyms Leigh,Parsonage Retail Park,WN7 5SJ,Leigh,United Kingdom,England,53.499612,-2.52765,READY_TO_IMPORT,VERIFIED_CURRENT,suspicious,nominatim,https://everlastgyms.com/gyms/leigh/,https://everlastgyms.com/gyms/,,DW Sports Fitness,"official_member_selector_name_only; everlastgyms.com_timed_out; official_search_snippet: Parsonage Retail Park, Leigh, WN7 5SJ; soft_postal"
gb_2e737356c8,Everlast Gyms,Everlast Gyms Lincoln,Everlast Gyms Lincoln,Tritton Road,LN6 7QY,Lincoln,United Kingdom,England,53.211246,-0.571204,READY_TO_IMPORT,VERIFIED_CURRENT,suspicious,nominatim,https://everlastgyms.com/gyms/lincoln/,https://everlastgyms.com/gyms/,,DW Sports Fitness,"official_member_selector_name_only; everlastgyms.com_timed_out; official_search_snippet: Tritton Road, Lincoln, LN6 7QY; soft_postal"
gb_7f1f4deb7c,Everlast Gyms,Everlast Gyms Liverpool Central,Everlast Gyms Liverpool Central,"Level 2 of Sports Direct, Church Street",L1 1DF,Liverpool Central,United Kingdom,England,,,NEEDS_COORDINATES,VERIFIED_CURRENT,failed,,https://everlastgyms.com/gyms/liverpool-central/,https://everlastgyms.com/gyms/,,DW Sports Fitness,"official_member_selector_name_only; everlastgyms.com_timed_out; official_search_snippet: Level 2 of Sports Direct - Church Street, Liverpool, L1 1DF; official page now /gyms/liverpool/; Gyms+ flagship"
gb_0b9522a9fb,Everlast Gyms,Everlast Gyms Liverpool Rose Lane,Everlast Gyms Liverpool Rose Lane,88 Rose Lane,L18 8AG,Liverpool Rose Lane,United Kingdom,England,53.37855,-2.915441,READY_TO_IMPORT,VERIFIED_CURRENT,ok,nominatim,https://everlastgyms.com/gyms/liverpool-rose-lane/,https://everlastgyms.com/gyms/,,DW Sports Fitness,"official_member_selector_name_only; everlastgyms.com_timed_out; official_search_snippet: 88 Rose Lane, Liverpool, L18 8AG"
gb_275abe20ab,Everlast Gyms,Everlast Gyms Llanelli,Everlast Gyms Llanelli,"Unit 8D, Parc Trostre Retail Park",SA14 9UY,Llanelli,United Kingdom,Wales,51.675124,-4.140625,READY_TO_IMPORT,VERIFIED_CURRENT,ok,nominatim,https://everlastgyms.com/gyms/llanelli/,https://everlastgyms.com/gyms/,,DW Sports Fitness,"official_member_selector_name_only; everlastgyms.com_timed_out; official_search_snippet: Unit 8D, Llanelli, SA14 9UY; retail park name Parc Trostre confirmed against official unit/postcode"
gb_3f31d23e52,Everlast Gyms,Everlast Gyms Londonderry,Everlast Gyms Londonderry,"Crescent Link Retail Park, Crescent Link",BT47 5FR,Londonderry,United Kingdom,Northern Ireland,54.997456,-7.273636,READY_TO_IMPORT,VERIFIED_CURRENT,suspicious,nominatim,https://everlastgyms.com/gyms/londonderry/,https://everlastgyms.com/gyms/,,DW Sports Fitness,"official_member_selector_name_only; everlastgyms.com_timed_out; official_search_snippet: Crescent Link Retail Park, Crescent Link, Londonderry, BT47 5FR; Northern Ireland UK; soft_postal"
gb_e23e362b3f,Everlast Gyms,Everlast Gyms Macclesfield,Everlast Gyms Macclesfield,Pickford Street,SK11 6JD,Macclesfield,United Kingdom,England,53.258105,-2.123929,READY_TO_IMPORT,VERIFIED_CURRENT,suspicious,nominatim,https://everlastgyms.com/gyms/macclesfield/,https://everlastgyms.com/gyms/,,DW Sports Fitness,"official_member_selector_name_only; everlastgyms.com_timed_out; official_search_snippet: Pickford Street, Macclesfield, SK11 6JD; soft_postal"
gb_2c1cdd751b,Everlast Gyms,Everlast Gyms Manchester Trafford,Everlast Gyms Manchester Trafford,Trafford Palazzo,M17 8AS,Manchester Trafford,United Kingdom,England,,,NEEDS_COORDINATES,VERIFIED_CURRENT,ambiguous,,https://everlastgyms.com/gyms/manchester-trafford/,https://everlastgyms.com/gyms/,,DW Sports Fitness,"official_member_selector_name_only; everlastgyms.com_timed_out; labelled_opening; official_search_snippet: Trafford Palazzo, Manchester, M17 8AS; selector labelled Manchester Trafford - Now Open (phase1 was COMING_SOON)"
gb_dfbfcfda57,Everlast Gyms,Everlast Gyms Merthyr Tydfil,Everlast Gyms Merthyr Tydfil,"Unit 1, Cyfarthfa Retail Park, Swansea Road",CF48 1HY,Merthyr Tydfil,United Kingdom,Wales,51.749069,-3.391872,READY_TO_IMPORT,VERIFIED_CURRENT,ok,nominatim,https://everlastgyms.com/gyms/merthyr-tydfil/,https://everlastgyms.com/gyms/,,DW Sports Fitness,"official_member_selector_name_only; everlastgyms.com_timed_out; official_search_snippet: Unit 1, Cyfarthfa Retail Park, Swansea Road, Merthyr Tydfil, CF48 1HY"
gb_1f96982ef8,Everlast Gyms,Everlast Gyms Newport,Everlast Gyms Newport,"Unit 7, East Retail Park, Maesglas",NP20 2NW,Newport,United Kingdom,Wales,51.568923,-2.998665,READY_TO_IMPORT,VERIFIED_CURRENT,ok,nominatim,https://everlastgyms.com/gyms/newport/,https://everlastgyms.com/gyms/,,DW Sports Fitness,"official_member_selector_name_only; everlastgyms.com_timed_out; official_search_snippet: Unit 7, East Retail Park, Maesglas, Newport, NP20 2NW"
gb_b1a900cadb,Everlast Gyms,Everlast Gyms Nottingham,Everlast Gyms Nottingham,"Victoria Park, Victoria Park Way",NG4 2PA,Nottingham,United Kingdom,England,52.961791,-1.067978,READY_TO_IMPORT,VERIFIED_CURRENT,suspicious,nominatim,https://everlastgyms.com/gyms/nottingham/,https://everlastgyms.com/gyms/,,DW Sports Fitness,"official_member_selector_name_only; everlastgyms.com_timed_out; official_search_snippet: Victoria Park, Victoria Park Way, Netherfield, NG4 2PA; soft_postal"
gb_c8431483f7,Everlast Gyms,Everlast Gyms Nottingham - West Bridgford,Everlast Gyms Nottingham - West Bridgford,Wilford Lane,NG2 7RN,Nottingham - West Bridgford,United Kingdom,England,52.925308,-1.151614,READY_TO_IMPORT,VERIFIED_CURRENT,ok,nominatim,https://everlastgyms.com/gyms/nottingham-west-bridgford/,https://everlastgyms.com/gyms/,,DW Sports Fitness,"official_member_selector_name_only; everlastgyms.com_timed_out; official_search_snippet: Wilford Lane, West Bridgford, Nottingham, NG2 7RN; newly elevated / refurbished Gyms+; official page now /gyms/west-bridgford/"
gb_9e47d7a9b5,Everlast Gyms,Everlast Gyms Oldham,Everlast Gyms Oldham,"Elk Mill Shopping Park, Oldham Road, Royton",OL2 5HX,Oldham,United Kingdom,England,53.558216,-2.137526,READY_TO_IMPORT,VERIFIED_CURRENT,ok,nominatim,https://everlastgyms.com/gyms/oldham/,https://everlastgyms.com/gyms/,,DW Sports Fitness,"official_member_selector_name_only; everlastgyms.com_timed_out; official_search_snippet: Elk Mill Shopping Park, Oldham Road, Royton, Oldham, OL2 5HX"
gb_cba10bbf4a,Everlast Gyms,Everlast Gyms Poole,Everlast Gyms Poole,"Unit D, Commerce Centre, Cromer Road",BH12 1DN,Poole,United Kingdom,England,,,NEEDS_COORDINATES,VERIFIED_CURRENT,failed,,https://everlastgyms.com/gyms/poole/,https://everlastgyms.com/gyms/,,DW Sports Fitness,"official_member_selector_name_only; everlastgyms.com_timed_out; official_search_snippet: Unit D, Commerce Centre, Cromer Road, Dorset, BH12 1DN"
gb_cb52c8029e,Everlast Gyms,Everlast Gyms Preston,Everlast Gyms Preston,"Deepdale Retail Park, Blackpool Road",PR1 6QY,Preston,United Kingdom,England,53.773601,-2.677524,READY_TO_IMPORT,VERIFIED_CURRENT,suspicious,nominatim,https://everlastgyms.com/gyms/preston/,https://everlastgyms.com/gyms/,,DW Sports Fitness,"official_member_selector_name_only; everlastgyms.com_timed_out; official_search_snippet: Deepdale Retail Park, Blackpool Rd, Preston, PR1 6QY; soft_postal"
gb_ac93729c54,Everlast Gyms,Everlast Gyms Rotherham,Everlast Gyms Rotherham,"Stadium Way, Parkgate",S60 1TG,Rotherham,United Kingdom,England,53.445441,-1.342318,READY_TO_IMPORT,VERIFIED_CURRENT,ok,nominatim,https://everlastgyms.com/gyms/rotherham/,https://everlastgyms.com/gyms/,,DW Sports Fitness,"official_member_selector_name_only; everlastgyms.com_timed_out; official_search_snippet: Stadium Way, Parkgate, Rotherham, S60 1TG"
gb_c9ce615803,Everlast Gyms,Everlast Gyms Rugby,Everlast Gyms Rugby,Webb Ellis Road,CV22 7AU,Rugby,United Kingdom,England,52.36876,-1.275115,READY_TO_IMPORT,VERIFIED_CURRENT,suspicious,nominatim,https://everlastgyms.com/gyms/rugby/,https://everlastgyms.com/gyms/,,DW Sports Fitness,"official_member_selector_name_only; everlastgyms.com_timed_out; official_search_snippet: Webb Ellis Road, Rugby, Warwickshire, CV22 7AU; soft_postal"
gb_998325f1b0,Everlast Gyms,Everlast Gyms Sale - Greater Manchester,Everlast Gyms Sale - Greater Manchester,20-22 Washway Road,M33 7QY,Sale - Greater Manchester,United Kingdom,England,53.425037,-2.3259,READY_TO_IMPORT,VERIFIED_CURRENT,ok,nominatim,https://everlastgyms.com/gyms/sale-greater-manchester/,https://everlastgyms.com/gyms/,,DW Sports Fitness,"official_member_selector_name_only; everlastgyms.com_timed_out; official_search_snippet: 20-22 Washway Road, Sale, M33 7QY; official page now /gyms/sale/"
gb_57bf6c80b7,Everlast Gyms,Everlast Gyms Sheffield,Everlast Gyms Sheffield,"Unit 4, 2 Flora Street",S6 2BF,Sheffield,United Kingdom,England,53.394764,-1.487405,READY_TO_IMPORT,VERIFIED_CURRENT,ok,nominatim,https://everlastgyms.com/gyms/sheffield/,https://everlastgyms.com/gyms/,,DW Sports Fitness,"official_member_selector_name_only; everlastgyms.com_timed_out; official_search_snippet: Unit 4, 2 Flora Street, Sheffield S6 2BF"
gb_a9f26a06c7,Everlast Gyms,Everlast Gyms Shirebrook,Everlast Gyms Shirebrook,"Brook Park, Meadow Lane",NG20 8RY,Shirebrook,United Kingdom,England,53.196532,-1.205806,READY_TO_IMPORT,VERIFIED_CURRENT,ok,nominatim,https://everlastgyms.com/gyms/shirebrook/,https://everlastgyms.com/gyms/,,DW Sports Fitness,"official_member_selector_name_only; everlastgyms.com_timed_out; official_search_snippet: Brook Park, Meadow Lane, Shirebrook, NG20 8RY"
gb_6f249a4be2,Everlast Gyms,Everlast Gyms Southport Ocean Plaza,Everlast Gyms Southport Ocean Plaza,"Ocean Plaza, Marine Drive",PR8 1SQ,Southport Ocean Plaza,United Kingdom,England,53.651568,-3.014523,READY_TO_IMPORT,VERIFIED_CURRENT,ok,nominatim,https://everlastgyms.com/gyms/southport-ocean-plaza/,https://everlastgyms.com/gyms/,,DW Sports Fitness,"official_member_selector_name_only; everlastgyms.com_timed_out; official_search_snippet: Ocean Plaza, Marine Drive, Southport, PR8 1SQ"
gb_180148bb29,Everlast Gyms,Everlast Gyms Southport Tulketh Street,Everlast Gyms Southport Tulketh Street,34-36 Tulketh Street,PR8 1AQ,Southport Tulketh Street,United Kingdom,England,53.645703,-3.003121,READY_TO_IMPORT,VERIFIED_CURRENT,ok,nominatim,https://everlastgyms.com/gyms/southport-tulketh-street/,https://everlastgyms.com/gyms/,,DW Sports Fitness,"official_member_selector_name_only; everlastgyms.com_timed_out; official_search_snippet: 34-36 Tulketh Street, Southport, PR8 1AQ; official page now /gyms/southport/"
gb_5719a4589d,Everlast Gyms,Everlast Gyms St Helens,Everlast Gyms St Helens,15-17 King Street,WA10 2JZ,St Helens,United Kingdom,England,53.454424,-2.740718,READY_TO_IMPORT,VERIFIED_CURRENT,ok,nominatim,https://everlastgyms.com/gyms/st-helens/,https://everlastgyms.com/gyms/,,DW Sports Fitness,"official_member_selector_name_only; everlastgyms.com_timed_out; official_search_snippet: 15-17 King St, Saint Helens WA10 2JZ"
gb_e2f0941153,Everlast Gyms,Everlast Gyms St Helens Milverny,Everlast Gyms St Helens Milverny,Ravenhead Retail Park,WA9 5EE,St Helens Milverny,United Kingdom,England,53.444078,-2.733385,READY_TO_IMPORT,VERIFIED_CURRENT,suspicious,nominatim,https://everlastgyms.com/gyms/st-helens-milverny/,https://everlastgyms.com/gyms/,,DW Sports Fitness,"official_member_selector_name_only; everlastgyms.com_timed_out; official_search_snippet: Ravenhead Retail Park, St Helens, WA9 5EE; soft_postal"
gb_a2cc1d75fb,Everlast Gyms,Everlast Gyms Sunderland,Everlast Gyms Sunderland,"Timber Beach Road, Hylton Riverside Retail Park",SR5 3XG,Sunderland,United Kingdom,England,54.91797,-1.431477,READY_TO_IMPORT,VERIFIED_CURRENT,ok,nominatim,https://everlastgyms.com/gyms/sunderland/,https://everlastgyms.com/gyms/,,DW Sports Fitness,"official_member_selector_name_only; everlastgyms.com_timed_out; official_search_snippet: Timber Beach Road, Hylton Riverside Retail Park, Sunderland, SR5 3XG"
gb_95448e7cd1,Everlast Gyms,Everlast Gyms Swindon,Everlast Gyms Swindon,"Unit 3 and 4b, Orbital Shopping Park, Thamesdown Drive",SN25 4BG,Swindon,United Kingdom,England,51.597064,-1.806867,READY_TO_IMPORT,VERIFIED_CURRENT,suspicious,nominatim,https://everlastgyms.com/gyms/swindon/,https://everlastgyms.com/gyms/,,DW Sports Fitness,"official_member_selector_name_only; everlastgyms.com_timed_out; official_search_snippet: Unit 3 and 4b, Orbital Shopping Park, Thamesdown Drive, Swindon, SN25 4BG; soft_postal"
gb_526c1f45e1,Everlast Gyms,Everlast Gyms Thurrock,Everlast Gyms Thurrock,"Unit 12, The Junction, Thurrock Shopping Park, Weston Avenue",RM20 3LP,Thurrock,United Kingdom,England,,,NEEDS_COORDINATES,VERIFIED_CURRENT,failed,,https://everlastgyms.com/gyms/thurrock/,https://everlastgyms.com/gyms/,,DW Sports Fitness,"official_member_selector_name_only; everlastgyms.com_timed_out; official_search_snippet: Unit 12, The Junction, Thurrock Shopping Park, Weston Avenue, Thurrock, Essex, RM20 3LP"
gb_55a0ff2878,Everlast Gyms,Everlast Gyms Tunstall-Stoke,Everlast Gyms Tunstall-Stoke,"Unit 1, Alexandra Park, Scotia Road",ST6 6AT,Tunstall-Stoke,United Kingdom,England,,,NEEDS_COORDINATES,VERIFIED_CURRENT,failed,,https://everlastgyms.com/gyms/tunstall-stoke/,https://everlastgyms.com/gyms/,,DW Sports Fitness,"official_member_selector_name_only; everlastgyms.com_timed_out; official_search_snippet: Unit 1, Alexandra Park, Scotia Road, Tunstall, ST6 6AT"
gb_11bf1f7e0c,Everlast Gyms,Everlast Gyms York,Everlast Gyms York,Stirling Road,YO30 4TU,York,United Kingdom,England,53.994555,-1.094143,READY_TO_IMPORT,VERIFIED_CURRENT,ok,nominatim,https://everlastgyms.com/gyms/york/,https://everlastgyms.com/gyms/,,DW Sports Fitness,"official_member_selector_name_only; everlastgyms.com_timed_out; official_search_snippet: Stirling Road, York, YO30 4TU; TEMPORARILY CLOSED FOR ELEVATION (refurb) so still current club"
gb_9c9ac8eea6,Fitness First,Fitness First Bangor,Fitness First Bangor,"St Davids Retail Park,Caernarfon Road",LL57 4TJ,Bangor,United Kingdom,Wales,53.217461,-4.142834,READY_TO_IMPORT,VERIFIED_CURRENT,failed,official_json_ld,https://www.fitnessfirst.co.uk/find-a-gym/bangor,https://www.fitnessfirst.co.uk/find-a-gym/bangor,"[{""@type"": ""OpeningHoursSpecification"", ""dayOfWeek"": [""Monday"", ""Tuesday"", ""Wednesday"", ""Thursday""], ""opens"": ""05:30"", ""closes"": ""21:30""}, {""@type"": ""OpeningHoursSpecification"", ""dayOfWeek"": [""Friday""], ""opens"": ""05:30"", ""closes"": ""20:30""}, {""@type"": ""OpeningHoursSpecification"", ""dayOfWeek"": [""Saturday"", ""Sunday""], ""opens"": ""07:00"", ""closes"": ""18:00""}]",DW Fitness First,official_club_page; phase2_json_ld_geo
gb_b74d422631,Fitness First,Fitness First Bath,Fitness First Bath,"The Basement,5-10 James Street West",BA1 2BX,Bath,United Kingdom,England,51.380766,-2.364919,READY_TO_IMPORT,VERIFIED_CURRENT,failed,official_json_ld,https://www.fitnessfirst.co.uk/find-a-gym/bath,https://www.fitnessfirst.co.uk/find-a-gym/bath,"[{""@type"": ""OpeningHoursSpecification"", ""dayOfWeek"": [""Monday"", ""Tuesday"", ""Wednesday"", ""Thursday""], ""opens"": ""05:30"", ""closes"": ""21:30""}, {""@type"": ""OpeningHoursSpecification"", ""dayOfWeek"": [""Friday""], ""opens"": ""05:30"", ""closes"": ""21:00""}, {""@type"": ""OpeningHoursSpecification"", ""dayOfWeek"": [""Saturday""], ""opens"": ""07:30"", ""closes"": ""20:00""}, {""@type"": ""OpeningHoursSpecification"", ""dayOfWeek"": [""Sunday""], ""opens"": ""07:30"", ""closes"": ""19:30""}]",DW Fitness First,official_club_page; phase2_json_ld_geo
gb_f4d70aead1,Fitness First,Fitness First Bedford,Fitness First Bedford,"Aspects Leisure Park,Newnham Avenue",MK41 9LW,Bedford,United Kingdom,England,52.132922,-0.44482,READY_TO_IMPORT,VERIFIED_CURRENT,failed,official_json_ld,https://www.fitnessfirst.co.uk/find-a-gym/bedford,https://www.fitnessfirst.co.uk/find-a-gym/bedford,"[{""@type"": ""OpeningHoursSpecification"", ""dayOfWeek"": [""Monday"", ""Tuesday"", ""Wednesday"", ""Thursday""], ""opens"": ""05:30"", ""closes"": ""21:30""}, {""@type"": ""OpeningHoursSpecification"", ""dayOfWeek"": [""Friday""], ""opens"": ""05:30"", ""closes"": ""20:30""}, {""@type"": ""OpeningHoursSpecification"", ""dayOfWeek"": [""Saturday"", ""Sunday""], ""opens"": ""07:00"", ""closes"": ""18:00""}]",DW Fitness First,official_club_page; phase2_json_ld_geo
gb_42d17f4295,Fitness First,Fitness First London Liverpool Street,Fitness First London Liverpool Street,"Platform 17-18, Liverpool Street Station",EC2M 7PY,London,United Kingdom,England,51.512714,-0.078871,READY_TO_IMPORT,VERIFIED_CURRENT,ok,nominatim,https://www.fitnessfirst.co.uk/find-a-gym/london-liverpool-street,https://www.fitnessfirst.co.uk/find-a-gym/london-liverpool-street,,DW Fitness First,official_club_page; phase2_address_overwrite
gb_60871847d2,Fitness First,Fitness First London Baker Street,Fitness First London Baker Street,"55 Baker Street,Marylebone",W1U 8EW,London Baker Street,United Kingdom,England,51.518667,-0.156172,READY_TO_IMPORT,VERIFIED_CURRENT,failed,official_json_ld,https://www.fitnessfirst.co.uk/find-a-gym/london-baker-street,https://www.fitnessfirst.co.uk/find-a-gym/london-baker-street,"[{""@type"": ""OpeningHoursSpecification"", ""dayOfWeek"": [""Monday"", ""Tuesday"", ""Wednesday"", ""Thursday""], ""opens"": ""05:30"", ""closes"": ""22:00""}, {""@type"": ""OpeningHoursSpecification"", ""dayOfWeek"": [""Friday""], ""opens"": ""05:30"", ""closes"": ""21:00""}, {""@type"": ""OpeningHoursSpecification"", ""dayOfWeek"": [""Saturday"", ""Sunday""], ""opens"": ""07:30"", ""closes"": ""20:00""}]",DW Fitness First,official_club_page; phase2_json_ld_geo
gb_d6c0b18ec6,Fitness First,Fitness First London Balham,Fitness First London Balham,279-291 Balham High Road,SW17 7BA,London Balham,United Kingdom,England,51.436271,-0.158173,READY_TO_IMPORT,VERIFIED_CURRENT,failed,official_json_ld,https://www.fitnessfirst.co.uk/find-a-gym/london-balham,https://www.fitnessfirst.co.uk/find-a-gym/london-balham,"[{""@type"": ""OpeningHoursSpecification"", ""dayOfWeek"": [""Monday"", ""Tuesday"", ""Wednesday"", ""Thursday""], ""opens"": ""05:30"", ""closes"": ""21:30""}, {""@type"": ""OpeningHoursSpecification"", ""dayOfWeek"": [""Friday""], ""opens"": ""05:30"", ""closes"": ""20:30""}, {""@type"": ""OpeningHoursSpecification"", ""dayOfWeek"": [""Saturday""], ""opens"": ""07:30"", ""closes"": ""18:00""}, {""@type"": ""OpeningHoursSpecification"", ""dayOfWeek"": [""Sunday""], ""opens"": ""08:00"", ""closes"": ""18:00""}]",DW Fitness First,official_club_page; phase2_json_ld_geo
gb_bc940cc9a0,Fitness First,Fitness First London Bishopsgate,Fitness First London Bishopsgate,47 Bishopsgate,EC2N 4AJ,London Bishopsgate,United Kingdom,England,51.51538,-0.08302,READY_TO_IMPORT,VERIFIED_CURRENT,failed,official_json_ld,https://www.fitnessfirst.co.uk/find-a-gym/london-bishopsgate,https://www.fitnessfirst.co.uk/find-a-gym/london-bishopsgate,"[{""@type"": ""OpeningHoursSpecification"", ""dayOfWeek"": [""Monday"", ""Tuesday"", ""Wednesday"", ""Thursday"", ""Friday""], ""opens"": ""06:00"", ""closes"": ""21:00""}, {""@type"": ""OpeningHoursSpecification"", ""dayOfWeek"": [""Saturday"", ""Sunday""], ""opens"": ""08:00"", ""closes"": ""16:00""}]",DW Fitness First,official_club_page; phase2_json_ld_geo
gb_08e12e16ce,Fitness First,Fitness First London Bridge Cottons,Fitness First London Bridge Cottons,"Cottons Building,Tooley Street",SE1 2QN,London Bridge Cottons,United Kingdom,England,51.505806,-0.08486,READY_TO_IMPORT,VERIFIED_CURRENT,failed,official_json_ld,https://www.fitnessfirst.co.uk/find-a-gym/london-bridge-cottons,https://www.fitnessfirst.co.uk/find-a-gym/london-bridge-cottons,"[{""@type"": ""OpeningHoursSpecification"", ""dayOfWeek"": [""Monday"", ""Tuesday"", ""Wednesday"", ""Thursday""], ""opens"": ""05:30"", ""closes"": ""22:00""}, {""@type"": ""OpeningHoursSpecification"", ""dayOfWeek"": [""Friday""], ""opens"": ""05:30"", ""closes"": ""21:00""}, {""@type"": ""OpeningHoursSpecification"", ""dayOfWeek"": [""Saturday"", ""Sunday""], ""opens"": ""07:30"", ""closes"": ""20:00""}]",DW Fitness First,official_club_page; phase2_json_ld_geo
gb_db8e09b2a4,Fitness First,Fitness First London Brixton,Fitness First London Brixton,"Blue Star House,234-244 Stockwell Road",SW9 9SP,London Brixton,United Kingdom,England,51.464446,-0.115304,READY_TO_IMPORT,VERIFIED_CURRENT,failed,official_json_ld,https://www.fitnessfirst.co.uk/find-a-gym/london-brixton,https://www.fitnessfirst.co.uk/find-a-gym/london-brixton,"[{""@type"": ""OpeningHoursSpecification"", ""dayOfWeek"": [""Monday"", ""Tuesday"", ""Wednesday"", ""Thursday""], ""opens"": ""05:30"", ""closes"": ""21:30""}, {""@type"": ""OpeningHoursSpecification"", ""dayOfWeek"": [""Friday""], ""opens"": ""05:30"", ""closes"": ""20:30""}, {""@type"": ""OpeningHoursSpecification"", ""dayOfWeek"": [""Saturday"", ""Sunday""], ""opens"": ""08:00"", ""closes"": ""18:00""}]",DW Fitness First,official_club_page; phase2_json_ld_geo
gb_231f719acb,Fitness First,Fitness First London Clapham Junction,Fitness First London Clapham Junction,"34 St John's Hill,Clapham Junction Station",SW11 1SA,London Clapham Junction,United Kingdom,England,51.463457,-0.169502,READY_TO_IMPORT,VERIFIED_CURRENT,failed,official_json_ld,https://www.fitnessfirst.co.uk/find-a-gym/london-clapham-junction,https://www.fitnessfirst.co.uk/find-a-gym/london-clapham-junction,"[{""@type"": ""OpeningHoursSpecification"", ""dayOfWeek"": [""Monday"", ""Tuesday"", ""Wednesday"", ""Thursday""], ""opens"": ""05:30"", ""closes"": ""22:00""}, {""@type"": ""OpeningHoursSpecification"", ""dayOfWeek"": [""Friday""], ""opens"": ""05:30"", ""closes"": ""21:00""}, {""@type"": ""OpeningHoursSpecification"", ""dayOfWeek"": [""Saturday"", ""Sunday""], ""opens"": ""07:30"", ""closes"": ""20:00""}]",DW Fitness First,official_club_page; phase2_json_ld_geo
gb_f0953ad493,Fitness First,Fitness First London Hammersmith,Fitness First London Hammersmith,26-28 Hammersmith Grove,W6 7HA,London Hammersmith,United Kingdom,England,51.494762,-0.226053,READY_TO_IMPORT,VERIFIED_CURRENT,failed,official_json_ld,https://www.fitnessfirst.co.uk/find-a-gym/london-hammersmith,https://www.fitnessfirst.co.uk/find-a-gym/london-hammersmith,"[{""@type"": ""OpeningHoursSpecification"", ""dayOfWeek"": [""Monday"", ""Tuesday"", ""Wednesday"", ""Thursday"", ""Friday""], ""opens"": ""06:00"", ""closes"": ""22:00""}, {""@type"": ""OpeningHoursSpecification"", ""dayOfWeek"": [""Saturday"", ""Sunday""], ""opens"": ""07:30"", ""closes"": ""20:00""}]",DW Fitness First,official_club_page; phase2_json_ld_geo
gb_68137aab4a,Fitness First,Fitness First London Highbury,Fitness First London Highbury,"Unit A East Stand,Avenell Road",N5 1FE,London Highbury,United Kingdom,England,51.558303,-0.102354,READY_TO_IMPORT,VERIFIED_CURRENT,failed,official_json_ld,https://www.fitnessfirst.co.uk/find-a-gym/london-highbury,https://www.fitnessfirst.co.uk/find-a-gym/london-highbury,"[{""@type"": ""OpeningHoursSpecification"", ""dayOfWeek"": [""Monday"", ""Tuesday"", ""Wednesday"", ""Thursday""], ""opens"": ""05:30"", ""closes"": ""22:00""}, {""@type"": ""OpeningHoursSpecification"", ""dayOfWeek"": [""Friday""], ""opens"": ""05:30"", ""closes"": ""21:00""}, {""@type"": ""OpeningHoursSpecification"", ""dayOfWeek"": [""Saturday"", ""Sunday""], ""opens"": ""07:30"", ""closes"": ""19:30""}]",DW Fitness First,official_club_page; phase2_json_ld_geo
gb_0cee30bd5a,Fitness First,Fitness First London Marylebone,Fitness First London Marylebone,"Fitness First Marylebone,Cavendish Mews North",W1W 6LA,London Marylebone,United Kingdom,England,51.520312,-0.143793,READY_TO_IMPORT,VERIFIED_CURRENT,failed,official_json_ld,https://www.fitnessfirst.co.uk/find-a-gym/london-marylebone,https://www.fitnessfirst.co.uk/find-a-gym/london-marylebone,"[{""@type"": ""OpeningHoursSpecification"", ""dayOfWeek"": [""Monday"", ""Tuesday"", ""Wednesday"", ""Thursday""], ""opens"": ""06:00"", ""closes"": ""22:00""}, {""@type"": ""OpeningHoursSpecification"", ""dayOfWeek"": [""Friday""], ""opens"": ""06:00"", ""closes"": ""21:00""}, {""@type"": ""OpeningHoursSpecification"", ""dayOfWeek"": [""Saturday"", ""Sunday""], ""opens"": ""08:00"", ""closes"": ""18:00""}]",DW Fitness First,official_club_page; phase2_json_ld_geo
gb_2bb38c5d41,Fitness First,Fitness First London Oxford Circus,Fitness First London Oxford Circus,15 Great Marlborough Street,W1F 7HR,London Oxford Circus,United Kingdom,England,51.514498,-0.138829,READY_TO_IMPORT,VERIFIED_CURRENT,failed,official_json_ld,https://www.fitnessfirst.co.uk/find-a-gym/london-oxford-circus,https://www.fitnessfirst.co.uk/find-a-gym/london-oxford-circus,"[{""@type"": ""OpeningHoursSpecification"", ""dayOfWeek"": [""Monday"", ""Tuesday"", ""Wednesday"", ""Thursday"", ""Friday""], ""opens"": ""06:00"", ""closes"": ""21:00""}]",DW Fitness First,official_club_page; phase2_json_ld_geo
gb_757d4eaffa,Fitness First,Fitness First London Queen Victoria Street,Fitness First London Queen Victoria Street,95 Queen Victoria Street,EC4V 4HN,London Queen Victoria Street,United Kingdom,England,51.511786,-0.097111,READY_TO_IMPORT,VERIFIED_CURRENT,failed,official_json_ld,https://www.fitnessfirst.co.uk/find-a-gym/london-queen-victoria-street,https://www.fitnessfirst.co.uk/find-a-gym/london-queen-victoria-street,"[{""@type"": ""OpeningHoursSpecification"", ""dayOfWeek"": [""Monday"", ""Tuesday"", ""Wednesday"", ""Thursday"", ""Friday""], ""opens"": ""06:00"", ""closes"": ""21:00""}]",DW Fitness First,official_club_page; phase2_json_ld_geo
gb_d5add08102,Fitness First,Fitness First London Queens Park,Fitness First London Queens Park,"105-109 Salusbury Road,Kilburn",NW6 6RG,London Queens Park,United Kingdom,England,51.537052,-0.206167,READY_TO_IMPORT,VERIFIED_CURRENT,failed,official_json_ld,https://www.fitnessfirst.co.uk/find-a-gym/london-queens-park,https://www.fitnessfirst.co.uk/find-a-gym/london-queens-park,"[{""@type"": ""OpeningHoursSpecification"", ""dayOfWeek"": [""Monday"", ""Tuesday"", ""Wednesday"", ""Thursday""], ""opens"": ""06:00"", ""closes"": ""21:30""}, {""@type"": ""OpeningHoursSpecification"", ""dayOfWeek"": [""Friday""], ""opens"": ""06:00"", ""closes"": ""21:00""}, {""@type"": ""OpeningHoursSpecification"", ""dayOfWeek"": [""Saturday"", ""Sunday""], ""opens"": ""08:00"", ""closes"": ""19:30""}]",DW Fitness First,official_club_page; phase2_json_ld_geo
gb_bedb81b6c5,Fitness First,Fitness First London Streatham,Fitness First London Streatham,7 Streatham High Road,SW16 1EH,London Streatham,United Kingdom,England,51.436926,-0.127136,READY_TO_IMPORT,VERIFIED_CURRENT,failed,official_json_ld,https://www.fitnessfirst.co.uk/find-a-gym/london-streatham,https://www.fitnessfirst.co.uk/find-a-gym/london-streatham,"[{""@type"": ""OpeningHoursSpecification"", ""dayOfWeek"": [""Monday"", ""Tuesday"", ""Wednesday"", ""Thursday""], ""opens"": ""05:30"", ""closes"": ""22:00""}, {""@type"": ""OpeningHoursSpecification"", ""dayOfWeek"": [""Friday""], ""opens"": ""05:30"", ""closes"": ""21:00""}, {""@type"": ""OpeningHoursSpecification"", ""dayOfWeek"": [""Saturday"", ""Sunday""], ""opens"": ""07:30"", ""closes"": ""18:00""}]",DW Fitness First,official_club_page; phase2_json_ld_geo
gb_81fa91909f,Fitness First,Fitness First London The Strand,Fitness First London The Strand,"6 Bedford Street,Covent Garden",WC2E 9HD,London The Strand,United Kingdom,England,51.510041,-0.123857,READY_TO_IMPORT,VERIFIED_CURRENT,failed,official_json_ld,https://www.fitnessfirst.co.uk/find-a-gym/london-the-strand,https://www.fitnessfirst.co.uk/find-a-gym/london-the-strand,"[{""@type"": ""OpeningHoursSpecification"", ""dayOfWeek"": [""Monday"", ""Tuesday"", ""Wednesday"", ""Thursday"", ""Friday""], ""opens"": ""06:00"", ""closes"": ""21:00""}, {""@type"": ""OpeningHoursSpecification"", ""dayOfWeek"": [""Saturday"", ""Sunday""], ""opens"": ""08:00"", ""closes"": ""17:00""}]",DW Fitness First,official_club_page; phase2_json_ld_geo
gb_1c3d388a6c,Fitness First,Fitness First London Thomas More Square Wapping,Fitness First London Thomas More Square Wapping,15 Thomas More Street,E1W 1YW,London Thomas More Square Wapping,United Kingdom,England,51.507848,-0.067559,READY_TO_IMPORT,VERIFIED_CURRENT,failed,official_json_ld,https://www.fitnessfirst.co.uk/find-a-gym/london-thomas-more-square-wapping,https://www.fitnessfirst.co.uk/find-a-gym/london-thomas-more-square-wapping,"[{""@type"": ""OpeningHoursSpecification"", ""dayOfWeek"": [""Monday"", ""Tuesday"", ""Wednesday"", ""Thursday"", ""Friday""], ""opens"": ""06:00"", ""closes"": ""22:00""}, {""@type"": ""OpeningHoursSpecification"", ""dayOfWeek"": [""Saturday"", ""Sunday""], ""opens"": ""07:30"", ""closes"": ""18:00""}]",DW Fitness First,official_club_page; phase2_json_ld_geo
gb_24e00418ca,Fitness First,Fitness First Milton Keynes,Fitness First Milton Keynes,"Unit B Stadium MK,Stadium Way West",MK1 1ST,Milton Keynes,United Kingdom,England,52.007607,-0.73488,READY_TO_IMPORT,VERIFIED_CURRENT,failed,official_json_ld,https://www.fitnessfirst.co.uk/find-a-gym/milton-keynes,https://www.fitnessfirst.co.uk/find-a-gym/milton-keynes,"[{""@type"": ""OpeningHoursSpecification"", ""dayOfWeek"": [""Monday"", ""Tuesday"", ""Wednesday"", ""Thursday""], ""opens"": ""05:30"", ""closes"": ""21:30""}, {""@type"": ""OpeningHoursSpecification"", ""dayOfWeek"": [""Friday""], ""opens"": ""05:30"", ""closes"": ""20:30""}, {""@type"": ""OpeningHoursSpecification"", ""dayOfWeek"": [""Saturday"", ""Sunday""], ""opens"": ""07:30"", ""closes"": ""18:00""}]",DW Fitness First,official_club_page; phase2_json_ld_geo
gb_47f42c18bc,Fitness First,Fitness First Solihull,Fitness First Solihull,Ulleries Road,B92 8DS,Solihull,United Kingdom,England,52.444702,-1.786202,READY_TO_IMPORT,VERIFIED_CURRENT,failed,official_json_ld,https://www.fitnessfirst.co.uk/find-a-gym/solihull,https://www.fitnessfirst.co.uk/find-a-gym/solihull,"[{""@type"": ""OpeningHoursSpecification"", ""dayOfWeek"": [""Monday"", ""Tuesday"", ""Wednesday"", ""Thursday""], ""opens"": ""05:30"", ""closes"": ""22:00""}, {""@type"": ""OpeningHoursSpecification"", ""dayOfWeek"": [""Friday""], ""opens"": ""05:30"", ""closes"": ""21:00""}, {""@type"": ""OpeningHoursSpecification"", ""dayOfWeek"": [""Saturday""], ""opens"": ""07:30"", ""closes"": ""19:30""}, {""@type"": ""OpeningHoursSpecification"", ""dayOfWeek"": [""Sunday""], ""opens"": ""07:30"", ""closes"": ""19:00""}]",DW Fitness First,official_club_page; phase2_json_ld_geo
gb_5e87dabd11,Fitness First,Fitness First St Albans,Fitness First St Albans,"Unit 17, Christopher Place Shopping Centre, Upper Dagnall Street",AL3 5DQ,St Albans,United Kingdom,England,51.751708,-0.340715,READY_TO_IMPORT,VERIFIED_CURRENT,failed,official_json_ld,https://www.fitnessfirst.co.uk/find-a-gym/st-albans,https://www.fitnessfirst.co.uk/find-a-gym/st-albans,"[{""@type"": ""OpeningHoursSpecification"", ""dayOfWeek"": [""Monday"", ""Tuesday"", ""Wednesday"", ""Thursday""], ""opens"": ""05:30"", ""closes"": ""21:30""}, {""@type"": ""OpeningHoursSpecification"", ""dayOfWeek"": [""Friday""], ""opens"": ""05:30"", ""closes"": ""20:30""}, {""@type"": ""OpeningHoursSpecification"", ""dayOfWeek"": [""Saturday"", ""Sunday""], ""opens"": ""07:30"", ""closes"": ""19:30""}]",DW Fitness First,official_club_page; phase2_json_ld_geo
gb_428b72d56f,Fitness First,Fitness First Wigan,Fitness First Wigan,Stadium Way,WN5 0UN,Wigan,United Kingdom,England,53.54937,-2.657451,READY_TO_IMPORT,VERIFIED_CURRENT,failed,official_json_ld,https://www.fitnessfirst.co.uk/find-a-gym/wigan,https://www.fitnessfirst.co.uk/find-a-gym/wigan,"[{""@type"": ""OpeningHoursSpecification"", ""dayOfWeek"": [""Monday"", ""Tuesday"", ""Wednesday"", ""Thursday""], ""opens"": ""05:30"", ""closes"": ""21:30""}, {""@type"": ""OpeningHoursSpecification"", ""dayOfWeek"": [""Friday""], ""opens"": ""05:30"", ""closes"": ""20:30""}, {""@type"": ""OpeningHoursSpecification"", ""dayOfWeek"": [""Saturday"", ""Sunday""], ""opens"": ""07:00"", ""closes"": ""18:30""}]",DW Fitness First,official_club_page; phase2_json_ld_geo
gb_496eb237e6,Fitness4Less,Fitness4Less Colchester,Fitness4Less Colchester,"Unit 2 Phoenix Square, Wyncolls Road",CO4 9AS,Colchester,United Kingdom,England,,,NEEDS_COORDINATES,VERIFIED_CURRENT,failed,,https://www.fitness4less.co.uk/locations,https://www.fitness4less.co.uk/locations,,,official_locations_or_contact_page; phase2
gb_3a6639fdfd,Fitness4Less,Fitness4Less Canning Town,Fitness4Less Canning Town,"30A Barking Road, Canning Town, London",E16 1EQ,London,United Kingdom,England,51.516411,0.009508,READY_TO_IMPORT,VERIFIED_CURRENT,suspicious,nominatim,https://www.fitness4less.co.uk/locations,https://www.fitness4less.co.uk/locations,,,official_locations_or_contact_page; phase2; soft_postal
gb_0086384c26,Fitness4Less,Fitness4Less London Cambridge Heath,Fitness4Less London Cambridge Heath,"Cambridge Heath Road, London",E2 9BY,London,United Kingdom,England,51.532741,-0.057564,READY_TO_IMPORT,VERIFIED_CURRENT,ok,nominatim,https://www.fitness4less.co.uk/locations,https://www.fitness4less.co.uk/locations,,,official_locations_or_contact_page; phase2
gb_27667374b0,Fitness4Less,Fitness4Less Southwark,Fitness4Less Southwark,"23-29 Great Suffolk Street, Southwark, London",SE1 0UE,London,United Kingdom,England,51.504376,-0.101498,READY_TO_IMPORT,VERIFIED_CURRENT,ok,nominatim,https://www.fitness4less.co.uk/locations,https://www.fitness4less.co.uk/locations,,,official_locations_or_contact_page; phase2
gb_ec8913e6cc,Fitness4Less,Fitness4Less New Malden,Fitness4Less New Malden,"23 Blagdon Road, New Malden, Surrey",KT3 4AH,New Malden,United Kingdom,England,,,NEEDS_COORDINATES,VERIFIED_CURRENT,failed,,https://www.fitness4less.co.uk/contact-us,https://www.fitness4less.co.uk/contact-us,,,official_locations_or_contact_page; phase2; demoted_outward_mismatch:KT3 4AH->SE13 7HL
gb_d9ae7df5fb,Fitness4Less,Fitness4Less Northampton,Fitness4Less Northampton,"Sol Central, Mare Fair",NN1 1SR,Northampton,United Kingdom,England,52.237137,-0.90122,READY_TO_IMPORT,VERIFIED_CURRENT,ok,nominatim,https://www.fitness4less.co.uk/contact-us,https://www.fitness4less.co.uk/contact-us,,,official_locations_or_contact_page; phase2
gb_5c7b1b5c20,Fitness4Less,Fitness4Less Watford,Fitness4Less Watford,"Cafe Quarter, 46 The Parade, Watford, Hertfordshire",WD17 1AY,Watford,United Kingdom,England,51.657521,-0.399454,READY_TO_IMPORT,VERIFIED_CURRENT,suspicious,nominatim,https://www.fitness4less.co.uk/contact-us,https://www.fitness4less.co.uk/contact-us,,,official_locations_or_contact_page; phase2; soft_postal
gb_6b82164e59,Gymbox,Gymbox Bank,Gymbox Bank,71 Lombard Street,EC3V 9AY,London,United Kingdom,England,51.512803,-0.087687,READY_TO_IMPORT,VERIFIED_CURRENT,suspicious,nominatim,https://gymbox.com/gyms/bank/,https://gymbox.com/gyms/bank/,,,official_club_page; phase2; soft_postal
gb_463271ab9f,Gymbox,Gymbox Ealing,Gymbox Ealing,"Unit 15, Dickens Yard, Longfield Avenue",W5 2TD,London,United Kingdom,England,51.514112,-0.306015,READY_TO_IMPORT,VERIFIED_CURRENT,suspicious,nominatim,https://gymbox.com/gyms/ealing/,https://gymbox.com/gyms/ealing/,,,official_club_page; phase2; soft_postal
gb_817dc6ba2b,Gymbox,Gymbox Elephant and Castle,Gymbox Elephant and Castle,"Unit 7, 38 New Kent Road",SE1 6TJ,London,United Kingdom,England,,,NEEDS_COORDINATES,VERIFIED_CURRENT,failed,,https://gymbox.com/gyms/elephant-and-castle/,https://gymbox.com/gyms/elephant-and-castle/,,,official_club_page; phase2; phase2_address_overwrite
gb_3f04c8561e,Gymbox,Gymbox Farringdon,Gymbox Farringdon,12A Leather Lane,EC1N 7SS,London,United Kingdom,England,51.518868,-0.108834,READY_TO_IMPORT,VERIFIED_CURRENT,suspicious,nominatim,https://gymbox.com/gyms/farringdon/,https://gymbox.com/gyms/farringdon/,,,official_club_page; phase2; soft_postal
gb_b69ec40bf8,Gymbox,Gymbox Finsbury Park,Gymbox Finsbury Park,"Unit 4, City North Place",N4 3HN,London,United Kingdom,England,,,NEEDS_COORDINATES,VERIFIED_CURRENT,failed,,https://gymbox.com/gyms/finsbury-park/,https://gymbox.com/gyms/finsbury-park/,,,official_club_page; phase2; phase2_address_overwrite
gb_31fe10d540,Gymbox,Gymbox Holborn,Gymbox Holborn,100 High Holborn,WC1V 6RD,London,United Kingdom,England,,,NEEDS_COORDINATES,VERIFIED_CURRENT,,,https://gymbox.com/gyms/holborn/,https://gymbox.com/gyms/holborn/,,,official_club_page; phase2; restored_after_false_proximity_collapse
gb_4c6e5f0e0f,Gymbox,Gymbox Old Street,Gymbox Old Street,201A Old Street,EC1V 9NP,London,United Kingdom,England,51.525302,-0.090622,READY_TO_IMPORT,VERIFIED_CURRENT,suspicious,nominatim,https://gymbox.com/gyms/old-street/,https://gymbox.com/gyms/old-street/,,,official_club_page; phase2; soft_postal
gb_08165369ba,Gymbox,Gymbox Victoria,Gymbox Victoria,"10 Greencoat House, Francis Street",SW1P 1DH,London,United Kingdom,England,51.517835,-0.118954,READY_TO_IMPORT,VERIFIED_CURRENT,ok,nominatim,https://gymbox.com/gyms/victoria/,https://gymbox.com/gyms/victoria/,,,official_club_page; phase2
gb_db8bf23e35,Gymbox,Gymbox Westfield London,Gymbox Westfield London,"Westfield Shopping Centre, Ariel Way",W12 7GF,London,United Kingdom,England,51.507473,-0.219897,READY_TO_IMPORT,VERIFIED_CURRENT,ok,nominatim,https://gymbox.com/gyms/westfield-london/,https://gymbox.com/gyms/westfield-london/,,,official_club_page; phase2
gb_0b4d24f963,Gymbox,Gymbox Westfield Stratford,Gymbox Westfield Stratford,"6A Chestnut Place, Westfield Stratford City",E20 1GL,London,United Kingdom,England,51.542258,-0.007622,READY_TO_IMPORT,VERIFIED_CURRENT,suspicious,nominatim,https://gymbox.com/gyms/westfield-stratford/,https://gymbox.com/gyms/westfield-stratford/,,,official_club_page; phase2; soft_postal
gb_93e071ea6c,JD Gyms,JD Gyms Aberdeen,JD Gyms Aberdeen,,,Aberdeen,United Kingdom,,,,COMING_SOON,COMING_SOON,,,https://www.jdgyms.co.uk/gym/aberdeen/,https://www.jdgyms.co.uk/gym/aberdeen/,,,official_club_page; official_coming_soon_page
gb_08ccb02877,JD Gyms,JD Gyms Ballymena,JD Gyms Ballymena,"Larne Road Retail Park, 23 Pennybridge Industrial Estate",BT42 3HB,Ballymena,United Kingdom,Northern Ireland,,,NEEDS_COORDINATES,VERIFIED_CURRENT,failed,,https://www.jdgyms.co.uk/gym/ballymena/,https://www.jdgyms.co.uk/gym/ballymena/,,,official_club_page
gb_b99ff00cb3,JD Gyms,JD Gyms Barnsley,JD Gyms Barnsley,Twibell St,S71 1DL,Barnsley,United Kingdom,England,53.559091,-1.470836,READY_TO_IMPORT,VERIFIED_CURRENT,suspicious,nominatim,https://www.jdgyms.co.uk/gym/barnsley/,https://www.jdgyms.co.uk/gym/barnsley/,,,official_club_page; soft_postal
gb_982d634ae5,JD Gyms,JD Gyms Basildon,JD Gyms Basildon,,,Basildon,United Kingdom,,,,COMING_SOON,COMING_SOON,,,https://www.jdgyms.co.uk/gym/basildon/,https://www.jdgyms.co.uk/gym/basildon/,,,official_club_page; official_coming_soon_page
gb_5b8e7b4cc4,JD Gyms,JD Gyms Basingstoke,JD Gyms Basingstoke,"The Crescent, Viables Business Park, Jays Close",RG22 4BS,Basingstoke,United Kingdom,England,,,NEEDS_COORDINATES,VERIFIED_CURRENT,failed,,https://www.jdgyms.co.uk/gym/basingstoke/,https://www.jdgyms.co.uk/gym/basingstoke/,,,official_club_page
gb_bb66a24d17,JD Gyms,JD Gyms Batley,JD Gyms Batley,260 Bradford Rd,WF17 6HU,Batley,United Kingdom,England,53.71392,-1.779192,READY_TO_IMPORT,VERIFIED_CURRENT,ok,nominatim,https://www.jdgyms.co.uk/gym/batley/,https://www.jdgyms.co.uk/gym/batley/,,,official_club_page
gb_1ec276b009,JD Gyms,JD Gyms Belfast,JD Gyms Belfast,"Hillview Retail Park, Crumlin Rd",BT14 7DU,Belfast,United Kingdom,Northern Ireland,54.612647,-5.955601,READY_TO_IMPORT,VERIFIED_CURRENT,suspicious,nominatim,https://www.jdgyms.co.uk/gym/belfast/,https://www.jdgyms.co.uk/gym/belfast/,,,official_club_page; soft_postal
gb_f4c8fdfb6c,JD Gyms,JD Gyms Birmingham,JD Gyms Birmingham,"Allesley Street, Newtown Middleway",B6 4NF,Birmingham,United Kingdom,England,52.492746,-1.892705,READY_TO_IMPORT,VERIFIED_CURRENT,suspicious,nominatim,https://www.jdgyms.co.uk/gym/birmingham/,https://www.jdgyms.co.uk/gym/birmingham/,,,official_club_page; soft_postal
gb_5ba12a6760,JD Gyms,JD Gyms Blackburn,JD Gyms Blackburn,Whitebirk Dr,BB1 3HT,Blackburn,United Kingdom,England,53.757155,-2.44535,READY_TO_IMPORT,VERIFIED_CURRENT,ok,nominatim,https://www.jdgyms.co.uk/gym/blackburn/,https://www.jdgyms.co.uk/gym/blackburn/,,,official_club_page
gb_9f77c65d86,JD Gyms,JD Gyms Blackpool,JD Gyms Blackpool,Vicarage Ln,FY4 4XL,Blackpool,United Kingdom,England,53.794475,-3.018162,READY_TO_IMPORT,VERIFIED_CURRENT,suspicious,nominatim,https://www.jdgyms.co.uk/gym/blackpool/,https://www.jdgyms.co.uk/gym/blackpool/,,,official_club_page; soft_postal
gb_73d2c9bde3,JD Gyms,JD Gyms Bolton,JD Gyms Bolton,"Unit 1, Morston Point, Manchester Road",BL2 1HA,Bolton,United Kingdom,England,,,NEEDS_COORDINATES,VERIFIED_CURRENT,failed,,https://www.jdgyms.co.uk/gym/bolton/,https://www.jdgyms.co.uk/gym/bolton/,,,official_club_page
gb_7a4ad11d68,JD Gyms,JD Gyms Bournemouth Central,JD Gyms Bournemouth Central,"Richmond Gardens Shopping Centre, Old Christchurch Rd",BH1 1EN,Bournemouth,United Kingdom,England,50.72199,-1.875808,READY_TO_IMPORT,VERIFIED_CURRENT,ok,nominatim,https://www.jdgyms.co.uk/gym/bournemouth-central/,https://www.jdgyms.co.uk/gym/bournemouth-central/,,,official_club_page
gb_6ff87da921,JD Gyms,JD Gyms Bradford,JD Gyms Bradford,"Manningham Lane Retail Park, Manningham Lane",BD1 3AH,Bradford,United Kingdom,England,53.798888,-1.75879,READY_TO_IMPORT,VERIFIED_CURRENT,ok,nominatim,https://www.jdgyms.co.uk/gym/bradford/,https://www.jdgyms.co.uk/gym/bradford/,,,official_club_page
gb_4695b080f9,JD Gyms,JD Gyms Brierley Hill,JD Gyms Brierley Hill,17-23 High Street,DY5 3EU,Brierley Hill,United Kingdom,England,52.479758,-2.123236,READY_TO_IMPORT,VERIFIED_CURRENT,suspicious,nominatim,https://www.jdgyms.co.uk/gym/brierley-hill/,https://www.jdgyms.co.uk/gym/brierley-hill/,,,official_club_page; soft_postal
gb_51133d0332,JD Gyms,JD Gyms Bristol,JD Gyms Bristol,2 Channons Hill,BS16 2EA,Bristol,United Kingdom,England,51.479015,-2.534031,READY_TO_IMPORT,VERIFIED_CURRENT,suspicious,nominatim,https://www.jdgyms.co.uk/gym/bristol/,https://www.jdgyms.co.uk/gym/bristol/,,,official_club_page; soft_postal
gb_14cca232b1,JD Gyms,JD Gyms Burnley,JD Gyms Burnley,Prestige Retail Park,BB11 1BS,Burnley,United Kingdom,England,53.794218,-2.24248,READY_TO_IMPORT,VERIFIED_CURRENT,ok,nominatim,https://www.jdgyms.co.uk/gym/burnley/,https://www.jdgyms.co.uk/gym/burnley/,,,official_club_page
gb_977b7f4351,JD Gyms,JD Gyms Bury,JD Gyms Bury,"Angouleme Way Retail Park, George St, Bury , BL9 0BZ",BL9 7AZ,Bury,United Kingdom,England,53.5934,-2.290163,READY_TO_IMPORT,VERIFIED_CURRENT,ok,nominatim,https://www.jdgyms.co.uk/gym/bury/,https://www.jdgyms.co.uk/gym/bury/,,,official_club_page
gb_4115f9205b,JD Gyms,JD Gyms Cardiff,JD Gyms Cardiff,Queen St,CF10 2BH,Cardiff,United Kingdom,Wales,51.48259,-3.173529,READY_TO_IMPORT,VERIFIED_CURRENT,ok,nominatim,https://www.jdgyms.co.uk/gym/cardiff/,https://www.jdgyms.co.uk/gym/cardiff/,,,official_club_page
gb_b6105c420e,JD Gyms,JD Gyms Cardiff Llanishen,JD Gyms Cardiff Llanishen,Llanishen Retail Park,CF14 5DU,Cardiff,United Kingdom,Wales,51.526192,-3.193837,READY_TO_IMPORT,VERIFIED_CURRENT,ok,nominatim,https://www.jdgyms.co.uk/gym/cardiff-llanishen/,https://www.jdgyms.co.uk/gym/cardiff-llanishen/,,,official_club_page
gb_6e07efa929,JD Gyms,JD Gyms Carlisle,JD Gyms Carlisle,Currock Rd,CA2 4AS,Carlisle,United Kingdom,England,54.885066,-2.931181,READY_TO_IMPORT,VERIFIED_CURRENT,ok,nominatim,https://www.jdgyms.co.uk/gym/carlisle/,https://www.jdgyms.co.uk/gym/carlisle/,,,official_club_page
gb_bf45c0754e,JD Gyms,JD Gyms Castleford,JD Gyms Castleford,Colorado Way,WF10 4TA,Castleford,United Kingdom,England,53.709114,-1.341274,READY_TO_IMPORT,VERIFIED_CURRENT,ok,nominatim,https://www.jdgyms.co.uk/gym/castleford/,https://www.jdgyms.co.uk/gym/castleford/,,,official_club_page
gb_19f120cfa5,JD Gyms,JD Gyms Chatham,JD Gyms Chatham,"Horsted Retail Park, Maidstone Road",ME5 9SQ,Chatham,United Kingdom,England,51.351169,0.507214,READY_TO_IMPORT,VERIFIED_CURRENT,ok,nominatim,https://www.jdgyms.co.uk/gym/chatham/,https://www.jdgyms.co.uk/gym/chatham/,,,official_club_page
gb_74f918f405,JD Gyms,JD Gyms Cheltenham,JD Gyms Cheltenham,"The Roundhouse, 19 Gloucester Rd",GL51 8NE,Cheltenham,United Kingdom,England,51.905066,-2.088944,READY_TO_IMPORT,VERIFIED_CURRENT,ok,nominatim,https://www.jdgyms.co.uk/gym/cheltenham/,https://www.jdgyms.co.uk/gym/cheltenham/,,,official_club_page
gb_8850febfaf,JD Gyms,JD Gyms Chester,JD Gyms Chester,"Unit 6, Greyhound Retail Park, Sealand Road",CH1 4QG,Chester,United Kingdom,England,53.198854,-2.915967,READY_TO_IMPORT,VERIFIED_CURRENT,ok,nominatim,https://www.jdgyms.co.uk/gym/chester/,https://www.jdgyms.co.uk/gym/chester/,,,official_club_page
gb_66e0991fab,JD Gyms,JD Gyms Chesterfield,JD Gyms Chesterfield,"Spire Walk Business Park, Derby Road",S40 2WG,Chesterfield,United Kingdom,England,53.230795,-1.426797,READY_TO_IMPORT,VERIFIED_CURRENT,ok,nominatim,https://www.jdgyms.co.uk/gym/chesterfield/,https://www.jdgyms.co.uk/gym/chesterfield/,,,official_club_page
gb_2d97f4b1bc,JD Gyms,JD Gyms Coatbridge,JD Gyms Coatbridge,Coatbank St,ML5 3SP,Coatbridge,United Kingdom,Scotland,55.858598,-4.020198,READY_TO_IMPORT,VERIFIED_CURRENT,ok,nominatim,https://www.jdgyms.co.uk/gym/coatbridge/,https://www.jdgyms.co.uk/gym/coatbridge/,,,official_club_page
gb_a3de76582f,JD Gyms,JD Gyms Coventry,JD Gyms Coventry,"Belgrade Plaza, Upper Well St",CV1 4AJ,Coventry,United Kingdom,England,52.410441,-1.514435,READY_TO_IMPORT,VERIFIED_CURRENT,suspicious,nominatim,https://www.jdgyms.co.uk/gym/coventry/,https://www.jdgyms.co.uk/gym/coventry/,,,official_club_page; soft_postal
gb_350f61e018,JD Gyms,JD Gyms Cwmbran,JD Gyms Cwmbran,17-18 Gwent Square,NP44 1PW,Cwmbran,United Kingdom,Wales,51.653773,-3.020868,READY_TO_IMPORT,VERIFIED_CURRENT,suspicious,nominatim,https://www.jdgyms.co.uk/gym/cwmbran/,https://www.jdgyms.co.uk/gym/cwmbran/,,,official_club_page; soft_postal
gb_589b514468,JD Gyms,JD Gyms Darlington,JD Gyms Darlington,John St,DL1 1LG,Darlington,United Kingdom,England,54.532775,-1.550412,READY_TO_IMPORT,VERIFIED_CURRENT,suspicious,nominatim,https://www.jdgyms.co.uk/gym/darlington/,https://www.jdgyms.co.uk/gym/darlington/,,,official_club_page; soft_postal
gb_685196aeaa,JD Gyms,JD Gyms Derby,JD Gyms Derby,"709 Osmaston Rd, Allenton",DE24 8NG,Derby,United Kingdom,England,52.893723,-1.45315,READY_TO_IMPORT,VERIFIED_CURRENT,ok,nominatim,https://www.jdgyms.co.uk/gym/derby/,https://www.jdgyms.co.uk/gym/derby/,,,official_club_page
gb_24069a926e,JD Gyms,JD Gyms Doncaster,JD Gyms Doncaster,"Shaw Lane Industrial Estate, Ogden Road",DN2 4SQ,Doncaster,United Kingdom,England,,,NEEDS_COORDINATES,VERIFIED_CURRENT,failed,,https://www.jdgyms.co.uk/gym/doncaster/,https://www.jdgyms.co.uk/gym/doncaster/,,,official_club_page
gb_ce887bd6aa,JD Gyms,JD Gyms Dundee,JD Gyms Dundee,"Wellgate Shopping Centre, Victoria Road",DD1 2DB,Dundee,United Kingdom,Scotland,56.464682,-2.969586,READY_TO_IMPORT,VERIFIED_CURRENT,ok,nominatim,https://www.jdgyms.co.uk/gym/dundee/,https://www.jdgyms.co.uk/gym/dundee/,,,official_club_page
gb_a1e6753975,JD Gyms,JD Gyms Dunfermline,JD Gyms Dunfermline,,,Dunfermline,United Kingdom,,,,COMING_SOON,COMING_SOON,,,https://www.jdgyms.co.uk/gym/dunfermline/,https://www.jdgyms.co.uk/gym/dunfermline/,,,official_club_page; official_coming_soon_page
gb_ac0e9a1a10,JD Gyms,JD Gyms Edinburgh West,JD Gyms Edinburgh West,"Shopping Centre, West Side Plaza, Wester Hailes Rd",EH14 2SW,Edinburgh,United Kingdom,Scotland,55.915118,-3.283889,READY_TO_IMPORT,VERIFIED_CURRENT,ok,nominatim,https://www.jdgyms.co.uk/gym/edinburgh-west/,https://www.jdgyms.co.uk/gym/edinburgh-west/,,,official_club_page
gb_21b3375020,JD Gyms,JD Gyms Edinburgh Chesser,JD Gyms Edinburgh Chesser,,,Edinburgh Chesser,United Kingdom,,,,COMING_SOON,COMING_SOON,,,https://www.jdgyms.co.uk/gym/edinburgh-chesser/,https://www.jdgyms.co.uk/gym/edinburgh-chesser/,,,official_club_page; listing_opening_soon
gb_d8e6a7b2b3,JD Gyms,JD Gyms Enfield,JD Gyms Enfield,"De Mandeville Gate Retail Park, Southbury Road",EN1 1TW,Enfield,United Kingdom,England,,,NEEDS_COORDINATES,VERIFIED_CURRENT,failed,,https://www.jdgyms.co.uk/gym/enfield/,https://www.jdgyms.co.uk/gym/enfield/,,,official_club_page
gb_8f6be0f073,JD Gyms,JD Gyms Farnborough,JD Gyms Farnborough,"Farnborough Gate, Blackwater Shopping Centre",GU14 8BL,Farnborough,United Kingdom,England,51.308,-0.748266,READY_TO_IMPORT,VERIFIED_CURRENT,ok,nominatim,https://www.jdgyms.co.uk/gym/farnborough/,https://www.jdgyms.co.uk/gym/farnborough/,,,official_club_page
gb_dc18c2cc62,JD Gyms,JD Gyms Hempstead Valley,JD Gyms Hempstead Valley,"Hempstead Valley Shopping Centre, Hempstead Valley Drive, Hempstead",ME7 3PD,Gillingham,United Kingdom,England,51.340905,0.572584,READY_TO_IMPORT,VERIFIED_CURRENT,ok,nominatim,https://www.jdgyms.co.uk/gym/hempstead-valley/,https://www.jdgyms.co.uk/gym/hempstead-valley/,,,official_club_page
gb_644128ca3a,JD Gyms,JD Gyms Swansea,JD Gyms Swansea,"Parc Tawe (North) Retail Park, Swansea",SA1 2AL,Glamorgan,United Kingdom,Wales,51.623354,-3.878941,READY_TO_IMPORT,VERIFIED_CURRENT,ok,nominatim,https://www.jdgyms.co.uk/gym/swansea/,https://www.jdgyms.co.uk/gym/swansea/,,,official_club_page
gb_9a714e613a,JD Gyms,JD Gyms Cumbernauld,JD Gyms Cumbernauld,"Cumbernauld Shopping Centre, Central Way, Cumbernauld",G67 1BT,Glasgow,United Kingdom,Scotland,,,NEEDS_COORDINATES,VERIFIED_CURRENT,failed,,https://www.jdgyms.co.uk/gym/cumbernauld/,https://www.jdgyms.co.uk/gym/cumbernauld/,,,official_club_page
gb_29565ccca7,JD Gyms,JD Gyms East Kilbride,JD Gyms East Kilbride,"1 The Boardwalk, Stroud Road, East Kilbride",G75 0YW,Glasgow,United Kingdom,Scotland,,,NEEDS_COORDINATES,VERIFIED_CURRENT,ambiguous,,https://www.jdgyms.co.uk/gym/east-kilbride/,https://www.jdgyms.co.uk/gym/east-kilbride/,,,official_club_page
gb_7c0c14bdf2,JD Gyms,JD Gyms Glasgow North,JD Gyms Glasgow North,"Off Craigmont Dr, Maryhill Rd",G20 9BS,Glasgow,United Kingdom,Scotland,55.889018,-4.285,READY_TO_IMPORT,VERIFIED_CURRENT,ok,nominatim,https://www.jdgyms.co.uk/gym/glasgow-north/,https://www.jdgyms.co.uk/gym/glasgow-north/,,,official_club_page
gb_c29f1e34a1,JD Gyms,JD Gyms Glasgow South,JD Gyms Glasgow South,"Crown Street Retail Park, Crown Street",G5 0US,Glasgow,United Kingdom,Scotland,,,NEEDS_COORDINATES,VERIFIED_CURRENT,ambiguous,,https://www.jdgyms.co.uk/gym/glasgow-south/,https://www.jdgyms.co.uk/gym/glasgow-south/,,,official_club_page
gb_64d5894f9e,JD Gyms,JD Gyms Gloucester,JD Gyms Gloucester,108 Eastern Avenue Retail Park,GL4 4LP,Gloucester,United Kingdom,England,51.855286,-2.221664,READY_TO_IMPORT,VERIFIED_CURRENT,ok,nominatim,https://www.jdgyms.co.uk/gym/gloucester/,https://www.jdgyms.co.uk/gym/gloucester/,,,official_club_page
gb_c8d32b18ec,JD Gyms,JD Gyms Gorseinon,JD Gyms Gorseinon,"Victoria Road, Gorseinon, Swansea",SA4 3BE,Gorseinon,United Kingdom,Wales,,,NEEDS_COORDINATES,VERIFIED_CURRENT,failed,,https://www.jdgyms.co.uk/gym/gorseinon/,https://www.jdgyms.co.uk/gym/gorseinon/,,,official_club_page
gb_289651cf66,JD Gyms,JD Gyms Greenock,JD Gyms Greenock,"Waterfront Retail Park, Custom House Way",PA15 1EG,Greenock,United Kingdom,Scotland,55.949908,-4.755926,READY_TO_IMPORT,VERIFIED_CURRENT,ok,nominatim,https://www.jdgyms.co.uk/gym/greenock/,https://www.jdgyms.co.uk/gym/greenock/,,,official_club_page
gb_0027c3bc8b,JD Gyms,JD Gyms Halifax,JD Gyms Halifax,"Victoria Retail Park, Shroggs Road",HX3 5HZ,Halifax,United Kingdom,England,,,NEEDS_COORDINATES,VERIFIED_CURRENT,failed,,https://www.jdgyms.co.uk/gym/halifax/,https://www.jdgyms.co.uk/gym/halifax/,,,official_club_page; demoted_outward_mismatch:HX3 5HZ->S6 1JY
gb_e6d61a4241,JD Gyms,JD Gyms Harlow,JD Gyms Harlow,"Harvey Centre, Broad Walk",CM20 1XR,Harlow,United Kingdom,England,51.768932,0.093042,READY_TO_IMPORT,VERIFIED_CURRENT,suspicious,nominatim,https://www.jdgyms.co.uk/gym/harlow/,https://www.jdgyms.co.uk/gym/harlow/,,,official_club_page; soft_postal
gb_298fee2bf4,JD Gyms,JD Gyms Hartlepool,JD Gyms Hartlepool,"Middleton Grange Shopping Centre, 140A Stockton St",TS24 7RZ,Hartlepool,United Kingdom,England,54.68423,-1.211924,READY_TO_IMPORT,VERIFIED_CURRENT,ok,nominatim,https://www.jdgyms.co.uk/gym/hartlepool/,https://www.jdgyms.co.uk/gym/hartlepool/,,,official_club_page
gb_6905329db3,JD Gyms,JD Gyms Huddersfield,JD Gyms Huddersfield,"Folly Hall Mills, St Thomas and #039; Road",HD1 3LT,Huddersfield,United Kingdom,England,,,NEEDS_COORDINATES,VERIFIED_CURRENT,failed,,https://www.jdgyms.co.uk/gym/huddersfield/,https://www.jdgyms.co.uk/gym/huddersfield/,,,official_club_page
gb_9f6ab32920,JD Gyms,JD Gyms Hull,JD Gyms Hull,Clough Rd,HU5 1SR,Hull,United Kingdom,England,53.767173,-0.347044,READY_TO_IMPORT,VERIFIED_CURRENT,ok,nominatim,https://www.jdgyms.co.uk/gym/hull/,https://www.jdgyms.co.uk/gym/hull/,,,official_club_page
gb_015cd24173,JD Gyms,JD Gyms Ipswich,JD Gyms Ipswich,"Suffolk Retail Park, London Rd",IP1 2EJ,Ipswich,United Kingdom,England,52.060267,1.135801,READY_TO_IMPORT,VERIFIED_CURRENT,ok,nominatim,https://www.jdgyms.co.uk/gym/ipswich/,https://www.jdgyms.co.uk/gym/ipswich/,,,official_club_page
gb_8929bf150b,JD Gyms,JD Gyms Leeds Kirkstall Road,JD Gyms Leeds Kirkstall Road,"1 Kirkstall Rd, Burley",LS4 2AZ,Leeds,United Kingdom,England,53.805027,-1.578212,READY_TO_IMPORT,VERIFIED_CURRENT,suspicious,nominatim,https://www.jdgyms.co.uk/gym/leeds-kirkstall-road/,https://www.jdgyms.co.uk/gym/leeds-kirkstall-road/,,,official_club_page; soft_postal
gb_1d6e287c67,JD Gyms,JD Gyms Leeds North,JD Gyms Leeds North,"Limewood Approach, Seacroft",LS14 1NH,Leeds,United Kingdom,England,,,NEEDS_COORDINATES,VERIFIED_CURRENT,failed,,https://www.jdgyms.co.uk/gym/leeds-north/,https://www.jdgyms.co.uk/gym/leeds-north/,,,official_club_page
gb_96c2f544c7,JD Gyms,JD Gyms Leeds South,JD Gyms Leeds South,"Millshaw Park Industrial Estate, Millshaw Park Ave",LS11 0LW,Leeds,United Kingdom,England,53.767002,-1.57711,READY_TO_IMPORT,VERIFIED_CURRENT,suspicious,nominatim,https://www.jdgyms.co.uk/gym/leeds-south/,https://www.jdgyms.co.uk/gym/leeds-south/,,,official_club_page; soft_postal
gb_6a4c26f97e,JD Gyms,JD Gyms Aintree,JD Gyms Aintree,"Switch Island Leisure Park, 9 Dunnings Bridge Road, Aintree",L30 6TQ,Liverpool,United Kingdom,England,,,NEEDS_COORDINATES,VERIFIED_CURRENT,failed,,https://www.jdgyms.co.uk/gym/aintree/,https://www.jdgyms.co.uk/gym/aintree/,,,official_club_page; demoted_outward_mismatch:L30 6TQ->L25 2XE
gb_cf682d6fc1,JD Gyms,JD Gyms Liverpool,JD Gyms Liverpool,14 Dale St,L2 4TH,Liverpool,United Kingdom,England,53.406896,-2.989807,READY_TO_IMPORT,VERIFIED_CURRENT,ok,nominatim,https://www.jdgyms.co.uk/gym/liverpool/,https://www.jdgyms.co.uk/gym/liverpool/,,,official_club_page
gb_7984065a9c,JD Gyms,JD Gyms Liverpool Belle Vale,JD Gyms Liverpool Belle Vale,"Belle Vale Shopping Centre, Childwall Valley Rd",L25 2RF,Liverpool,United Kingdom,England,53.390672,-2.860125,READY_TO_IMPORT,VERIFIED_CURRENT,ok,nominatim,https://www.jdgyms.co.uk/gym/liverpool-belle-vale/,https://www.jdgyms.co.uk/gym/liverpool-belle-vale/,,,official_club_page
gb_2e9fccc605,JD Gyms,JD Gyms Liverpool Edge Lane,JD Gyms Liverpool Edge Lane,"Liverpool Innovation Park, Edge Lane, Fairfield",L7 9NJ,Liverpool,United Kingdom,England,,,NEEDS_COORDINATES,VERIFIED_CURRENT,,,https://www.jdgyms.co.uk/gym/liverpool-edge-lane/,https://www.jdgyms.co.uk/gym/liverpool-edge-lane/,,,official_club_page; restored_after_false_proximity_collapse
gb_3a113f42fb,JD Gyms,JD Gyms Liverpool South,JD Gyms Liverpool South,"Triumph Way, Hunt&#039;s Cross",L24 9GQ,Liverpool,United Kingdom,England,53.356618,-2.86805,READY_TO_IMPORT,VERIFIED_CURRENT,suspicious,nominatim,https://www.jdgyms.co.uk/gym/liverpool-south/,https://www.jdgyms.co.uk/gym/liverpool-south/,,,official_club_page; soft_postal
gb_1a33b1ca8a,JD Gyms,JD Gyms Livingston,JD Gyms Livingston,"New Logic House, Kirkton South Road, Livingston Village",EH54 7DE,Livingston,United Kingdom,Scotland,55.881998,-3.531969,READY_TO_IMPORT,VERIFIED_CURRENT,ok,nominatim,https://www.jdgyms.co.uk/gym/livingston/,https://www.jdgyms.co.uk/gym/livingston/,,,official_club_page
gb_1b114c1f3d,JD Gyms,JD Gyms London Charlton,JD Gyms London Charlton,"Unit B, Stone Lake Retail Park, Woolwich Road",SE7 8LU,London,United Kingdom,England,,,NEEDS_COORDINATES,VERIFIED_CURRENT,failed,,https://www.jdgyms.co.uk/gym/london-charlton/,https://www.jdgyms.co.uk/gym/london-charlton/,,,official_club_page; demoted_outward_mismatch:SE7 8LU->IP1 2EJ
gb_01fb9a7b69,JD Gyms,JD Gyms Luton,JD Gyms Luton,"Hatters Way Retail Park, Chaul End Lane, Maidenhall",LU4 8FD,Luton,United Kingdom,England,51.889153,-0.45586,READY_TO_IMPORT,VERIFIED_CURRENT,ok,nominatim,https://www.jdgyms.co.uk/gym/luton/,https://www.jdgyms.co.uk/gym/luton/,,,official_club_page
gb_6ba362c45c,JD Gyms,JD Gyms Droylsden,JD Gyms Droylsden,"Greenside Retail Park, Greenside Lane, Droylsden",M43 7YY,Manchester,United Kingdom,England,,,NEEDS_COORDINATES,VERIFIED_CURRENT,ambiguous,,https://www.jdgyms.co.uk/gym/droylsden/,https://www.jdgyms.co.uk/gym/droylsden/,,,official_club_page
gb_96145a3337,JD Gyms,JD Gyms Manchester,JD Gyms Manchester,"Bridgewater House, 58-60 Whitworth St",M1 6LT,Manchester,United Kingdom,England,53.475078,-2.2403,READY_TO_IMPORT,VERIFIED_CURRENT,ok,nominatim,https://www.jdgyms.co.uk/gym/manchester/,https://www.jdgyms.co.uk/gym/manchester/,,,official_club_page
gb_d4d29621fd,JD Gyms,JD Gyms Middleton,JD Gyms Middleton,"Middleton Shopping Centre, Limetrees Road, Middleton",M24 4EL,Manchester,United Kingdom,England,53.548698,-2.201339,READY_TO_IMPORT,VERIFIED_CURRENT,ok,nominatim,https://www.jdgyms.co.uk/gym/middleton/,https://www.jdgyms.co.uk/gym/middleton/,,,official_club_page
gb_ab975ab98e,JD Gyms,JD Gyms Wythenshawe,JD Gyms Wythenshawe,"Southmoor Rd, Wythenshawe",M23 9DS,Manchester,United Kingdom,England,53.396025,-2.29253,READY_TO_IMPORT,VERIFIED_CURRENT,ok,nominatim,https://www.jdgyms.co.uk/gym/wythenshawe/,https://www.jdgyms.co.uk/gym/wythenshawe/,,,official_club_page
gb_3bba1dc72f,JD Gyms,JD Gyms Mansfield,JD Gyms Mansfield,"Old Mill Ln, Mansfield Woodhouse",NG19 9BG,Mansfield,United Kingdom,England,53.15712,-1.185346,READY_TO_IMPORT,VERIFIED_CURRENT,ok,nominatim,https://www.jdgyms.co.uk/gym/mansfield/,https://www.jdgyms.co.uk/gym/mansfield/,,,official_club_page
gb_ae6f6fd595,JD Gyms,JD Gyms Middlesbrough,JD Gyms Middlesbrough,Newport South Business Park,TS1 5QN,Middlesbrough,United Kingdom,England,,,NEEDS_COORDINATES,VERIFIED_CURRENT,failed,,https://www.jdgyms.co.uk/gym/middlesbrough/,https://www.jdgyms.co.uk/gym/middlesbrough/,,,official_club_page
gb_af81dd3ec1,JD Gyms,JD Gyms Milton Keynes,JD Gyms Milton Keynes,"Winterhill House, Snowdon Drive",MK6 1AP,Milton Keynes,United Kingdom,England,,,NEEDS_COORDINATES,VERIFIED_CURRENT,failed,,https://www.jdgyms.co.uk/gym/milton-keynes/,https://www.jdgyms.co.uk/gym/milton-keynes/,,,official_club_page
gb_e94d2eb78b,JD Gyms,JD Gyms Newcastle Under Lyme,JD Gyms Newcastle Under Lyme,"Former Bus Depot, Liverpool Rd, Newcastle-under-Lyme",ST5 2LE,Newcastle,United Kingdom,England,53.016672,-2.22955,READY_TO_IMPORT,VERIFIED_CURRENT,ok,nominatim,https://www.jdgyms.co.uk/gym/newcastle-under-lyme/,https://www.jdgyms.co.uk/gym/newcastle-under-lyme/,,,official_club_page
gb_63b7a6b57a,JD Gyms,JD Gyms Newcastle,JD Gyms Newcastle,"Northumberland Retail Park, Shiremoor, West Allotment",NE27 0FS,Newcastle upon Tyne,United Kingdom,England,55.030666,-1.523262,READY_TO_IMPORT,VERIFIED_CURRENT,ok,nominatim,https://www.jdgyms.co.uk/gym/newcastle/,https://www.jdgyms.co.uk/gym/newcastle/,,,official_club_page
gb_1ba19d6790,JD Gyms,JD Gyms Newcastle Benton,JD Gyms Newcastle Benton,"North Tyne Retail Park, Whitley Rd",NE12 9SR,Newcastle upon Tyne,United Kingdom,England,55.016514,-1.547573,READY_TO_IMPORT,VERIFIED_CURRENT,ok,nominatim,https://www.jdgyms.co.uk/gym/newcastle-benton/,https://www.jdgyms.co.uk/gym/newcastle-benton/,,,official_club_page
gb_2164159f09,JD Gyms,JD Gyms Newcastle Kingston,JD Gyms Newcastle Kingston,"Belvedere Retail Park, 1 Belvedere Parkway",NE3 2PA,Newcastle upon Tyne,United Kingdom,England,,,NEEDS_COORDINATES,VERIFIED_CURRENT,failed,,https://www.jdgyms.co.uk/gym/newcastle-kingston/,https://www.jdgyms.co.uk/gym/newcastle-kingston/,,,official_club_page
gb_9cd25c978e,JD Gyms,JD Gyms Newport,JD Gyms Newport,"Newport Retail Park Spytty Road, Leisure Park, 3 Seven Stiles Ave",NP19 4QQ,Newport,United Kingdom,Wales,51.575066,-2.942361,READY_TO_IMPORT,VERIFIED_CURRENT,ok,nominatim,https://www.jdgyms.co.uk/gym/newport/,https://www.jdgyms.co.uk/gym/newport/,,,official_club_page
gb_f9d74e9c0e,JD Gyms,JD Gyms Newtownabbey,JD Gyms Newtownabbey,,,Newtownabbey,United Kingdom,,,,COMING_SOON,COMING_SOON,,,https://www.jdgyms.co.uk/gym/newtownabbey/,https://www.jdgyms.co.uk/gym/newtownabbey/,,,official_club_page; official_coming_soon_page
gb_41c9ce01df,JD Gyms,JD Gyms North Shields,JD Gyms North Shields,"Royal Quays, Coble Dene",NE29 6DE,North Shields,United Kingdom,England,54.996384,-1.464861,READY_TO_IMPORT,VERIFIED_CURRENT,ok,nominatim,https://www.jdgyms.co.uk/gym/north-shields/,https://www.jdgyms.co.uk/gym/north-shields/,,,official_club_page
gb_59c68634e6,JD Gyms,JD Gyms Nottingham,JD Gyms Nottingham,"Chettles Trade Park, Midland Way",NG7 3AG,Nottingham,United Kingdom,England,52.957858,-1.184018,READY_TO_IMPORT,VERIFIED_CURRENT,ok,nominatim,https://www.jdgyms.co.uk/gym/nottingham/,https://www.jdgyms.co.uk/gym/nottingham/,,,official_club_page
gb_d242137e57,JD Gyms,JD Gyms Oldbury,JD Gyms Oldbury,"Birchley Island Retail Park, Wolverhampton Road",B69 4RJ,Oldbury,United Kingdom,England,52.491384,-2.022777,READY_TO_IMPORT,VERIFIED_CURRENT,suspicious,nominatim,https://www.jdgyms.co.uk/gym/oldbury/,https://www.jdgyms.co.uk/gym/oldbury/,,,official_club_page; restored_after_false_proximity_collapse; coords_reassigned_from_sheffield_north_wrong_row
gb_aa51551391,JD Gyms,JD Gyms Peterborough,JD Gyms Peterborough,Maskew Avenue Retail Park,PE1 2BT,Peterborough,United Kingdom,England,52.593029,-0.260125,READY_TO_IMPORT,VERIFIED_CURRENT,ok,nominatim,https://www.jdgyms.co.uk/gym/peterborough/,https://www.jdgyms.co.uk/gym/peterborough/,,,official_club_page
gb_875bf6a705,JD Gyms,JD Gyms Plymouth,JD Gyms Plymouth,Transit Way,PL5 3TW,Plymouth,United Kingdom,England,50.411442,-4.150791,READY_TO_IMPORT,VERIFIED_CURRENT,ok,nominatim,https://www.jdgyms.co.uk/gym/plymouth/,https://www.jdgyms.co.uk/gym/plymouth/,,,official_club_page
gb_ffa753591c,JD Gyms,JD Gyms Preston,JD Gyms Preston,"Tustin Court, Port Wy., Ashton-on-Ribble",PR2 2YQ,Preston,United Kingdom,England,53.760259,-2.728629,READY_TO_IMPORT,VERIFIED_CURRENT,suspicious,nominatim,https://www.jdgyms.co.uk/gym/preston/,https://www.jdgyms.co.uk/gym/preston/,,,official_club_page; soft_postal
gb_383901ffd5,JD Gyms,JD Gyms Reading,JD Gyms Reading,"Reading Link Retail Park, Rose Kiln Lane",RG2 0SN,Reading,United Kingdom,England,,,NEEDS_COORDINATES,VERIFIED_CURRENT,failed,,https://www.jdgyms.co.uk/gym/reading/,https://www.jdgyms.co.uk/gym/reading/,,,official_club_page
gb_f3f096efe5,JD Gyms,JD Gyms Renfrew,JD Gyms Renfrew,Renfrew Retail Park,PA4 9EN,Renfrew,United Kingdom,Scotland,,,NEEDS_COORDINATES,VERIFIED_CURRENT,failed,,https://www.jdgyms.co.uk/gym/renfrew/,https://www.jdgyms.co.uk/gym/renfrew/,,,official_club_page
gb_3e866a8658,JD Gyms,JD Gyms Rochdale,JD Gyms Rochdale,Exchange Shopping Centre,OL16 1YL,Rochdale,United Kingdom,England,53.618017,-2.159478,READY_TO_IMPORT,VERIFIED_CURRENT,suspicious,nominatim,https://www.jdgyms.co.uk/gym/rochdale/,https://www.jdgyms.co.uk/gym/rochdale/,,,official_club_page; soft_postal
gb_7eb2793c5c,JD Gyms,JD Gyms Rotherham,JD Gyms Rotherham,Greasbrough St,S60 1LD,Rotherham,United Kingdom,England,53.434157,-1.363359,READY_TO_IMPORT,VERIFIED_CURRENT,ok,nominatim,https://www.jdgyms.co.uk/gym/rotherham/,https://www.jdgyms.co.uk/gym/rotherham/,,,official_club_page
gb_826cdeecbd,JD Gyms,JD Gyms Rugby,JD Gyms Rugby,90 Newbold Road,CV21 2YX,Rugby,United Kingdom,England,52.380237,-1.263779,READY_TO_IMPORT,VERIFIED_CURRENT,suspicious,nominatim,https://www.jdgyms.co.uk/gym/rugby/,https://www.jdgyms.co.uk/gym/rugby/,,,official_club_page; soft_postal
gb_48b0044650,JD Gyms,JD Gyms Salford,JD Gyms Salford,"Retail Park, Regent Road",M5 3TP,Salford,United Kingdom,England,53.478035,-2.267285,READY_TO_IMPORT,VERIFIED_CURRENT,ok,nominatim,https://www.jdgyms.co.uk/gym/salford/,https://www.jdgyms.co.uk/gym/salford/,,,official_club_page
gb_b4a5289934,JD Gyms,JD Gyms Sheffield North,JD Gyms Sheffield North,"Units 10-10A, Retail Park, Kilner Way, Wadsley Bridge",S6 1NN,Sheffield,United Kingdom,England,,,NEEDS_COORDINATES,VERIFIED_CURRENT,failed,,https://www.jdgyms.co.uk/gym/sheffield-north/,https://www.jdgyms.co.uk/gym/sheffield-north/,,,official_club_page; demoted_outward_mismatch:S6 1NN->B69 2BD
gb_7b81f31926,JD Gyms,JD Gyms Sheffield South,JD Gyms Sheffield South,"17 Guernsey Rd, Lowfield",S2 4HG,Sheffield,United Kingdom,England,53.363718,-1.47153,READY_TO_IMPORT,VERIFIED_CURRENT,suspicious,nominatim,https://www.jdgyms.co.uk/gym/sheffield-south/,https://www.jdgyms.co.uk/gym/sheffield-south/,,,official_club_page; soft_postal
gb_9c7eeff3db,JD Gyms,JD Gyms Shrewsbury,JD Gyms Shrewsbury,"Sundorne Retail Park, Unit 1C, Arlington Way",SY1 4YA,Shrewsbury,United Kingdom,England,52.738228,-2.717054,READY_TO_IMPORT,VERIFIED_CURRENT,suspicious,nominatim,https://www.jdgyms.co.uk/gym/shrewsbury/,https://www.jdgyms.co.uk/gym/shrewsbury/,,,official_club_page; soft_postal
gb_721a4632bc,JD Gyms,JD Gyms Southampton Bitterne,JD Gyms Southampton Bitterne,"W End Rd, Bitterne Village",SO18 6TG,Southampton,United Kingdom,England,50.915247,-1.36046,READY_TO_IMPORT,VERIFIED_CURRENT,ok,nominatim,https://www.jdgyms.co.uk/gym/southampton-bitterne/,https://www.jdgyms.co.uk/gym/southampton-bitterne/,,,official_club_page
gb_c0bb6ed741,JD Gyms,JD Gyms Southend,JD Gyms Southend,"Purdeys Way, Rochford",SS4 1NE,Southend,United Kingdom,England,,,NEEDS_COORDINATES,VERIFIED_CURRENT,failed,,https://www.jdgyms.co.uk/gym/southend/,https://www.jdgyms.co.uk/gym/southend/,,,official_club_page
gb_d7026a8d7d,JD Gyms,JD Gyms St Helens,JD Gyms St Helens,Boundary Rd,WA10 2PX,St Helens,United Kingdom,England,53.451371,-2.752099,READY_TO_IMPORT,VERIFIED_CURRENT,ok,nominatim,https://www.jdgyms.co.uk/gym/st-helens/,https://www.jdgyms.co.uk/gym/st-helens/,,,official_club_page
gb_a34f742ec9,JD Gyms,JD Gyms Stockton North,JD Gyms Stockton North,"Tesco Extra, 1 Durham Road",TS21 3LU,Stockton-on-Tees,United Kingdom,England,54.656832,-1.451149,READY_TO_IMPORT,VERIFIED_CURRENT,suspicious,nominatim,https://www.jdgyms.co.uk/gym/stockton-north/,https://www.jdgyms.co.uk/gym/stockton-north/,,,official_club_page; soft_postal
gb_7b4476d0de,JD Gyms,JD Gyms Stockton South,JD Gyms Stockton South,Yarm Rd,TS18 3SF,Stockton-on-Tees,United Kingdom,England,54.545695,-1.335773,READY_TO_IMPORT,VERIFIED_CURRENT,ok,nominatim,https://www.jdgyms.co.uk/gym/stockton-south/,https://www.jdgyms.co.uk/gym/stockton-south/,,,official_club_page
gb_e6606e99cc,JD Gyms,JD Gyms Stoke,JD Gyms Stoke,"China St, Fenton",ST4 3NJ,Stoke-on-Trent,United Kingdom,England,52.996023,-2.153453,READY_TO_IMPORT,VERIFIED_CURRENT,suspicious,nominatim,https://www.jdgyms.co.uk/gym/stoke/,https://www.jdgyms.co.uk/gym/stoke/,,,official_club_page; soft_postal
gb_2e7768b982,JD Gyms,JD Gyms Sunderland,JD Gyms Sunderland,Trimdon Street Retail Park,SR4 6DW,Sunderland,United Kingdom,England,,,NEEDS_COORDINATES,VERIFIED_CURRENT,failed,,https://www.jdgyms.co.uk/gym/sunderland/,https://www.jdgyms.co.uk/gym/sunderland/,,,official_club_page
gb_318db36a2b,JD Gyms,JD Gyms Llansamlet,JD Gyms Llansamlet,"Unit 2, St Davids Industrial Estate, Llansamlet",SA6 8RX,Swansea,United Kingdom,Wales,,,NEEDS_COORDINATES,VERIFIED_CURRENT,failed,,https://www.jdgyms.co.uk/gym/llansamlet/,https://www.jdgyms.co.uk/gym/llansamlet/,,,official_club_page
gb_38fc56a5f4,JD Gyms,JD Gyms Swindon,JD Gyms Swindon,Unit 2 Ocotal Way,SN1 2EQ,Swindon,United Kingdom,England,51.567846,-1.774761,READY_TO_IMPORT,VERIFIED_CURRENT,ok,nominatim,https://www.jdgyms.co.uk/gym/swindon/,https://www.jdgyms.co.uk/gym/swindon/,,,official_club_page
gb_82920ead8d,JD Gyms,JD Gyms Telford,JD Gyms Telford,"Telford Bridge Retail Park, Overdale",TF3 4PB,Telford,United Kingdom,England,,,COMING_SOON,COMING_SOON,,,https://www.jdgyms.co.uk/gym/telford/,https://www.jdgyms.co.uk/gym/telford/,,,official_club_page; listing_opening_soon
gb_6e7e8083e8,JD Gyms,JD Gyms Thornton Cleveleys,JD Gyms Thornton Cleveleys,"North Promenade, Cleveleys",FY5 1DW,Thornton-Cleveleys,United Kingdom,England,53.883642,-3.047128,READY_TO_IMPORT,VERIFIED_CURRENT,suspicious,nominatim,https://www.jdgyms.co.uk/gym/thornton-cleveleys/,https://www.jdgyms.co.uk/gym/thornton-cleveleys/,,,official_club_page; soft_postal
gb_c61edf4e2e,JD Gyms,JD Gyms Uxbridge,JD Gyms Uxbridge,70 High Street,UB8 1JR,Uxbridge,United Kingdom,England,,,NEEDS_COORDINATES,VERIFIED_CURRENT,failed,,https://www.jdgyms.co.uk/gym/uxbridge/,https://www.jdgyms.co.uk/gym/uxbridge/,,,official_club_page
gb_e60e3eb733,JD Gyms,JD Gyms Wakefield,JD Gyms Wakefield,,,Wakefield,United Kingdom,,,,COMING_SOON,COMING_SOON,,,https://www.jdgyms.co.uk/gym/wakefield/,https://www.jdgyms.co.uk/gym/wakefield/,,,official_club_page; official_coming_soon_page
gb_fb490c20dc,JD Gyms,JD Gyms Warrington,JD Gyms Warrington,"The Cockhedge Centre, Brick",WA1 2QQ,Warrington,United Kingdom,England,53.391079,-2.589556,READY_TO_IMPORT,VERIFIED_CURRENT,ok,nominatim,https://www.jdgyms.co.uk/gym/warrington/,https://www.jdgyms.co.uk/gym/warrington/,,,official_club_page
gb_78c56f615d,JD Gyms,JD Gyms Washington,JD Gyms Washington,"1, Peel Retail Park",NE37 2PA,Washington,United Kingdom,England,54.906529,-1.502509,READY_TO_IMPORT,VERIFIED_CURRENT,ok,nominatim,https://www.jdgyms.co.uk/gym/washington/,https://www.jdgyms.co.uk/gym/washington/,,,official_club_page
gb_44fa88bb11,JD Gyms,JD Gyms Watford,JD Gyms Watford,,,Watford,United Kingdom,,,,COMING_SOON,COMING_SOON,,,https://www.jdgyms.co.uk/gym/watford/,https://www.jdgyms.co.uk/gym/watford/,,,official_club_page; official_coming_soon_page
gb_9ac18791ec,JD Gyms,JD Gyms West Bromwich,JD Gyms West Bromwich,The Farley Centre,B70 7QU,West Bromwich,United Kingdom,England,52.516352,-1.991069,READY_TO_IMPORT,VERIFIED_CURRENT,ok,nominatim,https://www.jdgyms.co.uk/gym/west-bromwich/,https://www.jdgyms.co.uk/gym/west-bromwich/,,,official_club_page
gb_722ce43192,JD Gyms,JD Gyms Widnes,JD Gyms Widnes,"Widnes Shopping Park, Unit 3 Widnes Road",WA8 7TN,Widnes,United Kingdom,England,53.366244,-2.725359,READY_TO_IMPORT,VERIFIED_CURRENT,ok,nominatim,https://www.jdgyms.co.uk/gym/widnes/,https://www.jdgyms.co.uk/gym/widnes/,,,official_club_page
gb_b9c21e9a06,JD Gyms,JD Gyms Wigan,JD Gyms Wigan,10 Anjou Blvd,WN5 0UJ,Wigan,United Kingdom,England,53.546719,-2.657183,READY_TO_IMPORT,VERIFIED_CURRENT,ok,nominatim,https://www.jdgyms.co.uk/gym/wigan/,https://www.jdgyms.co.uk/gym/wigan/,,,official_club_page
gb_a50457129f,JD Gyms,JD Gyms Bromborough,JD Gyms Bromborough,"the A41, The Old Candy Building, Candy Park, Bromborough",CH62 3PE,Wirral,United Kingdom,England,,,NEEDS_COORDINATES,VERIFIED_CURRENT,failed,,https://www.jdgyms.co.uk/gym/bromborough/,https://www.jdgyms.co.uk/gym/bromborough/,,,official_club_page
gb_da1848f91e,JD Gyms,JD Gyms Wolverhampton,JD Gyms Wolverhampton,"Phoenix Retail Park, Stafford St",WV1 1NT,Wolverhampton,United Kingdom,England,52.594343,-2.125858,READY_TO_IMPORT,VERIFIED_CURRENT,suspicious,nominatim,https://www.jdgyms.co.uk/gym/wolverhampton/,https://www.jdgyms.co.uk/gym/wolverhampton/,,,official_club_page; soft_postal
gb_0e9b7a4182,JD Gyms,JD Gyms York,JD Gyms York,"Unit 4, Clifton Moor Retail Park, Rawcliffe",YO30 4XU,York,United Kingdom,England,53.990389,-1.110393,READY_TO_IMPORT,VERIFIED_CURRENT,ok,nominatim,https://www.jdgyms.co.uk/gym/york/,https://www.jdgyms.co.uk/gym/york/,,,official_club_page
gb_e7e349fb8c,Nuffield Health,Nuffield Health Aberdeen Fitness & Wellbeing Gym,Aberdeen Fitness & Wellbeing Gym,Justice Mill Lane,AB11 6EQ,Aberdeen,United Kingdom,Scotland,57.141987,-2.111751,READY_TO_IMPORT,VERIFIED_CURRENT,,official_json_ld,https://www.nuffieldhealth.com/gyms/aberdeen,https://www.nuffieldhealth.com/gyms/aberdeen,,,official_json_ld
gb_f7447e1369,Nuffield Health,Nuffield Health Aylesbury Fitness & Wellbeing Gym,Aylesbury Fitness & Wellbeing Gym,1-2 Trenchard Street,HP19 7AA,Aylesbury,United Kingdom,England,51.818743021027664,-0.8404165506362915,READY_TO_IMPORT,VERIFIED_CURRENT,,official_json_ld,https://www.nuffieldhealth.com/gyms/aylesbury,https://www.nuffieldhealth.com/gyms/aylesbury,,,official_json_ld
gb_bf78f1d04c,Nuffield Health,Nuffield Health Barrow,Nuffield Health Barrow,,,Barrow,United Kingdom,,,,CLOSED,CLOSED,,,https://www.nuffieldhealth.com/gyms/barrow,https://www.nuffieldhealth.com/gyms/barrow,,,official_json_ld; official_page_title_closure
gb_557b16f377,Nuffield Health,Nuffield Health Battersea Fitness & Wellbeing Gym,Battersea Fitness & Wellbeing Gym,Sheepcote Lane,SW11 5BW,Battersea,United Kingdom,England,51.470734546900324,-0.16383469104766846,READY_TO_IMPORT,VERIFIED_CURRENT,,official_json_ld,https://www.nuffieldhealth.com/gyms/battersea,https://www.nuffieldhealth.com/gyms/battersea,,,official_json_ld
gb_5de5b4a27a,Nuffield Health,Nuffield Health Cottingley Fitness & Wellbeing Gym,Cottingley Fitness & Wellbeing Gym,Cottingley Manor,BD16 1TZ,Bingley,United Kingdom,England,53.830927,-1.819911,READY_TO_IMPORT,VERIFIED_CURRENT,,official_json_ld,https://www.nuffieldhealth.com/gyms/cottingley,https://www.nuffieldhealth.com/gyms/cottingley,,,official_json_ld
gb_4121e557b9,Nuffield Health,Nuffield Health Birmingham Central,Nuffield Health Birmingham Central,Broadway Plaza,B16 8LP,Birmingham,United Kingdom,England,52.474002,-1.921301,READY_TO_IMPORT,VERIFIED_CURRENT,suspicious,nominatim,https://www.nuffieldhealth.com/gyms/birmingham-central,https://www.nuffieldhealth.com/gyms/birmingham-central,,,official_json_ld; soft_postal
gb_7bfd0bd76d,Nuffield Health,Nuffield Health Birmingham Rubery Fitness & Wellbeing Gym,Birmingham Rubery Fitness & Wellbeing Gym,"20, Ashbrook Drive",B45 9FN,Birmingham,United Kingdom,England,52.398935,-2.004541,READY_TO_IMPORT,VERIFIED_CURRENT,,official_json_ld,https://www.nuffieldhealth.com/gyms/birmingham-rubery,https://www.nuffieldhealth.com/gyms/birmingham-rubery,,,official_json_ld
gb_01a34936a8,Nuffield Health,Nuffield Health Bishop's Stortford Fitness & Wellbeing Gym,Bishop's Stortford Fitness & Wellbeing Gym,Anchor Street,CM23 3BP,Bishop&#x27;s Stortford,United Kingdom,England,51.86743236678844,0.162622332572937,READY_TO_IMPORT,VERIFIED_CURRENT,,official_json_ld,https://www.nuffieldhealth.com/gyms/bishops-stortford,https://www.nuffieldhealth.com/gyms/bishops-stortford,,,official_json_ld
gb_f0485b2269,Nuffield Health,Nuffield Health Bolton Fitness & Wellbeing Gym,Bolton Fitness & Wellbeing Gym,7-10 Eagley Brook Way,BL1 8TS,Bolton,United Kingdom,England,53.5971785,-2.42395680539402,READY_TO_IMPORT,VERIFIED_CURRENT,,official_json_ld,https://www.nuffieldhealth.com/gyms/bolton,https://www.nuffieldhealth.com/gyms/bolton,,,official_json_ld
gb_456971c29f,Nuffield Health,Nuffield Health Bridgend,Nuffield Health Bridgend,Waterton Retail Park,CF31 3YW,Bridgend,United Kingdom,Wales,51.499068,-3.54131,READY_TO_IMPORT,VERIFIED_CURRENT,suspicious,nominatim,https://www.nuffieldhealth.com/gyms/bridgend,https://www.nuffieldhealth.com/gyms/bridgend,,,official_json_ld; soft_postal
gb_0539c555ca,Nuffield Health,Nuffield Health Bristol Fitness & Wellbeing Gym,Bristol Fitness & Wellbeing Gym,"83, Queens Road",BS8 1QS,Bristol,United Kingdom,England,51.45698599670868,-2.6084565751017257,READY_TO_IMPORT,VERIFIED_CURRENT,,official_json_ld,https://www.nuffieldhealth.com/gyms/bristol,https://www.nuffieldhealth.com/gyms/bristol,,,official_json_ld
gb_c2386e4880,Nuffield Health,Nuffield Health Bristol North,Nuffield Health Bristol North,Hunts Ground Road,BS34 8HN,Bristol,United Kingdom,England,51.516709,-2.533034,READY_TO_IMPORT,VERIFIED_CURRENT,ok,nominatim,https://www.nuffieldhealth.com/gyms/bristol-north,https://www.nuffieldhealth.com/gyms/bristol-north,,,official_json_ld
gb_9626139ef6,Nuffield Health,Nuffield Health Bromley Fitness & Wellbeing Gym,Bromley Fitness & Wellbeing Gym,Hayes Lane,BR2 9EF,Bromley,United Kingdom,England,51.39123620696662,0.019816160202026367,READY_TO_IMPORT,VERIFIED_CURRENT,,official_json_ld,https://www.nuffieldhealth.com/gyms/bromley,https://www.nuffieldhealth.com/gyms/bromley,,,official_json_ld
gb_901a5e82ad,Nuffield Health,Nuffield Health Cambridge Fitness & Wellbeing Gym,Cambridge Fitness & Wellbeing Gym,"213, Cromwell Road",CB1 3BA,Cambridge,United Kingdom,England,52.206344321410604,0.1485300064086914,READY_TO_IMPORT,VERIFIED_CURRENT,,official_json_ld,https://www.nuffieldhealth.com/gyms/cambridge,https://www.nuffieldhealth.com/gyms/cambridge,,,official_json_ld
gb_954808a102,Nuffield Health,Nuffield Health Cannock Fitness & Wellbeing Gym,Cannock Fitness & Wellbeing Gym,East Cannock Road,WS12 1LU,Cannock,United Kingdom,England,52.699468967718126,-2.0085883140563965,READY_TO_IMPORT,VERIFIED_CURRENT,,official_json_ld,https://www.nuffieldhealth.com/gyms/cannock,https://www.nuffieldhealth.com/gyms/cannock,,,official_json_ld
gb_dd2c9ef81f,Nuffield Health,Nuffield Health Cheam,Nuffield Health Cheam,Peaches Close,SM2 7BJ,Cheam,United Kingdom,England,51.353719,-0.21813,READY_TO_IMPORT,VERIFIED_CURRENT,ok,nominatim,https://www.nuffieldhealth.com/gyms/cheam,https://www.nuffieldhealth.com/gyms/cheam,,,official_json_ld
gb_81a9a6d62f,Nuffield Health,Nuffield Health Chelmsford Fitness & Wellbeing Gym,Chelmsford Fitness & Wellbeing Gym,Unit 6 - Riverside Retail Park,CM1 1AN,Chelmsford,United Kingdom,England,51.738958640526555,0.4802548885345459,READY_TO_IMPORT,VERIFIED_CURRENT,,official_json_ld,https://www.nuffieldhealth.com/gyms/chelmsford,https://www.nuffieldhealth.com/gyms/chelmsford,,,official_json_ld
gb_746a9297c3,Nuffield Health,Nuffield Health Chester,Nuffield Health Chester,Wrexham Road,CH4 7QP,Chester,United Kingdom,England,53.176308,-2.89669,READY_TO_IMPORT,VERIFIED_CURRENT,ok,nominatim,https://www.nuffieldhealth.com/gyms/chester,https://www.nuffieldhealth.com/gyms/chester,,,official_json_ld
gb_c12ea4e98e,Nuffield Health,Nuffield Health Chesterfield,Nuffield Health Chesterfield,Alma Leisure Park,S40 2EZ,Chesterfield,United Kingdom,England,53.229285,-1.42322,READY_TO_IMPORT,VERIFIED_CURRENT,ok,nominatim,https://www.nuffieldhealth.com/gyms/chesterfield,https://www.nuffieldhealth.com/gyms/chesterfield,,,official_json_ld
gb_df1b8dd038,Nuffield Health,Nuffield Health Chichester,Nuffield Health Chichester,Chichester Gate,PO19 8EL,Chichester,United Kingdom,England,50.830246,-0.784568,READY_TO_IMPORT,VERIFIED_CURRENT,ok,nominatim,https://www.nuffieldhealth.com/gyms/chichester,https://www.nuffieldhealth.com/gyms/chichester,,,official_json_ld
gb_f9befac3b1,Nuffield Health,Nuffield Health Chigwell Fitness & Wellbeing Gym,Chigwell Fitness & Wellbeing Gym,Woolston Hall,IG7 6BX,Chigwell,United Kingdom,England,51.64227808167979,0.09393095970153809,READY_TO_IMPORT,VERIFIED_CURRENT,,official_json_ld,https://www.nuffieldhealth.com/gyms/chigwell,https://www.nuffieldhealth.com/gyms/chigwell,,,official_json_ld
gb_baa28452ee,Nuffield Health,Nuffield Health Crawley,Nuffield Health Crawley,Crabbet Park,RH10 4ST,Crawley,United Kingdom,England,51.119163,-0.135761,READY_TO_IMPORT,VERIFIED_CURRENT,suspicious,nominatim,https://www.nuffieldhealth.com/gyms/crawley,https://www.nuffieldhealth.com/gyms/crawley,,,official_json_ld; soft_postal
gb_0faa279ba9,Nuffield Health,Nuffield Health Croydon,Nuffield Health Croydon,619 Purley Way,CR0 4RJ,Croydon,United Kingdom,England,51.356701,-0.114906,READY_TO_IMPORT,VERIFIED_CURRENT,suspicious,nominatim,https://www.nuffieldhealth.com/gyms/croydon,https://www.nuffieldhealth.com/gyms/croydon,,,official_json_ld; soft_postal
gb_b6fc373a6e,Nuffield Health,Nuffield Health Croydon Central Fitness & Wellbeing Gym,Croydon Central Fitness & Wellbeing Gym,44 Surrey Street,CR0 1RJ,Croydon,United Kingdom,England,51.37294240012008,-0.10108172893524169,READY_TO_IMPORT,VERIFIED_CURRENT,,official_json_ld,https://www.nuffieldhealth.com/gyms/croydon-central,https://www.nuffieldhealth.com/gyms/croydon-central,,,official_json_ld
gb_142b0ea357,Nuffield Health,Nuffield Health Cwmbran,Nuffield Health Cwmbran,Wilcrick Place,NP44 1TX,Cwmbran,United Kingdom,Wales,51.661709,-3.018911,READY_TO_IMPORT,VERIFIED_CURRENT,suspicious,nominatim,https://www.nuffieldhealth.com/gyms/cwmbran,https://www.nuffieldhealth.com/gyms/cwmbran,,,official_json_ld; soft_postal
gb_fe75b17d0d,Nuffield Health,Nuffield Health Derby Fitness & Wellbeing Gym,Derby Fitness & Wellbeing Gym,Derbyshire County Cricket Club,DE21 6DA,Derby,United Kingdom,England,52.926051655797984,-1.4618682861328123,READY_TO_IMPORT,VERIFIED_CURRENT,,official_json_ld,https://www.nuffieldhealth.com/gyms/derby,https://www.nuffieldhealth.com/gyms/derby,,,official_json_ld
gb_96cf0a2822,Nuffield Health,Nuffield Health Doncaster Fitness & Wellbeing Gym,Doncaster Fitness & Wellbeing Gym,Sidings Court,DN4 5NU,Doncaster,United Kingdom,England,53.50841695106615,-1.12309455871582,READY_TO_IMPORT,VERIFIED_CURRENT,,official_json_ld,https://www.nuffieldhealth.com/gyms/doncaster,https://www.nuffieldhealth.com/gyms/doncaster,,,official_json_ld
gb_5bec09fbb2,Nuffield Health,Nuffield Health East Kilbride,Nuffield Health East Kilbride,4 The Boardwalk,G75 0YW,East Kilbride,United Kingdom,Scotland,55.751496,-4.161423,READY_TO_IMPORT,VERIFIED_CURRENT,ok,nominatim,https://www.nuffieldhealth.com/gyms/east-kilbride,https://www.nuffieldhealth.com/gyms/east-kilbride,,,official_json_ld
gb_4586846cc9,Nuffield Health,Nuffield Health Edinburgh Fitness & Wellbeing Gym,Edinburgh Fitness & Wellbeing Gym,"15, New Mart Road",EH14 1RL,Edinburgh,United Kingdom,Scotland,55.92610059538333,-3.2506871223449703,READY_TO_IMPORT,VERIFIED_CURRENT,,official_json_ld,https://www.nuffieldhealth.com/gyms/edinburgh,https://www.nuffieldhealth.com/gyms/edinburgh,,,official_json_ld
gb_20aa477063,Nuffield Health,Nuffield Health Edinburgh Fountain Park,Nuffield Health Edinburgh Fountain Park,"Fountain Park, 65-95 Dundee Street",EH11 1AF,Edinburgh,United Kingdom,Scotland,55.9416,-3.217822,READY_TO_IMPORT,VERIFIED_CURRENT,suspicious,nominatim,https://www.nuffieldhealth.com/gyms/edinburgh-fountain-park,https://www.nuffieldhealth.com/gyms/edinburgh-fountain-park,,,official_json_ld; soft_postal
gb_40a393d9d6,Nuffield Health,Nuffield Health Edinburgh Omni Fitness & Wellbeing Gym,Edinburgh Omni Fitness & Wellbeing Gym,61/10 Leith Street,EH1 3AU,Edinburgh,United Kingdom,Scotland,55.956323912104935,-3.1859171390533447,READY_TO_IMPORT,VERIFIED_CURRENT,,official_json_ld,https://www.nuffieldhealth.com/gyms/edinburgh-omni,https://www.nuffieldhealth.com/gyms/edinburgh-omni,,,official_json_ld
gb_769689118d,Nuffield Health,Nuffield Health Enfield Fitness & Wellbeing Gym,Enfield Fitness & Wellbeing Gym,Tower Point,EN2 6SZ,Enfield,United Kingdom,England,51.64860938486901,-0.08108854293823241,READY_TO_IMPORT,VERIFIED_CURRENT,,official_json_ld,https://www.nuffieldhealth.com/gyms/enfield,https://www.nuffieldhealth.com/gyms/enfield,,,official_json_ld
gb_3122c71506,Nuffield Health,Nuffield Health Farnborough Fitness & Wellbeing Gym,Farnborough Fitness & Wellbeing Gym,Links Way,GU14 0NU,Farnborough,United Kingdom,England,51.290362021314344,-0.7948458194732666,READY_TO_IMPORT,VERIFIED_CURRENT,,official_json_ld,https://www.nuffieldhealth.com/gyms/farnborough,https://www.nuffieldhealth.com/gyms/farnborough,,,official_json_ld
gb_83cc2d6110,Nuffield Health,Nuffield Health Farnham Fitness & Wellbeing Gym,Farnham Fitness & Wellbeing Gym,Weybourne Road,GU9 9EL,Farnham,United Kingdom,England,51.22963417313209,-0.7785487174987793,READY_TO_IMPORT,VERIFIED_CURRENT,,official_json_ld,https://www.nuffieldhealth.com/gyms/farnham,https://www.nuffieldhealth.com/gyms/farnham,,,official_json_ld
gb_23137b48fa,Nuffield Health,Nuffield Health Fulham,Nuffield Health Fulham,Stevenage Road,SW6 6PF,Fulham,United Kingdom,England,51.477006,-0.22187,READY_TO_IMPORT,VERIFIED_CURRENT,ok,nominatim,https://www.nuffieldhealth.com/gyms/fulham,https://www.nuffieldhealth.com/gyms/fulham,,,official_json_ld
gb_fceed498e2,Nuffield Health,Nuffield Health Glasgow Central,Nuffield Health Glasgow Central,"141, Finnieston Street",G3 8HB,Glasgow,United Kingdom,Scotland,55.860253,-4.281035,READY_TO_IMPORT,VERIFIED_CURRENT,ok,nominatim,https://www.nuffieldhealth.com/gyms/glasgow-central,https://www.nuffieldhealth.com/gyms/glasgow-central,,,official_json_ld
gb_478785b377,Nuffield Health,Nuffield Health Glasgow Giffnock,Nuffield Health Glasgow Giffnock,"82, Braidholm Road",G46 6ED,Glasgow,United Kingdom,Scotland,55.808551,-4.283028,READY_TO_IMPORT,VERIFIED_CURRENT,ok,nominatim,https://www.nuffieldhealth.com/gyms/glasgow-giffnock,https://www.nuffieldhealth.com/gyms/glasgow-giffnock,,,official_json_ld
gb_cbe84ce8eb,Nuffield Health,Nuffield Health Milngavie,Nuffield Health Milngavie,Strathblane Road,G62 8HJ,Glasgow,United Kingdom,Scotland,55.949402,-4.297008,READY_TO_IMPORT,VERIFIED_CURRENT,ok,nominatim,https://www.nuffieldhealth.com/gyms/milngavie,https://www.nuffieldhealth.com/gyms/milngavie,,,official_json_ld
gb_fca682ccfc,Nuffield Health,Nuffield Health Gloucester Fitness & Wellbeing Gym,Gloucester Fitness & Wellbeing Gym,Centre Severn,GL4 3HR,Gloucester,United Kingdom,England,51.867387,-2.197179,READY_TO_IMPORT,VERIFIED_CURRENT,,official_json_ld,https://www.nuffieldhealth.com/gyms/gloucester,https://www.nuffieldhealth.com/gyms/gloucester,,,official_json_ld
gb_cc84c8bae5,Nuffield Health,Nuffield Health Guildford Fitness & Wellbeing Gym,Guildford Fitness & Wellbeing Gym,Railton Road,GU2 9LX,Guildford,United Kingdom,England,51.259789921029196,-0.5891901254653931,READY_TO_IMPORT,VERIFIED_CURRENT,,official_json_ld,https://www.nuffieldhealth.com/gyms/guildford,https://www.nuffieldhealth.com/gyms/guildford,,,official_json_ld
gb_3860477b94,Nuffield Health,Nuffield Health Harrogate Fitness & Wellbeing Gym,Harrogate Fitness & Wellbeing Gym,Hornbeam Park Road,HG2 8RA,Harrogate,United Kingdom,England,53.97947458411719,-1.5255761146545408,READY_TO_IMPORT,VERIFIED_CURRENT,,official_json_ld,https://www.nuffieldhealth.com/gyms/harrogate,https://www.nuffieldhealth.com/gyms/harrogate,,,official_json_ld
gb_cf98fb3ac2,Nuffield Health,Nuffield Health Hemel Hempstead Fitness & Wellbeing Gym,Hemel Hempstead Fitness & Wellbeing Gym,Maylands Avenue,HP2 4NW,Hemel Hempstead,United Kingdom,England,51.75701614989831,-0.4362130165100097,READY_TO_IMPORT,VERIFIED_CURRENT,,official_json_ld,https://www.nuffieldhealth.com/gyms/hemel-hempstead,https://www.nuffieldhealth.com/gyms/hemel-hempstead,,,official_json_ld
gb_6753489b12,Nuffield Health,Nuffield Health Hertford Fitness & Wellbeing Gym,Hertford Fitness & Wellbeing Gym,Madford Retail Park,SG13 7RQ,Hertford,United Kingdom,England,51.79765150317666,-0.06832659244537354,READY_TO_IMPORT,VERIFIED_CURRENT,,official_json_ld,https://www.nuffieldhealth.com/gyms/hertford,https://www.nuffieldhealth.com/gyms/hertford,,,official_json_ld
gb_4b897ecad7,Nuffield Health,Nuffield Health Hull Fitness & Wellbeing Gym,Hull Fitness & Wellbeing Gym,Kingston Park,HU1 2TX,Hull,United Kingdom,England,53.73640747773866,-0.34709930419921875,READY_TO_IMPORT,VERIFIED_CURRENT,,official_json_ld,https://www.nuffieldhealth.com/gyms/hull,https://www.nuffieldhealth.com/gyms/hull,,,official_json_ld
gb_063086c4c4,Nuffield Health,Nuffield Health Ilford Fitness & Wellbeing Gym,Ilford Fitness & Wellbeing Gym,68-90 Clements Road,IG1 1BP,Ilford,United Kingdom,England,51.557432,0.073281,READY_TO_IMPORT,VERIFIED_CURRENT,,official_json_ld,https://www.nuffieldhealth.com/gyms/ilford,https://www.nuffieldhealth.com/gyms/ilford,,,official_json_ld
gb_bab6aaccab,Nuffield Health,Nuffield Health Kingston Fitness & Wellbeing Gym,Kingston Fitness & Wellbeing Gym,Richmond Road,KT2 5EN,Kingston upon Thames,United Kingdom,England,51.415207294708324,-0.3036367893218994,READY_TO_IMPORT,VERIFIED_CURRENT,,official_json_ld,https://www.nuffieldhealth.com/gyms/kingston,https://www.nuffieldhealth.com/gyms/kingston,,,official_json_ld
gb_9e22d271af,Nuffield Health,Nuffield Health Leatherhead Fitness & Wellbeing Gym,Leatherhead Fitness & Wellbeing Gym,The Crescent,KT22 8DY,Leatherhead,United Kingdom,England,51.29477,-0.328081,READY_TO_IMPORT,VERIFIED_CURRENT,,official_json_ld,https://www.nuffieldhealth.com/gyms/leatherhead,https://www.nuffieldhealth.com/gyms/leatherhead,,,official_json_ld
gb_4d198f9467,Nuffield Health,Nuffield Health Guiseley,Nuffield Health Guiseley,Otley Road,LS20 8LY,Leeds,United Kingdom,England,53.877491,-1.7238,READY_TO_IMPORT,VERIFIED_CURRENT,ok,nominatim,https://www.nuffieldhealth.com/gyms/guiseley,https://www.nuffieldhealth.com/gyms/guiseley,,,official_json_ld
gb_e31b3c5cd0,Nuffield Health,"Nuffield Health Leeds Gym, The Light","Leeds Gym, The Light","Unit 21, The Light",LS1 8TL,Leeds,United Kingdom,England,53.7999379,-1.54585293346485,READY_TO_IMPORT,VERIFIED_CURRENT,,official_json_ld,https://www.nuffieldhealth.com/gyms/leeds,https://www.nuffieldhealth.com/gyms/leeds,,,official_json_ld
gb_03a7298516,Nuffield Health,Nuffield Health Leicester Fitness & Wellbeing Gym,Leicester Fitness & Wellbeing Gym,"1, Byford Way",LE4 0DZ,Leicester,United Kingdom,England,52.6508096839018,-1.139756441116333,READY_TO_IMPORT,VERIFIED_CURRENT,,official_json_ld,https://www.nuffieldhealth.com/gyms/leicester,https://www.nuffieldhealth.com/gyms/leicester,,,official_json_ld
gb_8e920b9bc2,Nuffield Health,Nuffield Health Letchworth Garden City,Nuffield Health Letchworth Garden City,Letchworth Lane,SG6 3NP,Letchworth Garden City,United Kingdom,England,51.963755,-0.229149,READY_TO_IMPORT,VERIFIED_CURRENT,ok,official_json_ld,https://www.nuffieldhealth.com/gyms/letchworth-garden-city,https://www.nuffieldhealth.com/gyms/letchworth-garden-city,,,official_json_ld; phase2_coord_recovery_official
gb_e99e797fc2,Nuffield Health,Nuffield Health Liverpool,Nuffield Health Liverpool,1 Riverside Drive,L3 4EN,Liverpool,United Kingdom,England,53.379611,-2.970229,READY_TO_IMPORT,VERIFIED_CURRENT,ok,nominatim,https://www.nuffieldhealth.com/gyms/liverpool,https://www.nuffieldhealth.com/gyms/liverpool,,,official_json_ld
gb_d36193aa9e,Nuffield Health,Nuffield Health Baltimore Wharf Fitness & Wellbeing Gym,Baltimore Wharf Fitness & Wellbeing Gym,14 Baltimore Wharf,E14 9FT,London,United Kingdom,England,51.49688487954392,-0.014891624450683594,READY_TO_IMPORT,VERIFIED_CURRENT,,official_json_ld,https://www.nuffieldhealth.com/gyms/baltimore-wharf,https://www.nuffieldhealth.com/gyms/baltimore-wharf,,,official_json_ld
gb_32257a7943,Nuffield Health,Nuffield Health Barbican Fitness and Wellbeing Centre,Barbican Fitness and Wellbeing Centre,97 Aldersgate Street,EC1A 4JP,London,United Kingdom,England,51.52026892727497,-0.09715717716366634,READY_TO_IMPORT,VERIFIED_CURRENT,,official_json_ld,https://www.nuffieldhealth.com/gyms/barbican,https://www.nuffieldhealth.com/gyms/barbican,,,official_json_ld
gb_97e0c5a9e3,Nuffield Health,Nuffield Health Bloomsbury Fitness & Wellbeing Gym,Bloomsbury Fitness & Wellbeing Gym,Mecklenburgh Place,WC1N 2AY,London,United Kingdom,England,51.524108308586634,-0.11820495128631592,READY_TO_IMPORT,VERIFIED_CURRENT,,official_json_ld,https://www.nuffieldhealth.com/gyms/bloomsbury,https://www.nuffieldhealth.com/gyms/bloomsbury,,,official_json_ld
gb_74d94cffe4,Nuffield Health,Nuffield Health Brondesbury Park Fitness & Wellbeing Gym,Brondesbury Park Fitness & Wellbeing Gym,Sidmouth Road,NW2 5JY,London,United Kingdom,England,51.54492054815141,-0.22163629531860352,READY_TO_IMPORT,VERIFIED_CURRENT,,official_json_ld,https://www.nuffieldhealth.com/gyms/brondesbury-park,https://www.nuffieldhealth.com/gyms/brondesbury-park,,,official_json_ld
gb_2855981a63,Nuffield Health,Nuffield Health Chingford Fitness & Wellbeing Gym,Chingford Fitness & Wellbeing Gym,3 Larkswood Leisure Park,E4 9EY,London,United Kingdom,England,51.617063,-0.005574,READY_TO_IMPORT,VERIFIED_CURRENT,,official_json_ld,https://www.nuffieldhealth.com/gyms/chingford,https://www.nuffieldhealth.com/gyms/chingford,,,official_json_ld
gb_ff55d7f195,Nuffield Health,Nuffield Health Chislehurst Fitness & Wellbeing Gym,Chislehurst Fitness & Wellbeing Gym,A20 Sidcup By-Pass,BR7 6RP,London,United Kingdom,England,51.422506894164115,0.08840560913085936,READY_TO_IMPORT,VERIFIED_CURRENT,,official_json_ld,https://www.nuffieldhealth.com/gyms/chislehurst,https://www.nuffieldhealth.com/gyms/chislehurst,,,official_json_ld
gb_35ffe041cc,Nuffield Health,Nuffield Health City Fitness & Wellbeing Gym,City Fitness & Wellbeing Gym,"4, Cousin Lane",EC4R 3XJ,London,United Kingdom,England,51.50992771316674,-0.09123802185058592,READY_TO_IMPORT,VERIFIED_CURRENT,,official_json_ld,https://www.nuffieldhealth.com/gyms/city,https://www.nuffieldhealth.com/gyms/city,,,official_json_ld
gb_f09f45d034,Nuffield Health,Nuffield Health Covent Garden Fitness & Wellbeing Gym,Covent Garden Fitness & Wellbeing Gym,"9, Endell Street",WC2H 9SA,London,United Kingdom,England,51.51410423698592,-0.12407898902893065,READY_TO_IMPORT,VERIFIED_CURRENT,,official_json_ld,https://www.nuffieldhealth.com/gyms/covent-garden,https://www.nuffieldhealth.com/gyms/covent-garden,,,official_json_ld
gb_a8fa152052,Nuffield Health,Nuffield Health Ealing Fitness & Wellbeing Gym,Ealing Fitness & Wellbeing Gym,"5th Floor, Ealing Broadway Centre",W5 5JY,London,United Kingdom,England,51.5120604,-0.3029905,READY_TO_IMPORT,VERIFIED_CURRENT,,official_json_ld,https://www.nuffieldhealth.com/gyms/ealing,https://www.nuffieldhealth.com/gyms/ealing,,,official_json_ld
gb_299d5f62a5,Nuffield Health,Nuffield Health Friern Barnet Fitness & Wellbeing Gym,Friern Barnet Fitness & Wellbeing Gym,Princess Park Manor,N11 3BG,London,United Kingdom,England,51.61312670879909,-0.14721035957336426,READY_TO_IMPORT,VERIFIED_CURRENT,,official_json_ld,https://www.nuffieldhealth.com/gyms/friern-barnet,https://www.nuffieldhealth.com/gyms/friern-barnet,,,official_json_ld
gb_715311cec9,Nuffield Health,Nuffield Health Hendon Fitness & Wellbeing Gym,Hendon Fitness & Wellbeing Gym,"Central Circus, 260 Hendon Way",NW4 3NL,London,United Kingdom,England,51.5825299385253,-0.2264750003814697,READY_TO_IMPORT,VERIFIED_CURRENT,,official_json_ld,https://www.nuffieldhealth.com/gyms/hendon,https://www.nuffieldhealth.com/gyms/hendon,,,official_json_ld
gb_80c925b58d,Nuffield Health,Nuffield Health Islington Fitness & Wellbeing Gym,Islington Fitness & Wellbeing Gym,27 Essex Road,N1 2SD,London,United Kingdom,England,51.53684971890119,-0.10193467140197753,READY_TO_IMPORT,VERIFIED_CURRENT,,official_json_ld,https://www.nuffieldhealth.com/gyms/islington,https://www.nuffieldhealth.com/gyms/islington,,,official_json_ld
gb_c32f0e80ae,Nuffield Health,Nuffield Health Moorgate Fitness & Wellbeing Gym,Moorgate Fitness & Wellbeing Gym,"1, Ropemaker Street",EC2Y 9AW,London,United Kingdom,England,51.51918499107367,-0.08940339088439941,READY_TO_IMPORT,VERIFIED_CURRENT,,official_json_ld,https://www.nuffieldhealth.com/gyms/moorgate,https://www.nuffieldhealth.com/gyms/moorgate,,,official_json_ld
gb_8d00081675,Nuffield Health,Nuffield Health Norbury Fitness & Wellbeing Gym,Norbury Fitness & Wellbeing Gym,1212 London Road,SW16 4DN,London,United Kingdom,England,51.40532990412505,-0.11833906173706056,READY_TO_IMPORT,VERIFIED_CURRENT,,official_json_ld,https://www.nuffieldhealth.com/gyms/norbury,https://www.nuffieldhealth.com/gyms/norbury,,,official_json_ld
gb_e03e30148e,Nuffield Health,Nuffield Health Paddington Fitness & Wellbeing Gym,Paddington Fitness & Wellbeing Gym,"2, Sheldon Square",W2 6EZ,London,United Kingdom,England,51.51914493478235,-0.17996013164520264,READY_TO_IMPORT,VERIFIED_CURRENT,,official_json_ld,https://www.nuffieldhealth.com/gyms/paddington,https://www.nuffieldhealth.com/gyms/paddington,,,official_json_ld
gb_52e4dfe0a9,Nuffield Health,Nuffield Health Shoreditch Fitness & Wellbeing Gym,Shoreditch Fitness & Wellbeing Gym,1-6 Bateman&#x27;s Row,EC2A 3HH,London,United Kingdom,England,51.52539662787609,-0.07942557334899902,READY_TO_IMPORT,VERIFIED_CURRENT,,official_json_ld,https://www.nuffieldhealth.com/gyms/shoreditch,https://www.nuffieldhealth.com/gyms/shoreditch,,,official_json_ld
gb_994db3bbac,Nuffield Health,Nuffield Health Wandsworth Southside,Nuffield Health Wandsworth Southside,Southside Shopping Centre,SW18 4TQ,London,United Kingdom,England,51.455565,-0.194316,READY_TO_IMPORT,VERIFIED_CURRENT,ok,nominatim,https://www.nuffieldhealth.com/gyms/wandsworth-southside,https://www.nuffieldhealth.com/gyms/wandsworth-southside,,,official_json_ld
gb_6655495f4e,Nuffield Health,Nuffield Health Wimbledon Fitness & Wellbeing Gym,Wimbledon Fitness & Wellbeing Gym,37 The Broadway,SW19 1QB,London,United Kingdom,England,51.419730373638956,-0.2045881748199463,READY_TO_IMPORT,VERIFIED_CURRENT,,official_json_ld,https://www.nuffieldhealth.com/gyms/wimbledon,https://www.nuffieldhealth.com/gyms/wimbledon,,,official_json_ld
gb_06b7409920,Nuffield Health,Nuffield Health Didsbury Fitness & Wellbeing Gym,Didsbury Fitness & Wellbeing Gym,"Unit 8, Parrswood Entertainment Centre",M20 5PG,Manchester,United Kingdom,England,53.40885393889675,-2.219216823577881,READY_TO_IMPORT,VERIFIED_CURRENT,,official_json_ld,https://www.nuffieldhealth.com/gyms/didsbury,https://www.nuffieldhealth.com/gyms/didsbury,,,official_json_ld
gb_d6d5f2717d,Nuffield Health,Nuffield Health Manchester Printworks Fitness & Wellbeing Gym,Manchester Printworks Fitness & Wellbeing Gym,27 Withy Grove,M4 2BS,Manchester,United Kingdom,England,53.485445,-2.241334,READY_TO_IMPORT,VERIFIED_CURRENT,,official_json_ld,https://www.nuffieldhealth.com/gyms/manchester-printworks,https://www.nuffieldhealth.com/gyms/manchester-printworks,,,official_json_ld
gb_6aac05c903,Nuffield Health,Nuffield Health Kents Hill Park,Nuffield Health Kents Hill Park,Timbold Drive,MK7 6BZ,Milton Keynes,United Kingdom,England,52.029353,-0.703385,READY_TO_IMPORT,VERIFIED_CURRENT,suspicious,nominatim,https://www.nuffieldhealth.com/gyms/kents-hill-park,https://www.nuffieldhealth.com/gyms/kents-hill-park,,,official_json_ld; soft_postal
gb_27a76c710d,Nuffield Health,Nuffield Health Milton Keynes Fitness & Wellbeing Gym,Milton Keynes Fitness & Wellbeing Gym,602 Marlborough Gate,MK9 3XS,Milton Keynes,United Kingdom,England,52.04144475718443,-0.7475852966308594,READY_TO_IMPORT,VERIFIED_CURRENT,,official_json_ld,https://www.nuffieldhealth.com/gyms/milton-keynes,https://www.nuffieldhealth.com/gyms/milton-keynes,,,official_json_ld
gb_d97e832c04,Nuffield Health,Nuffield Health Newbury Fitness & Wellbeing Gym,Newbury Fitness & Wellbeing Gym,The Racecourse,RG14 7PN,Newbury,United Kingdom,England,51.397813,-1.297588,READY_TO_IMPORT,VERIFIED_CURRENT,,official_json_ld,https://www.nuffieldhealth.com/gyms/newbury,https://www.nuffieldhealth.com/gyms/newbury,,,official_json_ld
gb_4c5b12c84e,Nuffield Health,Nuffield Health Gosforth Fitness & Wellbeing Gym,Gosforth Fitness & Wellbeing Gym,Gosforth Park Way,NE12 8ET,Newcastle-upon-Tyne,United Kingdom,England,55.01714523150456,-1.5936613082885742,READY_TO_IMPORT,VERIFIED_CURRENT,,official_json_ld,https://www.nuffieldhealth.com/gyms/gosforth,https://www.nuffieldhealth.com/gyms/gosforth,,,official_json_ld
gb_d0b65ef2c5,Nuffield Health,Nuffield Health Northampton Fitness & Wellbeing Gym,Northampton Fitness & Wellbeing Gym,"Walter Tull Way, Sixfields Leisure",NN5 5QL,Northampton,United Kingdom,England,52.23779051164878,-0.9320354461669922,READY_TO_IMPORT,VERIFIED_CURRENT,,official_json_ld,https://www.nuffieldhealth.com/gyms/northampton,https://www.nuffieldhealth.com/gyms/northampton,,,official_json_ld
gb_15bf934583,Nuffield Health,Nuffield Health Norwich Fitness & Wellbeing Gym,Norwich Fitness & Wellbeing Gym,Barrack Street,NR3 1TS,Norwich,United Kingdom,England,52.63515629303266,1.3070458173751829,READY_TO_IMPORT,VERIFIED_CURRENT,,official_json_ld,https://www.nuffieldhealth.com/gyms/norwich,https://www.nuffieldhealth.com/gyms/norwich,,,official_json_ld
gb_045d32b8e0,Nuffield Health,"Nuffield Health Nottingham Gym, Mapperley","Nottingham Gym, Mapperley",Plains Road,NG3 5RH,Nottingham,United Kingdom,England,52.98970643766284,-1.111292839050293,READY_TO_IMPORT,VERIFIED_CURRENT,,official_json_ld,https://www.nuffieldhealth.com/gyms/nottingham,https://www.nuffieldhealth.com/gyms/nottingham,,,official_json_ld
gb_4695a8c72e,Nuffield Health,Nuffield Health Nuneaton,Nuffield Health Nuneaton,Bermuda Leisure Park,CV10 7SG,Nuneaton,United Kingdom,England,52.496963,-1.478489,READY_TO_IMPORT,VERIFIED_CURRENT,suspicious,nominatim,https://www.nuffieldhealth.com/gyms/nuneaton,https://www.nuffieldhealth.com/gyms/nuneaton,,,official_json_ld; soft_postal
gb_1725fbaaf2,Nuffield Health,Nuffield Health The Oxfordshire Health & Racquets Club,The Oxfordshire Health & Racquets Club,The Oxfordshire,OX2 7NZ,Oxford,United Kingdom,England,51.775434874886926,-1.2719249725341797,READY_TO_IMPORT,VERIFIED_CURRENT,,official_json_ld,https://www.nuffieldhealth.com/gyms/oxfordshire,https://www.nuffieldhealth.com/gyms/oxfordshire,,,official_json_ld
gb_747acc6eba,Nuffield Health,Nuffield Health Plymouth,Nuffield Health Plymouth,Barbican Leisure Park,PL4 0LG,Plymouth,United Kingdom,England,50.366912,-4.12503,READY_TO_IMPORT,VERIFIED_CURRENT,ok,nominatim,https://www.nuffieldhealth.com/gyms/plymouth,https://www.nuffieldhealth.com/gyms/plymouth,,,official_json_ld
gb_fd451d9d00,Nuffield Health,"Nuffield Health Plymouth (The Devonshire, Derriford) Health & Racquets Club","Plymouth (The Devonshire, Derriford) Health & Racquets Club","10, Plymbridge Lane",PL6 8BD,Plymouth,United Kingdom,England,50.41934703310633,-4.11537766456604,READY_TO_IMPORT,VERIFIED_CURRENT,,official_json_ld,https://www.nuffieldhealth.com/gyms/devonshire-plymouth,https://www.nuffieldhealth.com/gyms/devonshire-plymouth,,,official_json_ld
gb_507dfc85ce,Nuffield Health,Nuffield Health Portsmouth Fitness & Wellbeing Gym,Portsmouth Fitness & Wellbeing Gym,Alexandra Park,PO2 9PB,Portsmouth,United Kingdom,England,50.8249455849303,-1.0809677839279175,READY_TO_IMPORT,VERIFIED_CURRENT,,official_json_ld,https://www.nuffieldhealth.com/gyms/portsmouth,https://www.nuffieldhealth.com/gyms/portsmouth,,,official_json_ld
gb_ff78c980da,Nuffield Health,Nuffield Health Preston Fitness & Wellbeing Gym,Preston Fitness & Wellbeing Gym,The Capitol Centre,PR5 4AW,Preston,United Kingdom,England,53.74813980971272,-2.6816296577453613,READY_TO_IMPORT,VERIFIED_CURRENT,,official_json_ld,https://www.nuffieldhealth.com/gyms/preston,https://www.nuffieldhealth.com/gyms/preston,,,official_json_ld
gb_2337a5b9ef,Nuffield Health,Nuffield Health Reading Fitness & Wellbeing Gym,Reading Fitness & Wellbeing Gym,"240, South Oak Way",RG2 6UL,Reading,United Kingdom,England,51.420283,-0.986476,READY_TO_IMPORT,VERIFIED_CURRENT,,official_json_ld,https://www.nuffieldhealth.com/gyms/reading,https://www.nuffieldhealth.com/gyms/reading,,,official_json_ld
gb_076a7d0dee,Nuffield Health,Nuffield Health Medway Fitness & Wellbeing Gym,Medway Fitness & Wellbeing Gym,Medway Valley Leisure Park,ME2 2SS,Rochester,United Kingdom,England,51.3824903,0.481332989847919,READY_TO_IMPORT,VERIFIED_CURRENT,,official_json_ld,https://www.nuffieldhealth.com/gyms/medway,https://www.nuffieldhealth.com/gyms/medway,,,official_json_ld
gb_adc481c005,Nuffield Health,Nuffield Health Romford Fitness & Wellbeing Gym,Romford Fitness & Wellbeing Gym,4 The Brewery,RM1 1AU,Romford,United Kingdom,England,51.57560931874223,0.17991721630096433,READY_TO_IMPORT,VERIFIED_CURRENT,,official_json_ld,https://www.nuffieldhealth.com/gyms/romford,https://www.nuffieldhealth.com/gyms/romford,,,official_json_ld
gb_2d07fe09e5,Nuffield Health,Nuffield Health Rugby Fitness & Wellbeing Gym,Rugby Fitness & Wellbeing Gym,Junction 1 Retail Park,CV21 1RW,Rugby,United Kingdom,England,52.38482028563506,-1.2575054168701172,READY_TO_IMPORT,VERIFIED_CURRENT,,official_json_ld,https://www.nuffieldhealth.com/gyms/rugby,https://www.nuffieldhealth.com/gyms/rugby,,,official_json_ld
gb_346f405bb6,Nuffield Health,Nuffield Health Sheffield Fitness & Wellbeing Gym,Sheffield Fitness & Wellbeing Gym,Napier Street,S11 8HA,Sheffield,United Kingdom,England,53.371468,-1.481505,READY_TO_IMPORT,VERIFIED_CURRENT,,official_json_ld,https://www.nuffieldhealth.com/gyms/sheffield,https://www.nuffieldhealth.com/gyms/sheffield,,,official_json_ld
gb_87306dcb62,Nuffield Health,Nuffield Health Shipley Fitness & Wellbeing Gym,Shipley Fitness & Wellbeing Gym,2 Fred Atkinson Way,BD17 7HE,Shipley,United Kingdom,England,53.841557748792376,-1.7643946409225464,READY_TO_IMPORT,VERIFIED_CURRENT,,official_json_ld,https://www.nuffieldhealth.com/gyms/shipley,https://www.nuffieldhealth.com/gyms/shipley,,,official_json_ld
gb_5f9492998b,Nuffield Health,Nuffield Health St Albans Fitness & Wellbeing Gym,St Albans Fitness & Wellbeing Gym,Highfield Park Drive,AL4 0AH,St Albans,United Kingdom,England,51.73844374456288,-0.3065013885498047,READY_TO_IMPORT,VERIFIED_CURRENT,,official_json_ld,https://www.nuffieldhealth.com/gyms/st-albans,https://www.nuffieldhealth.com/gyms/st-albans,,,official_json_ld
gb_29c82b4be3,Nuffield Health,Nuffield Health Stoke Fitness & Wellbeing Gym,Stoke Fitness & Wellbeing Gym,George Eastham Avenue,ST4 4TU,Stoke,United Kingdom,England,52.988072453316214,-2.172219157218933,READY_TO_IMPORT,VERIFIED_CURRENT,,official_json_ld,https://www.nuffieldhealth.com/gyms/stoke,https://www.nuffieldhealth.com/gyms/stoke,,,official_json_ld
gb_27b0086a2a,Nuffield Health,Nuffield Health Stoke Poges Fitness & Wellbeing Gym,Stoke Poges Fitness & Wellbeing Gym,Wexham Street,SL3 6NB,Stoke Poges,United Kingdom,England,51.539312,-0.575783,READY_TO_IMPORT,VERIFIED_CURRENT,,official_json_ld,https://www.nuffieldhealth.com/gyms/stoke-poges,https://www.nuffieldhealth.com/gyms/stoke-poges,,,official_json_ld
gb_916be0b6ad,Nuffield Health,Nuffield Health Sunbury Fitness & Wellbeing Gym,Sunbury Fitness & Wellbeing Gym,The Avenue,TW16 5EQ,Sunbury-on-Thames,United Kingdom,England,51.41525875,-0.413534395316654,READY_TO_IMPORT,VERIFIED_CURRENT,,official_json_ld,https://www.nuffieldhealth.com/gyms/sunbury,https://www.nuffieldhealth.com/gyms/sunbury,,,official_json_ld
gb_1b6c701c73,Nuffield Health,Nuffield Health Surbiton,Nuffield Health Surbiton,Simpson Way,KT6 4ER,Surbiton,United Kingdom,England,51.39200944802498,-0.3161841630935669,READY_TO_IMPORT,VERIFIED_CURRENT,ok,official_json_ld,https://www.nuffieldhealth.com/gyms/surbiton,https://www.nuffieldhealth.com/gyms/surbiton,,,official_json_ld; phase2_coord_recovery_official
gb_a49489a5a5,Nuffield Health,Nuffield Health Swindon Fitness & Wellbeing Gym,Swindon Fitness & Wellbeing Gym,Greenbridge Retail Park,SN3 3SQ,Swindon,United Kingdom,England,51.57200191126013,-1.7563533782958984,READY_TO_IMPORT,VERIFIED_CURRENT,,official_json_ld,https://www.nuffieldhealth.com/gyms/swindon,https://www.nuffieldhealth.com/gyms/swindon,,,official_json_ld
gb_aa84e5e41a,Nuffield Health,Nuffield Health Taunton Fitness & Wellbeing Gym,Taunton Fitness & Wellbeing Gym,153-156 East Reach,TA1 3HT,Taunton,United Kingdom,England,51.0146456319293,-3.096572756767273,READY_TO_IMPORT,VERIFIED_CURRENT,,official_json_ld,https://www.nuffieldhealth.com/gyms/taunton,https://www.nuffieldhealth.com/gyms/taunton,,,official_json_ld
gb_118b79e0af,Nuffield Health,Nuffield Health Telford Fitness & Wellbeing Gym,Telford Fitness & Wellbeing Gym,Telford Forge Retail Park,TF3 4AG,Telford,United Kingdom,England,52.68297,-2.45513,READY_TO_IMPORT,VERIFIED_CURRENT,,official_json_ld,https://www.nuffieldhealth.com/gyms/telford,https://www.nuffieldhealth.com/gyms/telford,,,official_json_ld
gb_9db0bbd11e,Nuffield Health,Nuffield Health Tunbridge Wells,Nuffield Health Tunbridge Wells,Knightspark Leisure Park,TN2 3UW,Tunbridge Wells,United Kingdom,England,51.15247253217354,0.29639482498168945,READY_TO_IMPORT,VERIFIED_CURRENT,ok,official_json_ld,https://www.nuffieldhealth.com/gyms/tunbridge-wells,https://www.nuffieldhealth.com/gyms/tunbridge-wells,,,official_json_ld; phase2_coord_recovery_official
gb_522d9b3279,Nuffield Health,Nuffield Health Twickenham Fitness & Wellbeing Gym,Twickenham Fitness & Wellbeing Gym,Stoop Memorial Ground,TW2 7SX,Twickenham,United Kingdom,England,51.450998,-0.342746,READY_TO_IMPORT,VERIFIED_CURRENT,,official_json_ld,https://www.nuffieldhealth.com/gyms/twickenham,https://www.nuffieldhealth.com/gyms/twickenham,,,official_json_ld
gb_433817a3cb,Nuffield Health,Nuffield Health Stockley Park Fitness & Wellbeing Gym,Stockley Park Fitness & Wellbeing Gym,The Arena Club,UB11 1AA,Uxbridge,United Kingdom,England,51.51239494658587,-0.4441416263580322,READY_TO_IMPORT,VERIFIED_CURRENT,,official_json_ld,https://www.nuffieldhealth.com/gyms/stockley-park,https://www.nuffieldhealth.com/gyms/stockley-park,,,official_json_ld
gb_c0104c3a0d,Nuffield Health,Nuffield Health Wakefield,Nuffield Health Wakefield,Calder Island Way,WF2 7AW,Wakefield,United Kingdom,England,53.663414,-1.503683,READY_TO_IMPORT,VERIFIED_CURRENT,ok,nominatim,https://www.nuffieldhealth.com/gyms/wakefield,https://www.nuffieldhealth.com/gyms/wakefield,,,official_json_ld
gb_4721989fe8,Nuffield Health,Nuffield Health Wandsworth,Nuffield Health Wandsworth,King George&#x27;s Park,SW18 4SQ,Wandsworth,United Kingdom,England,51.456351,-0.194723,READY_TO_IMPORT,VERIFIED_CURRENT,suspicious,nominatim,https://www.nuffieldhealth.com/gyms/wandsworth,https://www.nuffieldhealth.com/gyms/wandsworth,,,official_json_ld; soft_postal
gb_286cdca5bf,Nuffield Health,Nuffield Health Warwick Fitness & Wellbeing Gym,Warwick Fitness & Wellbeing Gym,Macbeth Approach,CV34 6AD,Warwick,United Kingdom,England,52.269079843634344,-1.5497535467147827,READY_TO_IMPORT,VERIFIED_CURRENT,,official_json_ld,https://www.nuffieldhealth.com/gyms/warwick,https://www.nuffieldhealth.com/gyms/warwick,,,official_json_ld
gb_58d5d7a2ab,Nuffield Health,Nuffield Health West Byfleet Fitness & Wellbeing Gym,West Byfleet Fitness & Wellbeing Gym,Pyrford Road,GU22 8UQ,West Byfleet,United Kingdom,England,51.33055130479564,-0.5009347200393677,READY_TO_IMPORT,VERIFIED_CURRENT,,official_json_ld,https://www.nuffieldhealth.com/gyms/west-byfleet,https://www.nuffieldhealth.com/gyms/west-byfleet,,,official_json_ld
gb_e7af8f8ff2,Nuffield Health,Nuffield Health Weston-super-Mare Fitness & Wellbeing Gym,Weston-super-Mare Fitness & Wellbeing Gym,168 Locking Road,BS23 3HG,Weston-super-Mare,United Kingdom,England,51.34616147161717,-2.9562556743621826,READY_TO_IMPORT,VERIFIED_CURRENT,,official_json_ld,https://www.nuffieldhealth.com/gyms/weston-super-mare,https://www.nuffieldhealth.com/gyms/weston-super-mare,,,official_json_ld
gb_f8c8bfaa9a,Nuffield Health,Nuffield Health Wokingham,Nuffield Health Wokingham,"1, The Plaza",RG40 2LD,Wokingham,United Kingdom,England,51.409331,-0.835945,READY_TO_IMPORT,VERIFIED_CURRENT,suspicious,nominatim,https://www.nuffieldhealth.com/gyms/wokingham,https://www.nuffieldhealth.com/gyms/wokingham,,,official_json_ld; soft_postal
gb_d3fe569fe5,Nuffield Health,Nuffield Health Wolverhampton,Nuffield Health Wolverhampton,Wolverhampton Business Park,WV10 6TA,Wolverhampton,United Kingdom,England,52.636838,-2.123946,READY_TO_IMPORT,VERIFIED_CURRENT,ok,nominatim,https://www.nuffieldhealth.com/gyms/wolverhampton,https://www.nuffieldhealth.com/gyms/wolverhampton,,,official_json_ld
gb_b2d8a7ee44,Nuffield Health,Nuffield Health Worcester Fitness & Wellbeing Gym,Worcester Fitness & Wellbeing Gym,Droitwich Road,WR3 7SN,Worcester,United Kingdom,England,52.214788901518844,-2.219211459159851,READY_TO_IMPORT,VERIFIED_CURRENT,,official_json_ld,https://www.nuffieldhealth.com/gyms/worcester,https://www.nuffieldhealth.com/gyms/worcester,,,official_json_ld
gb_af89f183b2,Nuffield Health,Nuffield Health Yeovil Fitness & Wellbeing Gym,Yeovil Fitness & Wellbeing Gym,Yeovale Leisure Park,BA20 1NP,Yeovil,United Kingdom,England,50.94090688409996,-2.625104784965515,READY_TO_IMPORT,VERIFIED_CURRENT,,official_json_ld,https://www.nuffieldhealth.com/gyms/yeovil,https://www.nuffieldhealth.com/gyms/yeovil,,,official_json_ld
gb_6c3b4a8a28,PureGym,PureGym Aberdare Gym,Aberdare Gym,Aberdare,CF44 0AH,Aberdare,United Kingdom,Wales,51.70179748535156,-3.4198949337005615,READY_TO_IMPORT,VERIFIED_CURRENT,,official_json_ld,https://www.puregym.com/gyms/aberdare/,https://www.puregym.com/gyms/aberdare/,"[{""@type"": ""OpeningHoursSpecification"", ""dayOfWeek"": [""Monday"", ""Tuesday"", ""Wednesday"", ""Thursday"", ""Friday"", ""Saturday"", ""Sunday""], ""opens"": ""00:00"", ""closes"": ""23:59""}]",,official_json_ld
gb_a188bcffb1,PureGym,PureGym Aberdeen Kittybrewster Gym,Aberdeen Kittybrewster Gym,Bedford Road,AB24 3LJ,Aberdeen,United Kingdom,Scotland,57.161399841308594,-2.112299919128418,READY_TO_IMPORT,VERIFIED_CURRENT,,official_json_ld,https://www.puregym.com/gyms/aberdeen-kittybrewster/,https://www.puregym.com/gyms/aberdeen-kittybrewster/,"[{""@type"": ""OpeningHoursSpecification"", ""dayOfWeek"": [""Monday"", ""Tuesday"", ""Wednesday"", ""Thursday"", ""Friday"", ""Saturday"", ""Sunday""], ""opens"": ""00:00"", ""closes"": ""23:59""}]",,official_json_ld
gb_8ed7e0400c,PureGym,PureGym Aberdeen Rubislaw Gym,Aberdeen Rubislaw Gym,Hill of Rubislaw,AB15 6BL,Aberdeen,United Kingdom,Scotland,57.141990661621094,-2.150268077850342,READY_TO_IMPORT,VERIFIED_CURRENT,,official_json_ld,https://www.puregym.com/gyms/aberdeen-rubislaw/,https://www.puregym.com/gyms/aberdeen-rubislaw/,"[{""@type"": ""OpeningHoursSpecification"", ""dayOfWeek"": [""Monday"", ""Tuesday"", ""Wednesday"", ""Thursday"", ""Friday"", ""Saturday"", ""Sunday""], ""opens"": ""00:00"", ""closes"": ""23:59""}]",,official_json_ld
gb_b7f1dd1374,PureGym,PureGym Aberdeen Shiprow Gym,Aberdeen Shiprow Gym,Aberdeen,AB11 5BW,Aberdeen,United Kingdom,Scotland,57.14659881591797,-2.094399929046631,READY_TO_IMPORT,VERIFIED_CURRENT,,official_json_ld,https://www.puregym.com/gyms/aberdeen-shiprow/,https://www.puregym.com/gyms/aberdeen-shiprow/,"[{""@type"": ""OpeningHoursSpecification"", ""dayOfWeek"": [""Monday"", ""Tuesday"", ""Wednesday"", ""Thursday"", ""Friday"", ""Saturday"", ""Sunday""], ""opens"": ""00:00"", ""closes"": ""23:59""}]",,official_json_ld
gb_75332feedd,PureGym,PureGym Aberdeen Wellington Circle Gym,Aberdeen Wellington Circle Gym,Aberdeen,AB12 3QW,Aberdeen,United Kingdom,Scotland,57.11003494262695,-2.0959041118621826,READY_TO_IMPORT,VERIFIED_CURRENT,,official_json_ld,https://www.puregym.com/gyms/aberdeen-wellington-circle/,https://www.puregym.com/gyms/aberdeen-wellington-circle/,"[{""@type"": ""OpeningHoursSpecification"", ""dayOfWeek"": [""Monday"", ""Tuesday"", ""Wednesday"", ""Thursday"", ""Friday"", ""Saturday"", ""Sunday""], ""opens"": ""00:00"", ""closes"": ""23:59""}]",,official_json_ld
gb_3ede900a0a,PureGym,PureGym Airdrie Gym,Airdrie Gym,Weavers Road,ML6 0AN,Airdrie,United Kingdom,Scotland,55.865272521972656,-3.9820029735565186,READY_TO_IMPORT,VERIFIED_CURRENT,,official_json_ld,https://www.puregym.com/gyms/airdrie/,https://www.puregym.com/gyms/airdrie/,"[{""@type"": ""OpeningHoursSpecification"", ""dayOfWeek"": [""Monday"", ""Tuesday"", ""Wednesday"", ""Thursday"", ""Friday"", ""Saturday"", ""Sunday""], ""opens"": ""00:00"", ""closes"": ""23:59""}]",,official_json_ld
gb_6e4f8dc2cd,PureGym,PureGym Aldershot Westgate Retail Park Gym,Aldershot Westgate Retail Park Gym,Westgate Retail & Leisure Park,GU11 1WG,Aldershot,United Kingdom,England,51.2501106262207,-0.7701290249824524,READY_TO_IMPORT,VERIFIED_CURRENT,,official_json_ld,https://www.puregym.com/gyms/aldershot-westgate-retail-park/,https://www.puregym.com/gyms/aldershot-westgate-retail-park/,"[{""@type"": ""OpeningHoursSpecification"", ""dayOfWeek"": [""Monday"", ""Tuesday"", ""Wednesday"", ""Thursday"", ""Friday"", ""Saturday"", ""Sunday""], ""opens"": ""00:00"", ""closes"": ""23:59""}]",,official_json_ld
gb_3c62996472,PureGym,PureGym Alfreton Gym,Alfreton Gym,Nottingham Road,DE55 4JJ,Alfreton,United Kingdom,England,53.08536911010742,-1.3761659860610962,READY_TO_IMPORT,VERIFIED_CURRENT,,official_json_ld,https://www.puregym.com/gyms/alfreton/,https://www.puregym.com/gyms/alfreton/,"[{""@type"": ""OpeningHoursSpecification"", ""dayOfWeek"": [""Monday"", ""Tuesday"", ""Wednesday"", ""Thursday"", ""Friday"", ""Saturday"", ""Sunday""], ""opens"": ""00:00"", ""closes"": ""23:59""}]",,official_json_ld
gb_fae8a1aaaa,PureGym,PureGym Alloa Gym,Alloa Gym,Candleriggs,FK10 1EA,Alloa,United Kingdom,Scotland,56.11404037475586,-3.791316032409668,READY_TO_IMPORT,VERIFIED_CURRENT,,official_json_ld,https://www.puregym.com/gyms/alloa/,https://www.puregym.com/gyms/alloa/,"[{""@type"": ""OpeningHoursSpecification"", ""dayOfWeek"": [""Monday"", ""Tuesday"", ""Wednesday"", ""Thursday"", ""Friday"", ""Saturday"", ""Sunday""], ""opens"": ""00:00"", ""closes"": ""23:59""}]",,official_json_ld
gb_ea04b2b512,PureGym,PureGym Alton Gym,Alton Gym,Alton,GU34 2QS,Alton,United Kingdom,England,51.158119201660156,-0.9549829959869385,READY_TO_IMPORT,VERIFIED_CURRENT,,official_json_ld,https://www.puregym.com/gyms/alton/,https://www.puregym.com/gyms/alton/,"[{""@type"": ""OpeningHoursSpecification"", ""dayOfWeek"": [""Monday"", ""Tuesday"", ""Wednesday"", ""Thursday"", ""Friday"", ""Saturday"", ""Sunday""], ""opens"": ""00:00"", ""closes"": ""23:59""}]",,official_json_ld
gb_f6d842bae7,PureGym,PureGym Altrincham Gym,Altrincham Gym,Town Centre,WA14 1EJ,Altrincham,United Kingdom,England,53.38850021362305,-2.347899913787842,READY_TO_IMPORT,VERIFIED_CURRENT,,official_json_ld,https://www.puregym.com/gyms/altrincham/,https://www.puregym.com/gyms/altrincham/,"[{""@type"": ""OpeningHoursSpecification"", ""dayOfWeek"": [""Monday"", ""Tuesday"", ""Wednesday"", ""Thursday"", ""Friday"", ""Saturday"", ""Sunday""], ""opens"": ""00:00"", ""closes"": ""23:59""}]",,official_json_ld
gb_10c0060400,PureGym,PureGym Andover Gym,Andover Gym,Hawker Siddeley Way,SP11 8BF,Andover,United Kingdom,England,,,COMING_SOON,COMING_SOON,,official_json_ld,https://www.puregym.com/gyms/andover/,https://www.puregym.com/gyms/andover/,"[{""@type"": ""OpeningHoursSpecification"", ""dayOfWeek"": [""Monday"", ""Tuesday"", ""Wednesday"", ""Thursday"", ""Friday"", ""Saturday"", ""Sunday""], ""opens"": ""00:00"", ""closes"": ""23:59""}]",,official_json_ld; coming_soon_copy
gb_efba05516a,PureGym,PureGym Hull Anlaby Gym,Hull Anlaby Gym,Anlaby Retail Park,HU10 6RJ,Anlaby,United Kingdom,England,53.74833297729492,-0.4253779947757721,READY_TO_IMPORT,VERIFIED_CURRENT,,official_json_ld,https://www.puregym.com/gyms/hull-anlaby/,https://www.puregym.com/gyms/hull-anlaby/,"[{""@type"": ""OpeningHoursSpecification"", ""dayOfWeek"": [""Monday"", ""Tuesday"", ""Wednesday"", ""Thursday"", ""Friday"", ""Saturday"", ""Sunday""], ""opens"": ""00:00"", ""closes"": ""23:59""}]",,official_json_ld
gb_83a1ed8635,PureGym,PureGym Antrim Gym,Antrim Gym,"Ballymena Road, Antrim",BT41 4NY,Antrim,United Kingdom,Northern Ireland,,,COMING_SOON,COMING_SOON,,official_json_ld,https://www.puregym.com/gyms/antrim/,https://www.puregym.com/gyms/antrim/,,,official_json_ld; coming_soon_copy
gb_07ead784fe,PureGym,PureGym Ashford Warren Retail Park Gym,Ashford Warren Retail Park Gym,"Unit A, Warren Retail Park",TN24 8XH,Ashford,United Kingdom,England,51.15808868408203,0.8722000122070312,READY_TO_IMPORT,VERIFIED_CURRENT,,official_json_ld,https://www.puregym.com/gyms/ashford-warren-retail-park/,https://www.puregym.com/gyms/ashford-warren-retail-park/,"[{""@type"": ""OpeningHoursSpecification"", ""dayOfWeek"": [""Monday"", ""Tuesday"", ""Wednesday"", ""Thursday"", ""Friday"", ""Saturday"", ""Sunday""], ""opens"": ""00:00"", ""closes"": ""23:59""}]",,official_json_ld
gb_f04cfcaa44,PureGym,PureGym Ashington Gym,Ashington Gym,3-4 Freeman Way,NE63 0YB,Ashington,United Kingdom,England,,,COMING_SOON,COMING_SOON,,official_json_ld,https://www.puregym.com/gyms/ashington/,https://www.puregym.com/gyms/ashington/,,,official_json_ld; coming_soon_copy
gb_45a568c448,PureGym,PureGym Ashton Under Lyne Gym,Ashton Under Lyne Gym,Ashton Retail Park,OL6 6DJ,Ashton-under-Lyne,United Kingdom,England,53.490699768066406,-2.0982000827789307,READY_TO_IMPORT,VERIFIED_CURRENT,,official_json_ld,https://www.puregym.com/gyms/ashton-under-lyne/,https://www.puregym.com/gyms/ashton-under-lyne/,"[{""@type"": ""OpeningHoursSpecification"", ""dayOfWeek"": [""Monday"", ""Tuesday"", ""Wednesday"", ""Thursday"", ""Friday"", ""Saturday"", ""Sunday""], ""opens"": ""00:00"", ""closes"": ""23:59""}]",,official_json_ld
gb_df0494933f,PureGym,PureGym Giltbrook Gym,Giltbrook Gym,Giltbrook Shopping Park,NG16 2RP,Awsworth,United Kingdom,England,,,COMING_SOON,COMING_SOON,,official_json_ld,https://www.puregym.com/gyms/giltbrook/,https://www.puregym.com/gyms/giltbrook/,"[{""@type"": ""OpeningHoursSpecification"", ""dayOfWeek"": [""Monday"", ""Tuesday"", ""Wednesday"", ""Thursday"", ""Friday"", ""Saturday"", ""Sunday""], ""opens"": ""00:00"", ""closes"": ""23:59""}]",,official_json_ld; coming_soon_copy
gb_d7cd5803e8,PureGym,PureGym Aylesbury Gym,Aylesbury Gym,Cambridge Close,HP20 1DG,Aylesbury,United Kingdom,England,51.82034683227539,-0.8102890253067017,READY_TO_IMPORT,VERIFIED_CURRENT,,official_json_ld,https://www.puregym.com/gyms/aylesbury/,https://www.puregym.com/gyms/aylesbury/,"[{""@type"": ""OpeningHoursSpecification"", ""dayOfWeek"": [""Monday"", ""Tuesday"", ""Wednesday"", ""Thursday"", ""Friday"", ""Saturday"", ""Sunday""], ""opens"": ""00:00"", ""closes"": ""23:59""}]",,official_json_ld
gb_b698ceab0a,PureGym,PureGym Bagshot Gym,Bagshot Gym,London Road,GU19 5DG,Bagshot,United Kingdom,England,51.35502243041992,-0.6989610195159912,READY_TO_IMPORT,VERIFIED_CURRENT,,official_json_ld,https://www.puregym.com/gyms/bagshot/,https://www.puregym.com/gyms/bagshot/,"[{""@type"": ""OpeningHoursSpecification"", ""dayOfWeek"": [""Monday"", ""Tuesday"", ""Wednesday"", ""Thursday"", ""Friday"", ""Saturday"", ""Sunday""], ""opens"": ""00:00"", ""closes"": ""23:59""}]",,official_json_ld
gb_e541506a2f,PureGym,PureGym Banbury Cross Retail Park Gym,Banbury Cross Retail Park Gym,Banbury Cross Retail Park,OX16 1LX,Banbury,United Kingdom,England,52.074337005615234,-1.3419439792633057,READY_TO_IMPORT,VERIFIED_CURRENT,,official_json_ld,https://www.puregym.com/gyms/banbury-cross-retail-park/,https://www.puregym.com/gyms/banbury-cross-retail-park/,"[{""@type"": ""OpeningHoursSpecification"", ""dayOfWeek"": [""Monday"", ""Tuesday"", ""Wednesday"", ""Thursday"", ""Friday"", ""Saturday"", ""Sunday""], ""opens"": ""00:00"", ""closes"": ""23:59""}]",,official_json_ld
gb_e35a10d58e,PureGym,PureGym Bangor Northern Ireland Gym,Bangor Northern Ireland Gym,Unit 1 Toscana Retail Park,BT19 1FH,Bangor,United Kingdom,Northern Ireland,54.6452522277832,-5.684232234954834,READY_TO_IMPORT,VERIFIED_CURRENT,,official_json_ld,https://www.puregym.com/gyms/bangor-northern-ireland/,https://www.puregym.com/gyms/bangor-northern-ireland/,"[{""@type"": ""OpeningHoursSpecification"", ""dayOfWeek"": [""Monday"", ""Tuesday"", ""Wednesday"", ""Thursday"", ""Friday"", ""Saturday"", ""Sunday""], ""opens"": ""00:00"", ""closes"": ""23:59""}]",,official_json_ld
gb_498c356c41,PureGym,PureGym Bangor Wales Gym,Bangor Wales Gym,Garth Road,LL57 2RW,Bangor,United Kingdom,Wales,53.229888916015625,-4.125545024871826,READY_TO_IMPORT,VERIFIED_CURRENT,,official_json_ld,https://www.puregym.com/gyms/bangor-wales/,https://www.puregym.com/gyms/bangor-wales/,"[{""@type"": ""OpeningHoursSpecification"", ""dayOfWeek"": [""Monday"", ""Tuesday"", ""Wednesday"", ""Thursday"", ""Friday"", ""Saturday"", ""Sunday""], ""opens"": ""00:00"", ""closes"": ""23:59""}]",,official_json_ld
gb_f78433c519,PureGym,PureGym Barnsley Gym,Barnsley Gym,Wombwell Lane,S70 3NS,Barnsley,United Kingdom,England,53.542476654052734,-1.435655951499939,READY_TO_IMPORT,VERIFIED_CURRENT,,official_json_ld,https://www.puregym.com/gyms/barnsley/,https://www.puregym.com/gyms/barnsley/,"[{""@type"": ""OpeningHoursSpecification"", ""dayOfWeek"": [""Monday"", ""Tuesday"", ""Wednesday"", ""Thursday"", ""Friday"", ""Saturday"", ""Sunday""], ""opens"": ""00:00"", ""closes"": ""23:59""}]",,official_json_ld
gb_e8130d19b1,PureGym,PureGym Barnstaple Gym,Barnstaple Gym,Unit 5 Anchorwood Retail Park,EX31 2AA,Barnstaple,United Kingdom,England,51.07825469970703,-4.064393043518066,READY_TO_IMPORT,VERIFIED_CURRENT,,official_json_ld,https://www.puregym.com/gyms/barnstaple/,https://www.puregym.com/gyms/barnstaple/,"[{""@type"": ""OpeningHoursSpecification"", ""dayOfWeek"": [""Monday"", ""Tuesday"", ""Wednesday"", ""Thursday"", ""Friday"", ""Saturday"", ""Sunday""], ""opens"": ""00:00"", ""closes"": ""23:59""}]",,official_json_ld
gb_cc71847086,PureGym,PureGym Basildon Gym,Basildon Gym,71 Southernhay,SS14 1EB,Basildon,United Kingdom,England,51.5694694519043,0.46081000566482544,READY_TO_IMPORT,VERIFIED_CURRENT,,official_json_ld,https://www.puregym.com/gyms/basildon/,https://www.puregym.com/gyms/basildon/,"[{""@type"": ""OpeningHoursSpecification"", ""dayOfWeek"": [""Monday"", ""Tuesday"", ""Wednesday"", ""Thursday"", ""Friday"", ""Saturday"", ""Sunday""], ""opens"": ""00:00"", ""closes"": ""23:59""}]",,official_json_ld
gb_dca8b4a71d,PureGym,PureGym Basingstoke Gym,Basingstoke Gym,Reading Road,RG24 8TW,Basingstoke,United Kingdom,England,51.28288269042969,-1.0700349807739258,READY_TO_IMPORT,VERIFIED_CURRENT,,official_json_ld,https://www.puregym.com/gyms/basingstoke/,https://www.puregym.com/gyms/basingstoke/,"[{""@type"": ""OpeningHoursSpecification"", ""dayOfWeek"": [""Monday"", ""Tuesday"", ""Wednesday"", ""Thursday"", ""Friday"", ""Saturday"", ""Sunday""], ""opens"": ""00:00"", ""closes"": ""23:59""}]",,official_json_ld
gb_a290c6f5ca,PureGym,PureGym Bath Spring Wharf Gym,Bath Spring Wharf Gym,"Spring Wharf, Roseberry Place",BA2 3BW,Bath,United Kingdom,England,51.38230895996094,-2.3814380168914795,READY_TO_IMPORT,VERIFIED_CURRENT,,official_json_ld,https://www.puregym.com/gyms/bath-spring-wharf/,https://www.puregym.com/gyms/bath-spring-wharf/,"[{""@type"": ""OpeningHoursSpecification"", ""dayOfWeek"": [""Monday"", ""Tuesday"", ""Wednesday"", ""Thursday"", ""Friday"", ""Saturday"", ""Sunday""], ""opens"": ""00:00"", ""closes"": ""23:59""}]",,official_json_ld
gb_8a06af075e,PureGym,PureGym Bath Victoria Park Gym,Bath Victoria Park Gym,Upper Bristol Road,BA1 3AT,Bath,United Kingdom,England,51.38526153564453,-2.3770439624786377,READY_TO_IMPORT,VERIFIED_CURRENT,,official_json_ld,https://www.puregym.com/gyms/bath-victoria-park/,https://www.puregym.com/gyms/bath-victoria-park/,"[{""@type"": ""OpeningHoursSpecification"", ""dayOfWeek"": [""Monday"", ""Tuesday"", ""Wednesday"", ""Thursday"", ""Friday"", ""Saturday"", ""Sunday""], ""opens"": ""00:00"", ""closes"": ""23:59""}]",,official_json_ld
gb_78b76d0320,PureGym,PureGym London Beckenham Gym,London Beckenham Gym,22 Fairfield Road,BR3 3LD,Beckenham,United Kingdom,England,51.406673431396484,-0.027998000383377075,READY_TO_IMPORT,VERIFIED_CURRENT,,official_json_ld,https://www.puregym.com/gyms/london-beckenham/,https://www.puregym.com/gyms/london-beckenham/,"[{""@type"": ""OpeningHoursSpecification"", ""dayOfWeek"": [""Monday"", ""Tuesday"", ""Wednesday"", ""Thursday"", ""Friday"", ""Saturday"", ""Sunday""], ""opens"": ""00:00"", ""closes"": ""23:59""}]",,official_json_ld
gb_2dba8bb75e,PureGym,PureGym Bedford Heights Gym,Bedford Heights Gym,Manton Lane,MK41 7BJ,Bedford,United Kingdom,England,52.158447265625,-0.4704039990901947,READY_TO_IMPORT,VERIFIED_CURRENT,,official_json_ld,https://www.puregym.com/gyms/bedford/,https://www.puregym.com/gyms/bedford/,"[{""@type"": ""OpeningHoursSpecification"", ""dayOfWeek"": [""Monday"", ""Tuesday"", ""Wednesday"", ""Thursday"", ""Friday"", ""Saturday"", ""Sunday""], ""opens"": ""00:00"", ""closes"": ""23:59""}]",,official_json_ld
gb_d01ec5cf43,PureGym,PureGym Belfast Adelaide Street Gym,Belfast Adelaide Street Gym,22 Adelaide St,BT2 8GD,Belfast,United Kingdom,Northern Ireland,54.59395217895508,-5.930302143096924,READY_TO_IMPORT,VERIFIED_CURRENT,,official_json_ld,https://www.puregym.com/gyms/belfast-adelaide-street/,https://www.puregym.com/gyms/belfast-adelaide-street/,"[{""@type"": ""OpeningHoursSpecification"", ""dayOfWeek"": [""Monday"", ""Tuesday"", ""Wednesday"", ""Thursday"", ""Friday"", ""Saturday"", ""Sunday""], ""opens"": ""00:00"", ""closes"": ""23:59""}]",,official_json_ld
gb_f100a2f013,PureGym,PureGym Belfast Boucher Road Gym,Belfast Boucher Road Gym,Boucher Road,BT12 6HH,Belfast,United Kingdom,Northern Ireland,54.577598571777344,-5.962900161743164,READY_TO_IMPORT,VERIFIED_CURRENT,,official_json_ld,https://www.puregym.com/gyms/belfast-boucher-road/,https://www.puregym.com/gyms/belfast-boucher-road/,"[{""@type"": ""OpeningHoursSpecification"", ""dayOfWeek"": [""Monday"", ""Tuesday"", ""Wednesday"", ""Thursday"", ""Friday"", ""Saturday"", ""Sunday""], ""opens"": ""00:00"", ""closes"": ""23:59""}]",,official_json_ld
gb_1e728ab7ab,PureGym,PureGym Bicester Gym,Bicester Gym,Oxford Road,OX26 1BT,Bicester,United Kingdom,England,51.89199447631836,-1.165037989616394,READY_TO_IMPORT,VERIFIED_CURRENT,,official_json_ld,https://www.puregym.com/gyms/bicester/,https://www.puregym.com/gyms/bicester/,"[{""@type"": ""OpeningHoursSpecification"", ""dayOfWeek"": [""Monday"", ""Tuesday"", ""Wednesday"", ""Thursday"", ""Friday"", ""Saturday"", ""Sunday""], ""opens"": ""00:00"", ""closes"": ""23:59""}]",,official_json_ld
gb_ea10c64c54,PureGym,PureGym Bideford Gym,Bideford Gym,Clovelly Road,EX39 3QU,Bideford,United Kingdom,England,51.00727462768555,-4.23917293548584,READY_TO_IMPORT,VERIFIED_CURRENT,,official_json_ld,https://www.puregym.com/gyms/bideford/,https://www.puregym.com/gyms/bideford/,"[{""@type"": ""OpeningHoursSpecification"", ""dayOfWeek"": [""Monday"", ""Tuesday"", ""Wednesday"", ""Thursday"", ""Friday"", ""Saturday"", ""Sunday""], ""opens"": ""00:00"", ""closes"": ""23:59""}]",,official_json_ld
gb_4ff89c094a,PureGym,PureGym Wirral Bidston Moss Gym,Wirral Bidston Moss Gym,Junction One Retail Park,CH44 2HE,Bidston Moss,United Kingdom,England,53.410987854003906,-3.0743699073791504,READY_TO_IMPORT,VERIFIED_CURRENT,,official_json_ld,https://www.puregym.com/gyms/wirral-bidston-moss/,https://www.puregym.com/gyms/wirral-bidston-moss/,"[{""@type"": ""OpeningHoursSpecification"", ""dayOfWeek"": [""Monday"", ""Tuesday"", ""Wednesday"", ""Thursday"", ""Friday"", ""Saturday"", ""Sunday""], ""opens"": ""00:00"", ""closes"": ""23:59""}]",,official_json_ld
gb_9837ab04fb,PureGym,PureGym Biggleswade Gym,Biggleswade Gym,London Road,SG18 8PS,Biggleswade,United Kingdom,England,,,COMING_SOON,COMING_SOON,,official_json_ld,https://www.puregym.com/gyms/biggleswade/,https://www.puregym.com/gyms/biggleswade/,"[{""@type"": ""OpeningHoursSpecification"", ""dayOfWeek"": [""Monday"", ""Tuesday"", ""Wednesday"", ""Thursday"", ""Friday"", ""Saturday"", ""Sunday""], ""opens"": ""00:00"", ""closes"": ""23:59""}]",,official_json_ld; coming_soon_copy
gb_7bbeb33e1e,PureGym,PureGym Birmingham Arcadian Centre Gym,Birmingham Arcadian Centre Gym,80 Hurst Street,B5 4TD,Birmingham,United Kingdom,England,52.47453308105469,-1.8966059684753418,READY_TO_IMPORT,VERIFIED_CURRENT,,official_json_ld,https://www.puregym.com/gyms/birmingham-arcadian-centre/,https://www.puregym.com/gyms/birmingham-arcadian-centre/,"[{""@type"": ""OpeningHoursSpecification"", ""dayOfWeek"": [""Monday"", ""Tuesday"", ""Wednesday"", ""Thursday"", ""Friday"", ""Saturday"", ""Sunday""], ""opens"": ""00:00"", ""closes"": ""23:59""}]",,official_json_ld
gb_d15310c038,PureGym,PureGym Birmingham Beaufort Park Gym,Birmingham Beaufort Park Gym,2 Coleshill Road,B36 8DT,Birmingham,United Kingdom,England,52.49420166015625,-1.8174999952316284,READY_TO_IMPORT,VERIFIED_CURRENT,,official_json_ld,https://www.puregym.com/gyms/birmingham-beaufort-park/,https://www.puregym.com/gyms/birmingham-beaufort-park/,"[{""@type"": ""OpeningHoursSpecification"", ""dayOfWeek"": [""Monday"", ""Tuesday"", ""Wednesday"", ""Thursday"", ""Friday"", ""Saturday"", ""Sunday""], ""opens"": ""00:00"", ""closes"": ""23:59""}]",,official_json_ld
gb_80c679cd28,PureGym,PureGym Birmingham City Centre Gym,Birmingham City Centre Gym,Centre,B15 1DA,Birmingham,United Kingdom,England,,,COMING_SOON,COMING_SOON,,official_json_ld,https://www.puregym.com/gyms/birmingham-city-centre/,https://www.puregym.com/gyms/birmingham-city-centre/,"[{""@type"": ""OpeningHoursSpecification"", ""dayOfWeek"": [""Monday"", ""Tuesday"", ""Wednesday"", ""Thursday"", ""Friday"", ""Saturday"", ""Sunday""], ""opens"": ""00:00"", ""closes"": ""23:59""}]",,official_json_ld; coming_soon_copy
gb_8a74caaa32,PureGym,PureGym Birmingham Longbridge Gym,Birmingham Longbridge Gym,Longbridge,B31 2UQ,Birmingham,United Kingdom,England,52.393943786621094,-1.986664056777954,READY_TO_IMPORT,VERIFIED_CURRENT,,official_json_ld,https://www.puregym.com/gyms/birmingham-longbridge/,https://www.puregym.com/gyms/birmingham-longbridge/,"[{""@type"": ""OpeningHoursSpecification"", ""dayOfWeek"": [""Monday"", ""Tuesday"", ""Wednesday"", ""Thursday"", ""Friday"", ""Saturday"", ""Sunday""], ""opens"": ""00:00"", ""closes"": ""23:59""}]",,official_json_ld
gb_fbba245006,PureGym,PureGym Birmingham Maypole Gym,Birmingham Maypole Gym,1059-1061 Alcester Road South,B14 5TN,Birmingham,United Kingdom,England,52.40397262573242,-1.8845839500427246,READY_TO_IMPORT,VERIFIED_CURRENT,,official_json_ld,https://www.puregym.com/gyms/birmingham-maypole/,https://www.puregym.com/gyms/birmingham-maypole/,"[{""@type"": ""OpeningHoursSpecification"", ""dayOfWeek"": [""Monday"", ""Tuesday"", ""Wednesday"", ""Thursday"", ""Friday"", ""Saturday"", ""Sunday""], ""opens"": ""00:00"", ""closes"": ""23:59""}]",,official_json_ld
gb_13db375391,PureGym,PureGym Birmingham Snow Hill Plaza Gym,Birmingham Snow Hill Plaza Gym,St. Chads Queensway,B4 6HY,Birmingham,United Kingdom,England,52.48521423339844,-1.8973909616470337,READY_TO_IMPORT,VERIFIED_CURRENT,,official_json_ld,https://www.puregym.com/gyms/birmingham-snow-hill-plaza/,https://www.puregym.com/gyms/birmingham-snow-hill-plaza/,"[{""@type"": ""OpeningHoursSpecification"", ""dayOfWeek"": [""Monday"", ""Tuesday"", ""Wednesday"", ""Thursday"", ""Friday"", ""Saturday"", ""Sunday""], ""opens"": ""00:00"", ""closes"": ""23:59""}]",,official_json_ld
gb_1ec2c23a8b,PureGym,PureGym Birmingham West Gym,Birmingham West Gym,"Windmill Shopping Centre, Cape Hill",B66 3PR,Birmingham,United Kingdom,England,52.48740005493164,-1.9609999656677246,READY_TO_IMPORT,VERIFIED_CURRENT,,official_json_ld,https://www.puregym.com/gyms/birmingham-west/,https://www.puregym.com/gyms/birmingham-west/,"[{""@type"": ""OpeningHoursSpecification"", ""dayOfWeek"": [""Monday"", ""Tuesday"", ""Wednesday"", ""Thursday"", ""Friday"", ""Saturday"", ""Sunday""], ""opens"": ""00:00"", ""closes"": ""23:59""}]",,official_json_ld
gb_fe7f5b350e,PureGym,PureGym Edgbaston Gym,Edgbaston Gym,Edgbaston,B5 7QX,Birmingham,United Kingdom,England,52.45576477050781,-1.9062329530715942,READY_TO_IMPORT,VERIFIED_CURRENT,,official_json_ld,https://www.puregym.com/gyms/edgbaston/,https://www.puregym.com/gyms/edgbaston/,"[{""@type"": ""OpeningHoursSpecification"", ""dayOfWeek"": [""Monday"", ""Tuesday"", ""Wednesday"", ""Thursday"", ""Friday"", ""Saturday"", ""Sunday""], ""opens"": ""00:00"", ""closes"": ""23:59""}]",,official_json_ld
gb_0738b0b306,PureGym,PureGym Sutton Coldfield Gym,Sutton Coldfield Gym,366 Gravelly Lane,B23 5SB,Birmingham,United Kingdom,England,52.53499984741211,-1.8380000591278076,READY_TO_IMPORT,VERIFIED_CURRENT,,official_json_ld,https://www.puregym.com/gyms/sutton-coldfield/,https://www.puregym.com/gyms/sutton-coldfield/,,,official_json_ld
gb_eeb610c1df,PureGym,PureGym Bishop Auckland Gym,Bishop Auckland Gym,14/15 Auckland Retail & Leisure Scheme,DL14 9AA,Bishop Auckland,United Kingdom,England,54.63715744018555,-1.6877959966659546,READY_TO_IMPORT,VERIFIED_CURRENT,,official_json_ld,https://www.puregym.com/gyms/bishop-auckland/,https://www.puregym.com/gyms/bishop-auckland/,"[{""@type"": ""OpeningHoursSpecification"", ""dayOfWeek"": [""Monday"", ""Tuesday"", ""Wednesday"", ""Thursday"", ""Friday"", ""Saturday"", ""Sunday""], ""opens"": ""00:00"", ""closes"": ""23:59""}]",,official_json_ld
gb_ce1a4ef936,PureGym,PureGym Bishop's Stortford Gym,Bishop's Stortford Gym,St James Retail Park,CM23 4AA,Bishop's Stortford,United Kingdom,England,,,COMING_SOON,COMING_SOON,,official_json_ld,https://www.puregym.com/gyms/bishops-stortford/,https://www.puregym.com/gyms/bishops-stortford/,,,official_json_ld; coming_soon_copy
gb_27d6d66515,PureGym,PureGym Blackburn Gym,Blackburn Gym,Nova Scotia Retail Park,BB2 3QP,Blackburn,United Kingdom,England,53.73990249633789,-2.4837400913238525,READY_TO_IMPORT,VERIFIED_CURRENT,,official_json_ld,https://www.puregym.com/gyms/blackburn/,https://www.puregym.com/gyms/blackburn/,"[{""@type"": ""OpeningHoursSpecification"", ""dayOfWeek"": [""Monday"", ""Tuesday"", ""Wednesday"", ""Thursday"", ""Friday"", ""Saturday"", ""Sunday""], ""opens"": ""00:00"", ""closes"": ""23:59""}]",,official_json_ld
gb_e66ceeea2f,PureGym,PureGym Blackwood Gym,Blackwood Gym,Sirhowey Enterprise Way,NP12 2FS,Blackwood,United Kingdom,Wales,51.66204071044922,-3.1911420822143555,READY_TO_IMPORT,VERIFIED_CURRENT,,official_json_ld,https://www.puregym.com/gyms/blackwood/,https://www.puregym.com/gyms/blackwood/,"[{""@type"": ""OpeningHoursSpecification"", ""dayOfWeek"": [""Monday"", ""Tuesday"", ""Wednesday"", ""Thursday"", ""Friday"", ""Saturday"", ""Sunday""], ""opens"": ""00:00"", ""closes"": ""23:59""}]",,official_json_ld
gb_39b18022a8,PureGym,PureGym Blyth Gym,Blyth Gym,Blyth Valley Retail Park,NE24 5TP,Blyth,United Kingdom,England,55.13217544555664,-1.5352909564971924,READY_TO_IMPORT,VERIFIED_CURRENT,,official_json_ld,https://www.puregym.com/gyms/blyth/,https://www.puregym.com/gyms/blyth/,"[{""@type"": ""OpeningHoursSpecification"", ""dayOfWeek"": [""Monday"", ""Tuesday"", ""Wednesday"", ""Thursday"", ""Friday"", ""Saturday"", ""Sunday""], ""opens"": ""00:00"", ""closes"": ""23:59""}]",,official_json_ld
gb_6c9153c168,PureGym,PureGym Bournemouth Mallard Road Retail Park Gym,Bournemouth Mallard Road Retail Park Gym,Castle Lane West,BH8 9PE,Bournemouth,United Kingdom,England,50.74857711791992,-1.848855972290039,READY_TO_IMPORT,VERIFIED_CURRENT,,official_json_ld,https://www.puregym.com/gyms/bournemouth-mallard-road-retail-park/,https://www.puregym.com/gyms/bournemouth-mallard-road-retail-park/,"[{""@type"": ""OpeningHoursSpecification"", ""dayOfWeek"": [""Monday"", ""Tuesday"", ""Wednesday"", ""Thursday"", ""Friday"", ""Saturday"", ""Sunday""], ""opens"": ""00:00"", ""closes"": ""23:59""}]",,official_json_ld
gb_47b0a4431a,PureGym,PureGym Bournemouth the Triangle Gym,Bournemouth the Triangle Gym,The Triangle,BH2 5RQ,Bournemouth,United Kingdom,England,50.72079849243164,-1.8840999603271484,READY_TO_IMPORT,VERIFIED_CURRENT,,official_json_ld,https://www.puregym.com/gyms/bournemouth/,https://www.puregym.com/gyms/bournemouth/,"[{""@type"": ""OpeningHoursSpecification"", ""dayOfWeek"": [""Monday"", ""Tuesday"", ""Wednesday"", ""Thursday"", ""Friday"", ""Saturday"", ""Sunday""], ""opens"": ""00:00"", ""closes"": ""23:59""}]",,official_json_ld
gb_2c71cf7b54,PureGym,PureGym Bracknell Gym,Bracknell Gym,Princess Square Shopping Centre,RG12 1LS,Bracknell,United Kingdom,England,51.4152946472168,-0.7530369758605957,READY_TO_IMPORT,VERIFIED_CURRENT,,official_json_ld,https://www.puregym.com/gyms/bracknell/,https://www.puregym.com/gyms/bracknell/,"[{""@type"": ""OpeningHoursSpecification"", ""dayOfWeek"": [""Monday"", ""Tuesday"", ""Wednesday"", ""Thursday"", ""Friday"", ""Saturday"", ""Sunday""], ""opens"": ""00:00"", ""closes"": ""23:59""}]",,official_json_ld
gb_2a50e4e451,PureGym,PureGym Bradford Idle Gym,Bradford Idle Gym,Bradford Road,BD10 8EG,Bradford,United Kingdom,England,53.825599670410156,-1.733299970626831,READY_TO_IMPORT,VERIFIED_CURRENT,,official_json_ld,https://www.puregym.com/gyms/bradford-idle/,https://www.puregym.com/gyms/bradford-idle/,"[{""@type"": ""OpeningHoursSpecification"", ""dayOfWeek"": [""Monday"", ""Tuesday"", ""Wednesday"", ""Thursday"", ""Friday"", ""Saturday"", ""Sunday""], ""opens"": ""00:00"", ""closes"": ""23:59""}]",,official_json_ld
gb_958f010272,PureGym,PureGym London Brentford Gym,London Brentford Gym,Great West Road,TW8 9DN,Brentford,United Kingdom,England,51.48411560058594,-0.32178500294685364,READY_TO_IMPORT,VERIFIED_CURRENT,,official_json_ld,https://www.puregym.com/gyms/london-brentford/,https://www.puregym.com/gyms/london-brentford/,"[{""@type"": ""OpeningHoursSpecification"", ""dayOfWeek"": [""Monday"", ""Tuesday"", ""Wednesday"", ""Thursday"", ""Friday"", ""Saturday"", ""Sunday""], ""opens"": ""00:00"", ""closes"": ""23:59""}]",,official_json_ld
gb_058dd9225b,PureGym,PureGym Brentwood Gym,Brentwood Gym,79 High Street,CM14 4RR,Brentwood,United Kingdom,England,51.620140075683594,0.3009350001811981,READY_TO_IMPORT,VERIFIED_CURRENT,,official_json_ld,https://www.puregym.com/gyms/brentwood/,https://www.puregym.com/gyms/brentwood/,"[{""@type"": ""OpeningHoursSpecification"", ""dayOfWeek"": [""Monday"", ""Tuesday"", ""Wednesday"", ""Thursday"", ""Friday"", ""Saturday"", ""Sunday""], ""opens"": ""00:00"", ""closes"": ""23:59""}]",,official_json_ld
gb_86b3c812cc,PureGym,PureGym Bridgwater Gym,Bridgwater Gym,The Clink Retail Park,TA6 5AE,Bridgwater,United Kingdom,England,51.13132858276367,-2.999974012374878,READY_TO_IMPORT,VERIFIED_CURRENT,,official_json_ld,https://www.puregym.com/gyms/bridgwater/,https://www.puregym.com/gyms/bridgwater/,"[{""@type"": ""OpeningHoursSpecification"", ""dayOfWeek"": [""Monday"", ""Tuesday"", ""Wednesday"", ""Thursday"", ""Friday"", ""Saturday"", ""Sunday""], ""opens"": ""00:00"", ""closes"": ""23:59""}]",,official_json_ld
gb_9e7480a4e3,PureGym,PureGym Brierley Hill Gym,Brierley Hill Gym,Brierley Hill,DY5 1UA,Brierley Hill,United Kingdom,England,52.4841194152832,-2.118880033493042,READY_TO_IMPORT,VERIFIED_CURRENT,,official_json_ld,https://www.puregym.com/gyms/brierley-hill/,https://www.puregym.com/gyms/brierley-hill/,"[{""@type"": ""OpeningHoursSpecification"", ""dayOfWeek"": [""Monday"", ""Tuesday"", ""Wednesday"", ""Thursday"", ""Friday"", ""Saturday"", ""Sunday""], ""opens"": ""00:00"", ""closes"": ""23:59""}]",,official_json_ld
gb_3ee2eab63d,PureGym,PureGym Brighton Central Gym,Brighton Central Gym,North Road,BN1 1YR,Brighton,United Kingdom,England,50.825801849365234,-0.14159999787807465,READY_TO_IMPORT,VERIFIED_CURRENT,,official_json_ld,https://www.puregym.com/gyms/brighton-central/,https://www.puregym.com/gyms/brighton-central/,"[{""@type"": ""OpeningHoursSpecification"", ""dayOfWeek"": [""Monday"", ""Tuesday"", ""Wednesday"", ""Thursday"", ""Friday"", ""Saturday"", ""Sunday""], ""opens"": ""00:00"", ""closes"": ""23:59""}]",,official_json_ld
gb_87e37bd764,PureGym,PureGym Brighton London Road Gym,Brighton London Road Gym,27-31 London Road,BN1 4JB,Brighton,United Kingdom,England,50.83131790161133,-0.13645300269126892,READY_TO_IMPORT,VERIFIED_CURRENT,,official_json_ld,https://www.puregym.com/gyms/brighton-london-road/,https://www.puregym.com/gyms/brighton-london-road/,"[{""@type"": ""OpeningHoursSpecification"", ""dayOfWeek"": [""Monday"", ""Tuesday"", ""Wednesday"", ""Thursday"", ""Friday"", ""Saturday"", ""Sunday""], ""opens"": ""00:00"", ""closes"": ""23:59""}]",,official_json_ld
gb_9a6693d99e,PureGym,PureGym Bristol Abbey Wood Retail Park Gym,Bristol Abbey Wood Retail Park Gym,Abbey Wood Retail Park,BS34 7JW,Bristol,United Kingdom,England,51.50596618652344,-2.5616910457611084,READY_TO_IMPORT,VERIFIED_CURRENT,,official_json_ld,https://www.puregym.com/gyms/bristol-abbey-wood-retail-park/,https://www.puregym.com/gyms/bristol-abbey-wood-retail-park/,"[{""@type"": ""OpeningHoursSpecification"", ""dayOfWeek"": [""Monday"", ""Tuesday"", ""Wednesday"", ""Thursday"", ""Friday"", ""Saturday"", ""Sunday""], ""opens"": ""00:00"", ""closes"": ""23:59""}]",,official_json_ld
gb_952c1bbb56,PureGym,PureGym Bristol Brislington Gym,Bristol Brislington Gym,Brislington Retail Park,BS4 5NG,Bristol,United Kingdom,England,51.429481506347656,-2.5434720516204834,READY_TO_IMPORT,VERIFIED_CURRENT,,official_json_ld,https://www.puregym.com/gyms/bristol-brislington/,https://www.puregym.com/gyms/bristol-brislington/,"[{""@type"": ""OpeningHoursSpecification"", ""dayOfWeek"": [""Monday"", ""Tuesday"", ""Wednesday"", ""Thursday"", ""Friday"", ""Saturday"", ""Sunday""], ""opens"": ""00:00"", ""closes"": ""23:59""}]",,official_json_ld
gb_82e6a2d2d2,PureGym,PureGym Bristol Eastgate Gym,Bristol Eastgate Gym,Eastville,BS5 6XX,Bristol,United Kingdom,England,51.473114013671875,-2.567125082015991,READY_TO_IMPORT,VERIFIED_CURRENT,,official_json_ld,https://www.puregym.com/gyms/bristol-eastgate/,https://www.puregym.com/gyms/bristol-eastgate/,"[{""@type"": ""OpeningHoursSpecification"", ""dayOfWeek"": [""Monday"", ""Tuesday"", ""Wednesday"", ""Thursday"", ""Friday"", ""Saturday"", ""Sunday""], ""opens"": ""00:00"", ""closes"": ""23:59""}]",,official_json_ld
gb_69955aacbe,PureGym,PureGym Bristol Harbourside Gym,Bristol Harbourside Gym,Explore Lane,BS1 5TY,Bristol,United Kingdom,England,51.44960021972656,-2.6012001037597656,READY_TO_IMPORT,VERIFIED_CURRENT,,official_json_ld,https://www.puregym.com/gyms/bristol-harbourside/,https://www.puregym.com/gyms/bristol-harbourside/,"[{""@type"": ""OpeningHoursSpecification"", ""dayOfWeek"": [""Monday"", ""Tuesday"", ""Wednesday"", ""Thursday"", ""Friday"", ""Saturday"", ""Sunday""], ""opens"": ""00:00"", ""closes"": ""23:59""}]",,official_json_ld
gb_466c082c90,PureGym,PureGym Bristol Union Gate Gym,Bristol Union Gate Gym,Union Street,BS1 2DU,Bristol,United Kingdom,England,51.45610046386719,-2.5908000469207764,READY_TO_IMPORT,VERIFIED_CURRENT,,official_json_ld,https://www.puregym.com/gyms/bristol-union-gate/,https://www.puregym.com/gyms/bristol-union-gate/,"[{""@type"": ""OpeningHoursSpecification"", ""dayOfWeek"": [""Monday"", ""Tuesday"", ""Wednesday"", ""Thursday"", ""Friday"", ""Saturday"", ""Sunday""], ""opens"": ""00:00"", ""closes"": ""23:59""}]",,official_json_ld
gb_9d7762cc5c,PureGym,PureGym Portishead Gym,Portishead Gym,Portishead,BS20 7BY,Bristol,United Kingdom,England,51.48371124267578,-2.764503002166748,READY_TO_IMPORT,VERIFIED_CURRENT,,official_json_ld,https://www.puregym.com/gyms/portishead/,https://www.puregym.com/gyms/portishead/,"[{""@type"": ""OpeningHoursSpecification"", ""dayOfWeek"": [""Monday"", ""Tuesday"", ""Wednesday"", ""Thursday"", ""Friday"", ""Saturday"", ""Sunday""], ""opens"": ""00:00"", ""closes"": ""23:59""}]",,official_json_ld
gb_a665031144,PureGym,PureGym London Bromley Gym,London Bromley Gym,"Unit 2, 53/57 High Street",BR1 1TR,Bromley,United Kingdom,England,51.40248107910156,0.017469000071287155,READY_TO_IMPORT,VERIFIED_CURRENT,,official_json_ld,https://www.puregym.com/gyms/london-bromley/,https://www.puregym.com/gyms/london-bromley/,"[{""@type"": ""OpeningHoursSpecification"", ""dayOfWeek"": [""Monday"", ""Tuesday"", ""Wednesday"", ""Thursday"", ""Friday"", ""Saturday"", ""Sunday""], ""opens"": ""00:00"", ""closes"": ""23:59""}]",,official_json_ld
gb_357160d113,PureGym,PureGym Bromsgrove Retail Park Gym,Bromsgrove Retail Park Gym,Birmingham Road,B61 0DD,Bromsgrove,United Kingdom,England,52.33881759643555,-2.0554919242858887,READY_TO_IMPORT,VERIFIED_CURRENT,,official_json_ld,https://www.puregym.com/gyms/bromsgrove-retail-park/,https://www.puregym.com/gyms/bromsgrove-retail-park/,"[{""@type"": ""OpeningHoursSpecification"", ""dayOfWeek"": [""Monday"", ""Tuesday"", ""Wednesday"", ""Thursday"", ""Friday"", ""Saturday"", ""Sunday""], ""opens"": ""00:00"", ""closes"": ""23:59""}]",,official_json_ld
gb_46e2b19ae6,PureGym,PureGym Buckingham Gym,Buckingham Gym,Osier Way,MK18 1TB,Buckingham,United Kingdom,England,51.98955535888672,-0.9911969900131226,READY_TO_IMPORT,VERIFIED_CURRENT,,official_json_ld,https://www.puregym.com/gyms/buckingham/,https://www.puregym.com/gyms/buckingham/,"[{""@type"": ""OpeningHoursSpecification"", ""dayOfWeek"": [""Monday"", ""Tuesday"", ""Wednesday"", ""Thursday"", ""Friday"", ""Saturday"", ""Sunday""], ""opens"": ""00:00"", ""closes"": ""23:59""}]",,official_json_ld
gb_693fa5c38a,PureGym,PureGym Burgess Hill Gym,Burgess Hill Gym,London Road,RH15 9RD,Burgess Hill,United Kingdom,England,50.9564208984375,-0.13917399942874908,READY_TO_IMPORT,VERIFIED_CURRENT,,official_json_ld,https://www.puregym.com/gyms/burgess-hill/,https://www.puregym.com/gyms/burgess-hill/,"[{""@type"": ""OpeningHoursSpecification"", ""dayOfWeek"": [""Monday"", ""Tuesday"", ""Wednesday"", ""Thursday"", ""Friday"", ""Saturday"", ""Sunday""], ""opens"": ""00:00"", ""closes"": ""23:59""}]",,official_json_ld
gb_ed32ff7c99,PureGym,PureGym Bury Woodfields Retail Park Gym,Bury Woodfields Retail Park Gym,Woodfields Retail Park,BL9 5BY,Bury,United Kingdom,England,53.597293853759766,-2.2964470386505127,READY_TO_IMPORT,VERIFIED_CURRENT,,official_json_ld,https://www.puregym.com/gyms/bury-woodfields-retail-park/,https://www.puregym.com/gyms/bury-woodfields-retail-park/,"[{""@type"": ""OpeningHoursSpecification"", ""dayOfWeek"": [""Monday"", ""Tuesday"", ""Wednesday"", ""Thursday"", ""Friday"", ""Saturday"", ""Sunday""], ""opens"": ""00:00"", ""closes"": ""23:59""}]",,official_json_ld
gb_c70556ae50,PureGym,PureGym Byfleet Gym,Byfleet Gym,Royston Road,KT14 7NP,Byfleet,United Kingdom,England,51.34027862548828,-0.4774459898471832,READY_TO_IMPORT,VERIFIED_CURRENT,,official_json_ld,https://www.puregym.com/gyms/byfleet/,https://www.puregym.com/gyms/byfleet/,"[{""@type"": ""OpeningHoursSpecification"", ""dayOfWeek"": [""Monday"", ""Tuesday"", ""Wednesday"", ""Thursday"", ""Friday"", ""Saturday"", ""Sunday""], ""opens"": ""00:00"", ""closes"": ""23:59""}]",,official_json_ld
gb_7a56d3cbe3,PureGym,PureGym Cambridge Grafton Centre Gym,Cambridge Grafton Centre Gym,Grafton Centre,CB1 1PS,Cambridge,United Kingdom,England,52.206974029541016,0.13327500224113464,READY_TO_IMPORT,VERIFIED_CURRENT,,official_json_ld,https://www.puregym.com/gyms/cambridge-grafton-centre/,https://www.puregym.com/gyms/cambridge-grafton-centre/,,,official_json_ld
gb_8e7f397cea,PureGym,PureGym Cambridge Leisure Park Gym,Cambridge Leisure Park Gym,Unit 34 Clifton Way,CB1 7DY,Cambridge,United Kingdom,England,52.190101623535156,0.13779999315738678,READY_TO_IMPORT,VERIFIED_CURRENT,,official_json_ld,https://www.puregym.com/gyms/cambridge-leisure-park/,https://www.puregym.com/gyms/cambridge-leisure-park/,"[{""@type"": ""OpeningHoursSpecification"", ""dayOfWeek"": [""Monday"", ""Tuesday"", ""Wednesday"", ""Thursday"", ""Friday"", ""Saturday"", ""Sunday""], ""opens"": ""00:00"", ""closes"": ""23:59""}]",,official_json_ld
gb_13570ef8f0,PureGym,PureGym Peterborough Serpentine Green Shopping Centre Gym,Peterborough Serpentine Green Shopping Centre Gym,Hampton,PE7 8BE,Cambridgeshire,United Kingdom,England,52.539894104003906,-0.265608012676239,READY_TO_IMPORT,VERIFIED_CURRENT,,official_json_ld,https://www.puregym.com/gyms/peterborough-serpentine-green-shopping-centre/,https://www.puregym.com/gyms/peterborough-serpentine-green-shopping-centre/,"[{""@type"": ""OpeningHoursSpecification"", ""dayOfWeek"": [""Monday"", ""Tuesday"", ""Wednesday"", ""Thursday"", ""Friday"", ""Saturday"", ""Sunday""], ""opens"": ""00:00"", ""closes"": ""23:59""}]",,official_json_ld
gb_efa757aa6f,PureGym,PureGym St Ives Cambridgeshire Gym,St Ives Cambridgeshire Gym,St Ives,PE27 4NB,Cambridgeshire,United Kingdom,England,52.33052444458008,-0.05809900164604187,READY_TO_IMPORT,VERIFIED_CURRENT,,official_json_ld,https://www.puregym.com/gyms/st-ives-cambridgeshire/,https://www.puregym.com/gyms/st-ives-cambridgeshire/,"[{""@type"": ""OpeningHoursSpecification"", ""dayOfWeek"": [""Monday"", ""Tuesday"", ""Wednesday"", ""Thursday"", ""Friday"", ""Saturday"", ""Sunday""], ""opens"": ""00:00"", ""closes"": ""23:59""}]",,official_json_ld
gb_6499b91566,PureGym,PureGym Cannock Orbital Retail Park Gym,Cannock Orbital Retail Park Gym,Voyager Drive,WS11 8XP,Cannock,United Kingdom,England,52.67532730102539,-2.019395112991333,READY_TO_IMPORT,VERIFIED_CURRENT,,official_json_ld,https://www.puregym.com/gyms/cannock-orbital-retail-park/,https://www.puregym.com/gyms/cannock-orbital-retail-park/,"[{""@type"": ""OpeningHoursSpecification"", ""dayOfWeek"": [""Monday"", ""Tuesday"", ""Wednesday"", ""Thursday"", ""Friday"", ""Saturday"", ""Sunday""], ""opens"": ""00:00"", ""closes"": ""23:59""}]",,official_json_ld
gb_4f98918cbd,PureGym,PureGym Hednesford Cannock Gym,Hednesford Cannock Gym,Victoria Shopping Park,WS12 1BT,Cannock,United Kingdom,England,52.709999084472656,-2.0006000995635986,READY_TO_IMPORT,VERIFIED_CURRENT,,official_json_ld,https://www.puregym.com/gyms/hednesford-cannock/,https://www.puregym.com/gyms/hednesford-cannock/,"[{""@type"": ""OpeningHoursSpecification"", ""dayOfWeek"": [""Monday"", ""Tuesday"", ""Wednesday"", ""Thursday"", ""Friday"", ""Saturday"", ""Sunday""], ""opens"": ""00:00"", ""closes"": ""23:59""}]",,official_json_ld
gb_eecb0b6212,PureGym,PureGym Canterbury Sturry Road Gym,Canterbury Sturry Road Gym,Marshwood Close,CT1 1DX,Canterbury,United Kingdom,England,51.291542053222656,1.1002479791641235,READY_TO_IMPORT,VERIFIED_CURRENT,,official_json_ld,https://www.puregym.com/gyms/canterbury-sturry-road/,https://www.puregym.com/gyms/canterbury-sturry-road/,"[{""@type"": ""OpeningHoursSpecification"", ""dayOfWeek"": [""Monday"", ""Tuesday"", ""Wednesday"", ""Thursday"", ""Friday"", ""Saturday"", ""Sunday""], ""opens"": ""00:00"", ""closes"": ""23:59""}]",,official_json_ld
gb_d4511d6ba1,PureGym,PureGym Canterbury Wincheap Gym,Canterbury Wincheap Gym,Ten Perch Road,CT1 3TQ,Canterbury,United Kingdom,England,51.27229690551758,1.0596239566802979,READY_TO_IMPORT,VERIFIED_CURRENT,,official_json_ld,https://www.puregym.com/gyms/canterbury-wincheap/,https://www.puregym.com/gyms/canterbury-wincheap/,"[{""@type"": ""OpeningHoursSpecification"", ""dayOfWeek"": [""Monday"", ""Tuesday"", ""Wednesday"", ""Thursday"", ""Friday"", ""Saturday"", ""Sunday""], ""opens"": ""00:00"", ""closes"": ""23:59""}]",,official_json_ld
gb_7bc4d26138,PureGym,PureGym Cardiff Bay Gym,Cardiff Bay Gym,"Cardiff Bay Retail Park, Ferry Road",CF11 0JR,Cardiff,United Kingdom,Wales,51.459861755371094,-3.1879570484161377,READY_TO_IMPORT,VERIFIED_CURRENT,,official_json_ld,https://www.puregym.com/gyms/cardiff-bay/,https://www.puregym.com/gyms/cardiff-bay/,"[{""@type"": ""OpeningHoursSpecification"", ""dayOfWeek"": [""Monday"", ""Tuesday"", ""Wednesday"", ""Thursday"", ""Friday"", ""Saturday"", ""Sunday""], ""opens"": ""00:00"", ""closes"": ""23:59""}]",,official_json_ld
gb_14ebf068fb,PureGym,PureGym Cardiff Central Gym,Cardiff Central Gym,Wood Street,CF10 1LA,Cardiff,United Kingdom,Wales,51.476600646972656,-3.18149995803833,READY_TO_IMPORT,VERIFIED_CURRENT,,official_json_ld,https://www.puregym.com/gyms/cardiff-central/,https://www.puregym.com/gyms/cardiff-central/,"[{""@type"": ""OpeningHoursSpecification"", ""dayOfWeek"": [""Monday"", ""Tuesday"", ""Wednesday"", ""Thursday"", ""Friday"", ""Saturday"", ""Sunday""], ""opens"": ""00:00"", ""closes"": ""23:59""}]",,official_json_ld
gb_675d8a64b0,PureGym,PureGym Cardiff Gate Gym,Cardiff Gate Gym,Cardiff Retail Park,CF23 8NL,Cardiff,United Kingdom,Wales,51.53620147705078,-3.129499912261963,READY_TO_IMPORT,VERIFIED_CURRENT,,official_json_ld,https://www.puregym.com/gyms/cardiff-gate/,https://www.puregym.com/gyms/cardiff-gate/,"[{""@type"": ""OpeningHoursSpecification"", ""dayOfWeek"": [""Monday"", ""Tuesday"", ""Wednesday"", ""Thursday"", ""Friday"", ""Saturday"", ""Sunday""], ""opens"": ""00:00"", ""closes"": ""23:59""}]",,official_json_ld
gb_e995bcf6ff,PureGym,PureGym Cardiff Western Avenue Gym,Cardiff Western Avenue Gym,Excelsior Road,CF14 3AT,Cardiff,United Kingdom,Wales,51.500064849853516,-3.202436923980713,READY_TO_IMPORT,VERIFIED_CURRENT,,official_json_ld,https://www.puregym.com/gyms/cardiff-western-avenue/,https://www.puregym.com/gyms/cardiff-western-avenue/,"[{""@type"": ""OpeningHoursSpecification"", ""dayOfWeek"": [""Monday"", ""Tuesday"", ""Wednesday"", ""Thursday"", ""Friday"", ""Saturday"", ""Sunday""], ""opens"": ""00:00"", ""closes"": ""23:59""}]",,official_json_ld
gb_fc7c228775,PureGym,PureGym Llanelli Gym,Llanelli Gym,Llanelli,SA15 3PW,Carmarthenshire,United Kingdom,Wales,51.68470764160156,-4.158125877380371,READY_TO_IMPORT,VERIFIED_CURRENT,,official_json_ld,https://www.puregym.com/gyms/llanelli/,https://www.puregym.com/gyms/llanelli/,"[{""@type"": ""OpeningHoursSpecification"", ""dayOfWeek"": [""Monday"", ""Tuesday"", ""Wednesday"", ""Thursday"", ""Friday"", ""Saturday"", ""Sunday""], ""opens"": ""00:00"", ""closes"": ""23:59""}]",,official_json_ld
gb_3c8ff815bd,PureGym,PureGym Chatham Gym,Chatham Gym,Chatham Maritime,ME4 4LL,Chatham,United Kingdom,England,51.40140151977539,0.5324000120162964,READY_TO_IMPORT,VERIFIED_CURRENT,,official_json_ld,https://www.puregym.com/gyms/chatham/,https://www.puregym.com/gyms/chatham/,"[{""@type"": ""OpeningHoursSpecification"", ""dayOfWeek"": [""Monday"", ""Tuesday"", ""Wednesday"", ""Thursday"", ""Friday"", ""Saturday"", ""Sunday""], ""opens"": ""00:00"", ""closes"": ""23:59""}]",,official_json_ld
gb_d23f554ab2,PureGym,PureGym Chelmsford Meadows Gym,Chelmsford Meadows Gym,High Bridge Road,CM2 6JX,Chelmsford,United Kingdom,England,51.73265075683594,0.4769800007343292,READY_TO_IMPORT,VERIFIED_CURRENT,,official_json_ld,https://www.puregym.com/gyms/chelmsford-meadows/,https://www.puregym.com/gyms/chelmsford-meadows/,"[{""@type"": ""OpeningHoursSpecification"", ""dayOfWeek"": [""Monday"", ""Tuesday"", ""Wednesday"", ""Thursday"", ""Friday"", ""Saturday"", ""Sunday""], ""opens"": ""00:00"", ""closes"": ""23:59""}]",,official_json_ld
gb_5ab0c32497,PureGym,PureGym Chester Gym,Chester Gym,Stendall Road,CH1 4LU,Chester,United Kingdom,England,53.197479248046875,-2.912781000137329,READY_TO_IMPORT,VERIFIED_CURRENT,,official_json_ld,https://www.puregym.com/gyms/chester/,https://www.puregym.com/gyms/chester/,"[{""@type"": ""OpeningHoursSpecification"", ""dayOfWeek"": [""Monday"", ""Tuesday"", ""Wednesday"", ""Thursday"", ""Friday"", ""Saturday"", ""Sunday""], ""opens"": ""00:00"", ""closes"": ""23:59""}]",,official_json_ld
gb_9297530863,PureGym,PureGym Chippenham Gym,Chippenham Gym,5B Foundry Lane,SN15 1JG,Chippenham,United Kingdom,England,51.463050842285156,-2.116339921951294,READY_TO_IMPORT,VERIFIED_CURRENT,,official_json_ld,https://www.puregym.com/gyms/chippenham/,https://www.puregym.com/gyms/chippenham/,"[{""@type"": ""OpeningHoursSpecification"", ""dayOfWeek"": [""Monday"", ""Tuesday"", ""Wednesday"", ""Thursday"", ""Friday"", ""Saturday"", ""Sunday""], ""opens"": ""00:00"", ""closes"": ""23:59""}]",,official_json_ld
gb_4df7e7faaf,PureGym,PureGym Christchurch Gym,Christchurch Gym,Somerford Road,BH23 3RT,Christchurch,United Kingdom,England,50.74102783203125,-1.7426259517669678,READY_TO_IMPORT,VERIFIED_CURRENT,,official_json_ld,https://www.puregym.com/gyms/christchurch/,https://www.puregym.com/gyms/christchurch/,"[{""@type"": ""OpeningHoursSpecification"", ""dayOfWeek"": [""Monday"", ""Tuesday"", ""Wednesday"", ""Thursday"", ""Friday"", ""Saturday"", ""Sunday""], ""opens"": ""00:00"", ""closes"": ""23:59""}]",,official_json_ld
gb_95e1b13e7a,PureGym,PureGym Cirencester Retail Park Gym,Cirencester Retail Park Gym,Cirencester Retail Park,GL7 1PT,Cirencester,United Kingdom,England,51.706478118896484,-1.9593299627304077,READY_TO_IMPORT,VERIFIED_CURRENT,,official_json_ld,https://www.puregym.com/gyms/cirencester/,https://www.puregym.com/gyms/cirencester/,"[{""@type"": ""OpeningHoursSpecification"", ""dayOfWeek"": [""Monday"", ""Tuesday"", ""Wednesday"", ""Thursday"", ""Friday"", ""Saturday"", ""Sunday""], ""opens"": ""00:00"", ""closes"": ""23:59""}]",,official_json_ld
gb_23441d02f3,PureGym,PureGym Clacton-on-Sea Gym,Clacton-on-Sea Gym,Old Road,CO15 1HX,Clacton-on-Sea,United Kingdom,England,51.790000915527344,1.1459499597549438,READY_TO_IMPORT,VERIFIED_CURRENT,,official_json_ld,https://www.puregym.com/gyms/clacton-on-sea/,https://www.puregym.com/gyms/clacton-on-sea/,"[{""@type"": ""OpeningHoursSpecification"", ""dayOfWeek"": [""Monday"", ""Tuesday"", ""Wednesday"", ""Thursday"", ""Friday"", ""Saturday"", ""Sunday""], ""opens"": ""00:00"", ""closes"": ""23:59""}]",,official_json_ld
gb_8e2a0000aa,PureGym,PureGym Coalville Gym,Coalville Gym,Belvoir Centre,LE67 3XA,Coalville,United Kingdom,England,52.72382736206055,-1.371575951576233,READY_TO_IMPORT,VERIFIED_CURRENT,,official_json_ld,https://www.puregym.com/gyms/coalville/,https://www.puregym.com/gyms/coalville/,"[{""@type"": ""OpeningHoursSpecification"", ""dayOfWeek"": [""Monday"", ""Tuesday"", ""Wednesday"", ""Thursday"", ""Friday"", ""Saturday"", ""Sunday""], ""opens"": ""00:00"", ""closes"": ""23:59""}]",,official_json_ld
gb_585b6d6d5c,PureGym,PureGym Colchester Retail Park Gym,Colchester Retail Park Gym,Colchester Retail Park,CO3 3GT,Colchester,United Kingdom,England,51.8925895690918,0.8913090229034424,READY_TO_IMPORT,VERIFIED_CURRENT,,official_json_ld,https://www.puregym.com/gyms/colchester-retail-park/,https://www.puregym.com/gyms/colchester-retail-park/,"[{""@type"": ""OpeningHoursSpecification"", ""dayOfWeek"": [""Monday"", ""Tuesday"", ""Wednesday"", ""Thursday"", ""Friday"", ""Saturday"", ""Sunday""], ""opens"": ""00:00"", ""closes"": ""23:59""}]",,official_json_ld
gb_d3f8d3239f,PureGym,PureGym London Colindale Gym,London Colindale Gym,"Unit 1, 14 Charcot Road",NW9 5HR,Colindale,United Kingdom,England,51.596519470214844,-0.2533529996871948,READY_TO_IMPORT,VERIFIED_CURRENT,,official_json_ld,https://www.puregym.com/gyms/london-colindale/,https://www.puregym.com/gyms/london-colindale/,"[{""@type"": ""OpeningHoursSpecification"", ""dayOfWeek"": [""Monday"", ""Tuesday"", ""Wednesday"", ""Thursday"", ""Friday"", ""Saturday"", ""Sunday""], ""opens"": ""00:00"", ""closes"": ""23:59""}]",,official_json_ld
gb_87cc73e875,PureGym,PureGym Colne Gym,Colne Gym,Corporation Street,BB8 8LU,Colne,United Kingdom,England,53.849063873291016,-2.196471929550171,READY_TO_IMPORT,VERIFIED_CURRENT,,official_json_ld,https://www.puregym.com/gyms/colne/,https://www.puregym.com/gyms/colne/,"[{""@type"": ""OpeningHoursSpecification"", ""dayOfWeek"": [""Monday"", ""Tuesday"", ""Wednesday"", ""Thursday"", ""Friday"", ""Saturday"", ""Sunday""], ""opens"": ""00:00"", ""closes"": ""23:59""}]",,official_json_ld
gb_298061cfb6,PureGym,PureGym Colwyn Bay Gym,Colwyn Bay Gym,Sea View Road,LL29 8DG,Colwyn Bay,United Kingdom,Wales,,,COMING_SOON,COMING_SOON,,official_json_ld,https://www.puregym.com/gyms/colwyn-bay/,https://www.puregym.com/gyms/colwyn-bay/,,,official_json_ld; coming_soon_copy
gb_7fcd2374ba,PureGym,PureGym Consett Gym,Consett Gym,Front Street,DH8 5RE,Consett,United Kingdom,England,54.8492431640625,-1.8349039554595947,READY_TO_IMPORT,VERIFIED_CURRENT,,official_json_ld,https://www.puregym.com/gyms/consett/,https://www.puregym.com/gyms/consett/,"[{""@type"": ""OpeningHoursSpecification"", ""dayOfWeek"": [""Monday"", ""Tuesday"", ""Wednesday"", ""Thursday"", ""Friday"", ""Saturday"", ""Sunday""], ""opens"": ""00:00"", ""closes"": ""23:59""}]",,official_json_ld
gb_7c933848dd,PureGym,PureGym Corby Gym,Corby Gym,2 Anne Street,NN17 1SW,Corby,United Kingdom,England,52.48613357543945,-0.7019510269165039,READY_TO_IMPORT,VERIFIED_CURRENT,,official_json_ld,https://www.puregym.com/gyms/corby/,https://www.puregym.com/gyms/corby/,"[{""@type"": ""OpeningHoursSpecification"", ""dayOfWeek"": [""Monday"", ""Tuesday"", ""Wednesday"", ""Thursday"", ""Friday"", ""Saturday"", ""Sunday""], ""opens"": ""00:00"", ""closes"": ""23:59""}]",,official_json_ld
gb_938a1ff09e,PureGym,PureGym Coventry Arena Gym,Coventry Arena Gym,Arena Shopping Park,CV6 6AS,Coventry,United Kingdom,England,52.4451904296875,-1.4955040216445923,READY_TO_IMPORT,VERIFIED_CURRENT,,official_json_ld,https://www.puregym.com/gyms/coventry-arena/,https://www.puregym.com/gyms/coventry-arena/,"[{""@type"": ""OpeningHoursSpecification"", ""dayOfWeek"": [""Monday"", ""Tuesday"", ""Wednesday"", ""Thursday"", ""Friday"", ""Saturday"", ""Sunday""], ""opens"": ""00:00"", ""closes"": ""23:59""}]",,official_json_ld
gb_f41825fd16,PureGym,PureGym Coventry Skydome Gym,Coventry Skydome Gym,Croft Road,CV1 3AZ,Coventry,United Kingdom,England,52.40810012817383,-1.518399953842163,READY_TO_IMPORT,VERIFIED_CURRENT,,official_json_ld,https://www.puregym.com/gyms/coventry-skydome/,https://www.puregym.com/gyms/coventry-skydome/,"[{""@type"": ""OpeningHoursSpecification"", ""dayOfWeek"": [""Monday"", ""Tuesday"", ""Wednesday"", ""Thursday"", ""Friday"", ""Saturday"", ""Sunday""], ""opens"": ""00:00"", ""closes"": ""23:59""}]",,official_json_ld
gb_618729bf98,PureGym,PureGym Coventry Warwickshire Shopping Park Gym,Coventry Warwickshire Shopping Park Gym,Coventry,CV3 2SB,Coventry,United Kingdom,England,52.39667892456055,-1.4324979782104492,READY_TO_IMPORT,VERIFIED_CURRENT,,official_json_ld,https://www.puregym.com/gyms/coventry-warwickshire-shopping-park/,https://www.puregym.com/gyms/coventry-warwickshire-shopping-park/,"[{""@type"": ""OpeningHoursSpecification"", ""dayOfWeek"": [""Monday"", ""Tuesday"", ""Wednesday"", ""Thursday"", ""Friday"", ""Saturday"", ""Sunday""], ""opens"": ""00:00"", ""closes"": ""23:59""}]",,official_json_ld
gb_f806cbfdec,PureGym,PureGym Craigavon Gym,Craigavon Gym,Central Way,BT64 1AA,Craigavon,United Kingdom,Northern Ireland,54.4490852355957,-6.390310764312744,READY_TO_IMPORT,VERIFIED_CURRENT,,official_json_ld,https://www.puregym.com/gyms/craigavon/,https://www.puregym.com/gyms/craigavon/,"[{""@type"": ""OpeningHoursSpecification"", ""dayOfWeek"": [""Monday"", ""Tuesday"", ""Wednesday"", ""Thursday"", ""Friday"", ""Saturday"", ""Sunday""], ""opens"": ""00:00"", ""closes"": ""23:59""}]",,official_json_ld
gb_b29a75908a,PureGym,PureGym Cramlington Gym,Cramlington Gym,Unit 1A Manor Walks Shopping Centre,NE23 6UL,Cramlington,United Kingdom,England,55.086814880371094,-1.594696044921875,READY_TO_IMPORT,VERIFIED_CURRENT,,official_json_ld,https://www.puregym.com/gyms/cramlington/,https://www.puregym.com/gyms/cramlington/,"[{""@type"": ""OpeningHoursSpecification"", ""dayOfWeek"": [""Monday"", ""Tuesday"", ""Wednesday"", ""Thursday"", ""Friday"", ""Saturday"", ""Sunday""], ""opens"": ""00:00"", ""closes"": ""23:59""}]",,official_json_ld
gb_df4b51eece,PureGym,PureGym Crawley Leisure Park Gym,Crawley Leisure Park Gym,Ifield Avenue,RH10 8LR,Crawley,United Kingdom,England,,,COMING_SOON,COMING_SOON,,official_json_ld,https://www.puregym.com/gyms/crawley-leisure-park/,https://www.puregym.com/gyms/crawley-leisure-park/,,,official_json_ld; coming_soon_copy
gb_85c6a97ea4,PureGym,PureGym Crewe Grand Junction Retail Park Gym,Crewe Grand Junction Retail Park Gym,Grand Junction Retail Park,CW1 2RP,Crewe,United Kingdom,England,53.097171783447266,-2.43379807472229,READY_TO_IMPORT,VERIFIED_CURRENT,,official_json_ld,https://www.puregym.com/gyms/crewe-grand-junction-retail-park/,https://www.puregym.com/gyms/crewe-grand-junction-retail-park/,"[{""@type"": ""OpeningHoursSpecification"", ""dayOfWeek"": [""Monday"", ""Tuesday"", ""Wednesday"", ""Thursday"", ""Friday"", ""Saturday"", ""Sunday""], ""opens"": ""00:00"", ""closes"": ""23:59""}]",,official_json_ld
gb_58d25f0492,PureGym,PureGym Cumbernauld Gym,Cumbernauld Gym,Castlecary Road,G68 0DA,Cumbernauld,United Kingdom,Scotland,55.974308013916016,-3.960714101791382,READY_TO_IMPORT,VERIFIED_CURRENT,,official_json_ld,https://www.puregym.com/gyms/cumbernauld/,https://www.puregym.com/gyms/cumbernauld/,"[{""@type"": ""OpeningHoursSpecification"", ""dayOfWeek"": [""Monday"", ""Tuesday"", ""Wednesday"", ""Thursday"", ""Friday"", ""Saturday"", ""Sunday""], ""opens"": ""00:00"", ""closes"": ""23:59""}]",,official_json_ld
gb_4056955fd2,PureGym,PureGym Crayford Gym,Crayford Gym,Crayford Road,DA1 4LD,Dartford,United Kingdom,England,51.45037078857422,0.17989900708198547,READY_TO_IMPORT,VERIFIED_CURRENT,,official_json_ld,https://www.puregym.com/gyms/crayford/,https://www.puregym.com/gyms/crayford/,"[{""@type"": ""OpeningHoursSpecification"", ""dayOfWeek"": [""Monday"", ""Tuesday"", ""Wednesday"", ""Thursday"", ""Friday"", ""Saturday"", ""Sunday""], ""opens"": ""00:00"", ""closes"": ""23:59""}]",,official_json_ld
gb_a2f247b7bd,PureGym,PureGym Dartford Gym,Dartford Gym,Dartford,DA1 1DY,Dartford,United Kingdom,England,51.447608947753906,0.21623800694942474,READY_TO_IMPORT,VERIFIED_CURRENT,,official_json_ld,https://www.puregym.com/gyms/dartford/,https://www.puregym.com/gyms/dartford/,"[{""@type"": ""OpeningHoursSpecification"", ""dayOfWeek"": [""Monday"", ""Tuesday"", ""Wednesday"", ""Thursday"", ""Friday"", ""Saturday"", ""Sunday""], ""opens"": ""00:00"", ""closes"": ""23:59""}]",,official_json_ld
gb_d343a273d4,PureGym,PureGym Derby City Centre Gym,Derby City Centre Gym,Westfield,DE1 2AB,Derby,United Kingdom,England,52.919498443603516,-1.475100040435791,READY_TO_IMPORT,VERIFIED_CURRENT,,official_json_ld,https://www.puregym.com/gyms/derby/,https://www.puregym.com/gyms/derby/,"[{""@type"": ""OpeningHoursSpecification"", ""dayOfWeek"": [""Monday"", ""Tuesday"", ""Wednesday"", ""Thursday"", ""Friday"", ""Saturday"", ""Sunday""], ""opens"": ""00:00"", ""closes"": ""23:59""}]",,official_json_ld
gb_1d8ed0eae5,PureGym,PureGym Derby Kingsway Retail Park Gym,Derby Kingsway Retail Park Gym,Kingsway Retail Park,DE22 3FA,Derby,United Kingdom,England,52.92015075683594,-1.5038609504699707,READY_TO_IMPORT,VERIFIED_CURRENT,,official_json_ld,https://www.puregym.com/gyms/derby-kingsway-retail-park/,https://www.puregym.com/gyms/derby-kingsway-retail-park/,"[{""@type"": ""OpeningHoursSpecification"", ""dayOfWeek"": [""Monday"", ""Tuesday"", ""Wednesday"", ""Thursday"", ""Friday"", ""Saturday"", ""Sunday""], ""opens"": ""00:00"", ""closes"": ""23:59""}]",,official_json_ld
gb_abeda86821,PureGym,PureGym Derby Meteor Centre Gym,Derby Meteor Centre Gym,Meteor Retail Park,DE21 4SY,Derby,United Kingdom,England,52.9423942565918,-1.4625940322875977,READY_TO_IMPORT,VERIFIED_CURRENT,,official_json_ld,https://www.puregym.com/gyms/derby-meteor-centre/,https://www.puregym.com/gyms/derby-meteor-centre/,,,official_json_ld
gb_b9f64d6f33,PureGym,PureGym Derby Wyvern Gym,Derby Wyvern Gym,Derby,DE21 6NZ,Derby,United Kingdom,England,,,COMING_SOON,COMING_SOON,,official_json_ld,https://www.puregym.com/gyms/derby-wyvern/,https://www.puregym.com/gyms/derby-wyvern/,"[{""@type"": ""OpeningHoursSpecification"", ""dayOfWeek"": [""Monday"", ""Tuesday"", ""Wednesday"", ""Thursday"", ""Friday"", ""Saturday"", ""Sunday""], ""opens"": ""00:00"", ""closes"": ""23:59""}]",,official_json_ld; coming_soon_copy
gb_4ffe4aac0d,PureGym,PureGym Dereham Gym,Dereham Gym,Dereham,NR19 1WB,Dereham,United Kingdom,England,,,COMING_SOON,COMING_SOON,,official_json_ld,https://www.puregym.com/gyms/dereham/,https://www.puregym.com/gyms/dereham/,"[{""@type"": ""OpeningHoursSpecification"", ""dayOfWeek"": [""Monday"", ""Tuesday"", ""Wednesday"", ""Thursday"", ""Friday"", ""Saturday"", ""Sunday""], ""opens"": ""00:00"", ""closes"": ""23:59""}]",,official_json_ld; coming_soon_copy
gb_64756c889c,PureGym,PureGym Dewsbury Gym,Dewsbury Gym,Railway St,WF12 8EQ,Dewsbury,United Kingdom,England,53.6904182434082,-1.6247819662094116,READY_TO_IMPORT,VERIFIED_CURRENT,,official_json_ld,https://www.puregym.com/gyms/dewsbury/,https://www.puregym.com/gyms/dewsbury/,"[{""@type"": ""OpeningHoursSpecification"", ""dayOfWeek"": [""Monday"", ""Tuesday"", ""Wednesday"", ""Thursday"", ""Friday"", ""Saturday"", ""Sunday""], ""opens"": ""00:00"", ""closes"": ""23:59""}]",,official_json_ld
gb_13b5706250,PureGym,PureGym Didcot Gym,Didcot Gym,130B Broadway,OX11 8RG,Didcot,United Kingdom,England,51.60634994506836,-1.240049958229065,READY_TO_IMPORT,VERIFIED_CURRENT,,official_json_ld,https://www.puregym.com/gyms/didcot/,https://www.puregym.com/gyms/didcot/,"[{""@type"": ""OpeningHoursSpecification"", ""dayOfWeek"": [""Monday"", ""Tuesday"", ""Wednesday"", ""Thursday"", ""Friday"", ""Saturday"", ""Sunday""], ""opens"": ""00:00"", ""closes"": ""23:59""}]",,official_json_ld
gb_955ed552b6,PureGym,PureGym Diss Gym,Diss Gym,Vinces Road,IP22 4HG,Diss,United Kingdom,England,52.371131896972656,1.120252013206482,READY_TO_IMPORT,VERIFIED_CURRENT,,official_json_ld,https://www.puregym.com/gyms/diss/,https://www.puregym.com/gyms/diss/,"[{""@type"": ""OpeningHoursSpecification"", ""dayOfWeek"": [""Monday"", ""Tuesday"", ""Wednesday"", ""Thursday"", ""Friday"", ""Saturday"", ""Sunday""], ""opens"": ""00:00"", ""closes"": ""23:59""}]",,official_json_ld
gb_fb5caf9ccf,PureGym,PureGym Doncaster Gym,Doncaster Gym,York Road,DN5 9TP,Doncaster,United Kingdom,England,53.53138732910156,-1.14798903465271,READY_TO_IMPORT,VERIFIED_CURRENT,,official_json_ld,https://www.puregym.com/gyms/doncaster/,https://www.puregym.com/gyms/doncaster/,"[{""@type"": ""OpeningHoursSpecification"", ""dayOfWeek"": [""Monday"", ""Tuesday"", ""Wednesday"", ""Thursday"", ""Friday"", ""Saturday"", ""Sunday""], ""opens"": ""00:00"", ""closes"": ""23:59""}]",,official_json_ld
gb_da2486b67c,PureGym,PureGym Dover Gym,Dover Gym,24 Granville Street,CT16 2LG,Dover,United Kingdom,England,51.13236999511719,1.3054909706115723,READY_TO_IMPORT,VERIFIED_CURRENT,,official_json_ld,https://www.puregym.com/gyms/dover/,https://www.puregym.com/gyms/dover/,"[{""@type"": ""OpeningHoursSpecification"", ""dayOfWeek"": [""Monday"", ""Tuesday"", ""Wednesday"", ""Thursday"", ""Friday"", ""Saturday"", ""Sunday""], ""opens"": ""00:00"", ""closes"": ""23:59""}]",,official_json_ld
gb_4a1836a4c8,PureGym,PureGym Droitwich Spa Gym,Droitwich Spa Gym,Units 41-42,WR9 8HE,Droitwich,United Kingdom,England,52.26827621459961,-2.1507110595703125,READY_TO_IMPORT,VERIFIED_CURRENT,,official_json_ld,https://www.puregym.com/gyms/droitwich-spa/,https://www.puregym.com/gyms/droitwich-spa/,"[{""@type"": ""OpeningHoursSpecification"", ""dayOfWeek"": [""Monday"", ""Tuesday"", ""Wednesday"", ""Thursday"", ""Friday"", ""Saturday"", ""Sunday""], ""opens"": ""00:00"", ""closes"": ""23:59""}]",,official_json_ld
gb_b2c1105e30,PureGym,PureGym Dumfries Gym,Dumfries Gym,"Unit 4, Dumfries Retail Park",DG2 0NU,Dumfries,United Kingdom,England,55.07896041870117,-3.620500087738037,READY_TO_IMPORT,VERIFIED_CURRENT,,official_json_ld,https://www.puregym.com/gyms/dumfries/,https://www.puregym.com/gyms/dumfries/,"[{""@type"": ""OpeningHoursSpecification"", ""dayOfWeek"": [""Monday"", ""Tuesday"", ""Wednesday"", ""Thursday"", ""Friday"", ""Saturday"", ""Sunday""], ""opens"": ""00:00"", ""closes"": ""23:59""}]",,official_json_ld
gb_0acf7b612a,PureGym,PureGym Dundee Gym,Dundee Gym,152 West Marketgait,DD1 1NJ,Dundee,United Kingdom,Scotland,56.46070098876953,-2.978300094604492,READY_TO_IMPORT,VERIFIED_CURRENT,,official_json_ld,https://www.puregym.com/gyms/dundee/,https://www.puregym.com/gyms/dundee/,"[{""@type"": ""OpeningHoursSpecification"", ""dayOfWeek"": [""Monday"", ""Tuesday"", ""Wednesday"", ""Thursday"", ""Friday"", ""Saturday"", ""Sunday""], ""opens"": ""00:00"", ""closes"": ""23:59""}]",,official_json_ld
gb_443c0be8c4,PureGym,PureGym Dunfermline Gym,Dunfermline Gym,Gardener’s Street,KY12 7AU,Dunfermline,United Kingdom,Scotland,56.074031829833984,-3.4531309604644775,READY_TO_IMPORT,VERIFIED_CURRENT,,official_json_ld,https://www.puregym.com/gyms/dunfermline/,https://www.puregym.com/gyms/dunfermline/,"[{""@type"": ""OpeningHoursSpecification"", ""dayOfWeek"": [""Monday"", ""Tuesday"", ""Wednesday"", ""Thursday"", ""Friday"", ""Saturday"", ""Sunday""], ""opens"": ""00:00"", ""closes"": ""23:59""}]",,official_json_ld
gb_dcd05d75e1,PureGym,PureGym Durham Arnison Gym,Durham Arnison Gym,Abbey Road,DH1 5GE,Durham,United Kingdom,England,54.80645751953125,-1.5790059566497803,READY_TO_IMPORT,VERIFIED_CURRENT,,official_json_ld,https://www.puregym.com/gyms/durham-arnison/,https://www.puregym.com/gyms/durham-arnison/,"[{""@type"": ""OpeningHoursSpecification"", ""dayOfWeek"": [""Monday"", ""Tuesday"", ""Wednesday"", ""Thursday"", ""Friday"", ""Saturday"", ""Sunday""], ""opens"": ""00:00"", ""closes"": ""23:59""}]",,official_json_ld
gb_540787da0e,PureGym,PureGym Durham City Retail Park Gym,Durham City Retail Park Gym,McIntyre Way,DH1 2RP,Durham,United Kingdom,England,54.78010177612305,-1.5364209413528442,READY_TO_IMPORT,VERIFIED_CURRENT,,official_json_ld,https://www.puregym.com/gyms/durham-city-retail-park/,https://www.puregym.com/gyms/durham-city-retail-park/,"[{""@type"": ""OpeningHoursSpecification"", ""dayOfWeek"": [""Monday"", ""Tuesday"", ""Wednesday"", ""Thursday"", ""Friday"", ""Saturday"", ""Sunday""], ""opens"": ""00:00"", ""closes"": ""23:59""}]",,official_json_ld
gb_6e622a92d6,PureGym,PureGym East Grinstead Gym,East Grinstead Gym,2 King Street,RH19 3DJ,East Grinstead,United Kingdom,England,51.12635040283203,-0.009109999984502792,READY_TO_IMPORT,VERIFIED_CURRENT,,official_json_ld,https://www.puregym.com/gyms/east-grinstead/,https://www.puregym.com/gyms/east-grinstead/,"[{""@type"": ""OpeningHoursSpecification"", ""dayOfWeek"": [""Monday"", ""Tuesday"", ""Wednesday"", ""Thursday"", ""Friday"", ""Saturday"", ""Sunday""], ""opens"": ""00:00"", ""closes"": ""23:59""}]",,official_json_ld
gb_9d8d0204d0,PureGym,PureGym East Kilbride Gym,East Kilbride Gym,East Kilbride Shopping Centre,G74 1LL,East Kilbride,United Kingdom,Scotland,55.7593994140625,-4.1757001876831055,READY_TO_IMPORT,VERIFIED_CURRENT,,official_json_ld,https://www.puregym.com/gyms/east-kilbride/,https://www.puregym.com/gyms/east-kilbride/,"[{""@type"": ""OpeningHoursSpecification"", ""dayOfWeek"": [""Monday"", ""Tuesday"", ""Wednesday"", ""Thursday"", ""Friday"", ""Saturday"", ""Sunday""], ""opens"": ""00:00"", ""closes"": ""23:59""}]",,official_json_ld
gb_0d978ed404,PureGym,PureGym Eastbourne Gym,Eastbourne Gym,Marshall Rd,BN23 6QU,Eastbourne,United Kingdom,England,50.79542922973633,0.28342899680137634,READY_TO_IMPORT,VERIFIED_CURRENT,,official_json_ld,https://www.puregym.com/gyms/eastbourne/,https://www.puregym.com/gyms/eastbourne/,"[{""@type"": ""OpeningHoursSpecification"", ""dayOfWeek"": [""Monday"", ""Tuesday"", ""Wednesday"", ""Thursday"", ""Friday"", ""Saturday"", ""Sunday""], ""opens"": ""00:00"", ""closes"": ""23:59""}]",,official_json_ld
gb_419f104d99,PureGym,PureGym Ebbw Vale Gym,Ebbw Vale Gym,Blaenau Gwent,NP23 6DL,Ebbw Vale,United Kingdom,Wales,51.77756118774414,-3.2073049545288086,READY_TO_IMPORT,VERIFIED_CURRENT,,official_json_ld,https://www.puregym.com/gyms/ebbw-vale/,https://www.puregym.com/gyms/ebbw-vale/,"[{""@type"": ""OpeningHoursSpecification"", ""dayOfWeek"": [""Monday"", ""Tuesday"", ""Wednesday"", ""Thursday"", ""Friday"", ""Saturday"", ""Sunday""], ""opens"": ""00:00"", ""closes"": ""23:59""}]",,official_json_ld
gb_585eb2f06e,PureGym,PureGym Manchester Eccles Gym,Manchester Eccles Gym,Gilda Brook Road,M50 1ZD,Eccles,United Kingdom,England,53.482479095458984,-2.3281331062316895,READY_TO_IMPORT,VERIFIED_CURRENT,,official_json_ld,https://www.puregym.com/gyms/manchester-eccles/,https://www.puregym.com/gyms/manchester-eccles/,"[{""@type"": ""OpeningHoursSpecification"", ""dayOfWeek"": [""Monday"", ""Tuesday"", ""Wednesday"", ""Thursday"", ""Friday"", ""Saturday"", ""Sunday""], ""opens"": ""00:00"", ""closes"": ""23:59""}]",,official_json_ld
gb_c7cdaa8886,PureGym,PureGym Edinburgh Craigleith Retail Park Gym,Edinburgh Craigleith Retail Park Gym,48 South Groathill Avenue,EH4 2LN,Edinburgh,United Kingdom,Scotland,55.9595947265625,-3.242443084716797,READY_TO_IMPORT,VERIFIED_CURRENT,,official_json_ld,https://www.puregym.com/gyms/edinburgh-craigleith-retail-park/,https://www.puregym.com/gyms/edinburgh-craigleith-retail-park/,"[{""@type"": ""OpeningHoursSpecification"", ""dayOfWeek"": [""Monday"", ""Tuesday"", ""Wednesday"", ""Thursday"", ""Friday"", ""Saturday"", ""Sunday""], ""opens"": ""00:00"", ""closes"": ""23:59""}]",,official_json_ld
gb_7fdb6cf289,PureGym,PureGym Edinburgh Exchange Crescent Gym,Edinburgh Exchange Crescent Gym,1-7 Conference Square,EH3 8RA,Edinburgh,United Kingdom,Scotland,55.94729995727539,-3.2088000774383545,READY_TO_IMPORT,VERIFIED_CURRENT,,official_json_ld,https://www.puregym.com/gyms/edinburgh-exchange-crescent/,https://www.puregym.com/gyms/edinburgh-exchange-crescent/,"[{""@type"": ""OpeningHoursSpecification"", ""dayOfWeek"": [""Monday"", ""Tuesday"", ""Wednesday"", ""Thursday"", ""Friday"", ""Saturday"", ""Sunday""], ""opens"": ""00:00"", ""closes"": ""23:59""}]",,official_json_ld
gb_8679baa82c,PureGym,PureGym Edinburgh Fort Kinnaird Gym,Edinburgh Fort Kinnaird Gym,Fort Kinnaird,EH15 3RD,Edinburgh,United Kingdom,Scotland,55.93537902832031,-3.1019790172576904,READY_TO_IMPORT,VERIFIED_CURRENT,,official_json_ld,https://www.puregym.com/gyms/edinburgh-fort-kinnaird/,https://www.puregym.com/gyms/edinburgh-fort-kinnaird/,"[{""@type"": ""OpeningHoursSpecification"", ""dayOfWeek"": [""Monday"", ""Tuesday"", ""Wednesday"", ""Thursday"", ""Friday"", ""Saturday"", ""Sunday""], ""opens"": ""00:00"", ""closes"": ""23:59""}]",,official_json_ld
gb_439db3902b,PureGym,PureGym Edinburgh Ocean Terminal Gym,Edinburgh Ocean Terminal Gym,Ocean Terminal Shopping Centre,EH6 6JJ,Edinburgh,United Kingdom,Scotland,55.9817008972168,-3.1761999130249023,READY_TO_IMPORT,VERIFIED_CURRENT,,official_json_ld,https://www.puregym.com/gyms/edinburgh-ocean-terminal/,https://www.puregym.com/gyms/edinburgh-ocean-terminal/,"[{""@type"": ""OpeningHoursSpecification"", ""dayOfWeek"": [""Monday"", ""Tuesday"", ""Wednesday"", ""Thursday"", ""Friday"", ""Saturday"", ""Sunday""], ""opens"": ""00:00"", ""closes"": ""23:59""}]",,official_json_ld
gb_f062f92e8e,PureGym,PureGym Edinburgh Quartermile Gym,Edinburgh Quartermile Gym,15 Lauriston Place,EH3 9EN,Edinburgh,United Kingdom,Scotland,55.944698333740234,-3.195499897003174,READY_TO_IMPORT,VERIFIED_CURRENT,,official_json_ld,https://www.puregym.com/gyms/edinburgh-quartermile/,https://www.puregym.com/gyms/edinburgh-quartermile/,"[{""@type"": ""OpeningHoursSpecification"", ""dayOfWeek"": [""Monday"", ""Tuesday"", ""Wednesday"", ""Thursday"", ""Friday"", ""Saturday"", ""Sunday""], ""opens"": ""00:00"", ""closes"": ""23:59""}]",,official_json_ld
gb_c3525f72a4,PureGym,PureGym Edinburgh West Gym,Edinburgh West Gym,600 Gorgie Road,EH11 3XP,Edinburgh,United Kingdom,Scotland,,,COMING_SOON,COMING_SOON,,official_json_ld,https://www.puregym.com/gyms/edinburgh-west/,https://www.puregym.com/gyms/edinburgh-west/,"[{""@type"": ""OpeningHoursSpecification"", ""dayOfWeek"": [""Monday"", ""Tuesday"", ""Wednesday"", ""Thursday"", ""Friday"", ""Saturday"", ""Sunday""], ""opens"": ""00:00"", ""closes"": ""23:59""}]",,official_json_ld; coming_soon_copy
gb_c69ea9a7d2,PureGym,PureGym Elgin Gym,Elgin Gym,Elgin Retail Park,IV30 6RP,Elgin,United Kingdom,Scotland,57.64052200317383,-3.3146300315856934,READY_TO_IMPORT,VERIFIED_CURRENT,,official_json_ld,https://www.puregym.com/gyms/elgin/,https://www.puregym.com/gyms/elgin/,"[{""@type"": ""OpeningHoursSpecification"", ""dayOfWeek"": [""Monday"", ""Tuesday"", ""Wednesday"", ""Thursday"", ""Friday"", ""Saturday"", ""Sunday""], ""opens"": ""00:00"", ""closes"": ""23:59""}]",,official_json_ld
gb_3d16dd5a2c,PureGym,PureGym Ellesmere Port Gym,Ellesmere Port Gym,Ellesmere Port,CH65 9HD,Ellesmere Port,United Kingdom,England,,,COMING_SOON,COMING_SOON,,official_json_ld,https://www.puregym.com/gyms/ellesmere-port/,https://www.puregym.com/gyms/ellesmere-port/,,,official_json_ld; coming_soon_copy
gb_c75616b149,PureGym,PureGym London Enfield Gym,London Enfield Gym,Southbury Road,EN1 1TW,Enfield,United Kingdom,England,51.64910125732422,-0.05620000138878822,READY_TO_IMPORT,VERIFIED_CURRENT,,official_json_ld,https://www.puregym.com/gyms/london-enfield/,https://www.puregym.com/gyms/london-enfield/,"[{""@type"": ""OpeningHoursSpecification"", ""dayOfWeek"": [""Monday"", ""Tuesday"", ""Wednesday"", ""Thursday"", ""Friday"", ""Saturday"", ""Sunday""], ""opens"": ""00:00"", ""closes"": ""23:59""}]",,official_json_ld
gb_b24cb32d7b,PureGym,PureGym Epsom Gym,Epsom Gym,102 High Street,KT19 8BJ,Epsom,United Kingdom,England,51.33330154418945,-0.2694000005722046,READY_TO_IMPORT,VERIFIED_CURRENT,,official_json_ld,https://www.puregym.com/gyms/epsom/,https://www.puregym.com/gyms/epsom/,"[{""@type"": ""OpeningHoursSpecification"", ""dayOfWeek"": [""Monday"", ""Tuesday"", ""Wednesday"", ""Thursday"", ""Friday"", ""Saturday"", ""Sunday""], ""opens"": ""00:00"", ""closes"": ""23:59""}]",,official_json_ld
gb_dd9aca4669,PureGym,PureGym Billericay Gym,Billericay Gym,Billericay,CM12 0DX,Essex,United Kingdom,England,51.63010025024414,0.41440001130104065,READY_TO_IMPORT,VERIFIED_CURRENT,,official_json_ld,https://www.puregym.com/gyms/billericay/,https://www.puregym.com/gyms/billericay/,"[{""@type"": ""OpeningHoursSpecification"", ""dayOfWeek"": [""Monday"", ""Tuesday"", ""Wednesday"", ""Thursday"", ""Friday"", ""Saturday"", ""Sunday""], ""opens"": ""00:00"", ""closes"": ""23:59""}]",,official_json_ld
gb_01a53d3583,PureGym,PureGym West Thurrock Gym,West Thurrock Gym,Grays,RM20 3LP,Essex,United Kingdom,England,51.48441696166992,0.2732039988040924,READY_TO_IMPORT,VERIFIED_CURRENT,,official_json_ld,https://www.puregym.com/gyms/west-thurrock/,https://www.puregym.com/gyms/west-thurrock/,"[{""@type"": ""OpeningHoursSpecification"", ""dayOfWeek"": [""Monday"", ""Tuesday"", ""Wednesday"", ""Thursday"", ""Friday"", ""Saturday"", ""Sunday""], ""opens"": ""00:00"", ""closes"": ""23:59""}]",,official_json_ld
gb_9c0b45778c,PureGym,PureGym Evesham Gym,Evesham Gym,Four Pools Retail Park,WR11 1DJ,Evesham,United Kingdom,England,52.07770919799805,-1.9359899759292603,READY_TO_IMPORT,VERIFIED_CURRENT,,official_json_ld,https://www.puregym.com/gyms/evesham/,https://www.puregym.com/gyms/evesham/,"[{""@type"": ""OpeningHoursSpecification"", ""dayOfWeek"": [""Monday"", ""Tuesday"", ""Wednesday"", ""Thursday"", ""Friday"", ""Saturday"", ""Sunday""], ""opens"": ""00:00"", ""closes"": ""23:59""}]",,official_json_ld
gb_cc31891b5a,PureGym,PureGym Exeter Bishops Court Gym,Exeter Bishops Court Gym,Bishops Court Retail Park,EX2 7JH,Exeter,United Kingdom,England,50.71533966064453,-3.470099925994873,READY_TO_IMPORT,VERIFIED_CURRENT,,official_json_ld,https://www.puregym.com/gyms/exeter-bishops-court/,https://www.puregym.com/gyms/exeter-bishops-court/,"[{""@type"": ""OpeningHoursSpecification"", ""dayOfWeek"": [""Monday"", ""Tuesday"", ""Wednesday"", ""Thursday"", ""Friday"", ""Saturday"", ""Sunday""], ""opens"": ""00:00"", ""closes"": ""23:59""}]",,official_json_ld
gb_df8d12ee5b,PureGym,PureGym Exeter Fore Street Gym,Exeter Fore Street Gym,177-181 Fore Street,EX4 3AX,Exeter,United Kingdom,England,50.72226333618164,-3.53344988822937,READY_TO_IMPORT,VERIFIED_CURRENT,,official_json_ld,https://www.puregym.com/gyms/exeter-fore-street/,https://www.puregym.com/gyms/exeter-fore-street/,"[{""@type"": ""OpeningHoursSpecification"", ""dayOfWeek"": [""Monday"", ""Tuesday"", ""Wednesday"", ""Thursday"", ""Friday"", ""Saturday"", ""Sunday""], ""opens"": ""00:00"", ""closes"": ""23:59""}]",,official_json_ld
gb_b653afe287,PureGym,PureGym Exmouth Gym,Exmouth Gym,Salterton Road,EX8 2NR,Exmouth,United Kingdom,England,50.630775451660156,-3.374950885772705,READY_TO_IMPORT,VERIFIED_CURRENT,,official_json_ld,https://www.puregym.com/gyms/exmouth/,https://www.puregym.com/gyms/exmouth/,"[{""@type"": ""OpeningHoursSpecification"", ""dayOfWeek"": [""Monday"", ""Tuesday"", ""Wednesday"", ""Thursday"", ""Friday"", ""Saturday"", ""Sunday""], ""opens"": ""00:00"", ""closes"": ""23:59""}]",,official_json_ld
gb_3022ffe942,PureGym,PureGym Falkirk Gym,Falkirk Gym,"Unit 4a, Central Retail Park",FK1 1LW,Falkirk,United Kingdom,Scotland,56.00397491455078,-3.777717113494873,READY_TO_IMPORT,VERIFIED_CURRENT,,official_json_ld,https://www.puregym.com/gyms/falkirk/,https://www.puregym.com/gyms/falkirk/,"[{""@type"": ""OpeningHoursSpecification"", ""dayOfWeek"": [""Monday"", ""Tuesday"", ""Wednesday"", ""Thursday"", ""Friday"", ""Saturday"", ""Sunday""], ""opens"": ""00:00"", ""closes"": ""23:59""}]",,official_json_ld
gb_3286d6f7d5,PureGym,PureGym Fareham Gym,Fareham Gym,Broadcut Retail Park,PO16 8SU,Fareham,United Kingdom,England,50.85822677612305,-1.1734509468078613,READY_TO_IMPORT,VERIFIED_CURRENT,,official_json_ld,https://www.puregym.com/gyms/fareham/,https://www.puregym.com/gyms/fareham/,"[{""@type"": ""OpeningHoursSpecification"", ""dayOfWeek"": [""Monday"", ""Tuesday"", ""Wednesday"", ""Thursday"", ""Friday"", ""Saturday"", ""Sunday""], ""opens"": ""00:00"", ""closes"": ""23:59""}]",,official_json_ld
gb_fb26cb380c,PureGym,PureGym London Feltham Gym,London Feltham Gym,Feltham,TW13 4AU,Feltham,United Kingdom,England,51.445960998535156,-0.4113210141658783,READY_TO_IMPORT,VERIFIED_CURRENT,,official_json_ld,https://www.puregym.com/gyms/london-feltham/,https://www.puregym.com/gyms/london-feltham/,"[{""@type"": ""OpeningHoursSpecification"", ""dayOfWeek"": [""Monday"", ""Tuesday"", ""Wednesday"", ""Thursday"", ""Friday"", ""Saturday"", ""Sunday""], ""opens"": ""00:00"", ""closes"": ""23:59""}]",,official_json_ld
gb_f63d0e4d30,PureGym,PureGym Kirkcaldy Gym,Kirkcaldy Gym,Kirkcaldy,KY2 5PQ,Fife,United Kingdom,Scotland,56.11077880859375,-3.1666688919067383,READY_TO_IMPORT,VERIFIED_CURRENT,,official_json_ld,https://www.puregym.com/gyms/kirkcaldy/,https://www.puregym.com/gyms/kirkcaldy/,"[{""@type"": ""OpeningHoursSpecification"", ""dayOfWeek"": [""Monday"", ""Tuesday"", ""Wednesday"", ""Thursday"", ""Friday"", ""Saturday"", ""Sunday""], ""opens"": ""00:00"", ""closes"": ""23:59""}]",,official_json_ld
gb_8cd6fe7909,PureGym,PureGym Folkestone Gym,Folkestone Gym,Park Farm Industrial Estate,CT19 5FF,Folkestone,United Kingdom,England,,,COMING_SOON,COMING_SOON,,official_json_ld,https://www.puregym.com/gyms/folkestone/,https://www.puregym.com/gyms/folkestone/,"[{""@type"": ""OpeningHoursSpecification"", ""dayOfWeek"": [""Monday"", ""Tuesday"", ""Wednesday"", ""Thursday"", ""Friday"", ""Saturday"", ""Sunday""], ""opens"": ""00:00"", ""closes"": ""23:59""}]",,official_json_ld; coming_soon_copy
gb_64294d9eb4,PureGym,PureGym Frome Gym,Frome Gym,Wessex Fields,BA11 4RW,Frome,United Kingdom,England,51.21742248535156,-2.3309121131896973,READY_TO_IMPORT,VERIFIED_CURRENT,,official_json_ld,https://www.puregym.com/gyms/frome/,https://www.puregym.com/gyms/frome/,"[{""@type"": ""OpeningHoursSpecification"", ""dayOfWeek"": [""Monday"", ""Tuesday"", ""Wednesday"", ""Thursday"", ""Friday"", ""Saturday"", ""Sunday""], ""opens"": ""00:00"", ""closes"": ""23:59""}]",,official_json_ld
gb_17695f9ac0,PureGym,PureGym Galashiels Gym,Galashiels Gym,2 Huddersfield St,TD1 3AP,Galashiels,United Kingdom,Scotland,55.613914489746094,-2.80261492729187,READY_TO_IMPORT,VERIFIED_CURRENT,,official_json_ld,https://www.puregym.com/gyms/galashiels/,https://www.puregym.com/gyms/galashiels/,"[{""@type"": ""OpeningHoursSpecification"", ""dayOfWeek"": [""Monday"", ""Tuesday"", ""Wednesday"", ""Thursday"", ""Friday"", ""Saturday"", ""Sunday""], ""opens"": ""00:00"", ""closes"": ""23:59""}]",,official_json_ld
gb_5d830da31f,PureGym,PureGym Gateshead Gym,Gateshead Gym,Jackson Street,NE8 1ED,Gateshead,United Kingdom,England,54.961700439453125,-1.6017999649047852,READY_TO_IMPORT,VERIFIED_CURRENT,,official_json_ld,https://www.puregym.com/gyms/gateshead/,https://www.puregym.com/gyms/gateshead/,"[{""@type"": ""OpeningHoursSpecification"", ""dayOfWeek"": [""Monday"", ""Tuesday"", ""Wednesday"", ""Thursday"", ""Friday"", ""Saturday"", ""Sunday""], ""opens"": ""00:00"", ""closes"": ""23:59""}]",,official_json_ld
gb_7059650c77,PureGym,PureGym Gillingham Dorset Gym,Gillingham Dorset Gym,Gillingham,SP8 4PY,Gillingham,United Kingdom,England,,,COMING_SOON,COMING_SOON,,official_json_ld,https://www.puregym.com/gyms/gillingham-dorset/,https://www.puregym.com/gyms/gillingham-dorset/,"[{""@type"": ""OpeningHoursSpecification"", ""dayOfWeek"": [""Monday"", ""Tuesday"", ""Wednesday"", ""Thursday"", ""Friday"", ""Saturday"", ""Sunday""], ""opens"": ""00:00"", ""closes"": ""23:59""}]",,official_json_ld; coming_soon_copy
gb_bf183b819a,PureGym,PureGym Glasgow Bath Street Gym,Glasgow Bath Street Gym,140 Bath Street,G2 3ER,Glasgow,United Kingdom,Scotland,55.86439895629883,-4.260200023651123,READY_TO_IMPORT,VERIFIED_CURRENT,,official_json_ld,https://www.puregym.com/gyms/glasgow-bath-street/,https://www.puregym.com/gyms/glasgow-bath-street/,"[{""@type"": ""OpeningHoursSpecification"", ""dayOfWeek"": [""Monday"", ""Tuesday"", ""Wednesday"", ""Thursday"", ""Friday"", ""Saturday"", ""Sunday""], ""opens"": ""00:00"", ""closes"": ""23:59""}]",,official_json_ld
gb_3aa45ecead,PureGym,PureGym Glasgow Charing Cross Gym,Glasgow Charing Cross Gym,"St Georges Road, 113",G3 6JA,Glasgow,United Kingdom,Scotland,55.86830139160156,-4.270500183105469,READY_TO_IMPORT,VERIFIED_CURRENT,,official_json_ld,https://www.puregym.com/gyms/glasgow-charing-cross/,https://www.puregym.com/gyms/glasgow-charing-cross/,"[{""@type"": ""OpeningHoursSpecification"", ""dayOfWeek"": [""Monday"", ""Tuesday"", ""Wednesday"", ""Thursday"", ""Friday"", ""Saturday"", ""Sunday""], ""opens"": ""00:00"", ""closes"": ""23:59""}]",,official_json_ld
gb_a3e7bf624a,PureGym,PureGym Glasgow Clydebank Gym,Glasgow Clydebank Gym,Shopping Centre,G81 2UA,Glasgow,United Kingdom,Scotland,55.905799865722656,-4.403299808502197,READY_TO_IMPORT,VERIFIED_CURRENT,,official_json_ld,https://www.puregym.com/gyms/glasgow-clydebank/,https://www.puregym.com/gyms/glasgow-clydebank/,"[{""@type"": ""OpeningHoursSpecification"", ""dayOfWeek"": [""Monday"", ""Tuesday"", ""Wednesday"", ""Thursday"", ""Friday"", ""Saturday"", ""Sunday""], ""opens"": ""00:00"", ""closes"": ""23:59""}]",,official_json_ld
gb_b0711d409d,PureGym,PureGym Glasgow Giffnock Gym,Glasgow Giffnock Gym,Giffnock,G46 6JB,Glasgow,United Kingdom,Scotland,55.80691909790039,-4.29334020614624,READY_TO_IMPORT,VERIFIED_CURRENT,,official_json_ld,https://www.puregym.com/gyms/glasgow-giffnock/,https://www.puregym.com/gyms/glasgow-giffnock/,"[{""@type"": ""OpeningHoursSpecification"", ""dayOfWeek"": [""Monday"", ""Tuesday"", ""Wednesday"", ""Thursday"", ""Friday"", ""Saturday"", ""Sunday""], ""opens"": ""00:00"", ""closes"": ""23:59""}]",,official_json_ld
gb_fc5f5a5ce7,PureGym,PureGym Glasgow Hope Street Gym,Glasgow Hope Street Gym,67 Hope Street,G2 6AE,Glasgow,United Kingdom,Scotland,55.85955047607422,-4.259517192840576,READY_TO_IMPORT,VERIFIED_CURRENT,,official_json_ld,https://www.puregym.com/gyms/glasgow-hope-street/,https://www.puregym.com/gyms/glasgow-hope-street/,"[{""@type"": ""OpeningHoursSpecification"", ""dayOfWeek"": [""Monday"", ""Tuesday"", ""Wednesday"", ""Thursday"", ""Friday"", ""Saturday"", ""Sunday""], ""opens"": ""00:00"", ""closes"": ""23:59""}]",,official_json_ld
gb_462b6b1592,PureGym,PureGym Glasgow Milngavie Gym,Glasgow Milngavie Gym,Milngavie,G62 6JN,Glasgow,United Kingdom,Scotland,55.93201446533203,-4.316849231719971,READY_TO_IMPORT,VERIFIED_CURRENT,,official_json_ld,https://www.puregym.com/gyms/glasgow-milngavie/,https://www.puregym.com/gyms/glasgow-milngavie/,"[{""@type"": ""OpeningHoursSpecification"", ""dayOfWeek"": [""Monday"", ""Tuesday"", ""Wednesday"", ""Thursday"", ""Friday"", ""Saturday"", ""Sunday""], ""opens"": ""00:00"", ""closes"": ""23:59""}]",,official_json_ld
gb_37bdef6e7b,PureGym,PureGym Glasgow Robroyston Gym,Glasgow Robroyston Gym,Robroyston Retail Park,G33 1AD,Glasgow,United Kingdom,Scotland,55.89097595214844,-4.186976909637451,READY_TO_IMPORT,VERIFIED_CURRENT,,official_json_ld,https://www.puregym.com/gyms/glasgow-robroyston/,https://www.puregym.com/gyms/glasgow-robroyston/,"[{""@type"": ""OpeningHoursSpecification"", ""dayOfWeek"": [""Monday"", ""Tuesday"", ""Wednesday"", ""Thursday"", ""Friday"", ""Saturday"", ""Sunday""], ""opens"": ""00:00"", ""closes"": ""23:59""}]",,official_json_ld
gb_e356338d5f,PureGym,PureGym Glasgow Rutherglen Gym,Glasgow Rutherglen Gym,Rutherglen,G73 1PP,Glasgow,United Kingdom,Scotland,55.831783294677734,-4.199896812438965,READY_TO_IMPORT,VERIFIED_CURRENT,,official_json_ld,https://www.puregym.com/gyms/glasgow-rutherglen/,https://www.puregym.com/gyms/glasgow-rutherglen/,"[{""@type"": ""OpeningHoursSpecification"", ""dayOfWeek"": [""Monday"", ""Tuesday"", ""Wednesday"", ""Thursday"", ""Friday"", ""Saturday"", ""Sunday""], ""opens"": ""00:00"", ""closes"": ""23:59""}]",,official_json_ld
gb_5e7778eb9d,PureGym,PureGym Glasgow Shawlands Gym,Glasgow Shawlands Gym,Shawlands Shopping Centre,G41 3NN,Glasgow,United Kingdom,Scotland,55.82979965209961,-4.282199859619141,READY_TO_IMPORT,VERIFIED_CURRENT,,official_json_ld,https://www.puregym.com/gyms/glasgow-shawlands/,https://www.puregym.com/gyms/glasgow-shawlands/,"[{""@type"": ""OpeningHoursSpecification"", ""dayOfWeek"": [""Monday"", ""Tuesday"", ""Wednesday"", ""Thursday"", ""Friday"", ""Saturday"", ""Sunday""], ""opens"": ""00:00"", ""closes"": ""23:59""}]",,official_json_ld
gb_7a257fcda7,PureGym,PureGym Glasgow Silverburn Gym,Glasgow Silverburn Gym,Barrhead Road,G53 6AG,Glasgow,United Kingdom,Scotland,55.82289123535156,-4.3420538902282715,READY_TO_IMPORT,VERIFIED_CURRENT,,official_json_ld,https://www.puregym.com/gyms/glasgow-silverburn/,https://www.puregym.com/gyms/glasgow-silverburn/,"[{""@type"": ""OpeningHoursSpecification"", ""dayOfWeek"": [""Monday"", ""Tuesday"", ""Wednesday"", ""Thursday"", ""Friday"", ""Saturday"", ""Sunday""], ""opens"": ""00:00"", ""closes"": ""23:59""}]",,official_json_ld
gb_5302d5fd7c,PureGym,PureGym Glastonbury Gym,Glastonbury Gym,Glastonbury,BA6 9XE,Glastonbury,United Kingdom,England,51.143558502197266,-2.728698968887329,READY_TO_IMPORT,VERIFIED_CURRENT,,official_json_ld,https://www.puregym.com/gyms/glastonbury/,https://www.puregym.com/gyms/glastonbury/,"[{""@type"": ""OpeningHoursSpecification"", ""dayOfWeek"": [""Monday"", ""Tuesday"", ""Wednesday"", ""Thursday"", ""Friday"", ""Saturday"", ""Sunday""], ""opens"": ""00:00"", ""closes"": ""23:59""}]",,official_json_ld
gb_dfcdcb1fde,PureGym,PureGym Glossop Gym,Glossop Gym,Wren Nest Retail Park,SK13 8GN,Glossop,United Kingdom,England,53.443931579589844,-1.9568630456924438,READY_TO_IMPORT,VERIFIED_CURRENT,,official_json_ld,https://www.puregym.com/gyms/glossop/,https://www.puregym.com/gyms/glossop/,"[{""@type"": ""OpeningHoursSpecification"", ""dayOfWeek"": [""Monday"", ""Tuesday"", ""Wednesday"", ""Thursday"", ""Friday"", ""Saturday"", ""Sunday""], ""opens"": ""00:00"", ""closes"": ""23:59""}]",,official_json_ld
gb_2c4cedd92a,PureGym,PureGym Gloucester Quedgeley Gym,Gloucester Quedgeley Gym,Quedgeley,GL2 2SN,Gloucester,United Kingdom,England,51.82017135620117,-2.2753820419311523,READY_TO_IMPORT,VERIFIED_CURRENT,,official_json_ld,https://www.puregym.com/gyms/gloucester-quedgeley/,https://www.puregym.com/gyms/gloucester-quedgeley/,"[{""@type"": ""OpeningHoursSpecification"", ""dayOfWeek"": [""Monday"", ""Tuesday"", ""Wednesday"", ""Thursday"", ""Friday"", ""Saturday"", ""Sunday""], ""opens"": ""00:00"", ""closes"": ""23:59""}]",,official_json_ld
gb_2a4f8578ef,PureGym,PureGym Gloucester Retail Park Gym,Gloucester Retail Park Gym,Eastern Avenue,GL4 3BY,Gloucester,United Kingdom,England,51.8601188659668,-2.2147610187530518,READY_TO_IMPORT,VERIFIED_CURRENT,,official_json_ld,https://www.puregym.com/gyms/gloucester-retail-park/,https://www.puregym.com/gyms/gloucester-retail-park/,"[{""@type"": ""OpeningHoursSpecification"", ""dayOfWeek"": [""Monday"", ""Tuesday"", ""Wednesday"", ""Thursday"", ""Friday"", ""Saturday"", ""Sunday""], ""opens"": ""00:00"", ""closes"": ""23:59""}]",,official_json_ld
gb_ea810e1019,PureGym,PureGym Grantham Discovery Retail Park Gym,Grantham Discovery Retail Park Gym,Unit 1 London Road,NG31 6HR,Grantham,United Kingdom,England,52.90658187866211,-0.6383230090141296,READY_TO_IMPORT,VERIFIED_CURRENT,,official_json_ld,https://www.puregym.com/gyms/grantham-discovery-retail-park/,https://www.puregym.com/gyms/grantham-discovery-retail-park/,"[{""@type"": ""OpeningHoursSpecification"", ""dayOfWeek"": [""Monday"", ""Tuesday"", ""Wednesday"", ""Thursday"", ""Friday"", ""Saturday"", ""Sunday""], ""opens"": ""00:00"", ""closes"": ""23:59""}]",,official_json_ld
gb_6cee4911e6,PureGym,PureGym Gravesend Gym,Gravesend Gym,5-10 New Road,DA11 0AA,Gravesend,United Kingdom,England,51.44243621826172,0.3645940124988556,READY_TO_IMPORT,VERIFIED_CURRENT,,official_json_ld,https://www.puregym.com/gyms/gravesend/,https://www.puregym.com/gyms/gravesend/,"[{""@type"": ""OpeningHoursSpecification"", ""dayOfWeek"": [""Monday"", ""Tuesday"", ""Wednesday"", ""Thursday"", ""Friday"", ""Saturday"", ""Sunday""], ""opens"": ""00:00"", ""closes"": ""23:59""}]",,official_json_ld
gb_2fadcc8600,PureGym,PureGym Great Yarmouth Gym,Great Yarmouth Gym,Pasteur Road,NR31 0DH,Great Yarmouth,United Kingdom,England,52.599239349365234,1.7183849811553955,READY_TO_IMPORT,VERIFIED_CURRENT,,official_json_ld,https://www.puregym.com/gyms/great-yarmouth/,https://www.puregym.com/gyms/great-yarmouth/,"[{""@type"": ""OpeningHoursSpecification"", ""dayOfWeek"": [""Monday"", ""Tuesday"", ""Wednesday"", ""Thursday"", ""Friday"", ""Saturday"", ""Sunday""], ""opens"": ""00:00"", ""closes"": ""23:59""}]",,official_json_ld
gb_0d0461a017,PureGym,PureGym Guildford Gym,Guildford Gym,Surrey,GU1 4EH,Guildford,United Kingdom,England,51.235958099365234,-0.5765529870986938,READY_TO_IMPORT,VERIFIED_CURRENT,,official_json_ld,https://www.puregym.com/gyms/guildford/,https://www.puregym.com/gyms/guildford/,"[{""@type"": ""OpeningHoursSpecification"", ""dayOfWeek"": [""Monday"", ""Tuesday"", ""Wednesday"", ""Thursday"", ""Friday"", ""Saturday"", ""Sunday""], ""opens"": ""00:00"", ""closes"": ""23:59""}]",,official_json_ld
gb_307fdc0a29,PureGym,PureGym Haddington Gym,Haddington Gym,Whittingehame Drive,EH41 4BD,Haddington,United Kingdom,Scotland,55.95601272583008,-2.7721099853515625,READY_TO_IMPORT,VERIFIED_CURRENT,,official_json_ld,https://www.puregym.com/gyms/haddington/,https://www.puregym.com/gyms/haddington/,"[{""@type"": ""OpeningHoursSpecification"", ""dayOfWeek"": [""Monday"", ""Tuesday"", ""Wednesday"", ""Thursday"", ""Friday"", ""Saturday"", ""Sunday""], ""opens"": ""00:00"", ""closes"": ""23:59""}]",,official_json_ld
gb_4487a7811b,PureGym,PureGym Halifax Gym,Halifax Gym,Broad Street Plaza,HX1 1YA,Halifax,United Kingdom,England,53.725399017333984,-1.8603999614715576,READY_TO_IMPORT,VERIFIED_CURRENT,,official_json_ld,https://www.puregym.com/gyms/halifax/,https://www.puregym.com/gyms/halifax/,"[{""@type"": ""OpeningHoursSpecification"", ""dayOfWeek"": [""Monday"", ""Tuesday"", ""Wednesday"", ""Thursday"", ""Friday"", ""Saturday"", ""Sunday""], ""opens"": ""00:00"", ""closes"": ""23:59""}]",,official_json_ld
gb_5ee3f41c55,PureGym,PureGym Harlow Gym,Harlow Gym,The Water Gardens,CM20 1AJ,Harlow,United Kingdom,England,51.768001556396484,0.09430000185966492,READY_TO_IMPORT,VERIFIED_CURRENT,,official_json_ld,https://www.puregym.com/gyms/harlow/,https://www.puregym.com/gyms/harlow/,"[{""@type"": ""OpeningHoursSpecification"", ""dayOfWeek"": [""Monday"", ""Tuesday"", ""Wednesday"", ""Thursday"", ""Friday"", ""Saturday"", ""Sunday""], ""opens"": ""00:00"", ""closes"": ""23:59""}]",,official_json_ld
gb_01d5191eb5,PureGym,PureGym Harrogate Gym,Harrogate Gym,26 Tower Street,HG1 1HS,Harrogate,United Kingdom,England,53.98939895629883,-1.538599967956543,READY_TO_IMPORT,VERIFIED_CURRENT,,official_json_ld,https://www.puregym.com/gyms/harrogate/,https://www.puregym.com/gyms/harrogate/,"[{""@type"": ""OpeningHoursSpecification"", ""dayOfWeek"": [""Monday"", ""Tuesday"", ""Wednesday"", ""Thursday"", ""Friday"", ""Saturday"", ""Sunday""], ""opens"": ""00:00"", ""closes"": ""23:59""}]",,official_json_ld
gb_a84e6a615c,PureGym,PureGym London Harrow Gym,London Harrow Gym,275-287 Station Road,HA1 1NA,Harrow,United Kingdom,England,51.58229446411133,-0.33251601457595825,READY_TO_IMPORT,VERIFIED_CURRENT,,official_json_ld,https://www.puregym.com/gyms/london-harrow/,https://www.puregym.com/gyms/london-harrow/,"[{""@type"": ""OpeningHoursSpecification"", ""dayOfWeek"": [""Monday"", ""Tuesday"", ""Wednesday"", ""Thursday"", ""Friday"", ""Saturday"", ""Sunday""], ""opens"": ""00:00"", ""closes"": ""23:59""}]",,official_json_ld
gb_2f30a0030b,PureGym,PureGym Hartlepool Gym,Hartlepool Gym,Hartlepool,TS25 1UP,Hartlepool,United Kingdom,England,54.67697525024414,-1.2095619440078735,READY_TO_IMPORT,VERIFIED_CURRENT,,official_json_ld,https://www.puregym.com/gyms/hartlepool/,https://www.puregym.com/gyms/hartlepool/,"[{""@type"": ""OpeningHoursSpecification"", ""dayOfWeek"": [""Monday"", ""Tuesday"", ""Wednesday"", ""Thursday"", ""Friday"", ""Saturday"", ""Sunday""], ""opens"": ""00:00"", ""closes"": ""23:59""}]",,official_json_ld
gb_f1cf9d169b,PureGym,PureGym Harwich Gym,Harwich Gym,Freshfields Road,CO12 4EN,Harwich,United Kingdom,England,51.94047546386719,1.2578970193862915,READY_TO_IMPORT,VERIFIED_CURRENT,,official_json_ld,https://www.puregym.com/gyms/harwich/,https://www.puregym.com/gyms/harwich/,"[{""@type"": ""OpeningHoursSpecification"", ""dayOfWeek"": [""Monday"", ""Tuesday"", ""Wednesday"", ""Thursday"", ""Friday"", ""Saturday"", ""Sunday""], ""opens"": ""00:00"", ""closes"": ""23:59""}]",,official_json_ld
gb_b984256c0f,PureGym,PureGym Hatfield Gym,Hatfield Gym,"Unit 40-45, Hatfield Galleria",AL10 0XR,Hatfield,United Kingdom,England,51.76155090332031,-0.24069899320602417,READY_TO_IMPORT,VERIFIED_CURRENT,,official_json_ld,https://www.puregym.com/gyms/hatfield/,https://www.puregym.com/gyms/hatfield/,"[{""@type"": ""OpeningHoursSpecification"", ""dayOfWeek"": [""Monday"", ""Tuesday"", ""Wednesday"", ""Thursday"", ""Friday"", ""Saturday"", ""Sunday""], ""opens"": ""00:00"", ""closes"": ""23:59""}]",,official_json_ld
gb_8a6ee7ef9c,PureGym,PureGym Havant Gym,Havant Gym,Park Way,PO9 1HH,Havant,United Kingdom,England,50.852508544921875,-0.9857810139656067,READY_TO_IMPORT,VERIFIED_CURRENT,,official_json_ld,https://www.puregym.com/gyms/havant/,https://www.puregym.com/gyms/havant/,"[{""@type"": ""OpeningHoursSpecification"", ""dayOfWeek"": [""Monday"", ""Tuesday"", ""Wednesday"", ""Thursday"", ""Friday"", ""Saturday"", ""Sunday""], ""opens"": ""00:00"", ""closes"": ""23:59""}]",,official_json_ld
gb_afddada8f9,PureGym,PureGym Haverhill Gym,Haverhill Gym,Haverhill Retail Park,CB9 8QJ,Haverhill,United Kingdom,England,52.07758712768555,0.4484330117702484,READY_TO_IMPORT,VERIFIED_CURRENT,,official_json_ld,https://www.puregym.com/gyms/haverhill/,https://www.puregym.com/gyms/haverhill/,"[{""@type"": ""OpeningHoursSpecification"", ""dayOfWeek"": [""Monday"", ""Tuesday"", ""Wednesday"", ""Thursday"", ""Friday"", ""Saturday"", ""Sunday""], ""opens"": ""00:00"", ""closes"": ""23:59""}]",,official_json_ld
gb_276505a92e,PureGym,PureGym London Hayes Gym,London Hayes Gym,Springfield Road Retail Park,UB4 0TU,Hayes,United Kingdom,England,51.514930725097656,-0.39761799573898315,READY_TO_IMPORT,VERIFIED_CURRENT,,official_json_ld,https://www.puregym.com/gyms/london-hayes/,https://www.puregym.com/gyms/london-hayes/,"[{""@type"": ""OpeningHoursSpecification"", ""dayOfWeek"": [""Monday"", ""Tuesday"", ""Wednesday"", ""Thursday"", ""Friday"", ""Saturday"", ""Sunday""], ""opens"": ""00:00"", ""closes"": ""23:59""}]",,official_json_ld
gb_d7b3484b51,PureGym,PureGym Haywards Heath Gym,Haywards Heath Gym,59/63 South Road,RH16 4LQ,Haywards Heath,United Kingdom,England,50.996177673339844,-0.10164500027894974,READY_TO_IMPORT,VERIFIED_CURRENT,,official_json_ld,https://www.puregym.com/gyms/haywards-heath/,https://www.puregym.com/gyms/haywards-heath/,"[{""@type"": ""OpeningHoursSpecification"", ""dayOfWeek"": [""Monday"", ""Tuesday"", ""Wednesday"", ""Thursday"", ""Friday"", ""Saturday"", ""Sunday""], ""opens"": ""00:00"", ""closes"": ""23:59""}]",,official_json_ld
gb_a4668cb114,PureGym,PureGym Heanor Gym,Heanor Gym,Heanor Retail Park,DE75 7EX,Heanor,United Kingdom,England,53.0157585144043,-1.3572050333023071,READY_TO_IMPORT,VERIFIED_CURRENT,,official_json_ld,https://www.puregym.com/gyms/heanor/,https://www.puregym.com/gyms/heanor/,"[{""@type"": ""OpeningHoursSpecification"", ""dayOfWeek"": [""Monday"", ""Tuesday"", ""Wednesday"", ""Thursday"", ""Friday"", ""Saturday"", ""Sunday""], ""opens"": ""00:00"", ""closes"": ""23:59""}]",,official_json_ld
gb_4cf09a80ef,PureGym,PureGym Hemel Hempstead Gym,Hemel Hempstead Gym,The Marlowes Shopping Centre,HP1 1BA,Hemel Hempstead,United Kingdom,England,51.747779846191406,-0.47152599692344666,READY_TO_IMPORT,VERIFIED_CURRENT,,official_json_ld,https://www.puregym.com/gyms/hemel-hempstead/,https://www.puregym.com/gyms/hemel-hempstead/,"[{""@type"": ""OpeningHoursSpecification"", ""dayOfWeek"": [""Monday"", ""Tuesday"", ""Wednesday"", ""Thursday"", ""Friday"", ""Saturday"", ""Sunday""], ""opens"": ""00:00"", ""closes"": ""23:59""}]",,official_json_ld
gb_dd1baab14c,PureGym,PureGym Hereford Gym,Hereford Gym,Holmer Road,HR4 9SB,Hereford,United Kingdom,England,52.069156646728516,-2.721219062805176,READY_TO_IMPORT,VERIFIED_CURRENT,,official_json_ld,https://www.puregym.com/gyms/hereford/,https://www.puregym.com/gyms/hereford/,"[{""@type"": ""OpeningHoursSpecification"", ""dayOfWeek"": [""Monday"", ""Tuesday"", ""Wednesday"", ""Thursday"", ""Friday"", ""Saturday"", ""Sunday""], ""opens"": ""00:00"", ""closes"": ""23:59""}]",,official_json_ld
gb_3678cabd0d,PureGym,PureGym Hertford Gym,Hertford Gym,Hertford,SG14 1BN,Hertford,United Kingdom,England,,,COMING_SOON,COMING_SOON,,official_json_ld,https://www.puregym.com/gyms/hertford/,https://www.puregym.com/gyms/hertford/,,,official_json_ld; coming_soon_copy
gb_a0ee4a15ce,PureGym,PureGym Borehamwood Gym,Borehamwood Gym,Borehamwood,WD6 1EH,Hertfordshire,United Kingdom,England,51.65589904785156,-0.27570000290870667,READY_TO_IMPORT,VERIFIED_CURRENT,,official_json_ld,https://www.puregym.com/gyms/borehamwood/,https://www.puregym.com/gyms/borehamwood/,,,official_json_ld
gb_028e69ba6f,PureGym,PureGym Hitchin Gym,Hitchin Gym,18 Brand Street,SG5 1JE,Hitchin,United Kingdom,England,51.94911575317383,-0.2790600061416626,READY_TO_IMPORT,VERIFIED_CURRENT,,official_json_ld,https://www.puregym.com/gyms/hitchin/,https://www.puregym.com/gyms/hitchin/,"[{""@type"": ""OpeningHoursSpecification"", ""dayOfWeek"": [""Monday"", ""Tuesday"", ""Wednesday"", ""Thursday"", ""Friday"", ""Saturday"", ""Sunday""], ""opens"": ""00:00"", ""closes"": ""23:59""}]",,official_json_ld
gb_04a00c1964,PureGym,PureGym Horley Gym,Horley Gym,Consort Way East,RH6 7AU,Horley,United Kingdom,England,51.17129898071289,-0.1613219976425171,READY_TO_IMPORT,VERIFIED_CURRENT,,official_json_ld,https://www.puregym.com/gyms/horley/,https://www.puregym.com/gyms/horley/,"[{""@type"": ""OpeningHoursSpecification"", ""dayOfWeek"": [""Monday"", ""Tuesday"", ""Wednesday"", ""Thursday"", ""Friday"", ""Saturday"", ""Sunday""], ""opens"": ""00:00"", ""closes"": ""23:59""}]",,official_json_ld
gb_c00afcd11a,PureGym,PureGym Hornchurch Gym,Hornchurch Gym,Hornchurch,RM11 3XT,Hornchurch,United Kingdom,England,51.56155776977539,0.22207599878311157,READY_TO_IMPORT,VERIFIED_CURRENT,,official_json_ld,https://www.puregym.com/gyms/hornchurch/,https://www.puregym.com/gyms/hornchurch/,"[{""@type"": ""OpeningHoursSpecification"", ""dayOfWeek"": [""Monday"", ""Tuesday"", ""Wednesday"", ""Thursday"", ""Friday"", ""Saturday"", ""Sunday""], ""opens"": ""00:00"", ""closes"": ""23:59""}]",,official_json_ld
gb_1ee70fde3c,PureGym,PureGym Horsham Gym,Horsham Gym,Broadbridge Heath,RH12 3TQ,Horsham,United Kingdom,England,51.06743240356445,-0.3556160032749176,READY_TO_IMPORT,VERIFIED_CURRENT,,official_json_ld,https://www.puregym.com/gyms/horsham/,https://www.puregym.com/gyms/horsham/,"[{""@type"": ""OpeningHoursSpecification"", ""dayOfWeek"": [""Monday"", ""Tuesday"", ""Wednesday"", ""Thursday"", ""Friday"", ""Saturday"", ""Sunday""], ""opens"": ""00:00"", ""closes"": ""23:59""}]",,official_json_ld
gb_fb752bb370,PureGym,PureGym London Hounslow Gym,London Hounslow Gym,Hounslow,TW3 1NW,Hounslow,United Kingdom,England,51.47019958496094,-0.35671499371528625,READY_TO_IMPORT,VERIFIED_CURRENT,,official_json_ld,https://www.puregym.com/gyms/london-hounslow/,https://www.puregym.com/gyms/london-hounslow/,"[{""@type"": ""OpeningHoursSpecification"", ""dayOfWeek"": [""Monday"", ""Tuesday"", ""Wednesday"", ""Thursday"", ""Friday"", ""Saturday"", ""Sunday""], ""opens"": ""00:00"", ""closes"": ""23:59""}]",,official_json_ld
gb_fae99ff784,PureGym,PureGym Hull Clough Road Gym,Hull Clough Road Gym,Hull,HU6 7PT,Hull,United Kingdom,England,53.768516540527344,-0.3421100080013275,READY_TO_IMPORT,VERIFIED_CURRENT,,official_json_ld,https://www.puregym.com/gyms/hull-clough-road/,https://www.puregym.com/gyms/hull-clough-road/,"[{""@type"": ""OpeningHoursSpecification"", ""dayOfWeek"": [""Monday"", ""Tuesday"", ""Wednesday"", ""Thursday"", ""Friday"", ""Saturday"", ""Sunday""], ""opens"": ""00:00"", ""closes"": ""23:59""}]",,official_json_ld
gb_fc1d4b3b39,PureGym,PureGym Hyde Gym,Hyde Gym,Gee Cross,SK14 5ET,Hyde,United Kingdom,England,53.43659973144531,-2.079663038253784,READY_TO_IMPORT,VERIFIED_CURRENT,,official_json_ld,https://www.puregym.com/gyms/hyde/,https://www.puregym.com/gyms/hyde/,"[{""@type"": ""OpeningHoursSpecification"", ""dayOfWeek"": [""Monday"", ""Tuesday"", ""Wednesday"", ""Thursday"", ""Friday"", ""Saturday"", ""Sunday""], ""opens"": ""00:00"", ""closes"": ""23:59""}]",,official_json_ld
gb_03bcb1a0f5,PureGym,PureGym London Ilford Gym,London Ilford Gym,151-161 High Road,IG1 1RS,Ilford,United Kingdom,England,51.55916213989258,0.07258199900388718,READY_TO_IMPORT,VERIFIED_CURRENT,,official_json_ld,https://www.puregym.com/gyms/london-ilford/,https://www.puregym.com/gyms/london-ilford/,"[{""@type"": ""OpeningHoursSpecification"", ""dayOfWeek"": [""Monday"", ""Tuesday"", ""Wednesday"", ""Thursday"", ""Friday"", ""Saturday"", ""Sunday""], ""opens"": ""00:00"", ""closes"": ""23:59""}]",,official_json_ld
gb_ec70d222fc,PureGym,PureGym Inverness Inshes Retail Park Gym,Inverness Inshes Retail Park Gym,Sir Walter Scott Drive,IV2 3TW,Inverness,United Kingdom,Scotland,57.46842956542969,-4.191370010375977,READY_TO_IMPORT,VERIFIED_CURRENT,,official_json_ld,https://www.puregym.com/gyms/inverness-inshes-retail-park/,https://www.puregym.com/gyms/inverness-inshes-retail-park/,"[{""@type"": ""OpeningHoursSpecification"", ""dayOfWeek"": [""Monday"", ""Tuesday"", ""Wednesday"", ""Thursday"", ""Friday"", ""Saturday"", ""Sunday""], ""opens"": ""00:00"", ""closes"": ""23:59""}]",,official_json_ld
gb_7297c02b2e,PureGym,PureGym Ipswich Buttermarket Gym,Ipswich Buttermarket Gym,Buttermarket Shopping Centre,IP1 1DT,Ipswich,United Kingdom,England,52.0558967590332,1.1532599925994873,READY_TO_IMPORT,VERIFIED_CURRENT,,official_json_ld,https://www.puregym.com/gyms/ipswich-buttermarket/,https://www.puregym.com/gyms/ipswich-buttermarket/,"[{""@type"": ""OpeningHoursSpecification"", ""dayOfWeek"": [""Monday"", ""Tuesday"", ""Wednesday"", ""Thursday"", ""Friday"", ""Saturday"", ""Sunday""], ""opens"": ""00:00"", ""closes"": ""23:59""}]",,official_json_ld
gb_f04658cf64,PureGym,PureGym Ipswich Ravenswood Gym,Ipswich Ravenswood Gym,4-10 Hening Avenue,IP3 9QJ,Ipswich,United Kingdom,England,52.030216217041016,1.200760006904602,READY_TO_IMPORT,VERIFIED_CURRENT,,official_json_ld,https://www.puregym.com/gyms/ipswich-ravenswood/,https://www.puregym.com/gyms/ipswich-ravenswood/,"[{""@type"": ""OpeningHoursSpecification"", ""dayOfWeek"": [""Monday"", ""Tuesday"", ""Wednesday"", ""Thursday"", ""Friday"", ""Saturday"", ""Sunday""], ""opens"": ""00:00"", ""closes"": ""23:59""}]",,official_json_ld
gb_0f555e2f32,PureGym,PureGym Jarrow Gym,Jarrow Gym,Units 30-40,NE32 3LQ,Jarrow,United Kingdom,England,,,COMING_SOON,COMING_SOON,,official_json_ld,https://www.puregym.com/gyms/jarrow/,https://www.puregym.com/gyms/jarrow/,,,official_json_ld; coming_soon_copy
gb_886433d8b9,PureGym,PureGym Kendal Gym,Kendal Gym,Queen Katherine's Road,LA9 6DU,Kendal,United Kingdom,England,54.33980178833008,-2.734369993209839,READY_TO_IMPORT,VERIFIED_CURRENT,,official_json_ld,https://www.puregym.com/gyms/kendal/,https://www.puregym.com/gyms/kendal/,"[{""@type"": ""OpeningHoursSpecification"", ""dayOfWeek"": [""Monday"", ""Tuesday"", ""Wednesday"", ""Thursday"", ""Friday"", ""Saturday"", ""Sunday""], ""opens"": ""00:00"", ""closes"": ""23:59""}]",,official_json_ld
gb_85c739b3db,PureGym,PureGym Broadstairs Westwood Gateway Retail Park Gym,Broadstairs Westwood Gateway Retail Park Gym,Westwood Road,CT10 2RQ,Kent,United Kingdom,England,51.362030029296875,1.393960952758789,READY_TO_IMPORT,VERIFIED_CURRENT,,official_json_ld,https://www.puregym.com/gyms/broadstairs-westwood-gateway-retail-park/,https://www.puregym.com/gyms/broadstairs-westwood-gateway-retail-park/,"[{""@type"": ""OpeningHoursSpecification"", ""dayOfWeek"": [""Monday"", ""Tuesday"", ""Wednesday"", ""Thursday"", ""Friday"", ""Saturday"", ""Sunday""], ""opens"": ""00:00"", ""closes"": ""23:59""}]",,official_json_ld
gb_5b7ba1b12a,PureGym,PureGym London Sidcup Gym,London Sidcup Gym,Sidcup,DA15 7AA,Kent,United Kingdom,England,,,COMING_SOON,COMING_SOON,,official_json_ld,https://www.puregym.com/gyms/london-sidcup/,https://www.puregym.com/gyms/london-sidcup/,,,official_json_ld; coming_soon_copy
gb_9b90c2cbe2,PureGym,PureGym Tunbridge Wells Gym,Tunbridge Wells Gym,Royal Victoria Place,TN1 2SW,Kent,United Kingdom,England,51.135501861572266,0.26759999990463257,READY_TO_IMPORT,VERIFIED_CURRENT,,official_json_ld,https://www.puregym.com/gyms/tunbridge-wells/,https://www.puregym.com/gyms/tunbridge-wells/,"[{""@type"": ""OpeningHoursSpecification"", ""dayOfWeek"": [""Monday"", ""Tuesday"", ""Wednesday"", ""Thursday"", ""Friday"", ""Saturday"", ""Sunday""], ""opens"": ""00:00"", ""closes"": ""23:59""}]",,official_json_ld
gb_f6b53d28eb,PureGym,PureGym Kettering Gym,Kettering Gym,"Unit 1, Northfield Retail Park",NN16 9TS,Kettering,United Kingdom,England,52.40238571166992,-0.7361639738082886,READY_TO_IMPORT,VERIFIED_CURRENT,,official_json_ld,https://www.puregym.com/gyms/kettering/,https://www.puregym.com/gyms/kettering/,"[{""@type"": ""OpeningHoursSpecification"", ""dayOfWeek"": [""Monday"", ""Tuesday"", ""Wednesday"", ""Thursday"", ""Friday"", ""Saturday"", ""Sunday""], ""opens"": ""00:00"", ""closes"": ""23:59""}]",,official_json_ld
gb_08ae43a9ef,PureGym,PureGym London Kingston Gym,London Kingston Gym,27 Wheatfield Way,KT1 2PD,Kingston upon Thames,United Kingdom,England,51.40976333618164,-0.30106401443481445,READY_TO_IMPORT,VERIFIED_CURRENT,,official_json_ld,https://www.puregym.com/gyms/london-kingston/,https://www.puregym.com/gyms/london-kingston/,"[{""@type"": ""OpeningHoursSpecification"", ""dayOfWeek"": [""Monday"", ""Tuesday"", ""Wednesday"", ""Thursday"", ""Friday"", ""Saturday"", ""Sunday""], ""opens"": ""00:00"", ""closes"": ""23:59""}]",,official_json_ld
gb_b827914c58,PureGym,PureGym Kirkby Gym,Kirkby Gym,Irlam Drive,L32 8US,Kirkby,United Kingdom,England,53.48257064819336,-2.886115074157715,READY_TO_IMPORT,VERIFIED_CURRENT,,official_json_ld,https://www.puregym.com/gyms/kirkby/,https://www.puregym.com/gyms/kirkby/,"[{""@type"": ""OpeningHoursSpecification"", ""dayOfWeek"": [""Monday"", ""Tuesday"", ""Wednesday"", ""Thursday"", ""Friday"", ""Saturday"", ""Sunday""], ""opens"": ""00:00"", ""closes"": ""23:59""}]",,official_json_ld
gb_b8ff25ee35,PureGym,PureGym Knaresborough Gym,Knaresborough Gym,York Road,HG5 0SP,Knaresborough,United Kingdom,England,54.00600051879883,-1.4511339664459229,READY_TO_IMPORT,VERIFIED_CURRENT,,official_json_ld,https://www.puregym.com/gyms/knaresborough/,https://www.puregym.com/gyms/knaresborough/,"[{""@type"": ""OpeningHoursSpecification"", ""dayOfWeek"": [""Monday"", ""Tuesday"", ""Wednesday"", ""Thursday"", ""Friday"", ""Saturday"", ""Sunday""], ""opens"": ""00:00"", ""closes"": ""23:59""}]",,official_json_ld
gb_d4df4732a7,PureGym,PureGym Lanark Gym,Lanark Gym,South Lanarkshire,ML11 7LQ,Lanark,United Kingdom,Scotland,55.67188262939453,-3.769556999206543,READY_TO_IMPORT,VERIFIED_CURRENT,,official_json_ld,https://www.puregym.com/gyms/lanark/,https://www.puregym.com/gyms/lanark/,"[{""@type"": ""OpeningHoursSpecification"", ""dayOfWeek"": [""Monday"", ""Tuesday"", ""Wednesday"", ""Thursday"", ""Friday"", ""Saturday"", ""Sunday""], ""opens"": ""00:00"", ""closes"": ""23:59""}]",,official_json_ld
gb_cf5d70b14d,PureGym,PureGym Lancaster Gym,Lancaster Gym,Lancaster,LA1 1JF,Lancaster,United Kingdom,England,,,COMING_SOON,COMING_SOON,,official_json_ld,https://www.puregym.com/gyms/lancaster/,https://www.puregym.com/gyms/lancaster/,,,official_json_ld; coming_soon_copy
gb_b9b1f604ab,PureGym,PureGym Leamington Spa Gym,Leamington Spa Gym,Queensway Trading Estate,CV31 3RW,Leamington Spa,United Kingdom,England,52.2763557434082,-1.536180019378662,READY_TO_IMPORT,VERIFIED_CURRENT,,official_json_ld,https://www.puregym.com/gyms/leamington-spa/,https://www.puregym.com/gyms/leamington-spa/,"[{""@type"": ""OpeningHoursSpecification"", ""dayOfWeek"": [""Monday"", ""Tuesday"", ""Wednesday"", ""Thursday"", ""Friday"", ""Saturday"", ""Sunday""], ""opens"": ""00:00"", ""closes"": ""23:59""}]",,official_json_ld
gb_f3a0a377a6,PureGym,PureGym Guiseley Gym,Guiseley Gym,Unit 2 Westside Shopping Park,LS20 9NE,Leeds,United Kingdom,England,53.8686408996582,-1.7031259536743164,READY_TO_IMPORT,VERIFIED_CURRENT,,official_json_ld,https://www.puregym.com/gyms/guiseley/,https://www.puregym.com/gyms/guiseley/,"[{""@type"": ""OpeningHoursSpecification"", ""dayOfWeek"": [""Monday"", ""Tuesday"", ""Wednesday"", ""Thursday"", ""Friday"", ""Saturday"", ""Sunday""], ""opens"": ""00:00"", ""closes"": ""23:59""}]",,official_json_ld
gb_2093c23a9b,PureGym,PureGym Keighley Gym,Keighley Gym,Bradford Road,BD21 4AG,Leeds,United Kingdom,England,53.87497329711914,-1.8939440250396729,READY_TO_IMPORT,VERIFIED_CURRENT,,official_json_ld,https://www.puregym.com/gyms/keighley/,https://www.puregym.com/gyms/keighley/,"[{""@type"": ""OpeningHoursSpecification"", ""dayOfWeek"": [""Monday"", ""Tuesday"", ""Wednesday"", ""Thursday"", ""Friday"", ""Saturday"", ""Sunday""], ""opens"": ""00:00"", ""closes"": ""23:59""}]",,official_json_ld
gb_046ca3d2cf,PureGym,PureGym Leeds Bramley Gym,Leeds Bramley Gym,Bramley,LS13 4UD,Leeds,United Kingdom,England,53.80459976196289,-1.6238000392913818,READY_TO_IMPORT,VERIFIED_CURRENT,,official_json_ld,https://www.puregym.com/gyms/leeds-bramley/,https://www.puregym.com/gyms/leeds-bramley/,"[{""@type"": ""OpeningHoursSpecification"", ""dayOfWeek"": [""Monday"", ""Tuesday"", ""Wednesday"", ""Thursday"", ""Friday"", ""Saturday"", ""Sunday""], ""opens"": ""00:00"", ""closes"": ""23:59""}]",,official_json_ld
gb_289e956085,PureGym,PureGym Leeds City Centre North Gym,Leeds City Centre North Gym,Merrion Way,LS2 8BT,Leeds,United Kingdom,England,53.802001953125,-1.5424139499664307,READY_TO_IMPORT,VERIFIED_CURRENT,,official_json_ld,https://www.puregym.com/gyms/leeds-city-centre-north/,https://www.puregym.com/gyms/leeds-city-centre-north/,"[{""@type"": ""OpeningHoursSpecification"", ""dayOfWeek"": [""Monday"", ""Tuesday"", ""Wednesday"", ""Thursday"", ""Friday"", ""Saturday"", ""Sunday""], ""opens"": ""00:00"", ""closes"": ""23:59""}]",,official_json_ld
gb_98b16816cd,PureGym,PureGym Leeds City Centre South Gym,Leeds City Centre South Gym,Opposite Corn Exchange,LS1 2HD,Leeds,United Kingdom,England,53.79555130004883,-1.540060043334961,READY_TO_IMPORT,VERIFIED_CURRENT,,official_json_ld,https://www.puregym.com/gyms/leeds-city-centre-south/,https://www.puregym.com/gyms/leeds-city-centre-south/,"[{""@type"": ""OpeningHoursSpecification"", ""dayOfWeek"": [""Monday"", ""Tuesday"", ""Wednesday"", ""Thursday"", ""Friday"", ""Saturday"", ""Sunday""], ""opens"": ""00:00"", ""closes"": ""23:59""}]",,official_json_ld
gb_ad291823d4,PureGym,PureGym Leeds Hunslet Gym,Leeds Hunslet Gym,Tulip Street,LS10 2BB,Leeds,United Kingdom,England,53.77629852294922,-1.534600019454956,READY_TO_IMPORT,VERIFIED_CURRENT,,official_json_ld,https://www.puregym.com/gyms/leeds-hunslet/,https://www.puregym.com/gyms/leeds-hunslet/,"[{""@type"": ""OpeningHoursSpecification"", ""dayOfWeek"": [""Monday"", ""Tuesday"", ""Wednesday"", ""Thursday"", ""Friday"", ""Saturday"", ""Sunday""], ""opens"": ""00:00"", ""closes"": ""23:59""}]",,official_json_ld
gb_7adc764366,PureGym,PureGym Leeds Kirkstall Bridge Gym,Leeds Kirkstall Bridge Gym,Kirkstall Bridge Shopping Park,LS5 3BL,Leeds,United Kingdom,England,53.81679916381836,-1.6049000024795532,READY_TO_IMPORT,VERIFIED_CURRENT,,official_json_ld,https://www.puregym.com/gyms/leeds-kirkstall-bridge/,https://www.puregym.com/gyms/leeds-kirkstall-bridge/,"[{""@type"": ""OpeningHoursSpecification"", ""dayOfWeek"": [""Monday"", ""Tuesday"", ""Wednesday"", ""Thursday"", ""Friday"", ""Saturday"", ""Sunday""], ""opens"": ""00:00"", ""closes"": ""23:59""}]",,official_json_ld
gb_f79aaf353a,PureGym,PureGym Leeds Meanwood Gym,Leeds Meanwood Gym,Stonegate Road,LS7 2TT,Leeds,United Kingdom,England,,,COMING_SOON,COMING_SOON,,official_json_ld,https://www.puregym.com/gyms/leeds-meanwood/,https://www.puregym.com/gyms/leeds-meanwood/,"[{""@type"": ""OpeningHoursSpecification"", ""dayOfWeek"": [""Monday"", ""Tuesday"", ""Wednesday"", ""Thursday"", ""Friday"", ""Saturday"", ""Sunday""], ""opens"": ""00:00"", ""closes"": ""23:59""}]",,official_json_ld; coming_soon_copy
gb_1b00d6f5fd,PureGym,PureGym Leeds Regent Street Gym,Leeds Regent Street Gym,Mabgate Junction,LS7 1AX,Leeds,United Kingdom,England,53.803863525390625,-1.5306880474090576,READY_TO_IMPORT,VERIFIED_CURRENT,,official_json_ld,https://www.puregym.com/gyms/leeds-regent-street/,https://www.puregym.com/gyms/leeds-regent-street/,"[{""@type"": ""OpeningHoursSpecification"", ""dayOfWeek"": [""Monday"", ""Tuesday"", ""Wednesday"", ""Thursday"", ""Friday"", ""Saturday"", ""Sunday""], ""opens"": ""00:00"", ""closes"": ""23:59""}]",,official_json_ld
gb_0163a7f44c,PureGym,PureGym Leeds Thorpe Park Gym,Leeds Thorpe Park Gym,The Springs,LS15 8GH,Leeds,United Kingdom,England,53.799495697021484,-1.4256019592285156,READY_TO_IMPORT,VERIFIED_CURRENT,,official_json_ld,https://www.puregym.com/gyms/leeds-thorpe-park/,https://www.puregym.com/gyms/leeds-thorpe-park/,"[{""@type"": ""OpeningHoursSpecification"", ""dayOfWeek"": [""Monday"", ""Tuesday"", ""Wednesday"", ""Thursday"", ""Friday"", ""Saturday"", ""Sunday""], ""opens"": ""00:00"", ""closes"": ""23:59""}]",,official_json_ld
gb_35578c92bf,PureGym,PureGym Leek Gym,Leek Gym,Leek,ST13 5SN,Leek,United Kingdom,England,53.10489273071289,-2.0252809524536133,READY_TO_IMPORT,VERIFIED_CURRENT,,official_json_ld,https://www.puregym.com/gyms/leek/,https://www.puregym.com/gyms/leek/,"[{""@type"": ""OpeningHoursSpecification"", ""dayOfWeek"": [""Monday"", ""Tuesday"", ""Wednesday"", ""Thursday"", ""Friday"", ""Saturday"", ""Sunday""], ""opens"": ""00:00"", ""closes"": ""23:59""}]",,official_json_ld
gb_65138d5455,PureGym,PureGym Leicester St Georges Way Gym,Leicester St Georges Way Gym,1C St Georges Way,LE1 1SH,Leicester,United Kingdom,England,52.6328010559082,-1.12533700466156,READY_TO_IMPORT,VERIFIED_CURRENT,,official_json_ld,https://www.puregym.com/gyms/leicester-st-georges-way/,https://www.puregym.com/gyms/leicester-st-georges-way/,"[{""@type"": ""OpeningHoursSpecification"", ""dayOfWeek"": [""Monday"", ""Tuesday"", ""Wednesday"", ""Thursday"", ""Friday"", ""Saturday"", ""Sunday""], ""opens"": ""00:00"", ""closes"": ""23:59""}]",,official_json_ld
gb_fbe8eec56f,PureGym,PureGym Leicester Thurmaston Gym,Leicester Thurmaston Gym,Barkby Thorpe Lane,LE4 8GP,Leicester,United Kingdom,England,52.6838264465332,-1.0907880067825317,READY_TO_IMPORT,VERIFIED_CURRENT,,official_json_ld,https://www.puregym.com/gyms/leicester-thurmaston/,https://www.puregym.com/gyms/leicester-thurmaston/,"[{""@type"": ""OpeningHoursSpecification"", ""dayOfWeek"": [""Monday"", ""Tuesday"", ""Wednesday"", ""Thursday"", ""Friday"", ""Saturday"", ""Sunday""], ""opens"": ""00:00"", ""closes"": ""23:59""}]",,official_json_ld
gb_147a8bf26e,PureGym,PureGym Leicester Walnut Street Gym,Leicester Walnut Street Gym,166 Walnut Street,LE2 7GR,Leicester,United Kingdom,England,52.624900817871094,-1.1401000022888184,READY_TO_IMPORT,VERIFIED_CURRENT,,official_json_ld,https://www.puregym.com/gyms/leicester-walnut-street/,https://www.puregym.com/gyms/leicester-walnut-street/,"[{""@type"": ""OpeningHoursSpecification"", ""dayOfWeek"": [""Monday"", ""Tuesday"", ""Wednesday"", ""Thursday"", ""Friday"", ""Saturday"", ""Sunday""], ""opens"": ""00:00"", ""closes"": ""23:59""}]",,official_json_ld
gb_cc0489d13e,PureGym,PureGym Letchworth Gym,Letchworth Gym,Letchworth Garden City,SG6 2HN,Letchworth,United Kingdom,England,51.98053741455078,-0.2049500048160553,READY_TO_IMPORT,VERIFIED_CURRENT,,official_json_ld,https://www.puregym.com/gyms/letchworth/,https://www.puregym.com/gyms/letchworth/,"[{""@type"": ""OpeningHoursSpecification"", ""dayOfWeek"": [""Monday"", ""Tuesday"", ""Wednesday"", ""Thursday"", ""Friday"", ""Saturday"", ""Sunday""], ""opens"": ""00:00"", ""closes"": ""23:59""}]",,official_json_ld
gb_f08f871bfa,PureGym,PureGym Lichfield Gym,Lichfield Gym,"Unit D, Imperial Retail Park",WS13 6AY,Lichfield,United Kingdom,England,52.695980072021484,-1.8169779777526855,READY_TO_IMPORT,VERIFIED_CURRENT,,official_json_ld,https://www.puregym.com/gyms/lichfield/,https://www.puregym.com/gyms/lichfield/,"[{""@type"": ""OpeningHoursSpecification"", ""dayOfWeek"": [""Monday"", ""Tuesday"", ""Wednesday"", ""Thursday"", ""Friday"", ""Saturday"", ""Sunday""], ""opens"": ""00:00"", ""closes"": ""23:59""}]",,official_json_ld
gb_a98276abd2,PureGym,PureGym Lincoln Carlton Centre Gym,Lincoln Carlton Centre Gym,"Unit 11, The Carlton Centre",LN2 4UX,Lincoln,United Kingdom,England,53.242164611816406,-0.5083730220794678,READY_TO_IMPORT,VERIFIED_CURRENT,,official_json_ld,https://www.puregym.com/gyms/lincoln-carlton-centre/,https://www.puregym.com/gyms/lincoln-carlton-centre/,"[{""@type"": ""OpeningHoursSpecification"", ""dayOfWeek"": [""Monday"", ""Tuesday"", ""Wednesday"", ""Thursday"", ""Friday"", ""Saturday"", ""Sunday""], ""opens"": ""00:00"", ""closes"": ""23:59""}]",,official_json_ld
gb_9a08380eb5,PureGym,PureGym Lincoln St Marks Centre Gym,Lincoln St Marks Centre Gym,St Marks Centre,LN5 7EY,Lincoln,United Kingdom,England,,,COMING_SOON,COMING_SOON,,official_json_ld,https://www.puregym.com/gyms/lincoln-st-marks-centre/,https://www.puregym.com/gyms/lincoln-st-marks-centre/,"[{""@type"": ""OpeningHoursSpecification"", ""dayOfWeek"": [""Monday"", ""Tuesday"", ""Wednesday"", ""Thursday"", ""Friday"", ""Saturday"", ""Sunday""], ""opens"": ""00:00"", ""closes"": ""23:59""}]",,official_json_ld; coming_soon_copy
gb_37d5325312,PureGym,PureGym Boston Gym,Boston Gym,Alban Retail Park,PE21 7NN,Lincolnshire,United Kingdom,England,52.97045135498047,-0.05748499929904938,READY_TO_IMPORT,VERIFIED_CURRENT,,official_json_ld,https://www.puregym.com/gyms/boston/,https://www.puregym.com/gyms/boston/,"[{""@type"": ""OpeningHoursSpecification"", ""dayOfWeek"": [""Monday"", ""Tuesday"", ""Wednesday"", ""Thursday"", ""Friday"", ""Saturday"", ""Sunday""], ""opens"": ""00:00"", ""closes"": ""23:59""}]",,official_json_ld
gb_d5ea7b9b0f,PureGym,PureGym Spalding Gym,Spalding Gym,Westlode Street,PE11 2AF,Lincolnshire,United Kingdom,England,52.7889289855957,-0.1484220027923584,READY_TO_IMPORT,VERIFIED_CURRENT,,official_json_ld,https://www.puregym.com/gyms/spalding/,https://www.puregym.com/gyms/spalding/,"[{""@type"": ""OpeningHoursSpecification"", ""dayOfWeek"": [""Monday"", ""Tuesday"", ""Wednesday"", ""Thursday"", ""Friday"", ""Saturday"", ""Sunday""], ""opens"": ""00:00"", ""closes"": ""23:59""}]",,official_json_ld
gb_5f8200aa17,PureGym,PureGym Linlithgow Gym,Linlithgow Gym,Falkirk Road,EH49 7AS,Linlithgow,United Kingdom,Scotland,55.97510528564453,-3.6230061054229736,READY_TO_IMPORT,VERIFIED_CURRENT,,official_json_ld,https://www.puregym.com/gyms/linlithgow/,https://www.puregym.com/gyms/linlithgow/,"[{""@type"": ""OpeningHoursSpecification"", ""dayOfWeek"": [""Monday"", ""Tuesday"", ""Wednesday"", ""Thursday"", ""Friday"", ""Saturday"", ""Sunday""], ""opens"": ""00:00"", ""closes"": ""23:59""}]",,official_json_ld
gb_01773e377c,PureGym,PureGym Lisburn Laganbank Gym,Lisburn Laganbank Gym,Laganbank Road,BT27 4TQ,Lisburn,United Kingdom,Northern Ireland,54.51007843017578,-6.041004180908203,READY_TO_IMPORT,VERIFIED_CURRENT,,official_json_ld,https://www.puregym.com/gyms/lisburn/,https://www.puregym.com/gyms/lisburn/,"[{""@type"": ""OpeningHoursSpecification"", ""dayOfWeek"": [""Monday"", ""Tuesday"", ""Wednesday"", ""Thursday"", ""Friday"", ""Saturday"", ""Sunday""], ""opens"": ""00:00"", ""closes"": ""23:59""}]",,official_json_ld
gb_d5836bdfdf,PureGym,PureGym Aintree Gym,Aintree Gym,Ormskirk Road,L9 5BD,Liverpool,United Kingdom,England,53.475399017333984,-2.9539999961853027,READY_TO_IMPORT,VERIFIED_CURRENT,,official_json_ld,https://www.puregym.com/gyms/aintree/,https://www.puregym.com/gyms/aintree/,"[{""@type"": ""OpeningHoursSpecification"", ""dayOfWeek"": [""Monday"", ""Tuesday"", ""Wednesday"", ""Thursday"", ""Friday"", ""Saturday"", ""Sunday""], ""opens"": ""00:00"", ""closes"": ""23:59""}]",,official_json_ld
gb_804b4d3187,PureGym,PureGym Liverpool Brunswick Gym,Liverpool Brunswick Gym,Sefton Street,L8 5SN,Liverpool,United Kingdom,England,53.381900787353516,-2.9749341011047363,READY_TO_IMPORT,VERIFIED_CURRENT,,official_json_ld,https://www.puregym.com/gyms/liverpool-brunswick/,https://www.puregym.com/gyms/liverpool-brunswick/,"[{""@type"": ""OpeningHoursSpecification"", ""dayOfWeek"": [""Monday"", ""Tuesday"", ""Wednesday"", ""Thursday"", ""Friday"", ""Saturday"", ""Sunday""], ""opens"": ""00:00"", ""closes"": ""23:59""}]",,official_json_ld
gb_679b6ee96f,PureGym,PureGym Liverpool Central Gym,Liverpool Central Gym,40 Ranelagh Street,L1 1QE,Liverpool,United Kingdom,England,53.40489959716797,-2.9791998863220215,READY_TO_IMPORT,VERIFIED_CURRENT,,official_json_ld,https://www.puregym.com/gyms/liverpool-central/,https://www.puregym.com/gyms/liverpool-central/,"[{""@type"": ""OpeningHoursSpecification"", ""dayOfWeek"": [""Monday"", ""Tuesday"", ""Wednesday"", ""Thursday"", ""Friday"", ""Saturday"", ""Sunday""], ""opens"": ""00:00"", ""closes"": ""23:59""}]",,official_json_ld
gb_2b3e746dfc,PureGym,PureGym Liverpool Edge Lane Gym,Liverpool Edge Lane Gym,Edge Lane,L13 1EW,Liverpool,United Kingdom,England,53.407806396484375,-2.92472505569458,READY_TO_IMPORT,VERIFIED_CURRENT,,official_json_ld,https://www.puregym.com/gyms/liverpool-edge-lane/,https://www.puregym.com/gyms/liverpool-edge-lane/,"[{""@type"": ""OpeningHoursSpecification"", ""dayOfWeek"": [""Monday"", ""Tuesday"", ""Wednesday"", ""Thursday"", ""Friday"", ""Saturday"", ""Sunday""], ""opens"": ""00:00"", ""closes"": ""23:59""}]",,official_json_ld
gb_9ad66cf03d,PureGym,PureGym Livingston Gym,Livingston Gym,Almondvale Business Park,EH54 6GA,Livingston,United Kingdom,Scotland,55.88050079345703,-3.5257999897003174,READY_TO_IMPORT,VERIFIED_CURRENT,,official_json_ld,https://www.puregym.com/gyms/livingston/,https://www.puregym.com/gyms/livingston/,"[{""@type"": ""OpeningHoursSpecification"", ""dayOfWeek"": [""Monday"", ""Tuesday"", ""Wednesday"", ""Thursday"", ""Friday"", ""Saturday"", ""Sunday""], ""opens"": ""00:00"", ""closes"": ""23:59""}]",,official_json_ld
gb_173bfacbdf,PureGym,PureGym Dagenham Gym,Dagenham Gym,Dagenham,RM9 6SJ,London,United Kingdom,England,51.530704498291016,0.1463650017976761,READY_TO_IMPORT,VERIFIED_CURRENT,,official_json_ld,https://www.puregym.com/gyms/dagenham/,https://www.puregym.com/gyms/dagenham/,"[{""@type"": ""OpeningHoursSpecification"", ""dayOfWeek"": [""Monday"", ""Tuesday"", ""Wednesday"", ""Thursday"", ""Friday"", ""Saturday"", ""Sunday""], ""opens"": ""00:00"", ""closes"": ""23:59""}]",,official_json_ld
gb_82466fecaf,PureGym,PureGym London Acton Gym,London Acton Gym,Acton,W3 9QU,London,United Kingdom,England,51.508201599121094,-0.27790001034736633,READY_TO_IMPORT,VERIFIED_CURRENT,,official_json_ld,https://www.puregym.com/gyms/london-acton/,https://www.puregym.com/gyms/london-acton/,,,official_json_ld
gb_69e78b191d,PureGym,PureGym London Aldgate Gym,London Aldgate Gym,141 Houndsditch,EC3A 7DH,London,United Kingdom,England,51.514671325683594,-0.07624500244855881,READY_TO_IMPORT,VERIFIED_CURRENT,,official_json_ld,https://www.puregym.com/gyms/london-aldgate/,https://www.puregym.com/gyms/london-aldgate/,,,official_json_ld
gb_2a86ae58e2,PureGym,PureGym London Angel Gym,London Angel Gym,Angel,N1 0QH,London,United Kingdom,England,51.535980224609375,-0.10520999878644943,READY_TO_IMPORT,VERIFIED_CURRENT,,official_json_ld,https://www.puregym.com/gyms/london-angel/,https://www.puregym.com/gyms/london-angel/,,,official_json_ld
gb_74f3447485,PureGym,PureGym London Bayswater Gym,London Bayswater Gym,6 Moscow Place,W2 4AP,London,United Kingdom,England,,,COMING_SOON,COMING_SOON,,official_json_ld,https://www.puregym.com/gyms/london-bayswater/,https://www.puregym.com/gyms/london-bayswater/,,,official_json_ld; coming_soon_copy
gb_d3b3a82c22,PureGym,PureGym London Beckton Gym,London Beckton Gym,Gallions Reach Shopping Park,E6 7ER,London,United Kingdom,England,51.51055145263672,0.07670000195503235,READY_TO_IMPORT,VERIFIED_CURRENT,,official_json_ld,https://www.puregym.com/gyms/london-beckton/,https://www.puregym.com/gyms/london-beckton/,"[{""@type"": ""OpeningHoursSpecification"", ""dayOfWeek"": [""Monday"", ""Tuesday"", ""Wednesday"", ""Thursday"", ""Friday"", ""Saturday"", ""Sunday""], ""opens"": ""00:00"", ""closes"": ""23:59""}]",,official_json_ld
gb_6cb646b2a8,PureGym,PureGym London Bermondsey Gym,London Bermondsey Gym,100 Drummond Road,SE16 4DG,London,United Kingdom,England,51.49420166015625,-0.06279999762773514,READY_TO_IMPORT,VERIFIED_CURRENT,,official_json_ld,https://www.puregym.com/gyms/london-bermondsey/,https://www.puregym.com/gyms/london-bermondsey/,"[{""@type"": ""OpeningHoursSpecification"", ""dayOfWeek"": [""Monday"", ""Tuesday"", ""Wednesday"", ""Thursday"", ""Friday"", ""Saturday"", ""Sunday""], ""opens"": ""00:00"", ""closes"": ""23:59""}]",,official_json_ld
gb_402d01ca03,PureGym,PureGym London Bethnal Green Gym,London Bethnal Green Gym,229 Cambridge Heath Road,E2 0EL,London,United Kingdom,England,51.525203704833984,-0.055452000349760056,READY_TO_IMPORT,VERIFIED_CURRENT,,official_json_ld,https://www.puregym.com/gyms/london-bethnal-green/,https://www.puregym.com/gyms/london-bethnal-green/,"[{""@type"": ""OpeningHoursSpecification"", ""dayOfWeek"": [""Monday"", ""Tuesday"", ""Wednesday"", ""Thursday"", ""Friday"", ""Saturday"", ""Sunday""], ""opens"": ""00:00"", ""closes"": ""23:59""}]",,official_json_ld
gb_27630b3c62,PureGym,PureGym London Borough Gym,London Borough Gym,Long Lane,SE1 4NA,London,United Kingdom,England,51.500728607177734,-0.09089100360870361,READY_TO_IMPORT,VERIFIED_CURRENT,,official_json_ld,https://www.puregym.com/gyms/london-borough/,https://www.puregym.com/gyms/london-borough/,,,official_json_ld
gb_c2cd028f97,PureGym,PureGym London Bow Wharf Gym,London Bow Wharf Gym,Bow,E3 5SN,London,United Kingdom,England,51.5322151184082,-0.04155699908733368,READY_TO_IMPORT,VERIFIED_CURRENT,,official_json_ld,https://www.puregym.com/gyms/london-bow-wharf/,https://www.puregym.com/gyms/london-bow-wharf/,"[{""@type"": ""OpeningHoursSpecification"", ""dayOfWeek"": [""Monday"", ""Tuesday"", ""Wednesday"", ""Thursday"", ""Friday"", ""Saturday"", ""Sunday""], ""opens"": ""00:00"", ""closes"": ""23:59""}]",,official_json_ld
gb_ab015835ad,PureGym,PureGym London Camberwell New Road Gym,London Camberwell New Road Gym,Camberwell New Road,SE5 0TF,London,United Kingdom,England,51.47454071044922,-0.09412100166082382,READY_TO_IMPORT,VERIFIED_CURRENT,,official_json_ld,https://www.puregym.com/gyms/london-camberwell-new-road/,https://www.puregym.com/gyms/london-camberwell-new-road/,"[{""@type"": ""OpeningHoursSpecification"", ""dayOfWeek"": [""Monday"", ""Tuesday"", ""Wednesday"", ""Thursday"", ""Friday"", ""Saturday"", ""Sunday""], ""opens"": ""00:00"", ""closes"": ""23:59""}]",,official_json_ld
gb_483121b146,PureGym,PureGym London Camberwell Southampton Way Gym,London Camberwell Southampton Way Gym,191-199 Southampton Way,SE5 7EJ,London,United Kingdom,England,,,COMING_SOON,COMING_SOON,,official_json_ld,https://www.puregym.com/gyms/london-camberwell-southampton-way/,https://www.puregym.com/gyms/london-camberwell-southampton-way/,"[{""@type"": ""OpeningHoursSpecification"", ""dayOfWeek"": [""Monday"", ""Tuesday"", ""Wednesday"", ""Thursday"", ""Friday"", ""Saturday"", ""Sunday""], ""opens"": ""00:00"", ""closes"": ""23:59""}]",,official_json_ld; coming_soon_copy
gb_6b414a3a48,PureGym,PureGym London Camden High Street Gym,London Camden High Street Gym,Camden,NW1 0LT,London,United Kingdom,England,51.536556243896484,-0.14029699563980103,READY_TO_IMPORT,VERIFIED_CURRENT,,official_json_ld,https://www.puregym.com/gyms/london-camden-high-street/,https://www.puregym.com/gyms/london-camden-high-street/,"[{""@type"": ""OpeningHoursSpecification"", ""dayOfWeek"": [""Monday"", ""Tuesday"", ""Wednesday"", ""Thursday"", ""Friday"", ""Saturday"", ""Sunday""], ""opens"": ""00:00"", ""closes"": ""23:59""}]",,official_json_ld
gb_08d5817a5c,PureGym,PureGym London Canary Wharf Gym,London Canary Wharf Gym,West India Quay,E14 4AN,London,United Kingdom,England,51.50790023803711,-0.02290000021457672,READY_TO_IMPORT,VERIFIED_CURRENT,,official_json_ld,https://www.puregym.com/gyms/london-canary-wharf/,https://www.puregym.com/gyms/london-canary-wharf/,"[{""@type"": ""OpeningHoursSpecification"", ""dayOfWeek"": [""Monday"", ""Tuesday"", ""Wednesday"", ""Thursday"", ""Friday"", ""Saturday"", ""Sunday""], ""opens"": ""00:00"", ""closes"": ""23:59""}]",,official_json_ld
gb_5d0f58208d,PureGym,PureGym London Catford Rushey Green Gym,London Catford Rushey Green Gym,Catford,SE6 4HW,London,United Kingdom,England,51.44723129272461,-0.018769999966025352,READY_TO_IMPORT,VERIFIED_CURRENT,,official_json_ld,https://www.puregym.com/gyms/london-catford-rushey-green/,https://www.puregym.com/gyms/london-catford-rushey-green/,"[{""@type"": ""OpeningHoursSpecification"", ""dayOfWeek"": [""Monday"", ""Tuesday"", ""Wednesday"", ""Thursday"", ""Friday"", ""Saturday"", ""Sunday""], ""opens"": ""00:00"", ""closes"": ""23:59""}]",,official_json_ld
gb_0503b2c246,PureGym,PureGym London Charlton Gym,London Charlton Gym,Charlton,SE7 7SA,London,United Kingdom,England,,,COMING_SOON,COMING_SOON,,official_json_ld,https://www.puregym.com/gyms/london-charlton/,https://www.puregym.com/gyms/london-charlton/,"[{""@type"": ""OpeningHoursSpecification"", ""dayOfWeek"": [""Monday"", ""Tuesday"", ""Wednesday"", ""Thursday"", ""Friday"", ""Saturday"", ""Sunday""], ""opens"": ""00:00"", ""closes"": ""23:59""}]",,official_json_ld; coming_soon_copy
gb_8e0edcde72,PureGym,PureGym London Chiswick Park Gym,London Chiswick Park Gym,Chiswick,W4 5AG,London,United Kingdom,England,51.493186950683594,-0.2700670063495636,READY_TO_IMPORT,VERIFIED_CURRENT,,official_json_ld,https://www.puregym.com/gyms/london-chiswick-park/,https://www.puregym.com/gyms/london-chiswick-park/,,,official_json_ld
gb_98115f87c8,PureGym,PureGym London Clapham Gym,London Clapham Gym,95-97 Clapham High Street,SW4 7TB,London,United Kingdom,England,51.463077545166016,-0.13407500088214874,READY_TO_IMPORT,VERIFIED_CURRENT,,official_json_ld,https://www.puregym.com/gyms/london-clapham/,https://www.puregym.com/gyms/london-clapham/,"[{""@type"": ""OpeningHoursSpecification"", ""dayOfWeek"": [""Monday"", ""Tuesday"", ""Wednesday"", ""Thursday"", ""Friday"", ""Saturday"", ""Sunday""], ""opens"": ""00:00"", ""closes"": ""23:59""}]",,official_json_ld
gb_7ea306c20d,PureGym,PureGym London Cricklewood Gym,London Cricklewood Gym,London,NW2 6NX,London,United Kingdom,England,,,COMING_SOON,COMING_SOON,,official_json_ld,https://www.puregym.com/gyms/london-cricklewood/,https://www.puregym.com/gyms/london-cricklewood/,,,official_json_ld; coming_soon_copy
gb_fba88f1290,PureGym,PureGym London Crouch End Gym,London Crouch End Gym,Tottenham Lane,N8 9BT,London,United Kingdom,England,51.58186721801758,-0.12029799818992615,READY_TO_IMPORT,VERIFIED_CURRENT,,official_json_ld,https://www.puregym.com/gyms/london-crouch-end/,https://www.puregym.com/gyms/london-crouch-end/,"[{""@type"": ""OpeningHoursSpecification"", ""dayOfWeek"": [""Monday"", ""Tuesday"", ""Wednesday"", ""Thursday"", ""Friday"", ""Saturday"", ""Sunday""], ""opens"": ""00:00"", ""closes"": ""23:59""}]",,official_json_ld
gb_b23c5616f5,PureGym,PureGym London Croydon Gym,London Croydon Gym,Croydon,CR0 1TB,London,United Kingdom,England,,,COMING_SOON,COMING_SOON,,official_json_ld,https://www.puregym.com/gyms/london-croydon/,https://www.puregym.com/gyms/london-croydon/,"[{""@type"": ""OpeningHoursSpecification"", ""dayOfWeek"": [""Monday"", ""Tuesday"", ""Wednesday"", ""Thursday"", ""Friday"", ""Saturday"", ""Sunday""], ""opens"": ""00:00"", ""closes"": ""23:59""}]",,official_json_ld; coming_soon_copy
gb_43bda11a11,PureGym,PureGym London Dalston Gym,London Dalston Gym,Dalston Works,E8 2FR,London,United Kingdom,England,51.547462463378906,-0.07030099630355835,READY_TO_IMPORT,VERIFIED_CURRENT,,official_json_ld,https://www.puregym.com/gyms/london-dalston/,https://www.puregym.com/gyms/london-dalston/,"[{""@type"": ""OpeningHoursSpecification"", ""dayOfWeek"": [""Monday"", ""Tuesday"", ""Wednesday"", ""Thursday"", ""Friday"", ""Saturday"", ""Sunday""], ""opens"": ""00:00"", ""closes"": ""23:59""}]",,official_json_ld
gb_cc98a7f8a2,PureGym,PureGym London Ealing Broadway Gym,London Ealing Broadway Gym,Ealing,W5 5JY,London,United Kingdom,England,51.514034271240234,-0.30232301354408264,READY_TO_IMPORT,VERIFIED_CURRENT,,official_json_ld,https://www.puregym.com/gyms/london-ealing-broadway/,https://www.puregym.com/gyms/london-ealing-broadway/,,,official_json_ld
gb_605517eaa9,PureGym,PureGym London East India Dock Gym,London East India Dock Gym,Republic,E14 2BE,London,United Kingdom,England,51.51021957397461,-0.004854000173509121,READY_TO_IMPORT,VERIFIED_CURRENT,,official_json_ld,https://www.puregym.com/gyms/london-east-india-dock/,https://www.puregym.com/gyms/london-east-india-dock/,"[{""@type"": ""OpeningHoursSpecification"", ""dayOfWeek"": [""Monday"", ""Tuesday"", ""Wednesday"", ""Thursday"", ""Friday"", ""Saturday"", ""Sunday""], ""opens"": ""00:00"", ""closes"": ""23:59""}]",,official_json_ld
gb_31b15ea200,PureGym,PureGym London East Sheen Gym,London East Sheen Gym,172-176 Upper Richmond Road West,SW14 8AW,London,United Kingdom,England,51.4651985168457,-0.26246199011802673,READY_TO_IMPORT,VERIFIED_CURRENT,,official_json_ld,https://www.puregym.com/gyms/london-east-sheen/,https://www.puregym.com/gyms/london-east-sheen/,,,official_json_ld
gb_c89117c9f2,PureGym,PureGym London Edgware Gym,London Edgware Gym,Edgware,HA8 7JG,London,United Kingdom,England,51.613182067871094,-0.27697399258613586,READY_TO_IMPORT,VERIFIED_CURRENT,,official_json_ld,https://www.puregym.com/gyms/london-edgware/,https://www.puregym.com/gyms/london-edgware/,,,official_json_ld
gb_85796b3184,PureGym,PureGym London Farringdon Gym,London Farringdon Gym,122 Clerkenwell Road,EC1R 5DL,London,United Kingdom,England,51.52199935913086,-0.1102600023150444,READY_TO_IMPORT,VERIFIED_CURRENT,,official_json_ld,https://www.puregym.com/gyms/london-farringdon/,https://www.puregym.com/gyms/london-farringdon/,,,official_json_ld
gb_46c7d7246d,PureGym,PureGym London Finchley Gym,London Finchley Gym,Finchley,N3 2TA,London,United Kingdom,England,51.59479904174805,-0.18610000610351562,READY_TO_IMPORT,VERIFIED_CURRENT,,official_json_ld,https://www.puregym.com/gyms/london-finchley/,https://www.puregym.com/gyms/london-finchley/,"[{""@type"": ""OpeningHoursSpecification"", ""dayOfWeek"": [""Monday"", ""Tuesday"", ""Wednesday"", ""Thursday"", ""Friday"", ""Saturday"", ""Sunday""], ""opens"": ""00:00"", ""closes"": ""23:59""}]",,official_json_ld
gb_4e3ed52ae6,PureGym,PureGym London Finsbury Park Gym,London Finsbury Park Gym,Islington,N7 7JR,London,United Kingdom,England,51.5619010925293,-0.10790000110864639,READY_TO_IMPORT,VERIFIED_CURRENT,,official_json_ld,https://www.puregym.com/gyms/london-finsbury-park/,https://www.puregym.com/gyms/london-finsbury-park/,"[{""@type"": ""OpeningHoursSpecification"", ""dayOfWeek"": [""Monday"", ""Tuesday"", ""Wednesday"", ""Thursday"", ""Friday"", ""Saturday"", ""Sunday""], ""opens"": ""00:00"", ""closes"": ""23:59""}]",,official_json_ld
gb_26578b22e1,PureGym,PureGym London Fulham Gym,London Fulham Gym,Fulham Place,SW6 1BE,London,United Kingdom,England,51.4804801940918,-0.19766999781131744,READY_TO_IMPORT,VERIFIED_CURRENT,,official_json_ld,https://www.puregym.com/gyms/london-fulham/,https://www.puregym.com/gyms/london-fulham/,"[{""@type"": ""OpeningHoursSpecification"", ""dayOfWeek"": [""Monday"", ""Tuesday"", ""Wednesday"", ""Thursday"", ""Friday"", ""Saturday"", ""Sunday""], ""opens"": ""00:00"", ""closes"": ""23:59""}]",,official_json_ld
gb_61f2242e2f,PureGym,PureGym London Greenwich Gym,London Greenwich Gym,Greenwich,SE10 8JL,London,United Kingdom,England,51.476200103759766,-0.018400000408291817,READY_TO_IMPORT,VERIFIED_CURRENT,,official_json_ld,https://www.puregym.com/gyms/london-greenwich/,https://www.puregym.com/gyms/london-greenwich/,"[{""@type"": ""OpeningHoursSpecification"", ""dayOfWeek"": [""Monday"", ""Tuesday"", ""Wednesday"", ""Thursday"", ""Friday"", ""Saturday"", ""Sunday""], ""opens"": ""00:00"", ""closes"": ""23:59""}]",,official_json_ld
gb_5084d1e939,PureGym,PureGym London Greenwich Movement Gym,London Greenwich Movement Gym,6 Lovibond Lane Off Norman Road,SE10 9FY,London,United Kingdom,England,51.47725296020508,-0.01668200083076954,READY_TO_IMPORT,VERIFIED_CURRENT,,official_json_ld,https://www.puregym.com/gyms/greenwich-movement/,https://www.puregym.com/gyms/greenwich-movement/,,,official_json_ld
gb_ac4d58ac25,PureGym,PureGym London Hammersmith Palais Gym,London Hammersmith Palais Gym,242 Shepherds Bush Road,W6 7NL,London,United Kingdom,England,51.4940299987793,-0.22413699328899384,READY_TO_IMPORT,VERIFIED_CURRENT,,official_json_ld,https://www.puregym.com/gyms/london-hammersmith-palais/,https://www.puregym.com/gyms/london-hammersmith-palais/,"[{""@type"": ""OpeningHoursSpecification"", ""dayOfWeek"": [""Monday"", ""Tuesday"", ""Wednesday"", ""Thursday"", ""Friday"", ""Saturday"", ""Sunday""], ""opens"": ""00:00"", ""closes"": ""23:59""}]",,official_json_ld
gb_0357a72239,PureGym,PureGym London Holborn Gym,London Holborn Gym,84 Theobalds Road,WC1X 8RW,London,United Kingdom,England,51.520599365234375,-0.11810000240802765,READY_TO_IMPORT,VERIFIED_CURRENT,,official_json_ld,https://www.puregym.com/gyms/london-holborn/,https://www.puregym.com/gyms/london-holborn/,"[{""@type"": ""OpeningHoursSpecification"", ""dayOfWeek"": [""Monday"", ""Tuesday"", ""Wednesday"", ""Thursday"", ""Friday"", ""Saturday"", ""Sunday""], ""opens"": ""00:00"", ""closes"": ""23:59""}]",,official_json_ld
gb_76cb8064fb,PureGym,PureGym London Holloway Road Gym,London Holloway Road Gym,Mercers Road,N19 4PJ,London,United Kingdom,England,51.559600830078125,-0.12349999696016312,READY_TO_IMPORT,VERIFIED_CURRENT,,official_json_ld,https://www.puregym.com/gyms/london-holloway-road/,https://www.puregym.com/gyms/london-holloway-road/,,,official_json_ld
gb_907bb11ed4,PureGym,PureGym London Hoxton Gym,London Hoxton Gym,Cremer Street,E2 8GX,London,United Kingdom,England,51.530731201171875,-0.07476899772882462,READY_TO_IMPORT,VERIFIED_CURRENT,,official_json_ld,https://www.puregym.com/gyms/london-hoxton/,https://www.puregym.com/gyms/london-hoxton/,"[{""@type"": ""OpeningHoursSpecification"", ""dayOfWeek"": [""Monday"", ""Tuesday"", ""Wednesday"", ""Thursday"", ""Friday"", ""Saturday"", ""Sunday""], ""opens"": ""00:00"", ""closes"": ""23:59""}]",,official_json_ld
gb_4734aa0cd7,PureGym,PureGym London Kensington High Street Gym,London Kensington High Street Gym,11 Phillimore Walk,W8 7SA,London,United Kingdom,England,51.5000114440918,-0.1964689940214157,READY_TO_IMPORT,VERIFIED_CURRENT,,official_json_ld,https://www.puregym.com/gyms/london-kensington-high-street/,https://www.puregym.com/gyms/london-kensington-high-street/,"[{""@type"": ""OpeningHoursSpecification"", ""dayOfWeek"": [""Monday"", ""Tuesday"", ""Wednesday"", ""Thursday"", ""Friday"", ""Saturday"", ""Sunday""], ""opens"": ""00:00"", ""closes"": ""23:59""}]",,official_json_ld
gb_67e44c8154,PureGym,PureGym London Kentish Town Gym,London Kentish Town Gym,217-223 Kentish Town Rd,NW5 2JU,London,United Kingdom,England,51.547542572021484,-0.14170999825000763,READY_TO_IMPORT,VERIFIED_CURRENT,,official_json_ld,https://www.puregym.com/gyms/london-kentish-town/,https://www.puregym.com/gyms/london-kentish-town/,"[{""@type"": ""OpeningHoursSpecification"", ""dayOfWeek"": [""Monday"", ""Tuesday"", ""Wednesday"", ""Thursday"", ""Friday"", ""Saturday"", ""Sunday""], ""opens"": ""00:00"", ""closes"": ""23:59""}]",,official_json_ld
gb_90afabe538,PureGym,PureGym London Kidbrooke Village Gym,London Kidbrooke Village Gym,303 Kidbrooke Park Road,SE3 9GN,London,United Kingdom,England,51.46189880371094,0.026374999433755875,READY_TO_IMPORT,VERIFIED_CURRENT,,official_json_ld,https://www.puregym.com/gyms/london-kidbrooke-village/,https://www.puregym.com/gyms/london-kidbrooke-village/,,,official_json_ld
gb_971da24f91,PureGym,PureGym London Lambeth Gym,London Lambeth Gym,Borough of Lambeth,SW8 2JU,London,United Kingdom,England,51.475799560546875,-0.13130000233650208,READY_TO_IMPORT,VERIFIED_CURRENT,,official_json_ld,https://www.puregym.com/gyms/london-lambeth/,https://www.puregym.com/gyms/london-lambeth/,"[{""@type"": ""OpeningHoursSpecification"", ""dayOfWeek"": [""Monday"", ""Tuesday"", ""Wednesday"", ""Thursday"", ""Friday"", ""Saturday"", ""Sunday""], ""opens"": ""00:00"", ""closes"": ""23:59""}]",,official_json_ld
gb_c4dc07b858,PureGym,PureGym London Lewisham Gym,London Lewisham Gym,Lewisham,SE13 5JX,London,United Kingdom,England,51.46267318725586,-0.009519999846816063,READY_TO_IMPORT,VERIFIED_CURRENT,,official_json_ld,https://www.puregym.com/gyms/london-lewisham/,https://www.puregym.com/gyms/london-lewisham/,"[{""@type"": ""OpeningHoursSpecification"", ""dayOfWeek"": [""Monday"", ""Tuesday"", ""Wednesday"", ""Thursday"", ""Friday"", ""Saturday"", ""Sunday""], ""opens"": ""00:00"", ""closes"": ""23:59""}]",,official_json_ld
gb_d4cdbb7e88,PureGym,PureGym London Leytonstone Gym,London Leytonstone Gym,Leytonstone,E11 3DA,London,United Kingdom,England,51.56744384765625,0.010898999869823456,READY_TO_IMPORT,VERIFIED_CURRENT,,official_json_ld,https://www.puregym.com/gyms/london-leytonstone/,https://www.puregym.com/gyms/london-leytonstone/,"[{""@type"": ""OpeningHoursSpecification"", ""dayOfWeek"": [""Monday"", ""Tuesday"", ""Wednesday"", ""Thursday"", ""Friday"", ""Saturday"", ""Sunday""], ""opens"": ""00:00"", ""closes"": ""23:59""}]",,official_json_ld
gb_1d7e3353e0,PureGym,PureGym London Limehouse Gym,London Limehouse Gym,Zenith Buildings,E14 7LB,London,United Kingdom,England,51.512325286865234,-0.0369580015540123,READY_TO_IMPORT,VERIFIED_CURRENT,,official_json_ld,https://www.puregym.com/gyms/london-limehouse/,https://www.puregym.com/gyms/london-limehouse/,"[{""@type"": ""OpeningHoursSpecification"", ""dayOfWeek"": [""Monday"", ""Tuesday"", ""Wednesday"", ""Thursday"", ""Friday"", ""Saturday"", ""Sunday""], ""opens"": ""00:00"", ""closes"": ""23:59""}]",,official_json_ld
gb_c746a9ec18,PureGym,PureGym London Marylebone Gym,London Marylebone Gym,7 Balcombe Street,NW1 6NA,London,United Kingdom,England,51.522098541259766,-0.16120000183582306,READY_TO_IMPORT,VERIFIED_CURRENT,,official_json_ld,https://www.puregym.com/gyms/london-marylebone/,https://www.puregym.com/gyms/london-marylebone/,,,official_json_ld
gb_51fc848d50,PureGym,PureGym London Monument Gym,London Monument Gym,68 King William Street,EC4N 7HR,London,United Kingdom,England,51.51121520996094,-0.08661700040102005,READY_TO_IMPORT,VERIFIED_CURRENT,,official_json_ld,https://www.puregym.com/gyms/london-monument/,https://www.puregym.com/gyms/london-monument/,"[{""@type"": ""OpeningHoursSpecification"", ""dayOfWeek"": [""Monday"", ""Tuesday"", ""Wednesday"", ""Thursday"", ""Friday"", ""Saturday"", ""Sunday""], ""opens"": ""00:00"", ""closes"": ""23:59""}]",,official_json_ld
gb_7dbd7af586,PureGym,PureGym London Moorgate Gym,London Moorgate Gym,48 London Wall,EC2M 5QB,London,United Kingdom,England,51.51689910888672,-0.08810000121593475,READY_TO_IMPORT,VERIFIED_CURRENT,,official_json_ld,https://www.puregym.com/gyms/london-moorgate/,https://www.puregym.com/gyms/london-moorgate/,,,official_json_ld
gb_c8597aaa15,PureGym,PureGym London Muswell Hill Gym,London Muswell Hill Gym,Hillfield Park,N10 3PJ,London,United Kingdom,England,51.59049987792969,-0.14139999449253082,READY_TO_IMPORT,VERIFIED_CURRENT,,official_json_ld,https://www.puregym.com/gyms/london-muswell-hill/,https://www.puregym.com/gyms/london-muswell-hill/,"[{""@type"": ""OpeningHoursSpecification"", ""dayOfWeek"": [""Monday"", ""Tuesday"", ""Wednesday"", ""Thursday"", ""Friday"", ""Saturday"", ""Sunday""], ""opens"": ""00:00"", ""closes"": ""23:59""}]",,official_json_ld
gb_20433f9439,PureGym,PureGym London North Finchley Gym,London North Finchley Gym,North Finchley,N12 0GA,London,United Kingdom,England,51.61289978027344,-0.17669999599456787,READY_TO_IMPORT,VERIFIED_CURRENT,,official_json_ld,https://www.puregym.com/gyms/london-north-finchley/,https://www.puregym.com/gyms/london-north-finchley/,"[{""@type"": ""OpeningHoursSpecification"", ""dayOfWeek"": [""Monday"", ""Tuesday"", ""Wednesday"", ""Thursday"", ""Friday"", ""Saturday"", ""Sunday""], ""opens"": ""00:00"", ""closes"": ""23:59""}]",,official_json_ld
gb_3a898bb965,PureGym,PureGym London Orpington Central Gym,London Orpington Central Gym,The Walnuts Shopping Centre,BR6 0TW,London,United Kingdom,England,51.37678527832031,0.10159700363874435,READY_TO_IMPORT,VERIFIED_CURRENT,,official_json_ld,https://www.puregym.com/gyms/london-orpington-central/,https://www.puregym.com/gyms/london-orpington-central/,"[{""@type"": ""OpeningHoursSpecification"", ""dayOfWeek"": [""Monday"", ""Tuesday"", ""Wednesday"", ""Thursday"", ""Friday"", ""Saturday"", ""Sunday""], ""opens"": ""00:00"", ""closes"": ""23:59""}]",,official_json_ld
gb_b835b812ac,PureGym,PureGym London Oval Gym,London Oval Gym,"Units 4, 4A, 5 And 5A",SW9 6DE,London,United Kingdom,England,51.48040008544922,-0.1102520003914833,READY_TO_IMPORT,VERIFIED_CURRENT,,official_json_ld,https://www.puregym.com/gyms/london-oval/,https://www.puregym.com/gyms/london-oval/,"[{""@type"": ""OpeningHoursSpecification"", ""dayOfWeek"": [""Monday"", ""Tuesday"", ""Wednesday"", ""Thursday"", ""Friday"", ""Saturday"", ""Sunday""], ""opens"": ""00:00"", ""closes"": ""23:59""}]",,official_json_ld
gb_9e82a9618e,PureGym,PureGym London Paddington Gym,London Paddington Gym,London,W2 6EZ,London,United Kingdom,England,,,COMING_SOON,COMING_SOON,,official_json_ld,https://www.puregym.com/gyms/london-paddington/,https://www.puregym.com/gyms/london-paddington/,,,official_json_ld; coming_soon_copy
gb_9d086a8c81,PureGym,PureGym London Palmers Green Gym,London Palmers Green Gym,Green Lanes,N13 4JD,London,United Kingdom,England,51.62082290649414,-0.10618799924850464,READY_TO_IMPORT,VERIFIED_CURRENT,,official_json_ld,https://www.puregym.com/gyms/london-palmers-green/,https://www.puregym.com/gyms/london-palmers-green/,"[{""@type"": ""OpeningHoursSpecification"", ""dayOfWeek"": [""Monday"", ""Tuesday"", ""Wednesday"", ""Thursday"", ""Friday"", ""Saturday"", ""Sunday""], ""opens"": ""00:00"", ""closes"": ""23:59""}]",,official_json_ld
gb_a31dde4252,PureGym,PureGym London Park Royal Gym,London Park Royal Gym,Western Ave,W3 0PA,London,United Kingdom,England,51.525325775146484,-0.28132399916648865,READY_TO_IMPORT,VERIFIED_CURRENT,,official_json_ld,https://www.puregym.com/gyms/london-park-royal/,https://www.puregym.com/gyms/london-park-royal/,"[{""@type"": ""OpeningHoursSpecification"", ""dayOfWeek"": [""Monday"", ""Tuesday"", ""Wednesday"", ""Thursday"", ""Friday"", ""Saturday"", ""Sunday""], ""opens"": ""00:00"", ""closes"": ""23:59""}]",,official_json_ld
gb_382397961e,PureGym,PureGym London Piccadilly Gym,London Piccadilly Gym,4-12 Regent Street,SW1Y 4PE,London,United Kingdom,England,51.50849914550781,-0.133200004696846,READY_TO_IMPORT,VERIFIED_CURRENT,,official_json_ld,https://www.puregym.com/gyms/london-piccadilly/,https://www.puregym.com/gyms/london-piccadilly/,"[{""@type"": ""OpeningHoursSpecification"", ""dayOfWeek"": [""Monday"", ""Tuesday"", ""Wednesday"", ""Thursday"", ""Friday"", ""Saturday"", ""Sunday""], ""opens"": ""00:00"", ""closes"": ""23:59""}]",,official_json_ld
gb_ec2def5821,PureGym,PureGym London Putney Gym,London Putney Gym,154-160 Upper Richmond Road,SW15 2SW,london,United Kingdom,England,51.460201263427734,-0.2134999930858612,READY_TO_IMPORT,VERIFIED_CURRENT,,official_json_ld,https://www.puregym.com/gyms/london-putney/,https://www.puregym.com/gyms/london-putney/,,,official_json_ld
gb_65f517acd4,PureGym,PureGym London Seven Sisters Gym,London Seven Sisters Gym,Seven Sisters Road,N15 5JT,London,United Kingdom,England,51.58256912231445,-0.07296399772167206,READY_TO_IMPORT,VERIFIED_CURRENT,,official_json_ld,https://www.puregym.com/gyms/london-seven-sisters/,https://www.puregym.com/gyms/london-seven-sisters/,"[{""@type"": ""OpeningHoursSpecification"", ""dayOfWeek"": [""Monday"", ""Tuesday"", ""Wednesday"", ""Thursday"", ""Friday"", ""Saturday"", ""Sunday""], ""opens"": ""00:00"", ""closes"": ""23:59""}]",,official_json_ld
gb_2bcfc6d231,PureGym,PureGym London Shoreditch Gym,London Shoreditch Gym,8 Bacon Street,E1 6LF,London,United Kingdom,England,51.52363967895508,-0.07220800220966339,READY_TO_IMPORT,VERIFIED_CURRENT,,official_json_ld,https://www.puregym.com/gyms/london-shoreditch/,https://www.puregym.com/gyms/london-shoreditch/,"[{""@type"": ""OpeningHoursSpecification"", ""dayOfWeek"": [""Monday"", ""Tuesday"", ""Wednesday"", ""Thursday"", ""Friday"", ""Saturday"", ""Sunday""], ""opens"": ""00:00"", ""closes"": ""23:59""}]",,official_json_ld
gb_5e81b34c4f,PureGym,PureGym London Southgate Gym,London Southgate Gym,Southgate,N14 6AA,London,United Kingdom,England,51.63309860229492,-0.12680000066757202,READY_TO_IMPORT,VERIFIED_CURRENT,,official_json_ld,https://www.puregym.com/gyms/london-southgate/,https://www.puregym.com/gyms/london-southgate/,"[{""@type"": ""OpeningHoursSpecification"", ""dayOfWeek"": [""Monday"", ""Tuesday"", ""Wednesday"", ""Thursday"", ""Friday"", ""Saturday"", ""Sunday""], ""opens"": ""00:00"", ""closes"": ""23:59""}]",,official_json_ld
gb_494e6c6418,PureGym,PureGym London St Pauls Gym,London St Pauls Gym,St. Paul's,EC1A 7DH,London,United Kingdom,England,51.517127990722656,-0.09849099814891815,READY_TO_IMPORT,VERIFIED_CURRENT,,official_json_ld,https://www.puregym.com/gyms/london-st-pauls/,https://www.puregym.com/gyms/london-st-pauls/,"[{""@type"": ""OpeningHoursSpecification"", ""dayOfWeek"": [""Monday"", ""Tuesday"", ""Wednesday"", ""Thursday"", ""Friday"", ""Saturday"", ""Sunday""], ""opens"": ""00:00"", ""closes"": ""23:59""}]",,official_json_ld
gb_00689429a3,PureGym,PureGym London Stratford Gym,London Stratford Gym,Stratford Centre,E15 1XQ,London,United Kingdom,England,51.542320251464844,0.0007769999792799354,READY_TO_IMPORT,VERIFIED_CURRENT,,official_json_ld,https://www.puregym.com/gyms/london-stratford/,https://www.puregym.com/gyms/london-stratford/,"[{""@type"": ""OpeningHoursSpecification"", ""dayOfWeek"": [""Monday"", ""Tuesday"", ""Wednesday"", ""Thursday"", ""Friday"", ""Saturday"", ""Sunday""], ""opens"": ""00:00"", ""closes"": ""23:59""}]",,official_json_ld
gb_d344152331,PureGym,PureGym London Streatham Gym,London Streatham Gym,Streatham,SW16 1BW,London,United Kingdom,England,51.43376159667969,-0.1285099983215332,READY_TO_IMPORT,VERIFIED_CURRENT,,official_json_ld,https://www.puregym.com/gyms/london-streatham/,https://www.puregym.com/gyms/london-streatham/,"[{""@type"": ""OpeningHoursSpecification"", ""dayOfWeek"": [""Monday"", ""Tuesday"", ""Wednesday"", ""Thursday"", ""Friday"", ""Saturday"", ""Sunday""], ""opens"": ""00:00"", ""closes"": ""23:59""}]",,official_json_ld
gb_95b6aa8351,PureGym,PureGym London Swiss Cottage Gym,London Swiss Cottage Gym,South Hampstead,NW3 6LB,London,United Kingdom,England,51.545711517333984,-0.17866499722003937,READY_TO_IMPORT,VERIFIED_CURRENT,,official_json_ld,https://www.puregym.com/gyms/london-swiss-cottage/,https://www.puregym.com/gyms/london-swiss-cottage/,"[{""@type"": ""OpeningHoursSpecification"", ""dayOfWeek"": [""Monday"", ""Tuesday"", ""Wednesday"", ""Thursday"", ""Friday"", ""Saturday"", ""Sunday""], ""opens"": ""00:00"", ""closes"": ""23:59""}]",,official_json_ld
gb_6b6c19fed6,PureGym,PureGym London Sydenham Gym,London Sydenham Gym,291 Kirkdale,SE26 4QD,London,United Kingdom,England,51.42829895019531,-0.0568000003695488,READY_TO_IMPORT,VERIFIED_CURRENT,,official_json_ld,https://www.puregym.com/gyms/london-sydenham/,https://www.puregym.com/gyms/london-sydenham/,"[{""@type"": ""OpeningHoursSpecification"", ""dayOfWeek"": [""Monday"", ""Tuesday"", ""Wednesday"", ""Thursday"", ""Friday"", ""Saturday"", ""Sunday""], ""opens"": ""00:00"", ""closes"": ""23:59""}]",,official_json_ld
gb_e9321b004e,PureGym,PureGym London Tottenham Court Road Gym,London Tottenham Court Road Gym,145 Tottenham Court Road,W1T 7NE,London,United Kingdom,England,51.524105072021484,-0.13720199465751648,READY_TO_IMPORT,VERIFIED_CURRENT,,official_json_ld,https://www.puregym.com/gyms/london-tottenham-court-road/,https://www.puregym.com/gyms/london-tottenham-court-road/,"[{""@type"": ""OpeningHoursSpecification"", ""dayOfWeek"": [""Monday"", ""Tuesday"", ""Wednesday"", ""Thursday"", ""Friday"", ""Saturday"", ""Sunday""], ""opens"": ""00:00"", ""closes"": ""23:59""}]",,official_json_ld
gb_9211f44000,PureGym,PureGym London Tower Hill Gym,London Tower Hill Gym,Tower Hill,EC3N 2LB,London,United Kingdom,England,51.51149368286133,-0.07609499990940094,READY_TO_IMPORT,VERIFIED_CURRENT,,official_json_ld,https://www.puregym.com/gyms/london-tower-hill/,https://www.puregym.com/gyms/london-tower-hill/,,,official_json_ld
gb_40190b939c,PureGym,PureGym London Wandsworth Gym,London Wandsworth Gym,Wandsworth,SW18 4LD,London,United Kingdom,England,51.45690155029297,-0.19210000336170197,READY_TO_IMPORT,VERIFIED_CURRENT,,official_json_ld,https://www.puregym.com/gyms/london-wandsworth/,https://www.puregym.com/gyms/london-wandsworth/,"[{""@type"": ""OpeningHoursSpecification"", ""dayOfWeek"": [""Monday"", ""Tuesday"", ""Wednesday"", ""Thursday"", ""Friday"", ""Saturday"", ""Sunday""], ""opens"": ""00:00"", ""closes"": ""23:59""}]",,official_json_ld
gb_c2795086b8,PureGym,PureGym London Waterloo Gym,London Waterloo Gym,11-15 Brad Street,SE1 8TG,London,United Kingdom,England,51.50429153442383,-0.1090880036354065,READY_TO_IMPORT,VERIFIED_CURRENT,,official_json_ld,https://www.puregym.com/gyms/london-waterloo/,https://www.puregym.com/gyms/london-waterloo/,"[{""@type"": ""OpeningHoursSpecification"", ""dayOfWeek"": [""Monday"", ""Tuesday"", ""Wednesday"", ""Thursday"", ""Friday"", ""Saturday"", ""Sunday""], ""opens"": ""00:00"", ""closes"": ""23:59""}]",,official_json_ld
gb_bb01de770b,PureGym,PureGym London Whitechapel Gym,London Whitechapel Gym,Whitechapel,E1 1JG,London,United Kingdom,England,51.51743698120117,-0.06498800218105316,READY_TO_IMPORT,VERIFIED_CURRENT,,official_json_ld,https://www.puregym.com/gyms/london-whitechapel/,https://www.puregym.com/gyms/london-whitechapel/,"[{""@type"": ""OpeningHoursSpecification"", ""dayOfWeek"": [""Monday"", ""Tuesday"", ""Wednesday"", ""Thursday"", ""Friday"", ""Saturday"", ""Sunday""], ""opens"": ""00:00"", ""closes"": ""23:59""}]",,official_json_ld
gb_028372378e,PureGym,PureGym London Wimbledon Gym,London Wimbledon Gym,17-27 The Broadway,SW19 1PS,London,United Kingdom,England,51.42036437988281,-0.20553399622440338,READY_TO_IMPORT,VERIFIED_CURRENT,,official_json_ld,https://www.puregym.com/gyms/london-wimbledon/,https://www.puregym.com/gyms/london-wimbledon/,"[{""@type"": ""OpeningHoursSpecification"", ""dayOfWeek"": [""Monday"", ""Tuesday"", ""Wednesday"", ""Thursday"", ""Friday"", ""Saturday"", ""Sunday""], ""opens"": ""00:00"", ""closes"": ""23:59""}]",,official_json_ld
gb_fff73c7cab,PureGym,PureGym London Wood Green Gym,London Wood Green Gym,Wood Green,N22 6HE,London,United Kingdom,England,51.59446716308594,-0.10826899856328964,READY_TO_IMPORT,VERIFIED_CURRENT,,official_json_ld,https://www.puregym.com/gyms/london-wood-green/,https://www.puregym.com/gyms/london-wood-green/,"[{""@type"": ""OpeningHoursSpecification"", ""dayOfWeek"": [""Monday"", ""Tuesday"", ""Wednesday"", ""Thursday"", ""Friday"", ""Saturday"", ""Sunday""], ""opens"": ""00:00"", ""closes"": ""23:59""}]",,official_json_ld
gb_d02934cb00,PureGym,PureGym London Woolwich Gym,London Woolwich Gym,Plumstead Road,SE18 6FL,London,United Kingdom,England,51.49138641357422,0.07154799997806549,READY_TO_IMPORT,VERIFIED_CURRENT,,official_json_ld,https://www.puregym.com/gyms/london-woolwich/,https://www.puregym.com/gyms/london-woolwich/,,,official_json_ld
gb_a1988f16f8,PureGym,PureGym Thamesmead Gym,Thamesmead Gym,Unit C Cannon Retail Park,SE28 8RD,London,United Kingdom,England,51.506019592285156,0.1041169986128807,READY_TO_IMPORT,VERIFIED_CURRENT,,official_json_ld,https://www.puregym.com/gyms/thamesmead/,https://www.puregym.com/gyms/thamesmead/,"[{""@type"": ""OpeningHoursSpecification"", ""dayOfWeek"": [""Monday"", ""Tuesday"", ""Wednesday"", ""Thursday"", ""Friday"", ""Saturday"", ""Sunday""], ""opens"": ""00:00"", ""closes"": ""23:59""}]",,official_json_ld
gb_7b7d41f2e7,PureGym,PureGym Derry Londonderry Gym,Derry Londonderry Gym,Lesley Retail Park,BT48 7PW,Londonderry,United Kingdom,Northern Ireland,55.00559997558594,-7.321000099182129,READY_TO_IMPORT,VERIFIED_CURRENT,,official_json_ld,https://www.puregym.com/gyms/derry-londonderry/,https://www.puregym.com/gyms/derry-londonderry/,"[{""@type"": ""OpeningHoursSpecification"", ""dayOfWeek"": [""Monday"", ""Tuesday"", ""Wednesday"", ""Thursday"", ""Friday"", ""Saturday"", ""Sunday""], ""opens"": ""00:00"", ""closes"": ""23:59""}]",,official_json_ld
gb_59aa9fd4c8,PureGym,PureGym Loughborough Gym,Loughborough Gym,"Unit 4, The Rushes",LE11 5BG,Loughborough,United Kingdom,England,52.77421569824219,-1.2070519924163818,READY_TO_IMPORT,VERIFIED_CURRENT,,official_json_ld,https://www.puregym.com/gyms/loughborough/,https://www.puregym.com/gyms/loughborough/,"[{""@type"": ""OpeningHoursSpecification"", ""dayOfWeek"": [""Monday"", ""Tuesday"", ""Wednesday"", ""Thursday"", ""Friday"", ""Saturday"", ""Sunday""], ""opens"": ""00:00"", ""closes"": ""23:59""}]",,official_json_ld
gb_9339a054fb,PureGym,PureGym Dunstable Gym,Dunstable Gym,Skimpot Lane,LU4 0JB,Luton,United Kingdom,England,51.89057159423828,-0.48500099778175354,READY_TO_IMPORT,VERIFIED_CURRENT,,official_json_ld,https://www.puregym.com/gyms/dunstable/,https://www.puregym.com/gyms/dunstable/,"[{""@type"": ""OpeningHoursSpecification"", ""dayOfWeek"": [""Monday"", ""Tuesday"", ""Wednesday"", ""Thursday"", ""Friday"", ""Saturday"", ""Sunday""], ""opens"": ""00:00"", ""closes"": ""23:59""}]",,official_json_ld
gb_6e70e590d4,PureGym,PureGym Luton Retail Park Gym,Luton Retail Park Gym,Gypsy Lane,LU1 3JN,Luton,United Kingdom,England,,,COMING_SOON,COMING_SOON,,official_json_ld,https://www.puregym.com/gyms/luton-retail-park/,https://www.puregym.com/gyms/luton-retail-park/,"[{""@type"": ""OpeningHoursSpecification"", ""dayOfWeek"": [""Monday"", ""Tuesday"", ""Wednesday"", ""Thursday"", ""Friday"", ""Saturday"", ""Sunday""], ""opens"": ""00:00"", ""closes"": ""23:59""}]",,official_json_ld; coming_soon_copy
gb_8e3a057ef1,PureGym,PureGym Macclesfield Silk Road Gym,Macclesfield Silk Road Gym,Silk Retail Park,SK10 2SF,Macclesfield,United Kingdom,England,53.27204513549805,-2.1193480491638184,READY_TO_IMPORT,VERIFIED_CURRENT,,official_json_ld,https://www.puregym.com/gyms/macclesfield-silk-road/,https://www.puregym.com/gyms/macclesfield-silk-road/,"[{""@type"": ""OpeningHoursSpecification"", ""dayOfWeek"": [""Monday"", ""Tuesday"", ""Wednesday"", ""Thursday"", ""Friday"", ""Saturday"", ""Sunday""], ""opens"": ""00:00"", ""closes"": ""23:59""}]",,official_json_ld
gb_b3a3d22cf9,PureGym,PureGym Maidenhead Gym,Maidenhead Gym,Stafferton Way,SL6 1AY,Maidenhead,United Kingdom,England,51.51837158203125,-0.7177249789237976,READY_TO_IMPORT,VERIFIED_CURRENT,,official_json_ld,https://www.puregym.com/gyms/maidenhead/,https://www.puregym.com/gyms/maidenhead/,"[{""@type"": ""OpeningHoursSpecification"", ""dayOfWeek"": [""Monday"", ""Tuesday"", ""Wednesday"", ""Thursday"", ""Friday"", ""Saturday"", ""Sunday""], ""opens"": ""00:00"", ""closes"": ""23:59""}]",,official_json_ld
gb_5d8f17bcf8,PureGym,PureGym Maidstone The Mall Gym,Maidstone The Mall Gym,King Street,ME14 1DE,Maidstone,United Kingdom,England,51.273311614990234,0.5253130197525024,READY_TO_IMPORT,VERIFIED_CURRENT,,official_json_ld,https://www.puregym.com/gyms/maidstone-the-mall/,https://www.puregym.com/gyms/maidstone-the-mall/,"[{""@type"": ""OpeningHoursSpecification"", ""dayOfWeek"": [""Monday"", ""Tuesday"", ""Wednesday"", ""Thursday"", ""Friday"", ""Saturday"", ""Sunday""], ""opens"": ""00:00"", ""closes"": ""23:59""}]",,official_json_ld
gb_82da2c8a37,PureGym,PureGym Maldon Blackwater Retail Park Gym,Maldon Blackwater Retail Park Gym,"The Causeway, Heybridge",CM9 4DY,Maldon,United Kingdom,England,51.73649978637695,0.6811820268630981,READY_TO_IMPORT,VERIFIED_CURRENT,,official_json_ld,https://www.puregym.com/gyms/maldon-blackwater-retail-park/,https://www.puregym.com/gyms/maldon-blackwater-retail-park/,"[{""@type"": ""OpeningHoursSpecification"", ""dayOfWeek"": [""Monday"", ""Tuesday"", ""Wednesday"", ""Thursday"", ""Friday"", ""Saturday"", ""Sunday""], ""opens"": ""00:00"", ""closes"": ""23:59""}]",,official_json_ld
gb_f2021db859,PureGym,PureGym Denton Gym,Denton Gym,"Oldham St, Denton",M34 3SJ,Manchester,United Kingdom,England,53.45402145385742,-2.131079912185669,READY_TO_IMPORT,VERIFIED_CURRENT,,official_json_ld,https://www.puregym.com/gyms/denton/,https://www.puregym.com/gyms/denton/,"[{""@type"": ""OpeningHoursSpecification"", ""dayOfWeek"": [""Monday"", ""Tuesday"", ""Wednesday"", ""Thursday"", ""Friday"", ""Saturday"", ""Sunday""], ""opens"": ""00:00"", ""closes"": ""23:59""}]",,official_json_ld
gb_86aee12425,PureGym,PureGym Manchester Cheetham Hill Retail Park Gym,Manchester Cheetham Hill Retail Park Gym,Cheetham Hill Road,M8 8BB,Manchester,United Kingdom,England,53.49838638305664,-2.238358974456787,READY_TO_IMPORT,VERIFIED_CURRENT,,official_json_ld,https://www.puregym.com/gyms/manchester-cheetham-hill-retail-park/,https://www.puregym.com/gyms/manchester-cheetham-hill-retail-park/,"[{""@type"": ""OpeningHoursSpecification"", ""dayOfWeek"": [""Monday"", ""Tuesday"", ""Wednesday"", ""Thursday"", ""Friday"", ""Saturday"", ""Sunday""], ""opens"": ""00:00"", ""closes"": ""23:59""}]",,official_json_ld
gb_c507e85c48,PureGym,PureGym Manchester Debdale Gym,Manchester Debdale Gym,Wall Way,M18 7WY,Manchester,United Kingdom,England,53.45970153808594,-2.162400007247925,READY_TO_IMPORT,VERIFIED_CURRENT,,official_json_ld,https://www.puregym.com/gyms/manchester-debdale/,https://www.puregym.com/gyms/manchester-debdale/,"[{""@type"": ""OpeningHoursSpecification"", ""dayOfWeek"": [""Monday"", ""Tuesday"", ""Wednesday"", ""Thursday"", ""Friday"", ""Saturday"", ""Sunday""], ""opens"": ""00:00"", ""closes"": ""23:59""}]",,official_json_ld
gb_6976ad5e02,PureGym,PureGym Manchester First Street Gym,Manchester First Street Gym,"Units 1b + 1c, No.8 First Street",M15 4RP,Manchester,United Kingdom,England,53.47309875488281,-2.246735095977783,READY_TO_IMPORT,VERIFIED_CURRENT,,official_json_ld,https://www.puregym.com/gyms/manchester-first-street/,https://www.puregym.com/gyms/manchester-first-street/,"[{""@type"": ""OpeningHoursSpecification"", ""dayOfWeek"": [""Monday"", ""Tuesday"", ""Wednesday"", ""Thursday"", ""Friday"", ""Saturday"", ""Sunday""], ""opens"": ""00:00"", ""closes"": ""23:59""}]",,official_json_ld
gb_81be20c3a1,PureGym,PureGym Manchester Market Street Gym,Manchester Market Street Gym,90-100 Market Street,M1 1PD,Manchester,United Kingdom,England,53.48221969604492,-2.2405951023101807,READY_TO_IMPORT,VERIFIED_CURRENT,,official_json_ld,https://www.puregym.com/gyms/manchester-market-street/,https://www.puregym.com/gyms/manchester-market-street/,"[{""@type"": ""OpeningHoursSpecification"", ""dayOfWeek"": [""Monday"", ""Tuesday"", ""Wednesday"", ""Thursday"", ""Friday"", ""Saturday"", ""Sunday""], ""opens"": ""00:00"", ""closes"": ""23:59""}]",,official_json_ld
gb_bc671f3c1b,PureGym,PureGym Manchester Moston Gym,Manchester Moston Gym,Moston,M9 7GH,Manchester,United Kingdom,England,53.52730178833008,-2.1816999912261963,READY_TO_IMPORT,VERIFIED_CURRENT,,official_json_ld,https://www.puregym.com/gyms/manchester-moston/,https://www.puregym.com/gyms/manchester-moston/,"[{""@type"": ""OpeningHoursSpecification"", ""dayOfWeek"": [""Monday"", ""Tuesday"", ""Wednesday"", ""Thursday"", ""Friday"", ""Saturday"", ""Sunday""], ""opens"": ""00:00"", ""closes"": ""23:59""}]",,official_json_ld
gb_2aa8fc879a,PureGym,PureGym Manchester Spinningfields Gym,Manchester Spinningfields Gym,Spinningfields,M3 3HF,Manchester,United Kingdom,England,53.479801177978516,-2.2504000663757324,READY_TO_IMPORT,VERIFIED_CURRENT,,official_json_ld,https://www.puregym.com/gyms/manchester-spinningfields/,https://www.puregym.com/gyms/manchester-spinningfields/,"[{""@type"": ""OpeningHoursSpecification"", ""dayOfWeek"": [""Monday"", ""Tuesday"", ""Wednesday"", ""Thursday"", ""Friday"", ""Saturday"", ""Sunday""], ""opens"": ""00:00"", ""closes"": ""23:59""}]",,official_json_ld
gb_6327525227,PureGym,PureGym Manchester Stretford Gym,Manchester Stretford Gym,Stretford,M32 9BH,Manchester,United Kingdom,England,53.4452018737793,-2.310800075531006,READY_TO_IMPORT,VERIFIED_CURRENT,,official_json_ld,https://www.puregym.com/gyms/manchester-stretford/,https://www.puregym.com/gyms/manchester-stretford/,"[{""@type"": ""OpeningHoursSpecification"", ""dayOfWeek"": [""Monday"", ""Tuesday"", ""Wednesday"", ""Thursday"", ""Friday"", ""Saturday"", ""Sunday""], ""opens"": ""00:00"", ""closes"": ""23:59""}]",,official_json_ld
gb_ddbc5f5b51,PureGym,PureGym Manchester Urban Exchange Gym,Manchester Urban Exchange Gym,Great Ancoats Street,M4 6DE,Manchester,United Kingdom,England,53.4817008972168,-2.228600025177002,READY_TO_IMPORT,VERIFIED_CURRENT,,official_json_ld,https://www.puregym.com/gyms/manchester-urban-exchange/,https://www.puregym.com/gyms/manchester-urban-exchange/,"[{""@type"": ""OpeningHoursSpecification"", ""dayOfWeek"": [""Monday"", ""Tuesday"", ""Wednesday"", ""Thursday"", ""Friday"", ""Saturday"", ""Sunday""], ""opens"": ""00:00"", ""closes"": ""23:59""}]",,official_json_ld
gb_5c7f8c75f2,PureGym,PureGym Salford Quays Gym,Salford Quays Gym,Markendale Place,M5 3GW,Manchester,United Kingdom,England,53.4737663269043,-2.2809948921203613,READY_TO_IMPORT,VERIFIED_CURRENT,,official_json_ld,https://www.puregym.com/gyms/salford-quays/,https://www.puregym.com/gyms/salford-quays/,"[{""@type"": ""OpeningHoursSpecification"", ""dayOfWeek"": [""Monday"", ""Tuesday"", ""Wednesday"", ""Thursday"", ""Friday"", ""Saturday"", ""Sunday""], ""opens"": ""00:00"", ""closes"": ""23:59""}]",,official_json_ld
gb_e79a3c9559,PureGym,PureGym Tyldesley Gym,Tyldesley Gym,Tyldesley,M29 8EW,Manchester,United Kingdom,England,53.5148811340332,-2.4713408946990967,READY_TO_IMPORT,VERIFIED_CURRENT,,official_json_ld,https://www.puregym.com/gyms/tyldesley/,https://www.puregym.com/gyms/tyldesley/,"[{""@type"": ""OpeningHoursSpecification"", ""dayOfWeek"": [""Monday"", ""Tuesday"", ""Wednesday"", ""Thursday"", ""Friday"", ""Saturday"", ""Sunday""], ""opens"": ""00:00"", ""closes"": ""23:59""}]",,official_json_ld
gb_266cc51d78,PureGym,PureGym Mansfield Gym,Mansfield Gym,Nottingham Road,NG18 1BW,Mansfield,United Kingdom,England,53.1380729675293,-1.1931270360946655,READY_TO_IMPORT,VERIFIED_CURRENT,,official_json_ld,https://www.puregym.com/gyms/mansfield/,https://www.puregym.com/gyms/mansfield/,"[{""@type"": ""OpeningHoursSpecification"", ""dayOfWeek"": [""Monday"", ""Tuesday"", ""Wednesday"", ""Thursday"", ""Friday"", ""Saturday"", ""Sunday""], ""opens"": ""00:00"", ""closes"": ""23:59""}]",,official_json_ld
gb_a306abf81d,PureGym,PureGym Market Harborough Gym,Market Harborough Gym,Rockingham Road,LE16 7QE,Market Harborough,United Kingdom,England,52.479286193847656,-0.9080410003662109,READY_TO_IMPORT,VERIFIED_CURRENT,,official_json_ld,https://www.puregym.com/gyms/market-harborough/,https://www.puregym.com/gyms/market-harborough/,"[{""@type"": ""OpeningHoursSpecification"", ""dayOfWeek"": [""Monday"", ""Tuesday"", ""Wednesday"", ""Thursday"", ""Friday"", ""Saturday"", ""Sunday""], ""opens"": ""00:00"", ""closes"": ""23:59""}]",,official_json_ld
gb_1d33b67210,PureGym,PureGym Northolt Gym,Northolt Gym,8 Rowdell Road,UB5 6AG,Middlesex,United Kingdom,England,51.541908264160156,-0.3678320050239563,READY_TO_IMPORT,VERIFIED_CURRENT,,official_json_ld,https://www.puregym.com/gyms/northolt/,https://www.puregym.com/gyms/northolt/,"[{""@type"": ""OpeningHoursSpecification"", ""dayOfWeek"": [""Monday"", ""Tuesday"", ""Wednesday"", ""Thursday"", ""Friday"", ""Saturday"", ""Sunday""], ""opens"": ""00:00"", ""closes"": ""23:59""}]",,official_json_ld
gb_324cd9bf98,PureGym,PureGym Bletchley Gym,Bletchley Gym,Bletchley,MK1 1BN,Milton Keynes,United Kingdom,England,52.003257751464844,-0.725151002407074,READY_TO_IMPORT,VERIFIED_CURRENT,,official_json_ld,https://www.puregym.com/gyms/bletchley/,https://www.puregym.com/gyms/bletchley/,"[{""@type"": ""OpeningHoursSpecification"", ""dayOfWeek"": [""Monday"", ""Tuesday"", ""Wednesday"", ""Thursday"", ""Friday"", ""Saturday"", ""Sunday""], ""opens"": ""00:00"", ""closes"": ""23:59""}]",,official_json_ld
gb_d7eb5ef98c,PureGym,PureGym Milton Keynes Kingston Centre Gym,Milton Keynes Kingston Centre Gym,Milton Keynes,MK10 0BA,Milton Keynes,United Kingdom,England,52.03507614135742,-0.6887760162353516,READY_TO_IMPORT,VERIFIED_CURRENT,,official_json_ld,https://www.puregym.com/gyms/milton-keynes-kingston-centre/,https://www.puregym.com/gyms/milton-keynes-kingston-centre/,"[{""@type"": ""OpeningHoursSpecification"", ""dayOfWeek"": [""Monday"", ""Tuesday"", ""Wednesday"", ""Thursday"", ""Friday"", ""Saturday"", ""Sunday""], ""opens"": ""00:00"", ""closes"": ""23:59""}]",,official_json_ld
gb_93374cdd06,PureGym,PureGym Milton Keynes Winterhill Gym,Milton Keynes Winterhill Gym,Snowdon Drive,MK6 1BP,Milton Keynes,United Kingdom,England,52.02539825439453,-0.7597000002861023,READY_TO_IMPORT,VERIFIED_CURRENT,,official_json_ld,https://www.puregym.com/gyms/milton-keynes-winterhill/,https://www.puregym.com/gyms/milton-keynes-winterhill/,"[{""@type"": ""OpeningHoursSpecification"", ""dayOfWeek"": [""Monday"", ""Tuesday"", ""Wednesday"", ""Thursday"", ""Friday"", ""Saturday"", ""Sunday""], ""opens"": ""00:00"", ""closes"": ""23:59""}]",,official_json_ld
gb_a702be800f,PureGym,PureGym London Mitcham Gym,London Mitcham Gym,1-3 Upper Green East & Majestic Way,CR4 2PE,Mitcham,United Kingdom,England,51.40525436401367,-0.16350899636745453,READY_TO_IMPORT,VERIFIED_CURRENT,,official_json_ld,https://www.puregym.com/gyms/london-mitcham/,https://www.puregym.com/gyms/london-mitcham/,"[{""@type"": ""OpeningHoursSpecification"", ""dayOfWeek"": [""Monday"", ""Tuesday"", ""Wednesday"", ""Thursday"", ""Friday"", ""Saturday"", ""Sunday""], ""opens"": ""00:00"", ""closes"": ""23:59""}]",,official_json_ld
gb_75b9aacc8b,PureGym,PureGym Motherwell Gym,Motherwell Gym,Brandon Parade Shopping Centre,ML1 1LX,Motherwell,United Kingdom,Scotland,55.788665771484375,-3.9898109436035156,READY_TO_IMPORT,VERIFIED_CURRENT,,official_json_ld,https://www.puregym.com/gyms/motherwell/,https://www.puregym.com/gyms/motherwell/,"[{""@type"": ""OpeningHoursSpecification"", ""dayOfWeek"": [""Monday"", ""Tuesday"", ""Wednesday"", ""Thursday"", ""Friday"", ""Saturday"", ""Sunday""], ""opens"": ""00:00"", ""closes"": ""23:59""}]",,official_json_ld
gb_10788c9ed8,PureGym,PureGym Neath Gym,Neath Gym,"Neath, West Glamorgan",SA10 7AY,Neath,United Kingdom,Wales,51.66815948486328,-3.807516098022461,READY_TO_IMPORT,VERIFIED_CURRENT,,official_json_ld,https://www.puregym.com/gyms/neath/,https://www.puregym.com/gyms/neath/,"[{""@type"": ""OpeningHoursSpecification"", ""dayOfWeek"": [""Monday"", ""Tuesday"", ""Wednesday"", ""Thursday"", ""Friday"", ""Saturday"", ""Sunday""], ""opens"": ""00:00"", ""closes"": ""23:59""}]",,official_json_ld
gb_4ac0535ad9,PureGym,PureGym New Barnet Gym,New Barnet Gym,18 East Barnet Road,EN4 8RW,New Barnet,United Kingdom,England,51.649898529052734,-0.17419999837875366,READY_TO_IMPORT,VERIFIED_CURRENT,,official_json_ld,https://www.puregym.com/gyms/new-barnet/,https://www.puregym.com/gyms/new-barnet/,"[{""@type"": ""OpeningHoursSpecification"", ""dayOfWeek"": [""Monday"", ""Tuesday"", ""Wednesday"", ""Thursday"", ""Friday"", ""Saturday"", ""Sunday""], ""opens"": ""00:00"", ""closes"": ""23:59""}]",,official_json_ld
gb_92a3a165d5,PureGym,PureGym London New Malden Gym,London New Malden Gym,23-25 Blagdon Road,KT3 4AH,New Malden,United Kingdom,England,,,COMING_SOON,COMING_SOON,,official_json_ld,https://www.puregym.com/gyms/london-new-malden/,https://www.puregym.com/gyms/london-new-malden/,"[{""@type"": ""OpeningHoursSpecification"", ""dayOfWeek"": [""Monday"", ""Tuesday"", ""Wednesday"", ""Thursday"", ""Friday"", ""Saturday"", ""Sunday""], ""opens"": ""00:00"", ""closes"": ""23:59""}]",,official_json_ld; coming_soon_copy
gb_e6842c6c27,PureGym,PureGym Newbury Gym,Newbury Gym,Greenham Road Retail Park,RG14 7HZ,Newbury,United Kingdom,England,51.3970832824707,-1.3197879791259766,READY_TO_IMPORT,VERIFIED_CURRENT,,official_json_ld,https://www.puregym.com/gyms/newbury/,https://www.puregym.com/gyms/newbury/,"[{""@type"": ""OpeningHoursSpecification"", ""dayOfWeek"": [""Monday"", ""Tuesday"", ""Wednesday"", ""Thursday"", ""Friday"", ""Saturday"", ""Sunday""], ""opens"": ""00:00"", ""closes"": ""23:59""}]",,official_json_ld
gb_75da5238cf,PureGym,PureGym Newcastle Longbenton Gym,Newcastle Longbenton Gym,Benton Lane,NE12 8BS,Newcastle,United Kingdom,England,55.019798278808594,-1.5809999704360962,READY_TO_IMPORT,VERIFIED_CURRENT,,official_json_ld,https://www.puregym.com/gyms/newcastle-longbenton/,https://www.puregym.com/gyms/newcastle-longbenton/,"[{""@type"": ""OpeningHoursSpecification"", ""dayOfWeek"": [""Monday"", ""Tuesday"", ""Wednesday"", ""Thursday"", ""Friday"", ""Saturday"", ""Sunday""], ""opens"": ""00:00"", ""closes"": ""23:59""}]",,official_json_ld
gb_b66b9f40d4,PureGym,PureGym Newcastle Eldon Garden Gym,Newcastle Eldon Garden Gym,Percy Street,NE1 7RA,Newcastle Upon Tyne,United Kingdom,England,54.97570037841797,-1.6168999671936035,READY_TO_IMPORT,VERIFIED_CURRENT,,official_json_ld,https://www.puregym.com/gyms/newcastle-eldon-garden/,https://www.puregym.com/gyms/newcastle-eldon-garden/,"[{""@type"": ""OpeningHoursSpecification"", ""dayOfWeek"": [""Monday"", ""Tuesday"", ""Wednesday"", ""Thursday"", ""Friday"", ""Saturday"", ""Sunday""], ""opens"": ""00:00"", ""closes"": ""23:59""}]",,official_json_ld
gb_662b52b307,PureGym,PureGym Newcastle Westerhope Gym,Newcastle Westerhope Gym,Westerhope,NE5 5HD,Newcastle upon Tyne,United Kingdom,England,54.99901580810547,-1.688581943511963,READY_TO_IMPORT,VERIFIED_CURRENT,,official_json_ld,https://www.puregym.com/gyms/newcastle-westerhope/,https://www.puregym.com/gyms/newcastle-westerhope/,"[{""@type"": ""OpeningHoursSpecification"", ""dayOfWeek"": [""Monday"", ""Tuesday"", ""Wednesday"", ""Thursday"", ""Friday"", ""Saturday"", ""Sunday""], ""opens"": ""00:00"", ""closes"": ""23:59""}]",,official_json_ld
gb_de51560d1b,PureGym,PureGym Newhaven Gym,Newhaven Gym,The Drove,BN9 0AG,Newhaven,United Kingdom,England,50.80023193359375,0.06229199841618538,READY_TO_IMPORT,VERIFIED_CURRENT,,official_json_ld,https://www.puregym.com/gyms/newhaven/,https://www.puregym.com/gyms/newhaven/,"[{""@type"": ""OpeningHoursSpecification"", ""dayOfWeek"": [""Monday"", ""Tuesday"", ""Wednesday"", ""Thursday"", ""Friday"", ""Saturday"", ""Sunday""], ""opens"": ""00:00"", ""closes"": ""23:59""}]",,official_json_ld
gb_3af2af559c,PureGym,PureGym Newport Wales Gym,Newport Wales Gym,John Frost Square,NP20 1EW,Newport,United Kingdom,Wales,51.58489990234375,-2.9925999641418457,READY_TO_IMPORT,VERIFIED_CURRENT,,official_json_ld,https://www.puregym.com/gyms/newport-wales/,https://www.puregym.com/gyms/newport-wales/,"[{""@type"": ""OpeningHoursSpecification"", ""dayOfWeek"": [""Monday"", ""Tuesday"", ""Wednesday"", ""Thursday"", ""Friday"", ""Saturday"", ""Sunday""], ""opens"": ""00:00"", ""closes"": ""23:59""}]",,official_json_ld
gb_1ebfe06d0f,PureGym,PureGym Newry Gym,Newry Gym,The Quays Shopping Centre,BT35 8QS,Newry,United Kingdom,Northern Ireland,54.167457580566406,-6.339896202087402,READY_TO_IMPORT,VERIFIED_CURRENT,,official_json_ld,https://www.puregym.com/gyms/newry/,https://www.puregym.com/gyms/newry/,"[{""@type"": ""OpeningHoursSpecification"", ""dayOfWeek"": [""Monday"", ""Tuesday"", ""Wednesday"", ""Thursday"", ""Friday"", ""Saturday"", ""Sunday""], ""opens"": ""00:00"", ""closes"": ""23:59""}]",,official_json_ld
gb_4a2c315c9c,PureGym,PureGym Newtownabbey Gym,Newtownabbey Gym,Shore Road Retail Park,BT36 7BS,Newtownabbey,United Kingdom,Northern Ireland,54.65135192871094,-5.919307231903076,READY_TO_IMPORT,VERIFIED_CURRENT,,official_json_ld,https://www.puregym.com/gyms/newtownabbey/,https://www.puregym.com/gyms/newtownabbey/,"[{""@type"": ""OpeningHoursSpecification"", ""dayOfWeek"": [""Monday"", ""Tuesday"", ""Wednesday"", ""Thursday"", ""Friday"", ""Saturday"", ""Sunday""], ""opens"": ""00:00"", ""closes"": ""23:59""}]",,official_json_ld
gb_59fb307f43,PureGym,PureGym Northallerton Gym,Northallerton Gym,Yafforth Road,DL6 2XG,Northallerton,United Kingdom,England,54.34678268432617,-1.4424580335617065,READY_TO_IMPORT,VERIFIED_CURRENT,,official_json_ld,https://www.puregym.com/gyms/northallerton/,https://www.puregym.com/gyms/northallerton/,"[{""@type"": ""OpeningHoursSpecification"", ""dayOfWeek"": [""Monday"", ""Tuesday"", ""Wednesday"", ""Thursday"", ""Friday"", ""Saturday"", ""Sunday""], ""opens"": ""00:00"", ""closes"": ""23:59""}]",,official_json_ld
gb_0f7fb0b6e1,PureGym,PureGym Northampton Central Gym,Northampton Central Gym,10 Saint Peter's Way,NN1 1PS,Northampton,United Kingdom,England,52.235801696777344,-0.899399995803833,READY_TO_IMPORT,VERIFIED_CURRENT,,official_json_ld,https://www.puregym.com/gyms/northampton-central/,https://www.puregym.com/gyms/northampton-central/,"[{""@type"": ""OpeningHoursSpecification"", ""dayOfWeek"": [""Monday"", ""Tuesday"", ""Wednesday"", ""Thursday"", ""Friday"", ""Saturday"", ""Sunday""], ""opens"": ""00:00"", ""closes"": ""23:59""}]",,official_json_ld
gb_e612a6af0b,PureGym,PureGym Northampton Weston Favell Gym,Northampton Weston Favell Gym,Wellingborough Road,NN3 8JZ,Northampton,United Kingdom,England,52.25748062133789,-0.8354269862174988,READY_TO_IMPORT,VERIFIED_CURRENT,,official_json_ld,https://www.puregym.com/gyms/northampton-weston-favell/,https://www.puregym.com/gyms/northampton-weston-favell/,"[{""@type"": ""OpeningHoursSpecification"", ""dayOfWeek"": [""Monday"", ""Tuesday"", ""Wednesday"", ""Thursday"", ""Friday"", ""Saturday"", ""Sunday""], ""opens"": ""00:00"", ""closes"": ""23:59""}]",,official_json_ld
gb_3e102201d9,PureGym,PureGym Ballymena Gym,Ballymena Gym,Larne Link Road,BT42 3AG,Northern Ireland,United Kingdom,Northern Ireland,54.862388610839844,-6.275582790374756,READY_TO_IMPORT,VERIFIED_CURRENT,,official_json_ld,https://www.puregym.com/gyms/ballymena/,https://www.puregym.com/gyms/ballymena/,"[{""@type"": ""OpeningHoursSpecification"", ""dayOfWeek"": [""Monday"", ""Tuesday"", ""Wednesday"", ""Thursday"", ""Friday"", ""Saturday"", ""Sunday""], ""opens"": ""00:00"", ""closes"": ""23:59""}]",,official_json_ld
gb_cac1b1f65b,PureGym,PureGym Coleraine Gym,Coleraine Gym,Coleraine,BT51 3GE,Northern Ireland,United Kingdom,Northern Ireland,55.121177673339844,-6.672236919403076,READY_TO_IMPORT,VERIFIED_CURRENT,,official_json_ld,https://www.puregym.com/gyms/coleraine/,https://www.puregym.com/gyms/coleraine/,"[{""@type"": ""OpeningHoursSpecification"", ""dayOfWeek"": [""Monday"", ""Tuesday"", ""Wednesday"", ""Thursday"", ""Friday"", ""Saturday"", ""Sunday""], ""opens"": ""00:00"", ""closes"": ""23:59""}]",,official_json_ld
gb_227e6b1262,PureGym,PureGym Dungannon Gym,Dungannon Gym,County Tyrone,BT71 4NA,Northern Ireland,United Kingdom,Northern Ireland,54.511878967285156,-6.763286113739014,READY_TO_IMPORT,VERIFIED_CURRENT,,official_json_ld,https://www.puregym.com/gyms/dungannon/,https://www.puregym.com/gyms/dungannon/,"[{""@type"": ""OpeningHoursSpecification"", ""dayOfWeek"": [""Monday"", ""Tuesday"", ""Wednesday"", ""Thursday"", ""Friday"", ""Saturday"", ""Sunday""], ""opens"": ""00:00"", ""closes"": ""23:59""}]",,official_json_ld
gb_e92d1aac59,PureGym,PureGym Northwich Gym,Northwich Gym,Leicester Street,CW9 5LG,Northwich,United Kingdom,England,53.2628173828125,-2.502295970916748,READY_TO_IMPORT,VERIFIED_CURRENT,,official_json_ld,https://www.puregym.com/gyms/northwich/,https://www.puregym.com/gyms/northwich/,"[{""@type"": ""OpeningHoursSpecification"", ""dayOfWeek"": [""Monday"", ""Tuesday"", ""Wednesday"", ""Thursday"", ""Friday"", ""Saturday"", ""Sunday""], ""opens"": ""00:00"", ""closes"": ""23:59""}]",,official_json_ld
gb_2ece76a814,PureGym,PureGym Norwich Aylsham Road Gym,Norwich Aylsham Road Gym,125 Copenhagen Way,NR3 2RT,Norwich,United Kingdom,England,52.64757537841797,1.2835960388183594,READY_TO_IMPORT,VERIFIED_CURRENT,,official_json_ld,https://www.puregym.com/gyms/norwich-aylsham-road/,https://www.puregym.com/gyms/norwich-aylsham-road/,"[{""@type"": ""OpeningHoursSpecification"", ""dayOfWeek"": [""Monday"", ""Tuesday"", ""Wednesday"", ""Thursday"", ""Friday"", ""Saturday"", ""Sunday""], ""opens"": ""00:00"", ""closes"": ""23:59""}]",,official_json_ld
gb_0cde218e6f,PureGym,PureGym Norwich Castle Mall Gym,Norwich Castle Mall Gym,28 Castle Mall Shopping Centre,NR1 3DD,Norwich,United Kingdom,England,52.62635040283203,1.2968930006027222,READY_TO_IMPORT,VERIFIED_CURRENT,,official_json_ld,https://www.puregym.com/gyms/norwich-castle-mall/,https://www.puregym.com/gyms/norwich-castle-mall/,"[{""@type"": ""OpeningHoursSpecification"", ""dayOfWeek"": [""Monday"", ""Tuesday"", ""Wednesday"", ""Thursday"", ""Friday"", ""Saturday"", ""Sunday""], ""opens"": ""00:00"", ""closes"": ""23:59""}]",,official_json_ld
gb_99e7886ca4,PureGym,PureGym Norwich Riverside Gym,Norwich Riverside Gym,Riverside,NR1 1WX,Norwich,United Kingdom,England,52.626502990722656,1.304893970489502,READY_TO_IMPORT,VERIFIED_CURRENT,,official_json_ld,https://www.puregym.com/gyms/norwich-riverside/,https://www.puregym.com/gyms/norwich-riverside/,"[{""@type"": ""OpeningHoursSpecification"", ""dayOfWeek"": [""Monday"", ""Tuesday"", ""Wednesday"", ""Thursday"", ""Friday"", ""Saturday"", ""Sunday""], ""opens"": ""00:00"", ""closes"": ""23:59""}]",,official_json_ld
gb_16ac68ffa2,PureGym,PureGym Nottingham Arnold Gym,Nottingham Arnold Gym,Arnold,NG5 7EL,Nottingham,United Kingdom,England,53.00167465209961,-1.1299899816513062,READY_TO_IMPORT,VERIFIED_CURRENT,,official_json_ld,https://www.puregym.com/gyms/nottingham-arnold/,https://www.puregym.com/gyms/nottingham-arnold/,"[{""@type"": ""OpeningHoursSpecification"", ""dayOfWeek"": [""Monday"", ""Tuesday"", ""Wednesday"", ""Thursday"", ""Friday"", ""Saturday"", ""Sunday""], ""opens"": ""00:00"", ""closes"": ""23:59""}]",,official_json_ld
gb_d054b4e75b,PureGym,PureGym Nottingham Basford Gym,Nottingham Basford Gym,184 Nottingham Road,NG7 7BA,Nottingham,United Kingdom,England,52.97679901123047,-1.1658999919891357,READY_TO_IMPORT,VERIFIED_CURRENT,,official_json_ld,https://www.puregym.com/gyms/nottingham-basford/,https://www.puregym.com/gyms/nottingham-basford/,"[{""@type"": ""OpeningHoursSpecification"", ""dayOfWeek"": [""Monday"", ""Tuesday"", ""Wednesday"", ""Thursday"", ""Friday"", ""Saturday"", ""Sunday""], ""opens"": ""00:00"", ""closes"": ""23:59""}]",,official_json_ld
gb_6821737b88,PureGym,PureGym Nottingham Beeston Gym,Nottingham Beeston Gym,Beeston,NG9 2JG,Nottingham,United Kingdom,England,52.92639923095703,-1.2152999639511108,READY_TO_IMPORT,VERIFIED_CURRENT,,official_json_ld,https://www.puregym.com/gyms/nottingham-beeston/,https://www.puregym.com/gyms/nottingham-beeston/,"[{""@type"": ""OpeningHoursSpecification"", ""dayOfWeek"": [""Monday"", ""Tuesday"", ""Wednesday"", ""Thursday"", ""Friday"", ""Saturday"", ""Sunday""], ""opens"": ""00:00"", ""closes"": ""23:59""}]",,official_json_ld
gb_5f20d0a48b,PureGym,PureGym Nottingham Castle Marina Gym,Nottingham Castle Marina Gym,20 Castle Bridge Road,NG7 1GX,Nottingham,United Kingdom,England,52.9455451965332,-1.161128044128418,READY_TO_IMPORT,VERIFIED_CURRENT,,official_json_ld,https://www.puregym.com/gyms/nottingham-castle-marina/,https://www.puregym.com/gyms/nottingham-castle-marina/,"[{""@type"": ""OpeningHoursSpecification"", ""dayOfWeek"": [""Monday"", ""Tuesday"", ""Wednesday"", ""Thursday"", ""Friday"", ""Saturday"", ""Sunday""], ""opens"": ""00:00"", ""closes"": ""23:59""}]",,official_json_ld
gb_a1e1ec2764,PureGym,PureGym Nottingham Colwick Gym,Nottingham Colwick Gym,Netherfield,NG4 2JN,Nottingham,United Kingdom,England,52.95857238769531,-1.0726799964904785,READY_TO_IMPORT,VERIFIED_CURRENT,,official_json_ld,https://www.puregym.com/gyms/nottingham-colwick/,https://www.puregym.com/gyms/nottingham-colwick/,"[{""@type"": ""OpeningHoursSpecification"", ""dayOfWeek"": [""Monday"", ""Tuesday"", ""Wednesday"", ""Thursday"", ""Friday"", ""Saturday"", ""Sunday""], ""opens"": ""00:00"", ""closes"": ""23:59""}]",,official_json_ld
gb_c0fe56e053,PureGym,PureGym Nottingham West Bridgford Gym,Nottingham West Bridgford Gym,Wilford Lane,NG2 7QY,Nottingham,United Kingdom,England,52.927120208740234,-1.153190016746521,READY_TO_IMPORT,VERIFIED_CURRENT,,official_json_ld,https://www.puregym.com/gyms/nottingham-west-bridgford/,https://www.puregym.com/gyms/nottingham-west-bridgford/,"[{""@type"": ""OpeningHoursSpecification"", ""dayOfWeek"": [""Monday"", ""Tuesday"", ""Wednesday"", ""Thursday"", ""Friday"", ""Saturday"", ""Sunday""], ""opens"": ""00:00"", ""closes"": ""23:59""}]",,official_json_ld
gb_b6a60922e5,PureGym,PureGym Nuneaton Gym,Nuneaton Gym,Chapel Street,CV11 5TZ,Nuneaton,United Kingdom,England,52.521846771240234,-1.4695899486541748,READY_TO_IMPORT,VERIFIED_CURRENT,,official_json_ld,https://www.puregym.com/gyms/nuneaton/,https://www.puregym.com/gyms/nuneaton/,"[{""@type"": ""OpeningHoursSpecification"", ""dayOfWeek"": [""Monday"", ""Tuesday"", ""Wednesday"", ""Thursday"", ""Friday"", ""Saturday"", ""Sunday""], ""opens"": ""00:00"", ""closes"": ""23:59""}]",,official_json_ld
gb_f2c07d17d3,PureGym,PureGym Oldham Gym,Oldham Gym,Alexandra Retail Park,OL4 1SA,Oldham,United Kingdom,England,53.537899017333984,-2.1089000701904297,READY_TO_IMPORT,VERIFIED_CURRENT,,official_json_ld,https://www.puregym.com/gyms/oldham/,https://www.puregym.com/gyms/oldham/,"[{""@type"": ""OpeningHoursSpecification"", ""dayOfWeek"": [""Monday"", ""Tuesday"", ""Wednesday"", ""Thursday"", ""Friday"", ""Saturday"", ""Sunday""], ""opens"": ""00:00"", ""closes"": ""23:59""}]",,official_json_ld
gb_f8a8debebe,PureGym,PureGym Ormskirk Gym,Ormskirk Gym,Burscough Road,L39 2AN,Ormskirk,United Kingdom,England,53.5730094909668,-2.879599094390869,READY_TO_IMPORT,VERIFIED_CURRENT,,official_json_ld,https://www.puregym.com/gyms/ormskirk/,https://www.puregym.com/gyms/ormskirk/,"[{""@type"": ""OpeningHoursSpecification"", ""dayOfWeek"": [""Monday"", ""Tuesday"", ""Wednesday"", ""Thursday"", ""Friday"", ""Saturday"", ""Sunday""], ""opens"": ""00:00"", ""closes"": ""23:59""}]",,official_json_ld
gb_4958853deb,PureGym,PureGym Oswestry Gym,Oswestry Gym,Salop Road,SY11 2RL,Oswestry,United Kingdom,England,52.855735778808594,-3.0489730834960938,READY_TO_IMPORT,VERIFIED_CURRENT,,official_json_ld,https://www.puregym.com/gyms/oswestry/,https://www.puregym.com/gyms/oswestry/,"[{""@type"": ""OpeningHoursSpecification"", ""dayOfWeek"": [""Monday"", ""Tuesday"", ""Wednesday"", ""Thursday"", ""Friday"", ""Saturday"", ""Sunday""], ""opens"": ""00:00"", ""closes"": ""23:59""}]",,official_json_ld
gb_f3f9752541,PureGym,PureGym Oxford Central Gym,Oxford Central Gym,16 & 17 St Ebbe's Street,OX1 1PT,Oxford,United Kingdom,England,51.750099182128906,-1.2595000267028809,READY_TO_IMPORT,VERIFIED_CURRENT,,official_json_ld,https://www.puregym.com/gyms/oxford-central/,https://www.puregym.com/gyms/oxford-central/,"[{""@type"": ""OpeningHoursSpecification"", ""dayOfWeek"": [""Monday"", ""Tuesday"", ""Wednesday"", ""Thursday"", ""Friday"", ""Saturday"", ""Sunday""], ""opens"": ""00:00"", ""closes"": ""23:59""}]",,official_json_ld
gb_4df959e877,PureGym,PureGym Oxford Templars Shopping Park Gym,Oxford Templars Shopping Park Gym,Cowley,OX4 3JP,Oxford,United Kingdom,England,,,COMING_SOON,COMING_SOON,,official_json_ld,https://www.puregym.com/gyms/oxford-templars-shopping-park/,https://www.puregym.com/gyms/oxford-templars-shopping-park/,"[{""@type"": ""OpeningHoursSpecification"", ""dayOfWeek"": [""Monday"", ""Tuesday"", ""Wednesday"", ""Thursday"", ""Friday"", ""Saturday"", ""Sunday""], ""opens"": ""00:00"", ""closes"": ""23:59""}]",,official_json_ld; coming_soon_copy
gb_0b7551036d,PureGym,PureGym Paisley Gym,Paisley Gym,"Paisley Retail Park, Renfrew Road",PA3 4BX,Paisley,United Kingdom,Scotland,55.85108184814453,-4.422175884246826,READY_TO_IMPORT,VERIFIED_CURRENT,,official_json_ld,https://www.puregym.com/gyms/paisley/,https://www.puregym.com/gyms/paisley/,"[{""@type"": ""OpeningHoursSpecification"", ""dayOfWeek"": [""Monday"", ""Tuesday"", ""Wednesday"", ""Thursday"", ""Friday"", ""Saturday"", ""Sunday""], ""opens"": ""00:00"", ""closes"": ""23:59""}]",,official_json_ld
gb_7e89c4ab86,PureGym,PureGym Peterborough Brotherhood Retail Park Gym,Peterborough Brotherhood Retail Park Gym,Lincoln Road,PE4 6ZR,Peterborough,United Kingdom,England,52.59899139404297,-0.26568999886512756,READY_TO_IMPORT,VERIFIED_CURRENT,,official_json_ld,https://www.puregym.com/gyms/peterborough-brotherhood-retail-park/,https://www.puregym.com/gyms/peterborough-brotherhood-retail-park/,"[{""@type"": ""OpeningHoursSpecification"", ""dayOfWeek"": [""Monday"", ""Tuesday"", ""Wednesday"", ""Thursday"", ""Friday"", ""Saturday"", ""Sunday""], ""opens"": ""00:00"", ""closes"": ""23:59""}]",,official_json_ld
gb_7e6359f61b,PureGym,PureGym Erith Gym,Erith Gym,Unit 13,DA8 1RG,Pier Road,United Kingdom,England,51.48014831542969,0.1809619963169098,READY_TO_IMPORT,VERIFIED_CURRENT,,official_json_ld,https://www.puregym.com/gyms/erith/,https://www.puregym.com/gyms/erith/,"[{""@type"": ""OpeningHoursSpecification"", ""dayOfWeek"": [""Monday"", ""Tuesday"", ""Wednesday"", ""Thursday"", ""Friday"", ""Saturday"", ""Sunday""], ""opens"": ""00:00"", ""closes"": ""23:59""}]",,official_json_ld
gb_982b67fb60,PureGym,PureGym London Pinner Gym,London Pinner Gym,33-35 Bridge Street,HA5 3HR,Pinner,United Kingdom,England,51.594635009765625,-0.38357800245285034,READY_TO_IMPORT,VERIFIED_CURRENT,,official_json_ld,https://www.puregym.com/gyms/london-pinner/,https://www.puregym.com/gyms/london-pinner/,"[{""@type"": ""OpeningHoursSpecification"", ""dayOfWeek"": [""Monday"", ""Tuesday"", ""Wednesday"", ""Thursday"", ""Friday"", ""Saturday"", ""Sunday""], ""opens"": ""00:00"", ""closes"": ""23:59""}]",,official_json_ld
gb_6731522948,PureGym,PureGym Plymouth Alexandra Road Gym,Plymouth Alexandra Road Gym,Alexandra Road,PL4 7EF,Plymouth,United Kingdom,England,50.38180160522461,-4.129499912261963,READY_TO_IMPORT,VERIFIED_CURRENT,,official_json_ld,https://www.puregym.com/gyms/plymouth-alexandra-road/,https://www.puregym.com/gyms/plymouth-alexandra-road/,"[{""@type"": ""OpeningHoursSpecification"", ""dayOfWeek"": [""Monday"", ""Tuesday"", ""Wednesday"", ""Thursday"", ""Friday"", ""Saturday"", ""Sunday""], ""opens"": ""00:00"", ""closes"": ""23:59""}]",,official_json_ld
gb_0a46a642b4,PureGym,PureGym Plymouth Derriford Gym,Plymouth Derriford Gym,Plymouth,PL6 5GA,Plymouth,United Kingdom,England,50.41486358642578,-4.124482154846191,READY_TO_IMPORT,VERIFIED_CURRENT,,official_json_ld,https://www.puregym.com/gyms/plymouth-derriford/,https://www.puregym.com/gyms/plymouth-derriford/,"[{""@type"": ""OpeningHoursSpecification"", ""dayOfWeek"": [""Monday"", ""Tuesday"", ""Wednesday"", ""Thursday"", ""Friday"", ""Saturday"", ""Sunday""], ""opens"": ""00:00"", ""closes"": ""23:59""}]",,official_json_ld
gb_33cb0cd39c,PureGym,PureGym Plymouth Marsh Mills Gym,Plymouth Marsh Mills Gym,Coypool Road,PL7 4SS,Plymouth,United Kingdom,England,50.39219284057617,-4.0805277824401855,READY_TO_IMPORT,VERIFIED_CURRENT,,official_json_ld,https://www.puregym.com/gyms/plymouth-marsh-mills/,https://www.puregym.com/gyms/plymouth-marsh-mills/,"[{""@type"": ""OpeningHoursSpecification"", ""dayOfWeek"": [""Monday"", ""Tuesday"", ""Wednesday"", ""Thursday"", ""Friday"", ""Saturday"", ""Sunday""], ""opens"": ""00:00"", ""closes"": ""23:59""}]",,official_json_ld
gb_3a1b89ff8a,PureGym,PureGym Pontypridd Gym,Pontypridd Gym,Pontypridd,CF37 4DA,Pontypridd,United Kingdom,Wales,51.60166549682617,-3.3329460620880127,READY_TO_IMPORT,VERIFIED_CURRENT,,official_json_ld,https://www.puregym.com/gyms/pontypridd/,https://www.puregym.com/gyms/pontypridd/,"[{""@type"": ""OpeningHoursSpecification"", ""dayOfWeek"": [""Monday"", ""Tuesday"", ""Wednesday"", ""Thursday"", ""Friday"", ""Saturday"", ""Sunday""], ""opens"": ""00:00"", ""closes"": ""23:59""}]",,official_json_ld
gb_3e2387a7f4,PureGym,PureGym Poole Gym,Poole Gym,Yarrow Rd,BH12 4NY,Poole,United Kingdom,England,50.74660110473633,-1.9507999420166016,READY_TO_IMPORT,VERIFIED_CURRENT,,official_json_ld,https://www.puregym.com/gyms/poole/,https://www.puregym.com/gyms/poole/,"[{""@type"": ""OpeningHoursSpecification"", ""dayOfWeek"": [""Monday"", ""Tuesday"", ""Wednesday"", ""Thursday"", ""Friday"", ""Saturday"", ""Sunday""], ""opens"": ""00:00"", ""closes"": ""23:59""}]",,official_json_ld
gb_07bd7bdf4c,PureGym,PureGym Portsmouth Commercial Road Gym,Portsmouth Commercial Road Gym,31 Arundel Street,PO1 1NB,Portsmouth,United Kingdom,England,50.799964904785156,-1.0883909463882446,READY_TO_IMPORT,VERIFIED_CURRENT,,official_json_ld,https://www.puregym.com/gyms/portsmouth-commercial-road/,https://www.puregym.com/gyms/portsmouth-commercial-road/,"[{""@type"": ""OpeningHoursSpecification"", ""dayOfWeek"": [""Monday"", ""Tuesday"", ""Wednesday"", ""Thursday"", ""Friday"", ""Saturday"", ""Sunday""], ""opens"": ""00:00"", ""closes"": ""23:59""}]",,official_json_ld
gb_c8551a21fd,PureGym,PureGym Portsmouth North Harbour Gym,Portsmouth North Harbour Gym,Binnacle Way,PO6 4FG,Portsmouth,United Kingdom,England,50.846431732177734,-1.094349980354309,READY_TO_IMPORT,VERIFIED_CURRENT,,official_json_ld,https://www.puregym.com/gyms/portsmouth-north-harbour/,https://www.puregym.com/gyms/portsmouth-north-harbour/,"[{""@type"": ""OpeningHoursSpecification"", ""dayOfWeek"": [""Monday"", ""Tuesday"", ""Wednesday"", ""Thursday"", ""Friday"", ""Saturday"", ""Sunday""], ""opens"": ""00:00"", ""closes"": ""23:59""}]",,official_json_ld
gb_670607d85e,PureGym,PureGym Prescot Gym,Prescot Gym,Prescot,L34 5NQ,Prescot,United Kingdom,England,53.42676544189453,-2.802583932876587,READY_TO_IMPORT,VERIFIED_CURRENT,,official_json_ld,https://www.puregym.com/gyms/prescot/,https://www.puregym.com/gyms/prescot/,"[{""@type"": ""OpeningHoursSpecification"", ""dayOfWeek"": [""Monday"", ""Tuesday"", ""Wednesday"", ""Thursday"", ""Friday"", ""Saturday"", ""Sunday""], ""opens"": ""00:00"", ""closes"": ""23:59""}]",,official_json_ld
gb_52616d1aba,PureGym,PureGym Preston Gym,Preston Gym,North Road Retail Park,PR1 1NQ,Preston,United Kingdom,England,53.767799377441406,-2.702500104904175,READY_TO_IMPORT,VERIFIED_CURRENT,,official_json_ld,https://www.puregym.com/gyms/preston/,https://www.puregym.com/gyms/preston/,"[{""@type"": ""OpeningHoursSpecification"", ""dayOfWeek"": [""Monday"", ""Tuesday"", ""Wednesday"", ""Thursday"", ""Friday"", ""Saturday"", ""Sunday""], ""opens"": ""00:00"", ""closes"": ""23:59""}]",,official_json_ld
gb_a72b1a8c76,PureGym,PureGym Purley Gym,Purley Gym,Brighton Road,CR8 2PG,Purley,United Kingdom,England,51.34469985961914,-0.10509999841451645,READY_TO_IMPORT,VERIFIED_CURRENT,,official_json_ld,https://www.puregym.com/gyms/purley/,https://www.puregym.com/gyms/purley/,"[{""@type"": ""OpeningHoursSpecification"", ""dayOfWeek"": [""Monday"", ""Tuesday"", ""Wednesday"", ""Thursday"", ""Friday"", ""Saturday"", ""Sunday""], ""opens"": ""00:00"", ""closes"": ""23:59""}]",,official_json_ld
gb_32cba1c147,PureGym,PureGym Rayleigh Gym,Rayleigh Gym,Pelican Retail Park,SS6 7UP,Rayleigh,United Kingdom,England,51.57639694213867,0.6021630167961121,READY_TO_IMPORT,VERIFIED_CURRENT,,official_json_ld,https://www.puregym.com/gyms/rayleigh/,https://www.puregym.com/gyms/rayleigh/,"[{""@type"": ""OpeningHoursSpecification"", ""dayOfWeek"": [""Monday"", ""Tuesday"", ""Wednesday"", ""Thursday"", ""Friday"", ""Saturday"", ""Sunday""], ""opens"": ""00:00"", ""closes"": ""23:59""}]",,official_json_ld
gb_eab1ca387a,PureGym,PureGym Reading Basingstoke Road Gym,Reading Basingstoke Road Gym,350 Basingstoke Road,RG2 0NT,Reading,United Kingdom,England,51.43299865722656,-0.9684000015258789,READY_TO_IMPORT,VERIFIED_CURRENT,,official_json_ld,https://www.puregym.com/gyms/reading-basingstoke-road/,https://www.puregym.com/gyms/reading-basingstoke-road/,"[{""@type"": ""OpeningHoursSpecification"", ""dayOfWeek"": [""Monday"", ""Tuesday"", ""Wednesday"", ""Thursday"", ""Friday"", ""Saturday"", ""Sunday""], ""opens"": ""00:00"", ""closes"": ""23:59""}]",,official_json_ld
gb_d81ea547fa,PureGym,PureGym Reading Calcot Gym,Reading Calcot Gym,Bath Road,RG31 7SA,Reading,United Kingdom,England,51.44297790527344,-1.0636850595474243,READY_TO_IMPORT,VERIFIED_CURRENT,,official_json_ld,https://www.puregym.com/gyms/reading-calcot/,https://www.puregym.com/gyms/reading-calcot/,"[{""@type"": ""OpeningHoursSpecification"", ""dayOfWeek"": [""Monday"", ""Tuesday"", ""Wednesday"", ""Thursday"", ""Friday"", ""Saturday"", ""Sunday""], ""opens"": ""00:00"", ""closes"": ""23:59""}]",,official_json_ld
gb_df9039b0b2,PureGym,PureGym Reading Caversham Road Gym,Reading Caversham Road Gym,69 Caversham Road,RG1 8AD,Reading,United Kingdom,England,51.46080017089844,-0.9761000275611877,READY_TO_IMPORT,VERIFIED_CURRENT,,official_json_ld,https://www.puregym.com/gyms/reading-caversham-road/,https://www.puregym.com/gyms/reading-caversham-road/,"[{""@type"": ""OpeningHoursSpecification"", ""dayOfWeek"": [""Monday"", ""Tuesday"", ""Wednesday"", ""Thursday"", ""Friday"", ""Saturday"", ""Sunday""], ""opens"": ""00:00"", ""closes"": ""23:59""}]",,official_json_ld
gb_f37332880d,PureGym,PureGym Redditch Ringway Gym,Redditch Ringway Gym,Washford Mills,B98 8DU,Redditch,United Kingdom,England,52.30583953857422,-1.9347139596939087,READY_TO_IMPORT,VERIFIED_CURRENT,,official_json_ld,https://www.puregym.com/gyms/redditch-ringway/,https://www.puregym.com/gyms/redditch-ringway/,"[{""@type"": ""OpeningHoursSpecification"", ""dayOfWeek"": [""Monday"", ""Tuesday"", ""Wednesday"", ""Thursday"", ""Friday"", ""Saturday"", ""Sunday""], ""opens"": ""00:00"", ""closes"": ""23:59""}]",,official_json_ld
gb_3c340665a6,PureGym,PureGym Rhyl Gym,Rhyl Gym,Rhyl,LL18 2TJ,Rhyl,United Kingdom,Wales,53.3038330078125,-3.4696168899536133,READY_TO_IMPORT,VERIFIED_CURRENT,,official_json_ld,https://www.puregym.com/gyms/rhyl/,https://www.puregym.com/gyms/rhyl/,"[{""@type"": ""OpeningHoursSpecification"", ""dayOfWeek"": [""Monday"", ""Tuesday"", ""Wednesday"", ""Thursday"", ""Friday"", ""Saturday"", ""Sunday""], ""opens"": ""00:00"", ""closes"": ""23:59""}]",,official_json_ld
gb_6e6f4a4382,PureGym,PureGym Rochdale Gym,Rochdale Gym,Sandbrook Park,OL11 1RY,Rochdale,United Kingdom,England,53.602500915527344,-2.165600061416626,READY_TO_IMPORT,VERIFIED_CURRENT,,official_json_ld,https://www.puregym.com/gyms/rochdale/,https://www.puregym.com/gyms/rochdale/,"[{""@type"": ""OpeningHoursSpecification"", ""dayOfWeek"": [""Monday"", ""Tuesday"", ""Wednesday"", ""Thursday"", ""Friday"", ""Saturday"", ""Sunday""], ""opens"": ""00:00"", ""closes"": ""23:59""}]",,official_json_ld
gb_06fb92a49f,PureGym,PureGym Harold Wood Gym,Harold Wood Gym,Romford,RM3 0BZ,Romford,United Kingdom,England,51.590606689453125,0.2172970026731491,READY_TO_IMPORT,VERIFIED_CURRENT,,official_json_ld,https://www.puregym.com/gyms/harold-wood/,https://www.puregym.com/gyms/harold-wood/,"[{""@type"": ""OpeningHoursSpecification"", ""dayOfWeek"": [""Monday"", ""Tuesday"", ""Wednesday"", ""Thursday"", ""Friday"", ""Saturday"", ""Sunday""], ""opens"": ""00:00"", ""closes"": ""23:59""}]",,official_json_ld
gb_bf964ae912,PureGym,PureGym Romford Gym,Romford Gym,The Brewery,RM1 1AU,Romford,United Kingdom,England,51.576480865478516,0.1805099993944168,READY_TO_IMPORT,VERIFIED_CURRENT,,official_json_ld,https://www.puregym.com/gyms/romford/,https://www.puregym.com/gyms/romford/,"[{""@type"": ""OpeningHoursSpecification"", ""dayOfWeek"": [""Monday"", ""Tuesday"", ""Wednesday"", ""Thursday"", ""Friday"", ""Saturday"", ""Sunday""], ""opens"": ""00:00"", ""closes"": ""23:59""}]",,official_json_ld
gb_11c10b5c6e,PureGym,PureGym South Ruislip Gym,South Ruislip Gym,"Unit 3, Victoria Retail Park, Victoria Rd",HA4 0AJ,Ruislip,United Kingdom,England,51.55590057373047,-0.38886499404907227,READY_TO_IMPORT,VERIFIED_CURRENT,,official_json_ld,https://www.puregym.com/gyms/south-ruislip/,https://www.puregym.com/gyms/south-ruislip/,"[{""@type"": ""OpeningHoursSpecification"", ""dayOfWeek"": [""Monday"", ""Tuesday"", ""Wednesday"", ""Thursday"", ""Friday"", ""Saturday"", ""Sunday""], ""opens"": ""00:00"", ""closes"": ""23:59""}]",,official_json_ld
gb_953b5a14fc,PureGym,PureGym Runcorn Gym,Runcorn Gym,Bridge Retail Park,WA7 5AQ,Runcorn,United Kingdom,England,53.3390998840332,-2.731600046157837,READY_TO_IMPORT,VERIFIED_CURRENT,,official_json_ld,https://www.puregym.com/gyms/runcorn/,https://www.puregym.com/gyms/runcorn/,"[{""@type"": ""OpeningHoursSpecification"", ""dayOfWeek"": [""Monday"", ""Tuesday"", ""Wednesday"", ""Thursday"", ""Friday"", ""Saturday"", ""Sunday""], ""opens"": ""00:00"", ""closes"": ""23:59""}]",,official_json_ld
gb_c098e4330d,PureGym,PureGym Rushden Gym,Rushden Gym,Crown Park,NN10 6AR,Rushden,United Kingdom,England,52.29941177368164,-0.6194859743118286,READY_TO_IMPORT,VERIFIED_CURRENT,,official_json_ld,https://www.puregym.com/gyms/rushden/,https://www.puregym.com/gyms/rushden/,"[{""@type"": ""OpeningHoursSpecification"", ""dayOfWeek"": [""Monday"", ""Tuesday"", ""Wednesday"", ""Thursday"", ""Friday"", ""Saturday"", ""Sunday""], ""opens"": ""00:00"", ""closes"": ""23:59""}]",,official_json_ld
gb_704ba7a028,PureGym,PureGym Saffron Walden Gym,Saffron Walden Gym,Knight Retail Park,CB10 2UR,Saffron Walden,United Kingdom,England,52.01259994506836,0.2590999901294708,READY_TO_IMPORT,VERIFIED_CURRENT,,official_json_ld,https://www.puregym.com/gyms/saffron-walden/,https://www.puregym.com/gyms/saffron-walden/,"[{""@type"": ""OpeningHoursSpecification"", ""dayOfWeek"": [""Monday"", ""Tuesday"", ""Wednesday"", ""Thursday"", ""Friday"", ""Saturday"", ""Sunday""], ""opens"": ""00:00"", ""closes"": ""23:59""}]",,official_json_ld
gb_e7b23b25aa,PureGym,PureGym Hastings Gym,Hastings Gym,Hastings,TN38 0YX,Saint Leonards-on-sea,United Kingdom,England,50.8516845703125,0.5374500155448914,READY_TO_IMPORT,VERIFIED_CURRENT,,official_json_ld,https://www.puregym.com/gyms/hastings/,https://www.puregym.com/gyms/hastings/,,,official_json_ld
gb_96ca9eef77,PureGym,PureGym Sale Gym,Sale Gym,Stanley Square Shopping Centre,M33 7ZZ,Sale,United Kingdom,England,53.423824310302734,-2.3216919898986816,READY_TO_IMPORT,VERIFIED_CURRENT,,official_json_ld,https://www.puregym.com/gyms/sale/,https://www.puregym.com/gyms/sale/,,,official_json_ld
gb_238d1ec5b7,PureGym,PureGym Salford Central Gym,Salford Central Gym,Salford City Shopping Centre,M6 5JP,Salford,United Kingdom,England,53.489444732666016,-2.2865140438079834,READY_TO_IMPORT,VERIFIED_CURRENT,,official_json_ld,https://www.puregym.com/gyms/salford-central/,https://www.puregym.com/gyms/salford-central/,"[{""@type"": ""OpeningHoursSpecification"", ""dayOfWeek"": [""Monday"", ""Tuesday"", ""Wednesday"", ""Thursday"", ""Friday"", ""Saturday"", ""Sunday""], ""opens"": ""00:00"", ""closes"": ""23:59""}]",,official_json_ld
gb_1b807bda2f,PureGym,PureGym Salisbury Gym,Salisbury Gym,Southampton Road,SP1 2LB,Salisbury,United Kingdom,England,51.062618255615234,-1.7782080173492432,READY_TO_IMPORT,VERIFIED_CURRENT,,official_json_ld,https://www.puregym.com/gyms/salisbury/,https://www.puregym.com/gyms/salisbury/,"[{""@type"": ""OpeningHoursSpecification"", ""dayOfWeek"": [""Monday"", ""Tuesday"", ""Wednesday"", ""Thursday"", ""Friday"", ""Saturday"", ""Sunday""], ""opens"": ""00:00"", ""closes"": ""23:59""}]",,official_json_ld
gb_7844760e6f,PureGym,PureGym Scarborough Gym,Scarborough Gym,Scarborough,YO12 4DH,Scarborough,United Kingdom,England,,,COMING_SOON,COMING_SOON,,official_json_ld,https://www.puregym.com/gyms/scarborough/,https://www.puregym.com/gyms/scarborough/,,,official_json_ld; coming_soon_copy
gb_5d018ea676,PureGym,PureGym Scunthorpe Gym,Scunthorpe Gym,Doncaster Road,DN15 8JH,Scunthorpe,United Kingdom,England,53.587501525878906,-0.6927459836006165,READY_TO_IMPORT,VERIFIED_CURRENT,,official_json_ld,https://www.puregym.com/gyms/scunthorpe/,https://www.puregym.com/gyms/scunthorpe/,"[{""@type"": ""OpeningHoursSpecification"", ""dayOfWeek"": [""Monday"", ""Tuesday"", ""Wednesday"", ""Thursday"", ""Friday"", ""Saturday"", ""Sunday""], ""opens"": ""00:00"", ""closes"": ""23:59""}]",,official_json_ld
gb_80126842bc,PureGym,PureGym Selby Gym,Selby Gym,Three Lakes Retail Park,YO8 8LY,Selby,United Kingdom,England,53.77219772338867,-1.0647250413894653,READY_TO_IMPORT,VERIFIED_CURRENT,,official_json_ld,https://www.puregym.com/gyms/selby/,https://www.puregym.com/gyms/selby/,"[{""@type"": ""OpeningHoursSpecification"", ""dayOfWeek"": [""Monday"", ""Tuesday"", ""Wednesday"", ""Thursday"", ""Friday"", ""Saturday"", ""Sunday""], ""opens"": ""00:00"", ""closes"": ""23:59""}]",,official_json_ld
gb_039b2cf29f,PureGym,PureGym Sevenoaks Gym,Sevenoaks Gym,Otford Road Retail Park,TN14 5EG,Sevenoaks,United Kingdom,England,51.29237747192383,0.1903350055217743,READY_TO_IMPORT,VERIFIED_CURRENT,,official_json_ld,https://www.puregym.com/gyms/sevenoaks/,https://www.puregym.com/gyms/sevenoaks/,"[{""@type"": ""OpeningHoursSpecification"", ""dayOfWeek"": [""Monday"", ""Tuesday"", ""Wednesday"", ""Thursday"", ""Friday"", ""Saturday"", ""Sunday""], ""opens"": ""00:00"", ""closes"": ""23:59""}]",,official_json_ld
gb_2c0b78203c,PureGym,PureGym Sheffield City Centre South Gym,Sheffield City Centre South Gym,Sheaf Gardens,S2 4BA,Sheffield,United Kingdom,England,53.37419891357422,-1.4637000560760498,READY_TO_IMPORT,VERIFIED_CURRENT,,official_json_ld,https://www.puregym.com/gyms/sheffield-city-centre-south/,https://www.puregym.com/gyms/sheffield-city-centre-south/,"[{""@type"": ""OpeningHoursSpecification"", ""dayOfWeek"": [""Monday"", ""Tuesday"", ""Wednesday"", ""Thursday"", ""Friday"", ""Saturday"", ""Sunday""], ""opens"": ""00:00"", ""closes"": ""23:59""}]",,official_json_ld
gb_430254d6a2,PureGym,PureGym Sheffield Crystal Peaks Gym,Sheffield Crystal Peaks Gym,Crystal Peaks Retail Park,S20 7JJ,Sheffield,United Kingdom,England,53.34507751464844,-1.352931022644043,READY_TO_IMPORT,VERIFIED_CURRENT,,official_json_ld,https://www.puregym.com/gyms/sheffield-crystal-peaks/,https://www.puregym.com/gyms/sheffield-crystal-peaks/,"[{""@type"": ""OpeningHoursSpecification"", ""dayOfWeek"": [""Monday"", ""Tuesday"", ""Wednesday"", ""Thursday"", ""Friday"", ""Saturday"", ""Sunday""], ""opens"": ""00:00"", ""closes"": ""23:59""}]",,official_json_ld
gb_cb40153433,PureGym,PureGym Sheffield Meadowhall Retail Park Gym,Sheffield Meadowhall Retail Park Gym,Meadowhall Retail Park,S9 2YZ,Sheffield,United Kingdom,England,53.40591049194336,-1.411957025527954,READY_TO_IMPORT,VERIFIED_CURRENT,,official_json_ld,https://www.puregym.com/gyms/sheffield-meadowhall-retail-park/,https://www.puregym.com/gyms/sheffield-meadowhall-retail-park/,"[{""@type"": ""OpeningHoursSpecification"", ""dayOfWeek"": [""Monday"", ""Tuesday"", ""Wednesday"", ""Thursday"", ""Friday"", ""Saturday"", ""Sunday""], ""opens"": ""00:00"", ""closes"": ""23:59""}]",,official_json_ld
gb_25ffa72885,PureGym,PureGym Sheffield Millhouses Gym,Sheffield Millhouses Gym,9 Archer Road,S8 0LB,Sheffield,United Kingdom,England,53.3468017578125,-1.4890999794006348,READY_TO_IMPORT,VERIFIED_CURRENT,,official_json_ld,https://www.puregym.com/gyms/sheffield-millhouses/,https://www.puregym.com/gyms/sheffield-millhouses/,"[{""@type"": ""OpeningHoursSpecification"", ""dayOfWeek"": [""Monday"", ""Tuesday"", ""Wednesday"", ""Thursday"", ""Friday"", ""Saturday"", ""Sunday""], ""opens"": ""00:00"", ""closes"": ""23:59""}]",,official_json_ld
gb_6cd3078057,PureGym,PureGym Shrewsbury Meole Brace Gym,Shrewsbury Meole Brace Gym,Meole Brace Retail Park,SY3 9NB,Shrewsbury,United Kingdom,England,52.68952941894531,-2.7520270347595215,READY_TO_IMPORT,VERIFIED_CURRENT,,official_json_ld,https://www.puregym.com/gyms/shrewsbury-meole-brace/,https://www.puregym.com/gyms/shrewsbury-meole-brace/,"[{""@type"": ""OpeningHoursSpecification"", ""dayOfWeek"": [""Monday"", ""Tuesday"", ""Wednesday"", ""Thursday"", ""Friday"", ""Saturday"", ""Sunday""], ""opens"": ""00:00"", ""closes"": ""23:59""}]",,official_json_ld
gb_ebf80d4cae,PureGym,PureGym Sittingbourne Gym,Sittingbourne Gym,The Wall,ME10 2XD,Sittingbourne,United Kingdom,England,51.344913482666016,0.7366420030593872,READY_TO_IMPORT,VERIFIED_CURRENT,,official_json_ld,https://www.puregym.com/gyms/sittingbourne/,https://www.puregym.com/gyms/sittingbourne/,"[{""@type"": ""OpeningHoursSpecification"", ""dayOfWeek"": [""Monday"", ""Tuesday"", ""Wednesday"", ""Thursday"", ""Friday"", ""Saturday"", ""Sunday""], ""opens"": ""00:00"", ""closes"": ""23:59""}]",,official_json_ld
gb_bf73a82d19,PureGym,PureGym Skipton Gym,Skipton Gym,6 Albion Place,BD23 1DX,Skipton,United Kingdom,England,53.962589263916016,-2.0147619247436523,READY_TO_IMPORT,VERIFIED_CURRENT,,official_json_ld,https://www.puregym.com/gyms/skipton/,https://www.puregym.com/gyms/skipton/,"[{""@type"": ""OpeningHoursSpecification"", ""dayOfWeek"": [""Monday"", ""Tuesday"", ""Wednesday"", ""Thursday"", ""Friday"", ""Saturday"", ""Sunday""], ""opens"": ""00:00"", ""closes"": ""23:59""}]",,official_json_ld
gb_6380b38cf2,PureGym,PureGym Burnham Gym,Burnham Gym,821 A Yeovil Road,SL1 4JB,Slough,United Kingdom,England,51.52389907836914,-0.6414999961853027,READY_TO_IMPORT,VERIFIED_CURRENT,,official_json_ld,https://www.puregym.com/gyms/burnham/,https://www.puregym.com/gyms/burnham/,"[{""@type"": ""OpeningHoursSpecification"", ""dayOfWeek"": [""Monday"", ""Tuesday"", ""Wednesday"", ""Thursday"", ""Friday"", ""Saturday"", ""Sunday""], ""opens"": ""00:00"", ""closes"": ""23:59""}]",,official_json_ld
gb_b05103d759,PureGym,PureGym Solihull Sears Retail Park Gym,Solihull Sears Retail Park Gym,Sears Retail Park,B90 4QY,Solihull,United Kingdom,England,52.40290451049805,-1.8160719871520996,READY_TO_IMPORT,VERIFIED_CURRENT,,official_json_ld,https://www.puregym.com/gyms/solihull-sears-retail-park/,https://www.puregym.com/gyms/solihull-sears-retail-park/,,,official_json_ld
gb_8958258e9b,PureGym,PureGym Shepton Mallet Gym,Shepton Mallet Gym,Shepton Mallet,BA4 5EG,Somerset,United Kingdom,England,51.18749237060547,-2.5506629943847656,READY_TO_IMPORT,VERIFIED_CURRENT,,official_json_ld,https://www.puregym.com/gyms/shepton-mallet/,https://www.puregym.com/gyms/shepton-mallet/,"[{""@type"": ""OpeningHoursSpecification"", ""dayOfWeek"": [""Monday"", ""Tuesday"", ""Wednesday"", ""Thursday"", ""Friday"", ""Saturday"", ""Sunday""], ""opens"": ""00:00"", ""closes"": ""23:59""}]",,official_json_ld
gb_5cf30481dd,PureGym,PureGym Taunton Gym,Taunton Gym,Taunton,TA1 2LR,Somerset,United Kingdom,England,51.019676208496094,-3.0638699531555176,READY_TO_IMPORT,VERIFIED_CURRENT,,official_json_ld,https://www.puregym.com/gyms/taunton/,https://www.puregym.com/gyms/taunton/,"[{""@type"": ""OpeningHoursSpecification"", ""dayOfWeek"": [""Monday"", ""Tuesday"", ""Wednesday"", ""Thursday"", ""Friday"", ""Saturday"", ""Sunday""], ""opens"": ""00:00"", ""closes"": ""23:59""}]",,official_json_ld
gb_5ec2d930bf,PureGym,PureGym Yate Gym,Yate Gym,Link Road,BS37 4FT,South Gloucestershire,United Kingdom,England,51.53938674926758,-2.408212900161743,READY_TO_IMPORT,VERIFIED_CURRENT,,official_json_ld,https://www.puregym.com/gyms/yate/,https://www.puregym.com/gyms/yate/,"[{""@type"": ""OpeningHoursSpecification"", ""dayOfWeek"": [""Monday"", ""Tuesday"", ""Wednesday"", ""Thursday"", ""Friday"", ""Saturday"", ""Sunday""], ""opens"": ""00:00"", ""closes"": ""23:59""}]",,official_json_ld
gb_f657baa779,PureGym,PureGym Bridgend Gym,Bridgend Gym,"Waterton Road, Bridgend",CF31 3TN,South Wales,United Kingdom,Wales,51.49973678588867,-3.537997007369995,READY_TO_IMPORT,VERIFIED_CURRENT,,official_json_ld,https://www.puregym.com/gyms/bridgend/,https://www.puregym.com/gyms/bridgend/,"[{""@type"": ""OpeningHoursSpecification"", ""dayOfWeek"": [""Monday"", ""Tuesday"", ""Wednesday"", ""Thursday"", ""Friday"", ""Saturday"", ""Sunday""], ""opens"": ""00:00"", ""closes"": ""23:59""}]",,official_json_ld
gb_9ec74ce541,PureGym,PureGym Caerphilly Gym,Caerphilly Gym,Caerphilly,CF83 3GX,South Wales,United Kingdom,Wales,51.592037200927734,-3.2174088954925537,READY_TO_IMPORT,VERIFIED_CURRENT,,official_json_ld,https://www.puregym.com/gyms/caerphilly/,https://www.puregym.com/gyms/caerphilly/,"[{""@type"": ""OpeningHoursSpecification"", ""dayOfWeek"": [""Monday"", ""Tuesday"", ""Wednesday"", ""Thursday"", ""Friday"", ""Saturday"", ""Sunday""], ""opens"": ""00:00"", ""closes"": ""23:59""}]",,official_json_ld
gb_b174bf2617,PureGym,PureGym Llantrisant Gym,Llantrisant Gym,"Talbot Green, Llantrisant",CF72 8LW,South Wales,United Kingdom,Wales,51.53758239746094,-3.3799779415130615,READY_TO_IMPORT,VERIFIED_CURRENT,,official_json_ld,https://www.puregym.com/gyms/llantrisant/,https://www.puregym.com/gyms/llantrisant/,"[{""@type"": ""OpeningHoursSpecification"", ""dayOfWeek"": [""Monday"", ""Tuesday"", ""Wednesday"", ""Thursday"", ""Friday"", ""Saturday"", ""Sunday""], ""opens"": ""00:00"", ""closes"": ""23:59""}]",,official_json_ld
gb_79ba37b74a,PureGym,PureGym Merthyr Tydfil Gym,Merthyr Tydfil Gym,Merthyr Tydfil,CF48 4TQ,South Wales,United Kingdom,Wales,51.72749328613281,-3.3613948822021484,READY_TO_IMPORT,VERIFIED_CURRENT,,official_json_ld,https://www.puregym.com/gyms/merthyr-tydfil/,https://www.puregym.com/gyms/merthyr-tydfil/,"[{""@type"": ""OpeningHoursSpecification"", ""dayOfWeek"": [""Monday"", ""Tuesday"", ""Wednesday"", ""Thursday"", ""Friday"", ""Saturday"", ""Sunday""], ""opens"": ""00:00"", ""closes"": ""23:59""}]",,official_json_ld
gb_30c5b8f536,PureGym,PureGym Port Talbot Gym,Port Talbot Gym,Port Talbot,SA12 7BZ,South Wales,United Kingdom,Wales,51.60209655761719,-3.8087689876556396,READY_TO_IMPORT,VERIFIED_CURRENT,,official_json_ld,https://www.puregym.com/gyms/port-talbot/,https://www.puregym.com/gyms/port-talbot/,"[{""@type"": ""OpeningHoursSpecification"", ""dayOfWeek"": [""Monday"", ""Tuesday"", ""Wednesday"", ""Thursday"", ""Friday"", ""Saturday"", ""Sunday""], ""opens"": ""00:00"", ""closes"": ""23:59""}]",,official_json_ld
gb_ca7199abd0,PureGym,PureGym Southampton Bitterne Gym,Southampton Bitterne Gym,416-430 Bitterne Rd,SO18 5RT,Southampton,United Kingdom,England,50.91423797607422,-1.3600139617919922,READY_TO_IMPORT,VERIFIED_CURRENT,,official_json_ld,https://www.puregym.com/gyms/southampton-bitterne/,https://www.puregym.com/gyms/southampton-bitterne/,"[{""@type"": ""OpeningHoursSpecification"", ""dayOfWeek"": [""Monday"", ""Tuesday"", ""Wednesday"", ""Thursday"", ""Friday"", ""Saturday"", ""Sunday""], ""opens"": ""00:00"", ""closes"": ""23:59""}]",,official_json_ld
gb_9dad421fc2,PureGym,PureGym Southampton Central Gym,Southampton Central Gym,Western Esplanade,SO15 1QJ,Southampton,United Kingdom,England,50.90650177001953,-1.4128999710083008,READY_TO_IMPORT,VERIFIED_CURRENT,,official_json_ld,https://www.puregym.com/gyms/southampton-central/,https://www.puregym.com/gyms/southampton-central/,"[{""@type"": ""OpeningHoursSpecification"", ""dayOfWeek"": [""Monday"", ""Tuesday"", ""Wednesday"", ""Thursday"", ""Friday"", ""Saturday"", ""Sunday""], ""opens"": ""00:00"", ""closes"": ""23:59""}]",,official_json_ld
gb_31b1e64b9b,PureGym,PureGym Southampton Shirley Gym,Southampton Shirley Gym,"Winchester Road Shirley, Retail Park",SO16 6TP,Southampton,United Kingdom,England,50.9296989440918,-1.4253000020980835,READY_TO_IMPORT,VERIFIED_CURRENT,,official_json_ld,https://www.puregym.com/gyms/southampton-shirley/,https://www.puregym.com/gyms/southampton-shirley/,"[{""@type"": ""OpeningHoursSpecification"", ""dayOfWeek"": [""Monday"", ""Tuesday"", ""Wednesday"", ""Thursday"", ""Friday"", ""Saturday"", ""Sunday""], ""opens"": ""00:00"", ""closes"": ""23:59""}]",,official_json_ld
gb_ecec2f01a7,PureGym,PureGym Southend Fossetts Park Gym,Southend Fossetts Park Gym,Fossetts Way,SS2 4HF,Southend,United Kingdom,England,51.555782318115234,0.7275760173797607,READY_TO_IMPORT,VERIFIED_CURRENT,,official_json_ld,https://www.puregym.com/gyms/southend/,https://www.puregym.com/gyms/southend/,"[{""@type"": ""OpeningHoursSpecification"", ""dayOfWeek"": [""Monday"", ""Tuesday"", ""Wednesday"", ""Thursday"", ""Friday"", ""Saturday"", ""Sunday""], ""opens"": ""00:00"", ""closes"": ""23:59""}]",,official_json_ld
gb_3e7d3b8b79,PureGym,PureGym Southport Gym,Southport Gym,Meols Cop Retail Park,PR9 7RG,Southport,United Kingdom,England,53.635860443115234,-2.9687869548797607,READY_TO_IMPORT,VERIFIED_CURRENT,,official_json_ld,https://www.puregym.com/gyms/southport/,https://www.puregym.com/gyms/southport/,"[{""@type"": ""OpeningHoursSpecification"", ""dayOfWeek"": [""Monday"", ""Tuesday"", ""Wednesday"", ""Thursday"", ""Friday"", ""Saturday"", ""Sunday""], ""opens"": ""00:00"", ""closes"": ""23:59""}]",,official_json_ld
gb_680db2d2b2,PureGym,PureGym London Colney Gym,London Colney Gym,Colney Fields Shopping Park,AL2 1AB,St Albans,United Kingdom,England,51.71614456176758,-0.2823390066623688,READY_TO_IMPORT,VERIFIED_CURRENT,,official_json_ld,https://www.puregym.com/gyms/london-colney/,https://www.puregym.com/gyms/london-colney/,"[{""@type"": ""OpeningHoursSpecification"", ""dayOfWeek"": [""Monday"", ""Tuesday"", ""Wednesday"", ""Thursday"", ""Friday"", ""Saturday"", ""Sunday""], ""opens"": ""00:00"", ""closes"": ""23:59""}]",,official_json_ld
gb_ba0ce104be,PureGym,PureGym St Albans Gym,St Albans Gym,Abbey View Retail Park,AL1 2RJ,St Albans,United Kingdom,England,51.74182891845703,-0.3418850004673004,READY_TO_IMPORT,VERIFIED_CURRENT,,official_json_ld,https://www.puregym.com/gyms/st-albans/,https://www.puregym.com/gyms/st-albans/,"[{""@type"": ""OpeningHoursSpecification"", ""dayOfWeek"": [""Monday"", ""Tuesday"", ""Wednesday"", ""Thursday"", ""Friday"", ""Saturday"", ""Sunday""], ""opens"": ""00:00"", ""closes"": ""23:59""}]",,official_json_ld
gb_914544ed74,PureGym,PureGym St Neots Gym,St Neots Gym,57 High Street,PE19 1JG,St Neots,United Kingdom,England,52.22870635986328,-0.2660380005836487,READY_TO_IMPORT,VERIFIED_CURRENT,,official_json_ld,https://www.puregym.com/gyms/st-neots/,https://www.puregym.com/gyms/st-neots/,"[{""@type"": ""OpeningHoursSpecification"", ""dayOfWeek"": [""Monday"", ""Tuesday"", ""Wednesday"", ""Thursday"", ""Friday"", ""Saturday"", ""Sunday""], ""opens"": ""00:00"", ""closes"": ""23:59""}]",,official_json_ld
gb_9ea4d133a3,PureGym,PureGym Stafford Gym,Stafford Gym,Eccleshall Road,ST16 2SL,Stafford,United Kingdom,England,,,COMING_SOON,COMING_SOON,,official_json_ld,https://www.puregym.com/gyms/stafford/,https://www.puregym.com/gyms/stafford/,"[{""@type"": ""OpeningHoursSpecification"", ""dayOfWeek"": [""Monday"", ""Tuesday"", ""Wednesday"", ""Thursday"", ""Friday"", ""Saturday"", ""Sunday""], ""opens"": ""00:00"", ""closes"": ""23:59""}]",,official_json_ld; coming_soon_copy
gb_a1689fb34b,PureGym,PureGym Staines Gym,Staines Gym,Mustard Mill Road,TW18 4WB,Staines,United Kingdom,England,51.43579864501953,-0.5113999843597412,READY_TO_IMPORT,VERIFIED_CURRENT,,official_json_ld,https://www.puregym.com/gyms/staines/,https://www.puregym.com/gyms/staines/,"[{""@type"": ""OpeningHoursSpecification"", ""dayOfWeek"": [""Monday"", ""Tuesday"", ""Wednesday"", ""Thursday"", ""Friday"", ""Saturday"", ""Sunday""], ""opens"": ""00:00"", ""closes"": ""23:59""}]",,official_json_ld
gb_8a13e95b11,PureGym,PureGym Stamford Gym,Stamford Gym,Ryhall Road,PE9 1TX,Stamford,United Kingdom,England,52.6569709777832,-0.4657529890537262,READY_TO_IMPORT,VERIFIED_CURRENT,,official_json_ld,https://www.puregym.com/gyms/stamford/,https://www.puregym.com/gyms/stamford/,"[{""@type"": ""OpeningHoursSpecification"", ""dayOfWeek"": [""Monday"", ""Tuesday"", ""Wednesday"", ""Thursday"", ""Friday"", ""Saturday"", ""Sunday""], ""opens"": ""00:00"", ""closes"": ""23:59""}]",,official_json_ld
gb_95ba6e42bb,PureGym,PureGym Stevenage Gym,Stevenage Gym,85 Queensway,SG1 1EA,Stevenage,United Kingdom,England,51.903263092041016,-0.20123299956321716,READY_TO_IMPORT,VERIFIED_CURRENT,,official_json_ld,https://www.puregym.com/gyms/stevenage/,https://www.puregym.com/gyms/stevenage/,"[{""@type"": ""OpeningHoursSpecification"", ""dayOfWeek"": [""Monday"", ""Tuesday"", ""Wednesday"", ""Thursday"", ""Friday"", ""Saturday"", ""Sunday""], ""opens"": ""00:00"", ""closes"": ""23:59""}]",,official_json_ld
gb_95408de6aa,PureGym,PureGym Stirling Gym,Stirling Gym,55-59 Upper Craigs,FK8 2DT,Stirling,United Kingdom,Scotland,56.11581039428711,-3.934389114379883,READY_TO_IMPORT,VERIFIED_CURRENT,,official_json_ld,https://www.puregym.com/gyms/stirling/,https://www.puregym.com/gyms/stirling/,"[{""@type"": ""OpeningHoursSpecification"", ""dayOfWeek"": [""Monday"", ""Tuesday"", ""Wednesday"", ""Thursday"", ""Friday"", ""Saturday"", ""Sunday""], ""opens"": ""00:00"", ""closes"": ""23:59""}]",,official_json_ld
gb_4d135cbcd6,PureGym,PureGym Hazel Grove Gym,Hazel Grove Gym,Commercial Road,SK7 4BE,Stockport,United Kingdom,England,53.38298034667969,-2.1229069232940674,READY_TO_IMPORT,VERIFIED_CURRENT,,official_json_ld,https://www.puregym.com/gyms/hazel-grove/,https://www.puregym.com/gyms/hazel-grove/,"[{""@type"": ""OpeningHoursSpecification"", ""dayOfWeek"": [""Monday"", ""Tuesday"", ""Wednesday"", ""Thursday"", ""Friday"", ""Saturday"", ""Sunday""], ""opens"": ""00:00"", ""closes"": ""23:59""}]",,official_json_ld
gb_541a37acd6,PureGym,PureGym Stockport North Gym,Stockport North Gym,Didsbury Road,SK4 2BD,Stockport,United Kingdom,England,53.40937805175781,-2.176640033721924,READY_TO_IMPORT,VERIFIED_CURRENT,,official_json_ld,https://www.puregym.com/gyms/stockport-north/,https://www.puregym.com/gyms/stockport-north/,"[{""@type"": ""OpeningHoursSpecification"", ""dayOfWeek"": [""Monday"", ""Tuesday"", ""Wednesday"", ""Thursday"", ""Friday"", ""Saturday"", ""Sunday""], ""opens"": ""00:00"", ""closes"": ""23:59""}]",,official_json_ld
gb_7417749a68,PureGym,PureGym Stockport South Gym,Stockport South Gym,Hempshaw Lane,SK1 4LG,Stockport,United Kingdom,England,53.4026985168457,-2.149600028991699,READY_TO_IMPORT,VERIFIED_CURRENT,,official_json_ld,https://www.puregym.com/gyms/stockport-south/,https://www.puregym.com/gyms/stockport-south/,"[{""@type"": ""OpeningHoursSpecification"", ""dayOfWeek"": [""Monday"", ""Tuesday"", ""Wednesday"", ""Thursday"", ""Friday"", ""Saturday"", ""Sunday""], ""opens"": ""00:00"", ""closes"": ""23:59""}]",,official_json_ld
gb_9df11b45f0,PureGym,PureGym Stockton-on-Tees Teesside Park Gym,Stockton-on-Tees Teesside Park Gym,"Unit C2, Teesside Leisure Park",TS17 7BU,Stockton-On-Tees,United Kingdom,England,54.55972671508789,-1.2707619667053223,READY_TO_IMPORT,VERIFIED_CURRENT,,official_json_ld,https://www.puregym.com/gyms/stockton-on-tees-teesside-park/,https://www.puregym.com/gyms/stockton-on-tees-teesside-park/,"[{""@type"": ""OpeningHoursSpecification"", ""dayOfWeek"": [""Monday"", ""Tuesday"", ""Wednesday"", ""Thursday"", ""Friday"", ""Saturday"", ""Sunday""], ""opens"": ""00:00"", ""closes"": ""23:59""}]",,official_json_ld
gb_9465981228,PureGym,PureGym Stoke Longton Gym,Stoke Longton Gym,Edensor Road,ST3 2FA,Stoke-On-Trent,United Kingdom,England,,,COMING_SOON,COMING_SOON,,official_json_ld,https://www.puregym.com/gyms/stoke-longton/,https://www.puregym.com/gyms/stoke-longton/,"[{""@type"": ""OpeningHoursSpecification"", ""dayOfWeek"": [""Monday"", ""Tuesday"", ""Wednesday"", ""Thursday"", ""Friday"", ""Saturday"", ""Sunday""], ""opens"": ""00:00"", ""closes"": ""23:59""}]",,official_json_ld; coming_soon_copy
gb_6900f2d463,PureGym,PureGym Stoke on Trent North Gym,Stoke on Trent North Gym,Stoke On Trent,ST4 6JQ,Stoke-On-Trent,United Kingdom,England,,,COMING_SOON,COMING_SOON,,official_json_ld,https://www.puregym.com/gyms/stoke-trent-north/,https://www.puregym.com/gyms/stoke-trent-north/,"[{""@type"": ""OpeningHoursSpecification"", ""dayOfWeek"": [""Monday"", ""Tuesday"", ""Wednesday"", ""Thursday"", ""Friday"", ""Saturday"", ""Sunday""], ""opens"": ""00:00"", ""closes"": ""23:59""}]",,official_json_ld; coming_soon_copy
gb_60efd89d60,PureGym,PureGym Stowmarket Gym,Stowmarket Gym,Gipping Way,IP14 1RA,Stowmarket,United Kingdom,England,52.18912124633789,0.9967399835586548,READY_TO_IMPORT,VERIFIED_CURRENT,,official_json_ld,https://www.puregym.com/gyms/stowmarket/,https://www.puregym.com/gyms/stowmarket/,"[{""@type"": ""OpeningHoursSpecification"", ""dayOfWeek"": [""Monday"", ""Tuesday"", ""Wednesday"", ""Thursday"", ""Friday"", ""Saturday"", ""Sunday""], ""opens"": ""00:00"", ""closes"": ""23:59""}]",,official_json_ld
gb_79365a09c2,PureGym,PureGym Stratford-Upon-Avon Gym,Stratford-Upon-Avon Gym,Birmingham Road,CV37 0HZ,Stratford-Upon-Avon,United Kingdom,England,52.20136642456055,-1.7116529941558838,READY_TO_IMPORT,VERIFIED_CURRENT,,official_json_ld,https://www.puregym.com/gyms/stratford-upon-avon/,https://www.puregym.com/gyms/stratford-upon-avon/,"[{""@type"": ""OpeningHoursSpecification"", ""dayOfWeek"": [""Monday"", ""Tuesday"", ""Wednesday"", ""Thursday"", ""Friday"", ""Saturday"", ""Sunday""], ""opens"": ""00:00"", ""closes"": ""23:59""}]",,official_json_ld
gb_80351c4f22,PureGym,PureGym Sudbury Gym,Sudbury Gym,Newton Road,CO10 2BG,Sudbury,United Kingdom,England,52.041053771972656,0.7526270151138306,READY_TO_IMPORT,VERIFIED_CURRENT,,official_json_ld,https://www.puregym.com/gyms/sudbury/,https://www.puregym.com/gyms/sudbury/,"[{""@type"": ""OpeningHoursSpecification"", ""dayOfWeek"": [""Monday"", ""Tuesday"", ""Wednesday"", ""Thursday"", ""Friday"", ""Saturday"", ""Sunday""], ""opens"": ""00:00"", ""closes"": ""23:59""}]",,official_json_ld
gb_edee3dd0e3,PureGym,PureGym Sunderland Gym,Sunderland Gym,"Sunderland Retail Park, Newcastle Road",SR6 0BN,Sunderland,United Kingdom,England,,,COMING_SOON,COMING_SOON,,official_json_ld,https://www.puregym.com/gyms/sunderland/,https://www.puregym.com/gyms/sunderland/,"[{""@type"": ""OpeningHoursSpecification"", ""dayOfWeek"": [""Monday"", ""Tuesday"", ""Wednesday"", ""Thursday"", ""Friday"", ""Saturday"", ""Sunday""], ""opens"": ""00:00"", ""closes"": ""23:59""}]",,official_json_ld; coming_soon_copy
gb_ec38e11d99,PureGym,PureGym Sutton Times Square Gym,Sutton Times Square Gym,High Street,SM1 1LF,Surrey,United Kingdom,England,51.36345672607422,-0.19275499880313873,READY_TO_IMPORT,VERIFIED_CURRENT,,official_json_ld,https://www.puregym.com/gyms/sutton-times-square/,https://www.puregym.com/gyms/sutton-times-square/,"[{""@type"": ""OpeningHoursSpecification"", ""dayOfWeek"": [""Monday"", ""Tuesday"", ""Wednesday"", ""Thursday"", ""Friday"", ""Saturday"", ""Sunday""], ""opens"": ""00:00"", ""closes"": ""23:59""}]",,official_json_ld
gb_80fb979e40,PureGym,PureGym London Swanley Gym,London Swanley Gym,Swanley,BR8 7TQ,Swanley,United Kingdom,England,51.3964958190918,0.17390799522399902,READY_TO_IMPORT,VERIFIED_CURRENT,,official_json_ld,https://www.puregym.com/gyms/london-swanley/,https://www.puregym.com/gyms/london-swanley/,"[{""@type"": ""OpeningHoursSpecification"", ""dayOfWeek"": [""Monday"", ""Tuesday"", ""Wednesday"", ""Thursday"", ""Friday"", ""Saturday"", ""Sunday""], ""opens"": ""00:00"", ""closes"": ""23:59""}]",,official_json_ld
gb_62f5cf50bc,PureGym,PureGym Swansea Gym,Swansea Gym,Pontardulais Road,SA5 4BA,Swansea,United Kingdom,Wales,,,COMING_SOON,COMING_SOON,,official_json_ld,https://www.puregym.com/gyms/swansea/,https://www.puregym.com/gyms/swansea/,,,official_json_ld; coming_soon_copy
gb_3ec2fc170e,PureGym,PureGym Swindon Mannington Retail Park Gym,Swindon Mannington Retail Park Gym,Mannington Retail Park,SN5 8WA,Swindon,United Kingdom,England,51.55350112915039,-1.8141989707946777,READY_TO_IMPORT,VERIFIED_CURRENT,,official_json_ld,https://www.puregym.com/gyms/swindon-mannington-retail-park/,https://www.puregym.com/gyms/swindon-mannington-retail-park/,"[{""@type"": ""OpeningHoursSpecification"", ""dayOfWeek"": [""Monday"", ""Tuesday"", ""Wednesday"", ""Thursday"", ""Friday"", ""Saturday"", ""Sunday""], ""opens"": ""00:00"", ""closes"": ""23:59""}]",,official_json_ld
gb_6b1eaf8e98,PureGym,PureGym Swindon Stratton Gym,Swindon Stratton Gym,Stratton St Margaret,SN2 7SE,Swindon,United Kingdom,England,51.597293853759766,-1.7673649787902832,READY_TO_IMPORT,VERIFIED_CURRENT,,official_json_ld,https://www.puregym.com/gyms/swindon-stratton/,https://www.puregym.com/gyms/swindon-stratton/,"[{""@type"": ""OpeningHoursSpecification"", ""dayOfWeek"": [""Monday"", ""Tuesday"", ""Wednesday"", ""Thursday"", ""Friday"", ""Saturday"", ""Sunday""], ""opens"": ""00:00"", ""closes"": ""23:59""}]",,official_json_ld
gb_d9e9aeb0d3,PureGym,PureGym Tamworth Gym,Tamworth Gym,Bitterscote Drive,B78 3HD,Tamworth,United Kingdom,England,52.628761291503906,-1.7061699628829956,READY_TO_IMPORT,VERIFIED_CURRENT,,official_json_ld,https://www.puregym.com/gyms/tamworth/,https://www.puregym.com/gyms/tamworth/,"[{""@type"": ""OpeningHoursSpecification"", ""dayOfWeek"": [""Monday"", ""Tuesday"", ""Wednesday"", ""Thursday"", ""Friday"", ""Saturday"", ""Sunday""], ""opens"": ""00:00"", ""closes"": ""23:59""}]",,official_json_ld
gb_7f93e6477c,PureGym,PureGym Telford Gym,Telford Gym,Central Square,TF3 4DR,Telford,United Kingdom,England,52.675907135009766,-2.4447529315948486,READY_TO_IMPORT,VERIFIED_CURRENT,,official_json_ld,https://www.puregym.com/gyms/telford/,https://www.puregym.com/gyms/telford/,"[{""@type"": ""OpeningHoursSpecification"", ""dayOfWeek"": [""Monday"", ""Tuesday"", ""Wednesday"", ""Thursday"", ""Friday"", ""Saturday"", ""Sunday""], ""opens"": ""00:00"", ""closes"": ""23:59""}]",,official_json_ld
gb_e6a0ced8a1,PureGym,PureGym Dudley Tipton Gym,Dudley Tipton Gym,Dudley,DY4 7UL,Tipton,United Kingdom,England,52.525203704833984,-2.0489630699157715,READY_TO_IMPORT,VERIFIED_CURRENT,,official_json_ld,https://www.puregym.com/gyms/dudley-tipton/,https://www.puregym.com/gyms/dudley-tipton/,"[{""@type"": ""OpeningHoursSpecification"", ""dayOfWeek"": [""Monday"", ""Tuesday"", ""Wednesday"", ""Thursday"", ""Friday"", ""Saturday"", ""Sunday""], ""opens"": ""00:00"", ""closes"": ""23:59""}]",,official_json_ld
gb_87c43c6cbe,PureGym,PureGym Torquay Bridge Retail Park Gym,Torquay Bridge Retail Park Gym,Bridge Retail Park,TQ2 7PY,Torquay,United Kingdom,England,50.48337173461914,-3.5481200218200684,READY_TO_IMPORT,VERIFIED_CURRENT,,official_json_ld,https://www.puregym.com/gyms/torquay-bridge-retail-park/,https://www.puregym.com/gyms/torquay-bridge-retail-park/,"[{""@type"": ""OpeningHoursSpecification"", ""dayOfWeek"": [""Monday"", ""Tuesday"", ""Wednesday"", ""Thursday"", ""Friday"", ""Saturday"", ""Sunday""], ""opens"": ""00:00"", ""closes"": ""23:59""}]",,official_json_ld
gb_338b32020f,PureGym,PureGym Trowbridge Gym,Trowbridge Gym,Bradley Road,BA14 0AZ,Trowbridge,United Kingdom,England,51.30358123779297,-2.2098729610443115,READY_TO_IMPORT,VERIFIED_CURRENT,,official_json_ld,https://www.puregym.com/gyms/trowbridge/,https://www.puregym.com/gyms/trowbridge/,"[{""@type"": ""OpeningHoursSpecification"", ""dayOfWeek"": [""Monday"", ""Tuesday"", ""Wednesday"", ""Thursday"", ""Friday"", ""Saturday"", ""Sunday""], ""opens"": ""00:00"", ""closes"": ""23:59""}]",,official_json_ld
gb_1ae198550f,PureGym,PureGym London Twickenham Gym,London Twickenham Gym,Strawberry Hill,TW1 4AW,Twickenham,United Kingdom,England,51.4453125,-0.3303239941596985,READY_TO_IMPORT,VERIFIED_CURRENT,,official_json_ld,https://www.puregym.com/gyms/london-twickenham/,https://www.puregym.com/gyms/london-twickenham/,"[{""@type"": ""OpeningHoursSpecification"", ""dayOfWeek"": [""Monday"", ""Tuesday"", ""Wednesday"", ""Thursday"", ""Friday"", ""Saturday"", ""Sunday""], ""opens"": ""00:00"", ""closes"": ""23:59""}]",,official_json_ld
gb_244d3caf2f,PureGym,PureGym Uttoxeter Gym,Uttoxeter Gym,Town Meadows Way,ST14 8AZ,Uttoxeter,United Kingdom,England,52.89993667602539,-1.860916018486023,READY_TO_IMPORT,VERIFIED_CURRENT,,official_json_ld,https://www.puregym.com/gyms/uttoxeter/,https://www.puregym.com/gyms/uttoxeter/,"[{""@type"": ""OpeningHoursSpecification"", ""dayOfWeek"": [""Monday"", ""Tuesday"", ""Wednesday"", ""Thursday"", ""Friday"", ""Saturday"", ""Sunday""], ""opens"": ""00:00"", ""closes"": ""23:59""}]",,official_json_ld
gb_25f5e944ca,PureGym,PureGym Uxbridge Gym,Uxbridge Gym,Uxbridge,UB8 1LA,Uxbridge,United Kingdom,England,51.54542541503906,-0.47663700580596924,READY_TO_IMPORT,VERIFIED_CURRENT,,official_json_ld,https://www.puregym.com/gyms/uxbridge/,https://www.puregym.com/gyms/uxbridge/,"[{""@type"": ""OpeningHoursSpecification"", ""dayOfWeek"": [""Monday"", ""Tuesday"", ""Wednesday"", ""Thursday"", ""Friday"", ""Saturday"", ""Sunday""], ""opens"": ""00:00"", ""closes"": ""23:59""}]",,official_json_ld
gb_7dfe167593,PureGym,PureGym Pontefract Gym,Pontefract Gym,Pontefract,WF8 2LN,Wakefiel,United Kingdom,England,53.69490051269531,-1.2986730337142944,READY_TO_IMPORT,VERIFIED_CURRENT,,official_json_ld,https://www.puregym.com/gyms/pontefract/,https://www.puregym.com/gyms/pontefract/,"[{""@type"": ""OpeningHoursSpecification"", ""dayOfWeek"": [""Monday"", ""Tuesday"", ""Wednesday"", ""Thursday"", ""Friday"", ""Saturday"", ""Sunday""], ""opens"": ""00:00"", ""closes"": ""23:59""}]",,official_json_ld
gb_07a6063220,PureGym,PureGym Wakefield Gym,Wakefield Gym,Ings Road,WF2 9SA,Wakefield,United Kingdom,England,53.68041229248047,-1.5065410137176514,READY_TO_IMPORT,VERIFIED_CURRENT,,official_json_ld,https://www.puregym.com/gyms/wakefield/,https://www.puregym.com/gyms/wakefield/,"[{""@type"": ""OpeningHoursSpecification"", ""dayOfWeek"": [""Monday"", ""Tuesday"", ""Wednesday"", ""Thursday"", ""Friday"", ""Saturday"", ""Sunday""], ""opens"": ""00:00"", ""closes"": ""23:59""}]",,official_json_ld
gb_03efba8765,PureGym,PureGym Walsall Crown Wharf Gym,Walsall Crown Wharf Gym,Wolverhampton St,WS2 8LL,Walsall,United Kingdom,England,52.587825775146484,-1.9874930381774902,READY_TO_IMPORT,VERIFIED_CURRENT,,official_json_ld,https://www.puregym.com/gyms/walsall-crown-wharf/,https://www.puregym.com/gyms/walsall-crown-wharf/,"[{""@type"": ""OpeningHoursSpecification"", ""dayOfWeek"": [""Monday"", ""Tuesday"", ""Wednesday"", ""Thursday"", ""Friday"", ""Saturday"", ""Sunday""], ""opens"": ""00:00"", ""closes"": ""23:59""}]",,official_json_ld
gb_a2c30114d6,PureGym,PureGym Cheshunt Brookfield Shopping Park Gym,Cheshunt Brookfield Shopping Park Gym,Cheshunt,EN8 0QE,Waltham Cross,United Kingdom,England,51.71675109863281,-0.037657998502254486,READY_TO_IMPORT,VERIFIED_CURRENT,,official_json_ld,https://www.puregym.com/gyms/cheshunt-brookfield-shopping-park/,https://www.puregym.com/gyms/cheshunt-brookfield-shopping-park/,"[{""@type"": ""OpeningHoursSpecification"", ""dayOfWeek"": [""Monday"", ""Tuesday"", ""Wednesday"", ""Thursday"", ""Friday"", ""Saturday"", ""Sunday""], ""opens"": ""00:00"", ""closes"": ""23:59""}]",,official_json_ld
gb_793e70b3e0,PureGym,PureGym Walton-on-Thames Gym,Walton-on-Thames Gym,The Heart,KT12 1GH,Walton-On-Thames,United Kingdom,England,51.38520050048828,-0.4203999936580658,READY_TO_IMPORT,VERIFIED_CURRENT,,official_json_ld,https://www.puregym.com/gyms/walton-on-thames/,https://www.puregym.com/gyms/walton-on-thames/,"[{""@type"": ""OpeningHoursSpecification"", ""dayOfWeek"": [""Monday"", ""Tuesday"", ""Wednesday"", ""Thursday"", ""Friday"", ""Saturday"", ""Sunday""], ""opens"": ""00:00"", ""closes"": ""23:59""}]",,official_json_ld
gb_22f0a3fcef,PureGym,PureGym Wantage Gym,Wantage Gym,"Unit 9, Kings Park",OX12 9AJ,Wantage,United Kingdom,England,51.59043884277344,-1.4260950088500977,READY_TO_IMPORT,VERIFIED_CURRENT,,official_json_ld,https://www.puregym.com/gyms/wantage/,https://www.puregym.com/gyms/wantage/,"[{""@type"": ""OpeningHoursSpecification"", ""dayOfWeek"": [""Monday"", ""Tuesday"", ""Wednesday"", ""Thursday"", ""Friday"", ""Saturday"", ""Sunday""], ""opens"": ""00:00"", ""closes"": ""23:59""}]",,official_json_ld
gb_ff225fdf48,PureGym,PureGym Warrington Central Gym,Warrington Central Gym,Fennel Street,WA1 2PA,Warrington,United Kingdom,England,53.390098571777344,-2.5861001014709473,READY_TO_IMPORT,VERIFIED_CURRENT,,official_json_ld,https://www.puregym.com/gyms/warrington-central/,https://www.puregym.com/gyms/warrington-central/,"[{""@type"": ""OpeningHoursSpecification"", ""dayOfWeek"": [""Monday"", ""Tuesday"", ""Wednesday"", ""Thursday"", ""Friday"", ""Saturday"", ""Sunday""], ""opens"": ""00:00"", ""closes"": ""23:59""}]",,official_json_ld
gb_ba3052a654,PureGym,PureGym Warrington North Gym,Warrington North Gym,Winwick Quay,WA2 8RF,Warrington,United Kingdom,England,53.41429901123047,-2.598900079727173,READY_TO_IMPORT,VERIFIED_CURRENT,,official_json_ld,https://www.puregym.com/gyms/warrington-north/,https://www.puregym.com/gyms/warrington-north/,"[{""@type"": ""OpeningHoursSpecification"", ""dayOfWeek"": [""Monday"", ""Tuesday"", ""Wednesday"", ""Thursday"", ""Friday"", ""Saturday"", ""Sunday""], ""opens"": ""00:00"", ""closes"": ""23:59""}]",,official_json_ld
gb_d63ccbd693,PureGym,PureGym Washington Gym,Washington Gym,The Galleries Shopping Centre,NE38 7RT,Washington,United Kingdom,England,54.90114974975586,-1.531203031539917,READY_TO_IMPORT,VERIFIED_CURRENT,,official_json_ld,https://www.puregym.com/gyms/washington/,https://www.puregym.com/gyms/washington/,"[{""@type"": ""OpeningHoursSpecification"", ""dayOfWeek"": [""Monday"", ""Tuesday"", ""Wednesday"", ""Thursday"", ""Friday"", ""Saturday"", ""Sunday""], ""opens"": ""00:00"", ""closes"": ""23:59""}]",,official_json_ld
gb_1aadbe0d0b,PureGym,PureGym Waterlooville Gym,Waterlooville Gym,"Unit 15, Dukes Walk Service Rd",PO7 7HS,Waterlooville,United Kingdom,England,50.87968444824219,-1.0294699668884277,READY_TO_IMPORT,VERIFIED_CURRENT,,official_json_ld,https://www.puregym.com/gyms/waterlooville/,https://www.puregym.com/gyms/waterlooville/,"[{""@type"": ""OpeningHoursSpecification"", ""dayOfWeek"": [""Monday"", ""Tuesday"", ""Wednesday"", ""Thursday"", ""Friday"", ""Saturday"", ""Sunday""], ""opens"": ""00:00"", ""closes"": ""23:59""}]",,official_json_ld
gb_cbf7739d3b,PureGym,PureGym Watford Waterfields Gym,Watford Waterfields Gym,Waterfields Retail Park,WD17 2EU,Watford,United Kingdom,England,51.652645111083984,-0.38979899883270264,READY_TO_IMPORT,VERIFIED_CURRENT,,official_json_ld,https://www.puregym.com/gyms/watford-waterfields/,https://www.puregym.com/gyms/watford-waterfields/,"[{""@type"": ""OpeningHoursSpecification"", ""dayOfWeek"": [""Monday"", ""Tuesday"", ""Wednesday"", ""Thursday"", ""Friday"", ""Saturday"", ""Sunday""], ""opens"": ""00:00"", ""closes"": ""23:59""}]",,official_json_ld
gb_4d1f4303a1,PureGym,PureGym London Welling Gym,London Welling Gym,53 Bellegrove Road,DA16 3PB,Welling,United Kingdom,England,51.46273422241211,0.10439199954271317,READY_TO_IMPORT,VERIFIED_CURRENT,,official_json_ld,https://www.puregym.com/gyms/london-welling/,https://www.puregym.com/gyms/london-welling/,"[{""@type"": ""OpeningHoursSpecification"", ""dayOfWeek"": [""Monday"", ""Tuesday"", ""Wednesday"", ""Thursday"", ""Friday"", ""Saturday"", ""Sunday""], ""opens"": ""00:00"", ""closes"": ""23:59""}]",,official_json_ld
gb_a211c01e62,PureGym,PureGym London Wembley Gym,London Wembley Gym,"492-498 High Road, Wembley",HA9 7BH,Wembley,United Kingdom,England,51.55329895019531,-0.295199990272522,READY_TO_IMPORT,VERIFIED_CURRENT,,official_json_ld,https://www.puregym.com/gyms/london-wembley/,https://www.puregym.com/gyms/london-wembley/,"[{""@type"": ""OpeningHoursSpecification"", ""dayOfWeek"": [""Monday"", ""Tuesday"", ""Wednesday"", ""Thursday"", ""Friday"", ""Saturday"", ""Sunday""], ""opens"": ""00:00"", ""closes"": ""23:59""}]",,official_json_ld
gb_d6e6d3d1f8,PureGym,PureGym West Bromwich Gym,West Bromwich Gym,Astle Outlet Park,B70 8NS,West Bromwich,United Kingdom,England,,,COMING_SOON,COMING_SOON,,official_json_ld,https://www.puregym.com/gyms/west-bromwich/,https://www.puregym.com/gyms/west-bromwich/,"[{""@type"": ""OpeningHoursSpecification"", ""dayOfWeek"": [""Monday"", ""Tuesday"", ""Wednesday"", ""Thursday"", ""Friday"", ""Saturday"", ""Sunday""], ""opens"": ""00:00"", ""closes"": ""23:59""}]",,official_json_ld; coming_soon_copy
gb_7cd2a54511,PureGym,PureGym West Drayton Gym,West Drayton Gym,191 High Street,UB7 7XW,West Drayton,United Kingdom,England,51.51533889770508,-0.475053995847702,READY_TO_IMPORT,VERIFIED_CURRENT,,official_json_ld,https://www.puregym.com/gyms/west-drayton/,https://www.puregym.com/gyms/west-drayton/,"[{""@type"": ""OpeningHoursSpecification"", ""dayOfWeek"": [""Monday"", ""Tuesday"", ""Wednesday"", ""Thursday"", ""Friday"", ""Saturday"", ""Sunday""], ""opens"": ""00:00"", ""closes"": ""23:59""}]",,official_json_ld
gb_524f7d5ad1,PureGym,PureGym Bradford Thornbury Gym,Bradford Thornbury Gym,Bradford,BD3 7AT,West Yorkshire,United Kingdom,England,53.79990005493164,-1.704200029373169,READY_TO_IMPORT,VERIFIED_CURRENT,,official_json_ld,https://www.puregym.com/gyms/bradford-thornbury/,https://www.puregym.com/gyms/bradford-thornbury/,"[{""@type"": ""OpeningHoursSpecification"", ""dayOfWeek"": [""Monday"", ""Tuesday"", ""Wednesday"", ""Thursday"", ""Friday"", ""Saturday"", ""Sunday""], ""opens"": ""00:00"", ""closes"": ""23:59""}]",,official_json_ld
gb_20d9a8aa69,PureGym,PureGym Weston-super-Mare Gym,Weston-super-Mare Gym,Marchfields Way,BS23 3YY,Weston-super-Mare,United Kingdom,England,51.33803939819336,-2.9618499279022217,READY_TO_IMPORT,VERIFIED_CURRENT,,official_json_ld,https://www.puregym.com/gyms/weston-super-mare/,https://www.puregym.com/gyms/weston-super-mare/,"[{""@type"": ""OpeningHoursSpecification"", ""dayOfWeek"": [""Monday"", ""Tuesday"", ""Wednesday"", ""Thursday"", ""Friday"", ""Saturday"", ""Sunday""], ""opens"": ""00:00"", ""closes"": ""23:59""}]",,official_json_ld
gb_ec1457289b,PureGym,PureGym Whitehaven Gym,Whitehaven Gym,Whitehaven,CA28 7RQ,Whitehaven,United Kingdom,England,54.544342041015625,-3.584942102432251,READY_TO_IMPORT,VERIFIED_CURRENT,,official_json_ld,https://www.puregym.com/gyms/whitehaven/,https://www.puregym.com/gyms/whitehaven/,"[{""@type"": ""OpeningHoursSpecification"", ""dayOfWeek"": [""Monday"", ""Tuesday"", ""Wednesday"", ""Thursday"", ""Friday"", ""Saturday"", ""Sunday""], ""opens"": ""00:00"", ""closes"": ""23:59""}]",,official_json_ld
gb_b2c04af99d,PureGym,PureGym Wickford Gym,Wickford Gym,The Willows Shopping Centre,SS12 0RA,Wickford,United Kingdom,England,51.613861083984375,0.5200089812278748,READY_TO_IMPORT,VERIFIED_CURRENT,,official_json_ld,https://www.puregym.com/gyms/wickford/,https://www.puregym.com/gyms/wickford/,"[{""@type"": ""OpeningHoursSpecification"", ""dayOfWeek"": [""Monday"", ""Tuesday"", ""Wednesday"", ""Thursday"", ""Friday"", ""Saturday"", ""Sunday""], ""opens"": ""00:00"", ""closes"": ""23:59""}]",,official_json_ld
gb_9dafb10b92,PureGym,PureGym Widnes Gym,Widnes Gym,Earle Road,WA8 0WR,Widnes,United Kingdom,England,53.36127471923828,-2.7224369049072266,READY_TO_IMPORT,VERIFIED_CURRENT,,official_json_ld,https://www.puregym.com/gyms/widnes/,https://www.puregym.com/gyms/widnes/,"[{""@type"": ""OpeningHoursSpecification"", ""dayOfWeek"": [""Monday"", ""Tuesday"", ""Wednesday"", ""Thursday"", ""Friday"", ""Saturday"", ""Sunday""], ""opens"": ""00:00"", ""closes"": ""23:59""}]",,official_json_ld
gb_e4dbcab4f6,PureGym,PureGym Winchester Gym,Winchester Gym,Winchester,SO23 7RX,Winchester,United Kingdom,England,51.07030487060547,-1.2968419790267944,READY_TO_IMPORT,VERIFIED_CURRENT,,official_json_ld,https://www.puregym.com/gyms/winchester/,https://www.puregym.com/gyms/winchester/,"[{""@type"": ""OpeningHoursSpecification"", ""dayOfWeek"": [""Monday"", ""Tuesday"", ""Wednesday"", ""Thursday"", ""Friday"", ""Saturday"", ""Sunday""], ""opens"": ""00:00"", ""closes"": ""23:59""}]",,official_json_ld
gb_169715e151,PureGym,PureGym Bromborough Gym,Bromborough Gym,Croft Business Park,CH62 3PN,Wirral,United Kingdom,England,53.33992385864258,-2.974658966064453,READY_TO_IMPORT,VERIFIED_CURRENT,,official_json_ld,https://www.puregym.com/gyms/bromborough/,https://www.puregym.com/gyms/bromborough/,"[{""@type"": ""OpeningHoursSpecification"", ""dayOfWeek"": [""Monday"", ""Tuesday"", ""Wednesday"", ""Thursday"", ""Friday"", ""Saturday"", ""Sunday""], ""opens"": ""00:00"", ""closes"": ""23:59""}]",,official_json_ld
gb_36b4e2b85e,PureGym,PureGym Wisbech Gym,Wisbech Gym,Cromwell Road,PE14 0RG,Wisbech,United Kingdom,England,52.65138244628906,0.1428070068359375,READY_TO_IMPORT,VERIFIED_CURRENT,,official_json_ld,https://www.puregym.com/gyms/wisbech/,https://www.puregym.com/gyms/wisbech/,,,official_json_ld
gb_8ed920d321,PureGym,PureGym Witney Gym,Witney Gym,Ducklington Lane,OX28 4JF,Witney,United Kingdom,England,51.778900146484375,-1.4932899475097656,READY_TO_IMPORT,VERIFIED_CURRENT,,official_json_ld,https://www.puregym.com/gyms/witney/,https://www.puregym.com/gyms/witney/,"[{""@type"": ""OpeningHoursSpecification"", ""dayOfWeek"": [""Monday"", ""Tuesday"", ""Wednesday"", ""Thursday"", ""Friday"", ""Saturday"", ""Sunday""], ""opens"": ""00:00"", ""closes"": ""23:59""}]",,official_json_ld
gb_f6c60c9710,PureGym,PureGym Woking Gym,Woking Gym,Horsell Moor,GU21 4NR,Woking,United Kingdom,England,51.31909942626953,-0.5715000033378601,READY_TO_IMPORT,VERIFIED_CURRENT,,official_json_ld,https://www.puregym.com/gyms/woking/,https://www.puregym.com/gyms/woking/,"[{""@type"": ""OpeningHoursSpecification"", ""dayOfWeek"": [""Monday"", ""Tuesday"", ""Wednesday"", ""Thursday"", ""Friday"", ""Saturday"", ""Sunday""], ""opens"": ""00:00"", ""closes"": ""23:59""}]",,official_json_ld
gb_5a30af14fa,PureGym,PureGym Reading Winnersh Gym,Reading Winnersh Gym,Winnersh,RG41 5AS,Wokingham,United Kingdom,England,,,COMING_SOON,COMING_SOON,,official_json_ld,https://www.puregym.com/gyms/reading-winnersh/,https://www.puregym.com/gyms/reading-winnersh/,,,official_json_ld; coming_soon_copy
gb_5c19340cd0,PureGym,PureGym Wolverhampton Bentley Bridge Gym,Wolverhampton Bentley Bridge Gym,Bentley Bridge Way,WV11 1BP,Wolverhampton,United Kingdom,England,52.59600067138672,-2.087899923324585,READY_TO_IMPORT,VERIFIED_CURRENT,,official_json_ld,https://www.puregym.com/gyms/wolverhampton-bentley-bridge/,https://www.puregym.com/gyms/wolverhampton-bentley-bridge/,"[{""@type"": ""OpeningHoursSpecification"", ""dayOfWeek"": [""Monday"", ""Tuesday"", ""Wednesday"", ""Thursday"", ""Friday"", ""Saturday"", ""Sunday""], ""opens"": ""00:00"", ""closes"": ""23:59""}]",,official_json_ld
gb_7057d56508,PureGym,PureGym Wolverhampton South Gym,Wolverhampton South Gym,Wolverhampton,WV2 3NH,Wolverhampton,United Kingdom,England,52.57379913330078,-2.123500108718872,READY_TO_IMPORT,VERIFIED_CURRENT,,official_json_ld,https://www.puregym.com/gyms/wolverhampton-south/,https://www.puregym.com/gyms/wolverhampton-south/,"[{""@type"": ""OpeningHoursSpecification"", ""dayOfWeek"": [""Monday"", ""Tuesday"", ""Wednesday"", ""Thursday"", ""Friday"", ""Saturday"", ""Sunday""], ""opens"": ""00:00"", ""closes"": ""23:59""}]",,official_json_ld
gb_5efcbc6295,PureGym,PureGym Worcester Gym,Worcester Gym,Unit 11,WR1 2DA,Worcester,United Kingdom,England,52.19294357299805,-2.217578887939453,READY_TO_IMPORT,VERIFIED_CURRENT,,official_json_ld,https://www.puregym.com/gyms/worcester/,https://www.puregym.com/gyms/worcester/,"[{""@type"": ""OpeningHoursSpecification"", ""dayOfWeek"": [""Monday"", ""Tuesday"", ""Wednesday"", ""Thursday"", ""Friday"", ""Saturday"", ""Sunday""], ""opens"": ""00:00"", ""closes"": ""23:59""}]",,official_json_ld
gb_118e9df721,PureGym,PureGym Worksop Gym,Worksop Gym,Ryton View,S80 3GN,Worksop,United Kingdom,England,53.310237884521484,-1.1457949876785278,READY_TO_IMPORT,VERIFIED_CURRENT,,official_json_ld,https://www.puregym.com/gyms/worksop/,https://www.puregym.com/gyms/worksop/,"[{""@type"": ""OpeningHoursSpecification"", ""dayOfWeek"": [""Monday"", ""Tuesday"", ""Wednesday"", ""Thursday"", ""Friday"", ""Saturday"", ""Sunday""], ""opens"": ""00:00"", ""closes"": ""23:59""}]",,official_json_ld
gb_737b0439da,PureGym,PureGym Wrexham Gym,Wrexham Gym,Central Retail Park,LL13 7SU,Wrexham,United Kingdom,Wales,53.04719924926758,-3.0013999938964844,READY_TO_IMPORT,VERIFIED_CURRENT,,official_json_ld,https://www.puregym.com/gyms/wrexham/,https://www.puregym.com/gyms/wrexham/,"[{""@type"": ""OpeningHoursSpecification"", ""dayOfWeek"": [""Monday"", ""Tuesday"", ""Wednesday"", ""Thursday"", ""Friday"", ""Saturday"", ""Sunday""], ""opens"": ""00:00"", ""closes"": ""23:59""}]",,official_json_ld
gb_cc5dd082de,PureGym,PureGym Yeovil Houndstone Retail Park Gym,Yeovil Houndstone Retail Park Gym,Yeovil Houndstone Retail Park,BA22 8YQ,Yeovil,United Kingdom,England,50.94544982910156,-2.6717960834503174,READY_TO_IMPORT,VERIFIED_CURRENT,,official_json_ld,https://www.puregym.com/gyms/yeovil-houndstone-retail-park/,https://www.puregym.com/gyms/yeovil-houndstone-retail-park/,"[{""@type"": ""OpeningHoursSpecification"", ""dayOfWeek"": [""Monday"", ""Tuesday"", ""Wednesday"", ""Thursday"", ""Friday"", ""Saturday"", ""Sunday""], ""opens"": ""00:00"", ""closes"": ""23:59""}]",,official_json_ld
gb_8770dbb0c6,PureGym,PureGym York Gym,York Gym,Stirling Road,YO30 4TU,York,United Kingdom,England,53.99420166015625,-1.0951000452041626,READY_TO_IMPORT,VERIFIED_CURRENT,,official_json_ld,https://www.puregym.com/gyms/york/,https://www.puregym.com/gyms/york/,"[{""@type"": ""OpeningHoursSpecification"", ""dayOfWeek"": [""Monday"", ""Tuesday"", ""Wednesday"", ""Thursday"", ""Friday"", ""Saturday"", ""Sunday""], ""opens"": ""00:00"", ""closes"": ""23:59""}]",,official_json_ld
gb_9c02a36ce2,Snap Fitness,Snap Fitness Aberdeen,Snap Fitness Aberdeen,132 West North Street,AB24 5AR,Aberdeen,United Kingdom,Scotland,57.153635,-2.098017,READY_TO_IMPORT,VERIFIED_CURRENT,ok,nominatim,https://www.snapfitness.com/uk/gyms/aberdeen-central,https://www.snapfitness.com/uk/gyms/aberdeen-central,,,official_json_ld
gb_879277fbc7,Snap Fitness,Snap Fitness Aberystwyth,Snap Fitness Aberystwyth,Parc Y Llyn Retail Park,SY23 3TL,Aberystwyth,United Kingdom,Wales,,,NEEDS_COORDINATES,VERIFIED_CURRENT,failed,,https://www.snapfitness.com/uk/gyms/aberystwyth,https://www.snapfitness.com/uk/gyms/aberystwyth,,,official_json_ld
gb_6d8429591b,Snap Fitness,Snap Fitness Addlestone,Snap Fitness Addlestone,120-124 Station Road,KT15 2BQ,Addlestone,United Kingdom,England,51.37157,-0.487009,READY_TO_IMPORT,VERIFIED_CURRENT,ok,nominatim,https://www.snapfitness.com/uk/gyms/addlestone,https://www.snapfitness.com/uk/gyms/addlestone,,,official_json_ld
gb_09422e8402,Snap Fitness,Snap Fitness Andover,Snap Fitness Andover,"Unit 4, 4 Monros Corner, New Street",SP10 1DS,Andover,United Kingdom,England,,,NEEDS_COORDINATES,VERIFIED_CURRENT,failed,,https://www.snapfitness.com/uk/gyms/andover,https://www.snapfitness.com/uk/gyms/andover,,,official_json_ld
gb_fff26d8367,Snap Fitness,Snap Fitness Ashford,Snap Fitness Ashford,"Unit 8, Elwick Place",TN23 1DY,Ashford,United Kingdom,England,51.146422,0.869518,READY_TO_IMPORT,VERIFIED_CURRENT,suspicious,nominatim,https://www.snapfitness.com/uk/gyms/ashford,https://www.snapfitness.com/uk/gyms/ashford,,,official_json_ld; soft_postal
gb_74b1239211,Snap Fitness,Snap Fitness Bagshot,Snap Fitness Bagshot,2b London Rd,GU19 5HN,Bagshot,United Kingdom,England,51.367701,-0.688209,READY_TO_IMPORT,VERIFIED_CURRENT,ok,nominatim,https://www.snapfitness.com/uk/gyms/bagshot,https://www.snapfitness.com/uk/gyms/bagshot,,,official_json_ld
gb_eda35b19b0,Snap Fitness,Snap Fitness Basildon,Snap Fitness Basildon,Times Square,SS14 1DJ,Basildon,United Kingdom,England,51.568261,0.45386,READY_TO_IMPORT,VERIFIED_CURRENT,ok,nominatim,https://www.snapfitness.com/uk/gyms/basildon,https://www.snapfitness.com/uk/gyms/basildon,,,official_json_ld
gb_188d9d2367,Snap Fitness,Snap Fitness Beccles,Snap Fitness Beccles,"Snap Fitness Beccles, Saltgate, Saltgate",NR34 9AP,Beccles,United Kingdom,England,52.459064,1.563102,READY_TO_IMPORT,VERIFIED_CURRENT,suspicious,nominatim,https://www.snapfitness.com/uk/gyms/beccles,https://www.snapfitness.com/uk/gyms/beccles,,,official_json_ld; soft_postal
gb_bdbf29f6f4,Snap Fitness,Snap Fitness Belvedere,Snap Fitness Belvedere,2 Clydesdale Way,DA17 6FD,Belvedere,United Kingdom,England,51.497335,0.154889,READY_TO_IMPORT,VERIFIED_CURRENT,ok,nominatim,https://www.snapfitness.com/uk/gyms/belvedere,https://www.snapfitness.com/uk/gyms/belvedere,,,official_json_ld
gb_00fcd424e5,Snap Fitness,Snap Fitness Bishop's Stortford,Snap Fitness Bishop's Stortford,"3 Adderley Road, Jackson Square",CM23 3AE,Bishop's Stortford,United Kingdom,England,51.86937,0.161685,READY_TO_IMPORT,VERIFIED_CURRENT,suspicious,nominatim,https://www.snapfitness.com/uk/gyms/bishops-stortford,https://www.snapfitness.com/uk/gyms/bishops-stortford,,,official_json_ld; soft_postal
gb_4e16314de4,Snap Fitness,Snap Fitness Blackwood,Snap Fitness Blackwood,"Unit 25, Market Place shopping Centre",NP12 1AU,Blackwood,United Kingdom,Wales,,,NEEDS_COORDINATES,VERIFIED_CURRENT,failed,,https://www.snapfitness.com/uk/gyms/blackwood,https://www.snapfitness.com/uk/gyms/blackwood,,,official_json_ld; demoted_outward_mismatch:NP12 1AU->OX11 7LQ
gb_0683fe996d,Snap Fitness,Snap Fitness Bodmin,Snap Fitness Bodmin,"Unit 2, Bodmin Retail Park, Launceston Road",PL31 2GA,Bodmin,United Kingdom,England,50.471179,-4.703852,READY_TO_IMPORT,VERIFIED_CURRENT,ok,nominatim,https://www.snapfitness.com/uk/gyms/bodmin,https://www.snapfitness.com/uk/gyms/bodmin,,,official_json_ld
gb_490e3aa1e6,Snap Fitness,Snap Fitness Bolsover,Snap Fitness Bolsover,Unit 1/2 Sykes Field Retail Park,S44 6DJ,Bolsover,United Kingdom,England,53.230987,-1.291879,READY_TO_IMPORT,VERIFIED_CURRENT,ok,nominatim,https://www.snapfitness.com/uk/gyms/bolsover,https://www.snapfitness.com/uk/gyms/bolsover,,,official_json_ld
gb_b9b03839ca,Snap Fitness,Snap Fitness Bournemouth,Snap Fitness Bournemouth,"First Floor, 447-457 Wimborne Road",BH9 2AN,Bournemouth,United Kingdom,England,,,COMING_SOON,COMING_SOON,,,https://www.snapfitness.com/uk/gyms/winton,https://www.snapfitness.com/uk/gyms/winton,,,official_json_ld
gb_13dfb02c34,Snap Fitness,Snap Fitness Bradford,Snap Fitness Bradford,1060a Manchester Road,BD5 8NN,Bradford,United Kingdom,England,53.768594,-1.763049,READY_TO_IMPORT,VERIFIED_CURRENT,ok,nominatim,https://www.snapfitness.com/uk/gyms/bradford,https://www.snapfitness.com/uk/gyms/bradford,,,official_json_ld
gb_c76f077deb,Snap Fitness,Snap Fitness Bridgend,Snap Fitness Bridgend,The Rhiw,CF31 3BL,Bridgend,United Kingdom,Wales,51.505065,-3.577772,READY_TO_IMPORT,VERIFIED_CURRENT,suspicious,nominatim,https://www.snapfitness.com/uk/gyms/bridgend,https://www.snapfitness.com/uk/gyms/bridgend,,,official_json_ld; soft_postal
gb_6a7a5800e1,Snap Fitness,Snap Fitness Bridgwater,Snap Fitness Bridgwater,"Part of The Redgate Centre, Westonzoyland Road",TA6 5BJ,Bridgwater,United Kingdom,England,,,COMING_SOON,COMING_SOON,,,https://www.snapfitness.com/uk/gyms/bridgwater,https://www.snapfitness.com/uk/gyms/bridgwater,,,official_json_ld
gb_4e15fcf55f,Snap Fitness,Snap Fitness Bristol,Snap Fitness Bristol,"Sainsburys Supermarket, Winter Stoke Road",BS3 2NS,Bristol,United Kingdom,England,,,NEEDS_COORDINATES,VERIFIED_CURRENT,failed,,https://www.snapfitness.com/uk/gyms/bristol-ashton-gate,https://www.snapfitness.com/uk/gyms/bristol-ashton-gate,,,official_json_ld
gb_60d2b47e40,Snap Fitness,Snap Fitness Bristol,Snap Fitness Bristol,"Whiteladies Road, Clifton Down Shopping Centre",BS8 2PH,Bristol,United Kingdom,England,51.464617,-2.610382,READY_TO_IMPORT,VERIFIED_CURRENT,suspicious,nominatim,https://www.snapfitness.com/uk/gyms/bristol-clifton,https://www.snapfitness.com/uk/gyms/bristol-clifton,,,official_json_ld; soft_postal
gb_102f18e8e4,Snap Fitness,Snap Fitness Bristol,Snap Fitness Bristol,"Unit 7C, Abbey Wood Retail Park, Station Road",,Bristol,United Kingdom,,,,NEEDS_REVIEW,VERIFIED_CURRENT,,,https://www.snapfitness.com/uk/gyms/bristol-filton,https://www.snapfitness.com/uk/gyms/bristol-filton,,,official_json_ld
gb_2db09a3ca5,Snap Fitness,Snap Fitness Burntwood,Snap Fitness Burntwood,"Unit 1, Former Tesco, Cannock Road",WS7 1JS,Burntwood,United Kingdom,England,,,NEEDS_COORDINATES,VERIFIED_CURRENT,failed,,https://www.snapfitness.com/uk/gyms/burntwood,https://www.snapfitness.com/uk/gyms/burntwood,,,official_json_ld
gb_bc7cbe8412,Snap Fitness,Snap Fitness Carlisle,Snap Fitness Carlisle,"Unit 8A Englishgate Plaza, Botchergate",CA1 1RP,Carlisle,United Kingdom,England,54.891184,-2.930193,READY_TO_IMPORT,VERIFIED_CURRENT,ok,nominatim,https://www.snapfitness.com/uk/gyms/carlisle,https://www.snapfitness.com/uk/gyms/carlisle,,,official_json_ld
gb_b334df25e4,Snap Fitness,Snap Fitness Chippenham,Snap Fitness Chippenham,Audley Road,SN14 0EP,Chippenham,United Kingdom,England,51.462478,-2.123615,READY_TO_IMPORT,VERIFIED_CURRENT,suspicious,nominatim,https://www.snapfitness.com/uk/gyms/chippenham,https://www.snapfitness.com/uk/gyms/chippenham,,,official_json_ld; soft_postal
gb_2353eaebae,Snap Fitness,Snap Fitness Christchurch,Snap Fitness Christchurch,63a Somerford Road,BH23 3QA,Christchurch,United Kingdom,England,50.737194,-1.755126,READY_TO_IMPORT,VERIFIED_CURRENT,suspicious,nominatim,https://www.snapfitness.com/uk/gyms/christchurch,https://www.snapfitness.com/uk/gyms/christchurch,,,official_json_ld; soft_postal
gb_c228da165c,Snap Fitness,Snap Fitness Cirencester,Snap Fitness Cirencester,"Forum House, Southway",GL7 1LJ,Cirencester,United Kingdom,England,51.715367,-1.965979,READY_TO_IMPORT,VERIFIED_CURRENT,ok,nominatim,https://www.snapfitness.com/uk/gyms/cirencester,https://www.snapfitness.com/uk/gyms/cirencester,,,official_json_ld
gb_7747e83bd7,Snap Fitness,Snap Fitness Crawley,Snap Fitness Crawley,"Astral Towers, Betts Way",RH10 9XA,Crawley,United Kingdom,England,51.135184,-0.186907,READY_TO_IMPORT,VERIFIED_CURRENT,ok,nominatim,https://www.snapfitness.com/uk/gyms/crawley,https://www.snapfitness.com/uk/gyms/crawley,,,official_json_ld
gb_a700603a03,Snap Fitness,Snap Fitness Cross Hands,Snap Fitness Cross Hands,"Unit 7c Maes Yr Eithin Retail Park, Llandeilo Road",SA14 6SY,Cross Hands,United Kingdom,Wales,51.797867,-4.086243,READY_TO_IMPORT,VERIFIED_CURRENT,ok,nominatim,https://www.snapfitness.com/uk/gyms/cross-hands,https://www.snapfitness.com/uk/gyms/cross-hands,,,official_json_ld
gb_063c8c4a07,Snap Fitness,Snap Fitness Darlington,Snap Fitness Darlington,"Under the Travelodge Hotel, Barrington Way",DL1 4WF,Darlington,United Kingdom,England,,,NEEDS_COORDINATES,VERIFIED_CURRENT,failed,,https://www.snapfitness.com/uk/gyms/darlington,https://www.snapfitness.com/uk/gyms/darlington,,,official_json_ld
gb_606c6ea76a,Snap Fitness,Snap Fitness Dartford,Snap Fitness Dartford,"Unit A, Central Road",DA1 5FY,Dartford,United Kingdom,England,51.447983,0.222125,READY_TO_IMPORT,VERIFIED_CURRENT,suspicious,nominatim,https://www.snapfitness.com/uk/gyms/dartford,https://www.snapfitness.com/uk/gyms/dartford,,,official_json_ld; soft_postal
gb_8987cf1946,Snap Fitness,Snap Fitness Debden,Snap Fitness Debden,10 Torrington Drive,IG10 3SZ,Debden,United Kingdom,England,51.69896,-0.166249,READY_TO_IMPORT,VERIFIED_CURRENT,ok,nominatim,https://www.snapfitness.com/uk/gyms/debden,https://www.snapfitness.com/uk/gyms/debden,,,official_json_ld
gb_1799841a80,Snap Fitness,Snap Fitness Devizes,Snap Fitness Devizes,40 New Park Street,SN10 1DT,Devizes,United Kingdom,England,51.353558,-1.993958,READY_TO_IMPORT,VERIFIED_CURRENT,suspicious,nominatim,https://www.snapfitness.com/uk/gyms/devizes,https://www.snapfitness.com/uk/gyms/devizes,,,official_json_ld; soft_postal
gb_85aeaa4275,Snap Fitness,Snap Fitness Didcot,Snap Fitness Didcot,"Unit 4, The Orchard Centre",OX11 7LL,Didcot,United Kingdom,England,51.606698,-1.236999,READY_TO_IMPORT,VERIFIED_CURRENT,suspicious,nominatim,https://www.snapfitness.com/uk/gyms/didcot,https://www.snapfitness.com/uk/gyms/didcot,,,official_json_ld; soft_postal
gb_58d2a50bd8,Snap Fitness,Snap Fitness Dover,Snap Fitness Dover,"Unit H1, Clocktower Lofts, Crabble Hill, Buckland Mill",CT17 0SA,Dover,United Kingdom,England,,,NEEDS_COORDINATES,VERIFIED_CURRENT,failed,,https://www.snapfitness.com/uk/gyms/dover,https://www.snapfitness.com/uk/gyms/dover,,,official_json_ld
gb_49e041d537,Snap Fitness,Snap Fitness Eastbourne,Snap Fitness Eastbourne,"Langney Shopping Centre, 64 Kingfisher Drive",BN23 7RT,Eastbourne,United Kingdom,England,50.803226,0.303519,READY_TO_IMPORT,VERIFIED_CURRENT,ok,nominatim,https://www.snapfitness.com/uk/gyms/eastbourne,https://www.snapfitness.com/uk/gyms/eastbourne,,,official_json_ld
gb_e65d093737,Snap Fitness,Snap Fitness Ebbsfleet,Snap Fitness Ebbsfleet,"Eagle Way, Stonebridge Road, Northfleet",DA11 9BJ,Ebbsfleet,United Kingdom,England,,,NEEDS_COORDINATES,VERIFIED_CURRENT,failed,,https://www.snapfitness.com/uk/gyms/ebbsfleet,https://www.snapfitness.com/uk/gyms/ebbsfleet,,,official_json_ld
gb_a5db5ea52c,Snap Fitness,"Snap Fitness Elephant and Castle, Southwark","Snap Fitness Elephant and Castle, Southwark",130-138 Newington Butts,SE11 4QU,"Elephant and Castle, Southwark",United Kingdom,England,51.491548,-0.103404,READY_TO_IMPORT,VERIFIED_CURRENT,ok,nominatim,https://www.snapfitness.com/uk/gyms/elephant-and-castle,https://www.snapfitness.com/uk/gyms/elephant-and-castle,,,official_json_ld
gb_d308212211,Snap Fitness,Snap Fitness Evesham,Snap Fitness Evesham,"Unit B, Springfield Drive",WR11 1DX,Evesham,United Kingdom,England,,,COMING_SOON,COMING_SOON,,,https://www.snapfitness.com/uk/gyms/evesham,https://www.snapfitness.com/uk/gyms/evesham,,,official_json_ld
gb_13365ff673,Snap Fitness,Snap Fitness Exeter,Snap Fitness Exeter,"Unit 3, Ashton Road",EX2 8LN,Exeter,United Kingdom,England,,,NEEDS_COORDINATES,VERIFIED_CURRENT,failed,,https://www.snapfitness.com/uk/gyms/exeter,https://www.snapfitness.com/uk/gyms/exeter,,,official_json_ld
gb_a980e8c552,Snap Fitness,Snap Fitness Fareham,Snap Fitness Fareham,"Unit L3, Market Quay",PO16 0BU,Fareham,United Kingdom,England,,,NEEDS_COORDINATES,VERIFIED_CURRENT,failed,,https://www.snapfitness.com/uk/gyms/fareham,https://www.snapfitness.com/uk/gyms/fareham,,,official_json_ld
gb_3c648ecdee,Snap Fitness,"Snap Fitness Ferndown, Dorset","Snap Fitness Ferndown, Dorset","Units 1–2, 92–94 Victoria Road",BH22 9JA,"Ferndown, Dorset",United Kingdom,England,,,COMING_SOON,COMING_SOON,,,https://www.snapfitness.com/uk/gyms/ferndown,https://www.snapfitness.com/uk/gyms/ferndown,,,official_json_ld
gb_dfccf4a64a,Snap Fitness,Snap Fitness Frimley,Snap Fitness Frimley,8 The Parade High Street,GU16 7HL,Frimley,United Kingdom,England,54.870698,-1.621447,READY_TO_IMPORT,VERIFIED_CURRENT,ok,nominatim,https://www.snapfitness.com/uk/gyms/frimley,https://www.snapfitness.com/uk/gyms/frimley,,,official_json_ld
gb_5384f7aa68,Snap Fitness,Snap Fitness Gainsborough,Snap Fitness Gainsborough,"Unit 2 (1st Floor) Marshall's Yard, Beaumont St",DN21 2NA,Gainsborough,United Kingdom,England,,,COMING_SOON,COMING_SOON,,,https://www.snapfitness.com/uk/gyms/gainsborough,https://www.snapfitness.com/uk/gyms/gainsborough,,,official_json_ld
gb_a828d60308,Snap Fitness,Snap Fitness Godalming,Snap Fitness Godalming,46-56 High St,GU7 1DY,Godalming,United Kingdom,England,51.185961,-0.612336,READY_TO_IMPORT,VERIFIED_CURRENT,ok,nominatim,https://www.snapfitness.com/uk/gyms/godalming,https://www.snapfitness.com/uk/gyms/godalming,,,official_json_ld
gb_00f095769e,Snap Fitness,Snap Fitness Hereford,Snap Fitness Hereford,"Pomona Place, Ground Floor",HR4 0EF,Hereford,United Kingdom,England,,,NEEDS_COORDINATES,VERIFIED_CURRENT,failed,,https://www.snapfitness.com/uk/gyms/hereford,https://www.snapfitness.com/uk/gyms/hereford,,,official_json_ld
gb_752e37ccfb,Snap Fitness,Snap Fitness Herne Bay,Snap Fitness Herne Bay,"6 The Boulevard, Altira Business Park",CT6 6GZ,Herne Bay,United Kingdom,England,51.361057,1.152878,READY_TO_IMPORT,VERIFIED_CURRENT,ok,nominatim,https://www.snapfitness.com/uk/gyms/herne-bay,https://www.snapfitness.com/uk/gyms/herne-bay,,,official_json_ld
gb_f0daab549b,Snap Fitness,Snap Fitness Heswall,Snap Fitness Heswall,139 Telegraph Road,CH60 7SE,Heswall,United Kingdom,England,53.328161,-3.099446,READY_TO_IMPORT,VERIFIED_CURRENT,ok,nominatim,https://www.snapfitness.com/uk/gyms/heswall,https://www.snapfitness.com/uk/gyms/heswall,,,official_json_ld
gb_abe919190d,Snap Fitness,Snap Fitness High Wycombe,Snap Fitness High Wycombe,"Unit GH4, Gateway House, Wycombe Retail Park",HP11 1FY,High Wycombe,United Kingdom,England,51.619153,-0.721353,READY_TO_IMPORT,VERIFIED_CURRENT,ok,nominatim,https://www.snapfitness.com/uk/gyms/high-wycombe,https://www.snapfitness.com/uk/gyms/high-wycombe,,,official_json_ld
gb_adba969a63,Snap Fitness,Snap Fitness Hinckley,Snap Fitness Hinckley,"Rugby Road, The Crescent",LE10 0QD,Hinckley,United Kingdom,England,52.539169,-1.375903,READY_TO_IMPORT,VERIFIED_CURRENT,suspicious,nominatim,https://www.snapfitness.com/uk/gyms/hinckley,https://www.snapfitness.com/uk/gyms/hinckley,,,official_json_ld; soft_postal
gb_9484caf2a5,Snap Fitness,Snap Fitness Hove,Snap Fitness Hove,84 Denmark Villas,BN3 3TJ,Hove,United Kingdom,England,50.834559,-0.169224,READY_TO_IMPORT,VERIFIED_CURRENT,ok,nominatim,https://www.snapfitness.com/uk/gyms/hove,https://www.snapfitness.com/uk/gyms/hove,,,official_json_ld
gb_9476a8076f,Snap Fitness,Snap Fitness Ilkeston,Snap Fitness Ilkeston,"South Street, Unit 7, Former Co-Op Department Store",DE7 5QE,Ilkeston,United Kingdom,England,52.969792,-1.309619,READY_TO_IMPORT,VERIFIED_CURRENT,ok,nominatim,https://www.snapfitness.com/uk/gyms/ilkeston,https://www.snapfitness.com/uk/gyms/ilkeston,,,official_json_ld
gb_f464a61a17,Snap Fitness,Snap Fitness Immingham,Snap Fitness Immingham,"Unit 2013A, Kennedy Way",DN40 2AB,Immingham,United Kingdom,England,,,COMING_SOON,COMING_SOON,,,https://www.snapfitness.com/uk/gyms/immingham,https://www.snapfitness.com/uk/gyms/immingham,,,official_json_ld
gb_93de626cf4,Snap Fitness,"Snap Fitness Kenton, Harrow","Snap Fitness Kenton, Harrow","396 Kenton Road., Dunwoody House",HA3 9DH,"Kenton, Harrow",United Kingdom,England,,,NEEDS_COORDINATES,VERIFIED_CURRENT,failed,,https://www.snapfitness.com/uk/gyms/kenton-harrow,https://www.snapfitness.com/uk/gyms/kenton-harrow,,,official_json_ld
gb_b92ffb4702,Snap Fitness,Snap Fitness King's Lynn,Snap Fitness King's Lynn,"Unit 5, St Nicholas Retail Park",PE30 2HW,King's Lynn,United Kingdom,England,52.761766,0.399745,READY_TO_IMPORT,VERIFIED_CURRENT,ok,nominatim,https://www.snapfitness.com/uk/gyms/kings-lynn,https://www.snapfitness.com/uk/gyms/kings-lynn,,,official_json_ld
gb_4cc37f6f4f,Snap Fitness,Snap Fitness Lancaster,Snap Fitness Lancaster,12 Spring Garden Street,LA1 1RQ,Lancaster,United Kingdom,England,54.047069,-2.80118,READY_TO_IMPORT,VERIFIED_CURRENT,ok,nominatim,https://www.snapfitness.com/uk/gyms/lancaster,https://www.snapfitness.com/uk/gyms/lancaster,,,official_json_ld
gb_ad8525c9ba,Snap Fitness,Snap Fitness Leeds,Snap Fitness Leeds,"Retail Unit 6, 100 Wellington Street",LS1 4LT,Leeds,United Kingdom,England,,,NEEDS_COORDINATES,VERIFIED_CURRENT,failed,,https://www.snapfitness.com/uk/gyms/leeds-wellington-st,https://www.snapfitness.com/uk/gyms/leeds-wellington-st,,,official_json_ld; demoted_wrong_club_poi_oakwood_not_wellington
gb_a84a465fdf,Snap Fitness,Snap Fitness Leeds Oakwood,Snap Fitness Leeds Oakwood,"633 Roundhay Road, Unit 6",LS8 4BA,Leeds,United Kingdom,England,53.825894,-1.50725,READY_TO_IMPORT,VERIFIED_CURRENT,ok,nominatim,https://www.snapfitness.com/uk/gyms/leeds-oakwood,https://www.snapfitness.com/uk/gyms/leeds-oakwood,,,official_json_ld; restored_after_false_proximity_collapse; coords_reassigned_from_wellington_st_wrong_row
gb_d93f354e6e,Snap Fitness,Snap Fitness Llanelli,Snap Fitness Llanelli,Unit 12/13 Eastgate,SA15 1SG,Llanelli,United Kingdom,Wales,51.682491,-4.157961,READY_TO_IMPORT,VERIFIED_CURRENT,suspicious,nominatim,https://www.snapfitness.com/uk/gyms/llanelli,https://www.snapfitness.com/uk/gyms/llanelli,,,official_json_ld; soft_postal
gb_1477139779,Snap Fitness,Snap Fitness London,Snap Fitness London,"Ground Floor, Claygate Court, 11 Blackbird Hill",NW9 8RR,London,United Kingdom,England,,,NEEDS_COORDINATES,VERIFIED_CURRENT,failed,,https://www.snapfitness.com/uk/gyms/blackbird-hill-neasden,https://www.snapfitness.com/uk/gyms/blackbird-hill-neasden,,,official_json_ld
gb_3b7ebf0e92,Snap Fitness,Snap Fitness London,Snap Fitness London,5 Grays Inn Road,WC1X 8PH,London,United Kingdom,England,51.528133,-0.119072,READY_TO_IMPORT,VERIFIED_CURRENT,suspicious,nominatim,https://www.snapfitness.com/uk/gyms/chancery-lane,https://www.snapfitness.com/uk/gyms/chancery-lane,,,official_json_ld; soft_postal
gb_5bd9cf46db,Snap Fitness,Snap Fitness London,Snap Fitness London,162-164 Eltham High Street,SE9 1BJ,London,United Kingdom,England,51.450771,0.056688,READY_TO_IMPORT,VERIFIED_CURRENT,suspicious,nominatim,https://www.snapfitness.com/uk/gyms/eltham,https://www.snapfitness.com/uk/gyms/eltham,,,official_json_ld; soft_postal
gb_34f41ec85f,Snap Fitness,Snap Fitness London,Snap Fitness London,"Unit 1, 2, & 3 The Peltons, Blackwall Lane",SE10 0AN,London,United Kingdom,England,51.486211,0.007023,READY_TO_IMPORT,VERIFIED_CURRENT,suspicious,nominatim,https://www.snapfitness.com/uk/gyms/greenwich,https://www.snapfitness.com/uk/gyms/greenwich,,,official_json_ld; soft_postal
gb_b7db344368,Snap Fitness,Snap Fitness London,Snap Fitness London,204 Mitcham Road,SW17 9NN,London,United Kingdom,England,51.423157,-0.160743,READY_TO_IMPORT,VERIFIED_CURRENT,ok,nominatim,https://www.snapfitness.com/uk/gyms/tooting,https://www.snapfitness.com/uk/gyms/tooting,,,official_json_ld
gb_7f99c59897,Snap Fitness,Snap Fitness Maidstone,Snap Fitness Maidstone,"40-46 High Street, Riverside House",ME14 1JH,Maidstone,United Kingdom,England,,,NEEDS_COORDINATES,VERIFIED_CURRENT,failed,,https://www.snapfitness.com/uk/gyms/maidstone,https://www.snapfitness.com/uk/gyms/maidstone,,,official_json_ld
gb_489410deae,Snap Fitness,Snap Fitness March,Snap Fitness March,"Unit 1, Meadowlands Retail Park, 1 Meadowlands",PE15 8HA,March,United Kingdom,England,52.559384,0.068144,READY_TO_IMPORT,VERIFIED_CURRENT,ok,nominatim,https://www.snapfitness.com/uk/gyms/march,https://www.snapfitness.com/uk/gyms/march,,,official_json_ld
gb_04a9f3100b,Snap Fitness,Snap Fitness Market Harborough,Snap Fitness Market Harborough,"Retail Unit 5, Rockingham Road, Three Manors Retail Park",LE16 7QE,Market Harborough,United Kingdom,England,,,NEEDS_COORDINATES,VERIFIED_CURRENT,failed,,https://www.snapfitness.com/uk/gyms/market-harborough,https://www.snapfitness.com/uk/gyms/market-harborough,,,official_json_ld
gb_c7a0201c3c,Snap Fitness,Snap Fitness Martlesham Heath,Snap Fitness Martlesham Heath,"Unit B2, Martlesham Heath Retail Park",IP5 3RX,Martlesham Heath,United Kingdom,England,52.063921,1.276352,READY_TO_IMPORT,VERIFIED_CURRENT,ok,nominatim,https://www.snapfitness.com/uk/gyms/martlesham-heath,https://www.snapfitness.com/uk/gyms/martlesham-heath,,,official_json_ld
gb_57240f672d,Snap Fitness,Snap Fitness Melksham,Snap Fitness Melksham,"Unit 2, Challeymead Business Park",SN12 8BU,Melksham,United Kingdom,England,,,NEEDS_COORDINATES,VERIFIED_CURRENT,failed,,https://www.snapfitness.com/uk/gyms/melksham,https://www.snapfitness.com/uk/gyms/melksham,,,official_json_ld
gb_7dc924b13d,Snap Fitness,Snap Fitness Milton Keynes,Snap Fitness Milton Keynes,"OAKRIDGE PARK LOCAL Centre, STANTONBURY",MK14 6GL,Milton Keynes,United Kingdom,England,52.068616,-0.778636,READY_TO_IMPORT,VERIFIED_CURRENT,ok,nominatim,https://www.snapfitness.com/uk/gyms/milton-keynes,https://www.snapfitness.com/uk/gyms/milton-keynes,,,official_json_ld
gb_1fa71bb025,Snap Fitness,Snap Fitness Morpeth,Snap Fitness Morpeth,"5 Owen House, Sanderson Arcade",NE61 1NS,Morpeth,United Kingdom,England,55.168486,-1.689565,READY_TO_IMPORT,VERIFIED_CURRENT,suspicious,nominatim,https://www.snapfitness.com/uk/gyms/morpeth,https://www.snapfitness.com/uk/gyms/morpeth,,,official_json_ld; soft_postal
gb_acd7784565,Snap Fitness,Snap Fitness Newport,Snap Fitness Newport,"Unit 1, Towngate Retail Park, St James Street",PO30 5HF,Newport,United Kingdom,England,50.701948,-1.296275,READY_TO_IMPORT,VERIFIED_CURRENT,ok,nominatim,https://www.snapfitness.com/uk/gyms/isle-of-wight,https://www.snapfitness.com/uk/gyms/isle-of-wight,,,official_json_ld
gb_d07fe05984,Snap Fitness,"Snap Fitness North Dock, Barry","Snap Fitness North Dock, Barry","Units C and D, The Pumphouse",CF62 5QN,"North Dock, Barry",United Kingdom,Wales,51.400001,-3.278205,READY_TO_IMPORT,VERIFIED_CURRENT,ok,nominatim,https://www.snapfitness.com/uk/gyms/barry,https://www.snapfitness.com/uk/gyms/barry,,,official_json_ld
gb_76e2e58265,Snap Fitness,Snap Fitness Northwich,Snap Fitness Northwich,Unit 17 Barons Quay Road,CW9 5FU,Northwich,United Kingdom,England,53.263761,-2.513508,READY_TO_IMPORT,VERIFIED_CURRENT,ok,nominatim,https://www.snapfitness.com/uk/gyms/northwich,https://www.snapfitness.com/uk/gyms/northwich,,,official_json_ld
gb_ebb0f472e6,Snap Fitness,Snap Fitness Otley,Snap Fitness Otley,"1st Floor, 45 Boroughgate",LS21 1AG,Otley,United Kingdom,England,53.905414,-1.691836,READY_TO_IMPORT,VERIFIED_CURRENT,ok,nominatim,https://www.snapfitness.com/uk/gyms/otley,https://www.snapfitness.com/uk/gyms/otley,,,official_json_ld
gb_b485a49a96,Snap Fitness,Snap Fitness Peterborough,Snap Fitness Peterborough,"Unit 98, Queensgate Shopping Centre",PE1 1NS,Peterborough,United Kingdom,England,,,NEEDS_COORDINATES,VERIFIED_CURRENT,failed,,https://www.snapfitness.com/uk/gyms/peterborough,https://www.snapfitness.com/uk/gyms/peterborough,,,official_json_ld
gb_c405f59bdd,Snap Fitness,Snap Fitness Pontyclun,Snap Fitness Pontyclun,"Unit 1B, Glamorgan Vale Retail Park",CF72 8RP,Pontyclun,United Kingdom,Wales,51.533318,-3.376712,READY_TO_IMPORT,VERIFIED_CURRENT,ok,nominatim,https://www.snapfitness.com/uk/gyms/pontyclun,https://www.snapfitness.com/uk/gyms/pontyclun,,,official_json_ld
gb_136a6ab28a,Snap Fitness,Snap Fitness Queensborough,Snap Fitness Queensborough,"Neats Court Retail Park, Thomsett Way",ME11 5AR,Queensborough,United Kingdom,England,,,NEEDS_COORDINATES,VERIFIED_CURRENT,ambiguous,,https://www.snapfitness.com/uk/gyms/neats-court,https://www.snapfitness.com/uk/gyms/neats-court,,,official_json_ld
gb_34ebc54a45,Snap Fitness,Snap Fitness Radstock,Snap Fitness Radstock,"Unit 3, Former Charltons Timber Yard, Frome Road",BA3 3PT,Radstock,United Kingdom,England,,,NEEDS_COORDINATES,VERIFIED_CURRENT,failed,,https://www.snapfitness.com/uk/gyms/radstock,https://www.snapfitness.com/uk/gyms/radstock,,,official_json_ld
gb_d75a662a41,Snap Fitness,Snap Fitness Raynes Park,Snap Fitness Raynes Park,8-10 Coombe Lane,SW20 8ND,Raynes Park,United Kingdom,England,51.4096,-0.229212,READY_TO_IMPORT,VERIFIED_CURRENT,ok,nominatim,https://www.snapfitness.com/uk/gyms/raynes-park,https://www.snapfitness.com/uk/gyms/raynes-park,,,official_json_ld
gb_acae7fce9b,Snap Fitness,Snap Fitness Redditch,Snap Fitness Redditch,Grove Street,B98 8DX,Redditch,United Kingdom,England,52.305616,-1.937375,READY_TO_IMPORT,VERIFIED_CURRENT,ok,nominatim,https://www.snapfitness.com/uk/gyms/redditch,https://www.snapfitness.com/uk/gyms/redditch,,,official_json_ld
gb_9792b55293,Snap Fitness,Snap Fitness Retford,Snap Fitness Retford,"Units 2-3, Northern Tower, Polymer Court",DN22 6DS,Retford,United Kingdom,England,,,NEEDS_COORDINATES,VERIFIED_CURRENT,failed,,https://www.snapfitness.com/uk/gyms/retford,https://www.snapfitness.com/uk/gyms/retford,,,official_json_ld; demoted_outward_mismatch:DN22 6DS->NR6 5DH
gb_db77871078,Snap Fitness,"Snap Fitness Rustington, Littlehampton","Snap Fitness Rustington, Littlehampton",15 Churchill Parade,BN16 3DE,"Rustington, Littlehampton",United Kingdom,England,,,COMING_SOON,COMING_SOON,,,https://www.snapfitness.com/uk/gyms/rustington,https://www.snapfitness.com/uk/gyms/rustington,,,official_json_ld
gb_72df3ed4b5,Snap Fitness,Snap Fitness Sale,Snap Fitness Sale,"4 Springfield Road, The Square Shopping Centre",M33 7XS,Sale,United Kingdom,England,53.424213,-2.322866,READY_TO_IMPORT,VERIFIED_CURRENT,ok,nominatim,https://www.snapfitness.com/uk/gyms/sale,https://www.snapfitness.com/uk/gyms/sale,,,official_json_ld
gb_9d08d4c44b,Snap Fitness,Snap Fitness Sandhurst,Snap Fitness Sandhurst,1 Vulcan Way,GU47 9DB,Sandhurst,United Kingdom,England,51.344521,-0.801128,READY_TO_IMPORT,VERIFIED_CURRENT,suspicious,nominatim,https://www.snapfitness.com/uk/gyms/sandhurst,https://www.snapfitness.com/uk/gyms/sandhurst,,,official_json_ld; soft_postal
gb_14f8e881f7,Snap Fitness,Snap Fitness Sheffield,Snap Fitness Sheffield,"Fox Valley Way, Unit B13",S36 2JA,Sheffield,United Kingdom,England,,,NEEDS_COORDINATES,VERIFIED_CURRENT,failed,,https://www.snapfitness.com/uk/gyms/stocksbridge,https://www.snapfitness.com/uk/gyms/stocksbridge,,,official_json_ld
gb_db06283ca9,Snap Fitness,Snap Fitness Sittingbourne,Snap Fitness Sittingbourne,Grid House - St. Michaels Road,ME10 3DN,Sittingbourne,United Kingdom,England,,,NEEDS_COORDINATES,VERIFIED_CURRENT,failed,,https://www.snapfitness.com/uk/gyms/sittingbourne,https://www.snapfitness.com/uk/gyms/sittingbourne,,,official_json_ld
gb_8c856cabdb,Snap Fitness,Snap Fitness Southampton,Snap Fitness Southampton,"Unit 2, Southampton Retail Park, Franconia Drive, Nursling",SO16 0YW,Southampton,United Kingdom,England,50.935745,-1.47564,READY_TO_IMPORT,VERIFIED_CURRENT,ok,nominatim,https://www.snapfitness.com/uk/gyms/southampton-nursling,https://www.snapfitness.com/uk/gyms/southampton-nursling,,,official_json_ld
gb_e1946be293,Snap Fitness,Snap Fitness Southampton,Snap Fitness Southampton,Unit 21-22 Centenary Plaza,SO19 9UL,Southampton,United Kingdom,England,50.894562,-1.383298,READY_TO_IMPORT,VERIFIED_CURRENT,suspicious,nominatim,https://www.snapfitness.com/uk/gyms/southampton-woolston,https://www.snapfitness.com/uk/gyms/southampton-woolston,,,official_json_ld; soft_postal
gb_9b2441fd07,Snap Fitness,Snap Fitness Southport,Snap Fitness Southport,"Unit 6, Central Twelve, Derby Road",PR9 0TQ,Southport,United Kingdom,England,,,NEEDS_COORDINATES,VERIFIED_CURRENT,failed,,https://www.snapfitness.com/uk/gyms/southport,https://www.snapfitness.com/uk/gyms/southport,,,official_json_ld
gb_40dc2a9998,Snap Fitness,Snap Fitness Spalding,Snap Fitness Spalding,"Unit 2, Wardentree Lane Trading Estate",PE11 3UG,Spalding,United Kingdom,England,,,NEEDS_COORDINATES,VERIFIED_CURRENT,failed,,https://www.snapfitness.com/uk/gyms/spalding,https://www.snapfitness.com/uk/gyms/spalding,,,official_json_ld
gb_9a785a2d47,Snap Fitness,Snap Fitness St Neots,Snap Fitness St Neots,Priory Lane,PE19 2PU,St Neots,United Kingdom,England,52.228539,-0.271448,READY_TO_IMPORT,VERIFIED_CURRENT,ok,nominatim,https://www.snapfitness.com/uk/gyms/st-neots,https://www.snapfitness.com/uk/gyms/st-neots,,,official_json_ld
gb_80624184f9,Snap Fitness,Snap Fitness St. Austell,Snap Fitness St. Austell,"Unit B, White River Place",PL25 5AZ,St. Austell,United Kingdom,England,50.336677,-4.793573,READY_TO_IMPORT,VERIFIED_CURRENT,ok,nominatim,https://www.snapfitness.com/uk/gyms/st-austell,https://www.snapfitness.com/uk/gyms/st-austell,,,official_json_ld
gb_22b78780ca,Snap Fitness,"Snap Fitness Staple Hill, Bristol","Snap Fitness Staple Hill, Bristol",46 Broad St,BS16 5NS,"Staple Hill, Bristol",United Kingdom,England,51.480741,-2.504561,READY_TO_IMPORT,VERIFIED_CURRENT,ok,nominatim,https://www.snapfitness.com/uk/gyms/bristol-staple-hill,https://www.snapfitness.com/uk/gyms/bristol-staple-hill,,,official_json_ld
gb_f1ae2373db,Snap Fitness,Snap Fitness Stourbridge,Snap Fitness Stourbridge,10c Hagley Road,DY8 1PS,Stourbridge,United Kingdom,England,,,NEEDS_COORDINATES,VERIFIED_CURRENT,failed,,https://www.snapfitness.com/uk/gyms/stourbridge,https://www.snapfitness.com/uk/gyms/stourbridge,,,official_json_ld
gb_adb76b90ca,Snap Fitness,Snap Fitness Swadlincote,Snap Fitness Swadlincote,"Unit 6, The Pipeworks, Coppice Side",DE11 9AA,Swadlincote,United Kingdom,England,52.771,-1.55639,READY_TO_IMPORT,VERIFIED_CURRENT,suspicious,nominatim,https://www.snapfitness.com/uk/gyms/swadlincote,https://www.snapfitness.com/uk/gyms/swadlincote,,,official_json_ld; soft_postal
gb_12d7363a41,Snap Fitness,Snap Fitness Taunton,Snap Fitness Taunton,40/44 North St,TA1 1LX,Taunton,United Kingdom,England,51.015735,-3.103217,READY_TO_IMPORT,VERIFIED_CURRENT,suspicious,nominatim,https://www.snapfitness.com/uk/gyms/taunton,https://www.snapfitness.com/uk/gyms/taunton,,,official_json_ld; soft_postal
gb_7ee30b9de2,Snap Fitness,Snap Fitness Thetford,Snap Fitness Thetford,Thetford Riverside Leisure,IP24 1AD,Thetford,United Kingdom,England,52.413198,0.746252,READY_TO_IMPORT,VERIFIED_CURRENT,suspicious,nominatim,https://www.snapfitness.com/uk/gyms/thetford,https://www.snapfitness.com/uk/gyms/thetford,,,official_json_ld; soft_postal
gb_8530f560a9,Snap Fitness,Snap Fitness Tiverton,Snap Fitness Tiverton,"Unit 2, Kennedy Court, Kennedy Way",EX16 6FP,Tiverton,United Kingdom,England,50.910019,-3.492089,READY_TO_IMPORT,VERIFIED_CURRENT,ok,nominatim,https://www.snapfitness.com/uk/gyms/tiverton,https://www.snapfitness.com/uk/gyms/tiverton,,,official_json_ld
gb_e63d046425,Snap Fitness,Snap Fitness Tonbridge,Snap Fitness Tonbridge,8 Morley Road,TN9 1RD,Tonbridge,United Kingdom,England,51.455077,-0.310046,READY_TO_IMPORT,VERIFIED_CURRENT,ok,nominatim,https://www.snapfitness.com/uk/gyms/tonbridge,https://www.snapfitness.com/uk/gyms/tonbridge,,,official_json_ld
gb_2e39dceedf,Snap Fitness,Snap Fitness Trowbridge,Snap Fitness Trowbridge,"Gateway Shopping Park, Bythesea Road, Unit F",BA14 8AT,Trowbridge,United Kingdom,England,51.318834,-2.212142,READY_TO_IMPORT,VERIFIED_CURRENT,suspicious,nominatim,https://www.snapfitness.com/uk/gyms/trowbridge,https://www.snapfitness.com/uk/gyms/trowbridge,,,official_json_ld; soft_postal
gb_9522f11eb4,Snap Fitness,Snap Fitness Truro,Snap Fitness Truro,"Part of Unit 1, Oak Lane, Treliske Industrial Estate",TR1 3LP,Truro,United Kingdom,England,50.265874,-5.096631,READY_TO_IMPORT,VERIFIED_CURRENT,ok,nominatim,https://www.snapfitness.com/uk/gyms/truro,https://www.snapfitness.com/uk/gyms/truro,,,official_json_ld
gb_39073b7071,Snap Fitness,Snap Fitness Tyldesley,Snap Fitness Tyldesley,"Unit 3, Parr Bridge Retail Park, Mosley Common Road",M29 8RZ,Tyldesley,United Kingdom,England,53.511398,-2.431311,READY_TO_IMPORT,VERIFIED_CURRENT,ok,nominatim,https://www.snapfitness.com/uk/gyms/parr-bridge,https://www.snapfitness.com/uk/gyms/parr-bridge,,,official_json_ld
gb_12201919cc,Snap Fitness,"Snap Fitness Wadebridge, Cornwall","Snap Fitness Wadebridge, Cornwall","Units 1, 2, 3 and 4, Estuary Retail Park",PL27 7GN,"Wadebridge, Cornwall",United Kingdom,England,,,NEEDS_COORDINATES,VERIFIED_CURRENT,failed,,https://www.snapfitness.com/uk/gyms/wadebridge,https://www.snapfitness.com/uk/gyms/wadebridge,,,official_json_ld
gb_5f4dc4d4d4,Snap Fitness,Snap Fitness Wallington,Snap Fitness Wallington,93B Manor Rd,SM6 0AT,Wallington,United Kingdom,England,51.360656,-0.149868,READY_TO_IMPORT,VERIFIED_CURRENT,ok,nominatim,https://www.snapfitness.com/uk/gyms/wallington,https://www.snapfitness.com/uk/gyms/wallington,,,official_json_ld
gb_d69af8f44e,Snap Fitness,Snap Fitness Warminster,Snap Fitness Warminster,"Unit 4, Castlemore Retail Park",BA12 9FE,Warminster,United Kingdom,England,51.205799,-2.175978,READY_TO_IMPORT,VERIFIED_CURRENT,ok,nominatim,https://www.snapfitness.com/uk/gyms/warminster,https://www.snapfitness.com/uk/gyms/warminster,,,official_json_ld
gb_a37face0ee,Snap Fitness,Snap Fitness Whitley Bay,Snap Fitness Whitley Bay,14 Park Avenue,NE26 1DG,Whitley Bay,United Kingdom,England,55.042577,-1.446506,READY_TO_IMPORT,VERIFIED_CURRENT,ok,nominatim,https://www.snapfitness.com/uk/gyms/whitley-bay,https://www.snapfitness.com/uk/gyms/whitley-bay,,,official_json_ld
gb_84e879703b,Snap Fitness,Snap Fitness Whitstable,Snap Fitness Whitstable,"Radio House, John Wilson Business Park, Thanet Way, Chestfield",CT5 3QP,Whitstable,United Kingdom,England,,,NEEDS_COORDINATES,VERIFIED_CURRENT,failed,,https://www.snapfitness.com/uk/gyms/whitstable,https://www.snapfitness.com/uk/gyms/whitstable,,,official_json_ld
gb_89232c8f32,Snap Fitness,Snap Fitness Windsor,Snap Fitness Windsor,"12 Minton Place, Victoria Street",SL4 1EG,Windsor,United Kingdom,England,,,NEEDS_COORDINATES,VERIFIED_CURRENT,failed,,https://www.snapfitness.com/uk/gyms/windsor,https://www.snapfitness.com/uk/gyms/windsor,,,official_json_ld
gb_5f95c8ab2f,Snap Fitness,Snap Fitness Wisbech,Snap Fitness Wisbech,"Unit D, Belgrave Retail Park",PE14 0SN,Wisbech,United Kingdom,England,52.652779,0.146871,READY_TO_IMPORT,VERIFIED_CURRENT,ok,nominatim,https://www.snapfitness.com/uk/gyms/wisbech,https://www.snapfitness.com/uk/gyms/wisbech,,,official_json_ld
gb_600e4ad27c,Snap Fitness,Snap Fitness Wistaston,Snap Fitness Wistaston,"Unit 1, Huntsbank Business Centre, Crewe Road",CW2 6QT,Wistaston,United Kingdom,England,,,NEEDS_COORDINATES,VERIFIED_CURRENT,failed,,https://www.snapfitness.com/uk/gyms/crewe,https://www.snapfitness.com/uk/gyms/crewe,,,official_json_ld
gb_bb457931fc,The Gym Group,The Gym Group Accrington,The Gym Group Accrington,"Stanley Street, Eastgate Retail Park Unit 4",BB5 6RQ,Accrington,United Kingdom,England,53.75310886624187,-2.359698051464282,READY_TO_IMPORT,VERIFIED_CURRENT,,official_locator,https://www.thegymgroup.com/find-a-gym/accrington-gyms/accrington/,https://www.thegymgroup.com/find-a-gym/accrington-gyms/accrington/,"{""sunday"": {""openingTime"": ""00:00:00"", ""closingTime"": ""23:59:59""}, ""monday"": {""openingTime"": ""00:00:00"", ""closingTime"": ""23:59:59""}, ""tuesday"": {""openingTime"": ""00:00:00"", ""closingTime"": ""23:59:59""}, ""wednesday"": {""openingTime"": ""00:00:00"", ""closingTime"": ""23:59:59""}, ""thursday"": {""openingTime"": ""00:00:00"", ""closingTime"": ""23:59:59""}, ""friday"": {""openingTime"": ""00:00:00"", ""closingTime"": ""23:59:59""}, ""saturday"": {""openingTime"": ""00:00:00"", ""closingTime"": ""23:59:59""}}",,official_next_data; branchStatus=Open
gb_c42a3f8d13,The Gym Group,The Gym Group London Acton,The Gym Group London Acton,The Oaks Shopping Centre,W3 6RE,"Acton, London",United Kingdom,England,51.50738647330219,-0.2699911594390869,READY_TO_IMPORT,VERIFIED_CURRENT,,official_locator,https://www.thegymgroup.com/find-a-gym/west-london-gyms/london-acton/,https://www.thegymgroup.com/find-a-gym/west-london-gyms/london-acton/,"{""monday"": {""openingTime"": ""00:00:00"", ""closingTime"": ""00:00:00""}, ""tuesday"": {""openingTime"": ""00:00:00"", ""closingTime"": ""00:00:00""}, ""wednesday"": {""openingTime"": ""00:00:00"", ""closingTime"": ""00:00:00""}, ""thursday"": {""openingTime"": ""00:00:00"", ""closingTime"": ""00:00:00""}, ""friday"": {""openingTime"": ""00:00:00"", ""closingTime"": ""00:00:00""}, ""saturday"": {""openingTime"": ""00:00:00"", ""closingTime"": ""00:00:00""}, ""sunday"": {""openingTime"": ""00:00:00"", ""closingTime"": ""00:00:00""}}",,official_next_data; branchStatus=Open
gb_04bcc168d4,The Gym Group,The Gym Group London Alperton,The Gym Group London Alperton,The Atlip Centre 197 Ealing Road,HA0 4LW,"Alperton, Alperton",United Kingdom,England,51.5404634,-0.2983855,READY_TO_IMPORT,VERIFIED_CURRENT,,official_locator,https://www.thegymgroup.com/find-a-gym/north-london-gyms/alperton/,https://www.thegymgroup.com/find-a-gym/north-london-gyms/alperton/,"{""monday"": {""openingTime"": ""00:00:00"", ""closingTime"": ""00:00:00""}, ""tuesday"": {""openingTime"": ""00:00:00"", ""closingTime"": ""00:00:00""}, ""wednesday"": {""openingTime"": ""00:00:00"", ""closingTime"": ""00:00:00""}, ""thursday"": {""openingTime"": ""00:00:00"", ""closingTime"": ""00:00:00""}, ""friday"": {""openingTime"": ""00:00:00"", ""closingTime"": ""00:00:00""}, ""saturday"": {""openingTime"": ""00:00:00"", ""closingTime"": ""00:00:00""}, ""sunday"": {""openingTime"": ""00:00:00"", ""closingTime"": ""00:00:00""}}",,official_next_data; branchStatus=Open
gb_d48f2a915a,The Gym Group,The Gym Group Ashford,The Gym Group Ashford,Unit 1 New Street Retail Park New Street,TN24 8TN,"Ashford, Kent",United Kingdom,England,51.1500446,0.8704014000000001,READY_TO_IMPORT,VERIFIED_CURRENT,,official_locator,https://www.thegymgroup.com/find-a-gym/ashford-gyms/ashford/,https://www.thegymgroup.com/find-a-gym/ashford-gyms/ashford/,"{""monday"": {""openingTime"": ""00:00:00"", ""closingTime"": ""00:00:00""}, ""tuesday"": {""openingTime"": ""00:00:00"", ""closingTime"": ""00:00:00""}, ""wednesday"": {""openingTime"": ""00:00:00"", ""closingTime"": ""00:00:00""}, ""thursday"": {""openingTime"": ""00:00:00"", ""closingTime"": ""00:00:00""}, ""friday"": {""openingTime"": ""00:00:00"", ""closingTime"": ""00:00:00""}, ""saturday"": {""openingTime"": ""00:00:00"", ""closingTime"": ""00:00:00""}, ""sunday"": {""openingTime"": ""00:00:00"", ""closingTime"": ""00:00:00""}}",,official_next_data; branchStatus=Open
gb_84ae1ad0b8,The Gym Group,The Gym Group Aylesbury,The Gym Group Aylesbury,6-8 Great Western Street Friars Square Shopping Centre,HP20 2PU,Aylesbury,United Kingdom,England,51.8149911,-0.8127614,READY_TO_IMPORT,VERIFIED_CURRENT,,official_locator,https://www.thegymgroup.com/find-a-gym/aylesbury-gyms/aylesbury/,https://www.thegymgroup.com/find-a-gym/aylesbury-gyms/aylesbury/,"{""monday"": {""openingTime"": ""00:00:00"", ""closingTime"": ""00:00:00""}, ""tuesday"": {""openingTime"": ""00:00:00"", ""closingTime"": ""00:00:00""}, ""wednesday"": {""openingTime"": ""00:00:00"", ""closingTime"": ""00:00:00""}, ""thursday"": {""openingTime"": ""00:00:00"", ""closingTime"": ""00:00:00""}, ""friday"": {""openingTime"": ""00:00:00"", ""closingTime"": ""00:00:00""}, ""saturday"": {""openingTime"": ""00:00:00"", ""closingTime"": ""00:00:00""}, ""sunday"": {""openingTime"": ""00:00:00"", ""closingTime"": ""00:00:00""}}",,official_next_data; branchStatus=Open
gb_55620b46b3,The Gym Group,The Gym Group Ayr,The Gym Group Ayr,"Heathfield Retail Park, Liberator Drive, South Ayrshire",KA8 9BF,Ayr,United Kingdom,Scotland,55.48011,-4.593997,READY_TO_IMPORT,VERIFIED_CURRENT,,official_locator,https://www.thegymgroup.com/find-a-gym/ayr-gyms/ayr/,https://www.thegymgroup.com/find-a-gym/ayr-gyms/ayr/,"{""sunday"": {""openingTime"": ""00:00:00"", ""closingTime"": ""23:59:59""}, ""monday"": {""openingTime"": ""00:00:00"", ""closingTime"": ""23:59:59""}, ""tuesday"": {""openingTime"": ""00:00:00"", ""closingTime"": ""23:59:59""}, ""wednesday"": {""openingTime"": ""00:00:00"", ""closingTime"": ""23:59:59""}, ""thursday"": {""openingTime"": ""00:00:00"", ""closingTime"": ""23:59:59""}, ""friday"": {""openingTime"": ""00:00:00"", ""closingTime"": ""23:59:59""}, ""saturday"": {""openingTime"": ""00:00:00"", ""closingTime"": ""23:59:59""}}",,official_next_data; branchStatus=Open
gb_6e9ccd1773,The Gym Group,The Gym Group Kilmarnock,The Gym Group Kilmarnock,"Queens Drive, Kilmarnock",KA1 3XB,Ayrshire,United Kingdom,Scotland,55.600715,-4.49035,READY_TO_IMPORT,VERIFIED_CURRENT,,official_locator,https://www.thegymgroup.com/find-a-gym/kilmarnock-gyms/kilmarnock/,https://www.thegymgroup.com/find-a-gym/kilmarnock-gyms/kilmarnock/,"{""sunday"": {""openingTime"": ""00:00:00"", ""closingTime"": ""23:59:59""}, ""monday"": {""openingTime"": ""00:00:00"", ""closingTime"": ""23:59:59""}, ""tuesday"": {""openingTime"": ""00:00:00"", ""closingTime"": ""23:59:59""}, ""wednesday"": {""openingTime"": ""00:00:00"", ""closingTime"": ""23:59:59""}, ""thursday"": {""openingTime"": ""00:00:00"", ""closingTime"": ""23:59:59""}, ""friday"": {""openingTime"": ""00:00:00"", ""closingTime"": ""23:59:59""}, ""saturday"": {""openingTime"": ""00:00:00"", ""closingTime"": ""23:59:59""}}",,official_next_data; branchStatus=Open
gb_96e0fe181c,The Gym Group,The Gym Group London Barking,The Gym Group London Barking,The Clock House East Street,IG11 8EQ,"Barking, Essex",United Kingdom,England,51.53762589999999,0.0795406,READY_TO_IMPORT,VERIFIED_CURRENT,,official_locator,https://www.thegymgroup.com/find-a-gym/east-london-gyms/barking/,https://www.thegymgroup.com/find-a-gym/east-london-gyms/barking/,"{""monday"": {""openingTime"": ""00:00:00"", ""closingTime"": ""00:00:00""}, ""tuesday"": {""openingTime"": ""00:00:00"", ""closingTime"": ""00:00:00""}, ""wednesday"": {""openingTime"": ""00:00:00"", ""closingTime"": ""00:00:00""}, ""thursday"": {""openingTime"": ""00:00:00"", ""closingTime"": ""00:00:00""}, ""friday"": {""openingTime"": ""00:00:00"", ""closingTime"": ""00:00:00""}, ""saturday"": {""openingTime"": ""00:00:00"", ""closingTime"": ""00:00:00""}, ""sunday"": {""openingTime"": ""00:00:00"", ""closingTime"": ""00:00:00""}}",,official_next_data; branchStatus=Open
gb_2c4b3e3f1e,The Gym Group,The Gym Group Barrow-in-Furness,The Gym Group Barrow-in-Furness,"The Gym Group, Cornerhouse Retail Park Hindpool Road",LA14 2NE,Barrow-in-Furness,United Kingdom,England,54.11249530889151,-3.2351171015882216,READY_TO_IMPORT,VERIFIED_CURRENT,,official_locator,https://www.thegymgroup.com/find-a-gym/barrow-in-furness-gyms/barrow-in-furness/,https://www.thegymgroup.com/find-a-gym/barrow-in-furness-gyms/barrow-in-furness/,"{""sunday"": {""openingTime"": ""00:00:00"", ""closingTime"": ""23:59:59""}, ""monday"": {""openingTime"": ""00:00:00"", ""closingTime"": ""23:59:59""}, ""tuesday"": {""openingTime"": ""00:00:00"", ""closingTime"": ""23:59:59""}, ""wednesday"": {""openingTime"": ""00:00:00"", ""closingTime"": ""23:59:59""}, ""thursday"": {""openingTime"": ""00:00:00"", ""closingTime"": ""23:59:59""}, ""friday"": {""openingTime"": ""00:00:00"", ""closingTime"": ""23:59:59""}, ""saturday"": {""openingTime"": ""00:00:00"", ""closingTime"": ""23:59:59""}}",,official_next_data; branchStatus=Open
gb_1be6d6bfda,The Gym Group,The Gym Group Basildon,The Gym Group Basildon,"Miles Gray Road, Unit E3, Pipps Hill Retail Park",SS14 3AF,Basildon,United Kingdom,England,,,NEEDS_COORDINATES,VERIFIED_CURRENT,failed,,https://www.thegymgroup.com/find-a-gym/basildon-gyms/basildon/,https://www.thegymgroup.com/find-a-gym/basildon-gyms/basildon/,,,official_sitemap_url; club_page_http_500; official_url_search_snippet_or_page; phase2_east_anglia; www/kiosk/origin live fetch HTTP 500
gb_703f59ced5,The Gym Group,The Gym Group Basingstoke,The Gym Group Basingstoke,"Unit 3a, St Michaels Retail Park, Winchester Road",RG22 4AN,Basingstoke,United Kingdom,England,51.25195926084502,-1.1084004119038582,READY_TO_IMPORT,VERIFIED_CURRENT,,official_locator,https://www.thegymgroup.com/find-a-gym/basingstoke-gyms/basingstoke/,https://www.thegymgroup.com/find-a-gym/basingstoke-gyms/basingstoke/,"{""monday"": {""openingTime"": ""00:00:00"", ""closingTime"": ""00:00:00""}, ""tuesday"": {""openingTime"": ""00:00:00"", ""closingTime"": ""00:00:00""}, ""wednesday"": {""openingTime"": ""00:00:00"", ""closingTime"": ""00:00:00""}, ""thursday"": {""openingTime"": ""00:00:00"", ""closingTime"": ""00:00:00""}, ""friday"": {""openingTime"": ""00:00:00"", ""closingTime"": ""00:00:00""}, ""saturday"": {""openingTime"": ""00:00:00"", ""closingTime"": ""00:00:00""}, ""sunday"": {""openingTime"": ""00:00:00"", ""closingTime"": ""00:00:00""}}",,official_next_data; branchStatus=Open
gb_dcce33b50c,The Gym Group,The Gym Group Bath City,The Gym Group Bath City,Southgate St Southgate Shopping Mall,BA1 1TG,Bath,United Kingdom,England,51.378335,-2.359297,READY_TO_IMPORT,VERIFIED_CURRENT,,official_locator,https://www.thegymgroup.com/find-a-gym/bath-gyms/bath-city/,https://www.thegymgroup.com/find-a-gym/bath-gyms/bath-city/,"{""monday"": {""openingTime"": ""00:00:00"", ""closingTime"": ""00:00:00""}, ""tuesday"": {""openingTime"": ""00:00:00"", ""closingTime"": ""00:00:00""}, ""wednesday"": {""openingTime"": ""00:00:00"", ""closingTime"": ""00:00:00""}, ""thursday"": {""openingTime"": ""00:00:00"", ""closingTime"": ""00:00:00""}, ""friday"": {""openingTime"": ""00:00:00"", ""closingTime"": ""00:00:00""}, ""saturday"": {""openingTime"": ""00:00:00"", ""closingTime"": ""00:00:00""}, ""sunday"": {""openingTime"": ""00:00:00"", ""closingTime"": ""00:00:00""}}",,official_next_data; branchStatus=Open
gb_d009b178c6,The Gym Group,The Gym Group Bedford,The Gym Group Bedford,"Unit 2A, Alban Retail Park, Bedford, Bedfordshire",MK42 0NW,Bedford,United Kingdom,England,52.114531,-0.480117,READY_TO_IMPORT,VERIFIED_CURRENT,ok,nominatim,https://www.thegymgroup.com/find-a-gym/bedford-gyms/bedford/,https://www.thegymgroup.com/find-a-gym/bedford-gyms/bedford/,,,official_sitemap_url; club_page_http_500; official_url_search_snippet_or_page; phase2_east_anglia; www/kiosk/origin live fetch HTTP 500
gb_0b38d84c19,The Gym Group,The Gym Group Bexleyheath,The Gym Group Bexleyheath,The Broadway Shopping Centre,DA6 7JN,Bexleyheath,United Kingdom,England,51.456080810663835,0.1472171822878181,READY_TO_IMPORT,VERIFIED_CURRENT,,official_locator,https://www.thegymgroup.com/find-a-gym/south-london-gyms/bexleyheath/,https://www.thegymgroup.com/find-a-gym/south-london-gyms/bexleyheath/,"{""monday"": {""openingTime"": ""00:00:00"", ""closingTime"": ""00:00:00""}, ""tuesday"": {""openingTime"": ""00:00:00"", ""closingTime"": ""00:00:00""}, ""wednesday"": {""openingTime"": ""00:00:00"", ""closingTime"": ""00:00:00""}, ""thursday"": {""openingTime"": ""00:00:00"", ""closingTime"": ""00:00:00""}, ""friday"": {""openingTime"": ""00:00:00"", ""closingTime"": ""00:00:00""}, ""saturday"": {""openingTime"": ""00:00:00"", ""closingTime"": ""00:00:00""}, ""sunday"": {""openingTime"": ""00:00:00"", ""closingTime"": ""00:00:00""}}",,official_next_data; branchStatus=Open
gb_375e2cc956,The Gym Group,The Gym Group Birmingham Digbeth,The Gym Group Birmingham Digbeth,"Trident Retail Park, Westley Street",B9 4EH,Birmingham,United Kingdom,England,52.477017,-1.876773,READY_TO_IMPORT,VERIFIED_CURRENT,,official_locator,https://www.thegymgroup.com/find-a-gym/birmingham-gyms/birmingham-digbeth/,https://www.thegymgroup.com/find-a-gym/birmingham-gyms/birmingham-digbeth/,"{""sunday"": {""openingTime"": ""00:00:00"", ""closingTime"": ""23:59:59""}, ""monday"": {""openingTime"": ""00:00:00"", ""closingTime"": ""23:59:59""}, ""tuesday"": {""openingTime"": ""00:00:00"", ""closingTime"": ""23:59:59""}, ""wednesday"": {""openingTime"": ""00:00:00"", ""closingTime"": ""23:59:59""}, ""thursday"": {""openingTime"": ""00:00:00"", ""closingTime"": ""23:59:59""}, ""friday"": {""openingTime"": ""00:00:00"", ""closingTime"": ""23:59:59""}, ""saturday"": {""openingTime"": ""00:00:00"", ""closingTime"": ""23:59:59""}}",,official_next_data; branchStatus=Open
gb_4fcf6e1f23,The Gym Group,The Gym Group Birmingham Hagley Road,The Gym Group Birmingham Hagley Road,"Hagley Road West, Halesowen",B62 9AS,Birmingham,United Kingdom,England,52.46263,-2.014895,READY_TO_IMPORT,VERIFIED_CURRENT,,official_locator,https://www.thegymgroup.com/find-a-gym/birmingham-gyms/birmingham-hagley-road/,https://www.thegymgroup.com/find-a-gym/birmingham-gyms/birmingham-hagley-road/,"{""sunday"": {""openingTime"": ""00:00:00"", ""closingTime"": ""23:59:59""}, ""monday"": {""openingTime"": ""00:00:00"", ""closingTime"": ""23:59:59""}, ""tuesday"": {""openingTime"": ""00:00:00"", ""closingTime"": ""23:59:59""}, ""wednesday"": {""openingTime"": ""00:00:00"", ""closingTime"": ""23:59:59""}, ""thursday"": {""openingTime"": ""00:00:00"", ""closingTime"": ""23:59:59""}, ""friday"": {""openingTime"": ""00:00:00"", ""closingTime"": ""23:59:59""}, ""saturday"": {""openingTime"": ""00:00:00"", ""closingTime"": ""23:59:59""}}",,official_next_data; branchStatus=Open
gb_12613817e4,The Gym Group,The Gym Group Birmingham Kings Heath,The Gym Group Birmingham Kings Heath,"Unit 1A Findlay Road, High Street, Kings Heath",B14 7SN,Birmingham,United Kingdom,England,52.438601,-1.892947,READY_TO_IMPORT,VERIFIED_CURRENT,,official_locator,https://www.thegymgroup.com/find-a-gym/birmingham-gyms/birmingham-kings-heath/,https://www.thegymgroup.com/find-a-gym/birmingham-gyms/birmingham-kings-heath/,"{""sunday"": {""openingTime"": ""00:00:00"", ""closingTime"": ""23:59:59""}, ""monday"": {""openingTime"": ""00:00:00"", ""closingTime"": ""23:59:59""}, ""tuesday"": {""openingTime"": ""00:00:00"", ""closingTime"": ""23:59:59""}, ""wednesday"": {""openingTime"": ""00:00:00"", ""closingTime"": ""23:59:59""}, ""thursday"": {""openingTime"": ""00:00:00"", ""closingTime"": ""23:59:59""}, ""friday"": {""openingTime"": ""00:00:00"", ""closingTime"": ""23:59:59""}, ""saturday"": {""openingTime"": ""00:00:00"", ""closingTime"": ""23:59:59""}}",,official_next_data; branchStatus=Open
gb_43195a9157,The Gym Group,The Gym Group Birmingham Perry Barr,The Gym Group Birmingham Perry Barr,"Unit 7B, One Stop Shopping Park Perry Barr, Perry Barr",B42 1AA,Birmingham,United Kingdom,England,52.517487,-1.90546,READY_TO_IMPORT,VERIFIED_CURRENT,,official_locator,https://www.thegymgroup.com/find-a-gym/birmingham-gyms/birmingham-perry-barr/,https://www.thegymgroup.com/find-a-gym/birmingham-gyms/birmingham-perry-barr/,"{""sunday"": {""openingTime"": ""00:00:00"", ""closingTime"": ""23:59:59""}, ""monday"": {""openingTime"": ""00:00:00"", ""closingTime"": ""23:59:59""}, ""tuesday"": {""openingTime"": ""00:00:00"", ""closingTime"": ""23:59:59""}, ""wednesday"": {""openingTime"": ""00:00:00"", ""closingTime"": ""23:59:59""}, ""thursday"": {""openingTime"": ""00:00:00"", ""closingTime"": ""23:59:59""}, ""friday"": {""openingTime"": ""00:00:00"", ""closingTime"": ""23:59:59""}, ""saturday"": {""openingTime"": ""00:00:00"", ""closingTime"": ""23:59:59""}}",,official_next_data; branchStatus=Open
gb_584877aedb,The Gym Group,The Gym Group Birmingham Selly Oak,The Gym Group Birmingham Selly Oak,"Chapel Ln, Unit 1c, Battery Retail Park Selly Oak",B29 6SJ,Birmingham,United Kingdom,England,52.44212413446685,-1.9399168484563143,READY_TO_IMPORT,VERIFIED_CURRENT,,official_locator,https://www.thegymgroup.com/find-a-gym/birmingham-gyms/birmingham-selly-oak/,https://www.thegymgroup.com/find-a-gym/birmingham-gyms/birmingham-selly-oak/,"{""sunday"": {""openingTime"": ""00:00:00"", ""closingTime"": ""23:59:59""}, ""monday"": {""openingTime"": ""00:00:00"", ""closingTime"": ""23:59:59""}, ""tuesday"": {""openingTime"": ""00:00:00"", ""closingTime"": ""23:59:59""}, ""wednesday"": {""openingTime"": ""00:00:00"", ""closingTime"": ""23:59:59""}, ""thursday"": {""openingTime"": ""00:00:00"", ""closingTime"": ""23:59:59""}, ""friday"": {""openingTime"": ""00:00:00"", ""closingTime"": ""23:59:59""}, ""saturday"": {""openingTime"": ""00:00:00"", ""closingTime"": ""23:59:59""}}",,official_next_data; branchStatus=Open
gb_4d38cf1538,The Gym Group,The Gym Group Birmingham Sheldon,The Gym Group Birmingham Sheldon,"Sheldon Retail Park, Coventry Road, Sheldon",B26 3NX,Birmingham,United Kingdom,England,52.451378,-1.78057,READY_TO_IMPORT,VERIFIED_CURRENT,,official_locator,https://www.thegymgroup.com/find-a-gym/birmingham-gyms/birmingham-sheldon/,https://www.thegymgroup.com/find-a-gym/birmingham-gyms/birmingham-sheldon/,"{""sunday"": {""openingTime"": ""00:00:00"", ""closingTime"": ""23:59:59""}, ""monday"": {""openingTime"": ""00:00:00"", ""closingTime"": ""23:59:59""}, ""tuesday"": {""openingTime"": ""00:00:00"", ""closingTime"": ""23:59:59""}, ""wednesday"": {""openingTime"": ""00:00:00"", ""closingTime"": ""23:59:59""}, ""thursday"": {""openingTime"": ""00:00:00"", ""closingTime"": ""23:59:59""}, ""friday"": {""openingTime"": ""00:00:00"", ""closingTime"": ""23:59:59""}, ""saturday"": {""openingTime"": ""00:00:00"", ""closingTime"": ""23:59:59""}}",,official_next_data; branchStatus=Open
gb_6e146b3cba,The Gym Group,The Gym Group Birmingham Stechford,The Gym Group Birmingham Stechford,"Unit 4, Birmingham Stechford Retail Park",B33 9AN,Birmingham,United Kingdom,England,52.4865158,-1.8089884,READY_TO_IMPORT,VERIFIED_CURRENT,,official_locator,https://www.thegymgroup.com/find-a-gym/birmingham-gyms/birmingham-stechford/,https://www.thegymgroup.com/find-a-gym/birmingham-gyms/birmingham-stechford/,"{""sunday"": {""openingTime"": ""00:00:00"", ""closingTime"": ""23:59:59""}, ""monday"": {""openingTime"": ""00:00:00"", ""closingTime"": ""23:59:59""}, ""tuesday"": {""openingTime"": ""00:00:00"", ""closingTime"": ""23:59:59""}, ""wednesday"": {""openingTime"": ""00:00:00"", ""closingTime"": ""23:59:59""}, ""thursday"": {""openingTime"": ""00:00:00"", ""closingTime"": ""23:59:59""}, ""friday"": {""openingTime"": ""00:00:00"", ""closingTime"": ""23:59:59""}, ""saturday"": {""openingTime"": ""00:00:00"", ""closingTime"": ""23:59:59""}}",,official_next_data; branchStatus=Open
gb_fd0ed06888,The Gym Group,The Gym Group Sutton Coldfield,The Gym Group Sutton Coldfield,"10A, The Parade, Sutton Coldfield",B72 1PA,Birmingham,United Kingdom,England,52.5631878,-1.8236788,READY_TO_IMPORT,VERIFIED_CURRENT,,official_locator,https://www.thegymgroup.com/find-a-gym/birmingham-gyms/sutton-coldfield/,https://www.thegymgroup.com/find-a-gym/birmingham-gyms/sutton-coldfield/,"{""sunday"": {""openingTime"": ""00:00:00"", ""closingTime"": ""23:59:59""}, ""monday"": {""openingTime"": ""00:00:00"", ""closingTime"": ""23:59:59""}, ""tuesday"": {""openingTime"": ""00:00:00"", ""closingTime"": ""23:59:59""}, ""wednesday"": {""openingTime"": ""00:00:00"", ""closingTime"": ""23:59:59""}, ""thursday"": {""openingTime"": ""00:00:00"", ""closingTime"": ""23:59:59""}, ""friday"": {""openingTime"": ""00:00:00"", ""closingTime"": ""23:59:59""}, ""saturday"": {""openingTime"": ""00:00:00"", ""closingTime"": ""23:59:59""}}",,official_next_data; branchStatus=Open
gb_6ab8e0e9d0,The Gym Group,The Gym Group Bournemouth,The Gym Group Bournemouth,First Floor 29-36 Westover Road,BH1 2BZ,"Bournemouth, Bournemouth",United Kingdom,England,50.7186748,-1.8758685,READY_TO_IMPORT,VERIFIED_CURRENT,,official_locator,https://www.thegymgroup.com/find-a-gym/bournemouth-gyms/bournemouth/,https://www.thegymgroup.com/find-a-gym/bournemouth-gyms/bournemouth/,"{""monday"": {""openingTime"": ""00:00:00"", ""closingTime"": ""00:00:00""}, ""tuesday"": {""openingTime"": ""00:00:00"", ""closingTime"": ""00:00:00""}, ""wednesday"": {""openingTime"": ""00:00:00"", ""closingTime"": ""00:00:00""}, ""thursday"": {""openingTime"": ""00:00:00"", ""closingTime"": ""00:00:00""}, ""friday"": {""openingTime"": ""00:00:00"", ""closingTime"": ""00:00:00""}, ""saturday"": {""openingTime"": ""00:00:00"", ""closingTime"": ""00:00:00""}, ""sunday"": {""openingTime"": ""00:00:00"", ""closingTime"": ""00:00:00""}}",,official_next_data; branchStatus=Open
gb_34169ef429,The Gym Group,The Gym Group Bracknell,The Gym Group Bracknell,Beneficial House Easthampstead Road,RG12 1FB,"Bracknell, Bracknell",United Kingdom,England,51.41459219999999,-0.7609893,READY_TO_IMPORT,VERIFIED_CURRENT,,official_locator,https://www.thegymgroup.com/find-a-gym/bracknell-gyms/bracknell/,https://www.thegymgroup.com/find-a-gym/bracknell-gyms/bracknell/,"{""monday"": {""openingTime"": ""00:00:00"", ""closingTime"": ""00:00:00""}, ""tuesday"": {""openingTime"": ""00:00:00"", ""closingTime"": ""00:00:00""}, ""wednesday"": {""openingTime"": ""00:00:00"", ""closingTime"": ""00:00:00""}, ""thursday"": {""openingTime"": ""00:00:00"", ""closingTime"": ""00:00:00""}, ""friday"": {""openingTime"": ""00:00:00"", ""closingTime"": ""00:00:00""}, ""saturday"": {""openingTime"": ""00:00:00"", ""closingTime"": ""00:00:00""}, ""sunday"": {""openingTime"": ""00:00:00"", ""closingTime"": ""00:00:00""}}",,official_next_data; branchStatus=Open
gb_a30ff3656f,The Gym Group,The Gym Group Bradford Great Horton,The Gym Group Bradford Great Horton,700A Great Horton Road,BD7 4EJ,Bradford,United Kingdom,England,53.781409599885244,-1.7884943100648718,READY_TO_IMPORT,VERIFIED_CURRENT,,official_locator,https://www.thegymgroup.com/find-a-gym/bradford-gyms/bradford-great-horton/,https://www.thegymgroup.com/find-a-gym/bradford-gyms/bradford-great-horton/,"{""sunday"": {""openingTime"": ""00:00:00"", ""closingTime"": ""23:59:59""}, ""monday"": {""openingTime"": ""00:00:00"", ""closingTime"": ""23:59:59""}, ""tuesday"": {""openingTime"": ""00:00:00"", ""closingTime"": ""23:59:59""}, ""wednesday"": {""openingTime"": ""00:00:00"", ""closingTime"": ""23:59:59""}, ""thursday"": {""openingTime"": ""00:00:00"", ""closingTime"": ""23:59:59""}, ""friday"": {""openingTime"": ""00:00:00"", ""closingTime"": ""23:59:59""}, ""saturday"": {""openingTime"": ""00:00:00"", ""closingTime"": ""23:59:59""}}",,official_next_data; branchStatus=Open
gb_05e707ccc0,The Gym Group,The Gym Group Bridgwater,The Gym Group Bridgwater,"Unit B3, Bridgwater Retail Park",TA6 4AB,Bridgwater,United Kingdom,England,,,COMING_SOON,COMING_SOON,,official_locator,https://www.thegymgroup.com/find-a-gym/bridgwater-gyms/bridgwater/,https://www.thegymgroup.com/find-a-gym/bridgwater-gyms/bridgwater/,"{""sunday"": {""openingTime"": ""00:00:00"", ""closingTime"": ""23:59:59""}, ""monday"": {""openingTime"": ""00:00:00"", ""closingTime"": ""23:59:59""}, ""tuesday"": {""openingTime"": ""00:00:00"", ""closingTime"": ""23:59:59""}, ""wednesday"": {""openingTime"": ""00:00:00"", ""closingTime"": ""23:59:59""}, ""thursday"": {""openingTime"": ""00:00:00"", ""closingTime"": ""23:59:59""}, ""friday"": {""openingTime"": ""00:00:00"", ""closingTime"": ""23:59:59""}, ""saturday"": {""openingTime"": ""00:00:00"", ""closingTime"": ""23:59:59""}}",,official_next_data; branchStatus=Opening Soon
gb_fdd8c5780e,The Gym Group,The Gym Group Brighton London Road,The Gym Group Brighton London Road,94 London Road,BN1 4JF,"Brighton, East Sussex",United Kingdom,England,50.832138,-0.13690999999994347,READY_TO_IMPORT,VERIFIED_CURRENT,,official_locator,https://www.thegymgroup.com/find-a-gym/brighton-gyms/brighton-london-road/,https://www.thegymgroup.com/find-a-gym/brighton-gyms/brighton-london-road/,"{""monday"": {""openingTime"": ""00:00:00"", ""closingTime"": ""00:00:00""}, ""tuesday"": {""openingTime"": ""00:00:00"", ""closingTime"": ""00:00:00""}, ""wednesday"": {""openingTime"": ""00:00:00"", ""closingTime"": ""00:00:00""}, ""thursday"": {""openingTime"": ""00:00:00"", ""closingTime"": ""00:00:00""}, ""friday"": {""openingTime"": ""00:00:00"", ""closingTime"": ""00:00:00""}, ""saturday"": {""openingTime"": ""00:00:00"", ""closingTime"": ""00:00:00""}, ""sunday"": {""openingTime"": ""00:00:00"", ""closingTime"": ""00:00:00""}}",,official_next_data; branchStatus=Open
gb_c5e2ebf031,The Gym Group,The Gym Group Brighton Madeira Drive,The Gym Group Brighton Madeira Drive,Unit 9 The Terraces Madeira Drive,BN2 1AY,"Brighton, East Sussex",United Kingdom,England,50.81943219999999,-0.1333391,READY_TO_IMPORT,VERIFIED_CURRENT,,official_locator,https://www.thegymgroup.com/find-a-gym/brighton-gyms/brighton-madeira-drive/,https://www.thegymgroup.com/find-a-gym/brighton-gyms/brighton-madeira-drive/,"{""monday"": {""openingTime"": ""00:00:00"", ""closingTime"": ""00:00:00""}, ""tuesday"": {""openingTime"": ""00:00:00"", ""closingTime"": ""00:00:00""}, ""wednesday"": {""openingTime"": ""00:00:00"", ""closingTime"": ""00:00:00""}, ""thursday"": {""openingTime"": ""00:00:00"", ""closingTime"": ""00:00:00""}, ""friday"": {""openingTime"": ""00:00:00"", ""closingTime"": ""00:00:00""}, ""saturday"": {""openingTime"": ""00:00:00"", ""closingTime"": ""00:00:00""}, ""sunday"": {""openingTime"": ""00:00:00"", ""closingTime"": ""00:00:00""}}",,official_next_data; branchStatus=Open
gb_dc5bd70be5,The Gym Group,The Gym Group Bristol Avonmeads,The Gym Group Bristol Avonmeads,Unit 2a Avonmeads Retail Park St Phillips,BS2 0SP,Bristol,United Kingdom,England,51.4483614,-2.5605116,READY_TO_IMPORT,VERIFIED_CURRENT,,official_locator,https://www.thegymgroup.com/find-a-gym/bristol-gyms/bristol-avonmeads/,https://www.thegymgroup.com/find-a-gym/bristol-gyms/bristol-avonmeads/,"{""monday"": {""openingTime"": ""00:00:00"", ""closingTime"": ""00:00:00""}, ""tuesday"": {""openingTime"": ""00:00:00"", ""closingTime"": ""00:00:00""}, ""wednesday"": {""openingTime"": ""00:00:00"", ""closingTime"": ""00:00:00""}, ""thursday"": {""openingTime"": ""00:00:00"", ""closingTime"": ""00:00:00""}, ""friday"": {""openingTime"": ""00:00:00"", ""closingTime"": ""00:00:00""}, ""saturday"": {""openingTime"": ""00:00:00"", ""closingTime"": ""00:00:00""}, ""sunday"": {""openingTime"": ""00:00:00"", ""closingTime"": ""00:00:00""}}",,official_next_data; branchStatus=Open
gb_5acc9de623,The Gym Group,The Gym Group Bristol Clifton,The Gym Group Bristol Clifton,48-56 Queens Road,BS8 1QE,Bristol,United Kingdom,England,,,COMING_SOON,COMING_SOON,,official_locator,https://www.thegymgroup.com/find-a-gym/bristol-gyms/bristol-clifton/,https://www.thegymgroup.com/find-a-gym/bristol-gyms/bristol-clifton/,"{""sunday"": {""openingTime"": ""00:00:00"", ""closingTime"": ""23:59:59""}, ""monday"": {""openingTime"": ""00:00:00"", ""closingTime"": ""23:59:59""}, ""tuesday"": {""openingTime"": ""00:00:00"", ""closingTime"": ""23:59:59""}, ""wednesday"": {""openingTime"": ""00:00:00"", ""closingTime"": ""23:59:59""}, ""thursday"": {""openingTime"": ""00:00:00"", ""closingTime"": ""23:59:59""}, ""friday"": {""openingTime"": ""00:00:00"", ""closingTime"": ""23:59:59""}, ""saturday"": {""openingTime"": ""00:00:00"", ""closingTime"": ""23:59:59""}}",,official_next_data; branchStatus=Opening Soon
gb_1e764bf569,The Gym Group,The Gym Group Bristol City Centre,The Gym Group Bristol City Centre,Unit LS4A LS4B Quakers Friars Cabot Circus,BS1 3BU,"Bristol, Avon",United Kingdom,England,51.457555,-2.5877539,READY_TO_IMPORT,VERIFIED_CURRENT,,official_locator,https://www.thegymgroup.com/find-a-gym/bristol-gyms/bristol/,https://www.thegymgroup.com/find-a-gym/bristol-gyms/bristol/,"{""monday"": {""openingTime"": ""00:00:00"", ""closingTime"": ""00:00:00""}, ""tuesday"": {""openingTime"": ""00:00:00"", ""closingTime"": ""00:00:00""}, ""wednesday"": {""openingTime"": ""00:00:00"", ""closingTime"": ""00:00:00""}, ""thursday"": {""openingTime"": ""00:00:00"", ""closingTime"": ""00:00:00""}, ""friday"": {""openingTime"": ""00:00:00"", ""closingTime"": ""00:00:00""}, ""saturday"": {""openingTime"": ""00:00:00"", ""closingTime"": ""00:00:00""}, ""sunday"": {""openingTime"": ""00:00:00"", ""closingTime"": ""00:00:00""}}",,official_next_data; branchStatus=Open
gb_46135c50ea,The Gym Group,The Gym Group Bristol Longwell Green,The Gym Group Bristol Longwell Green,The Gym Longwell Green Aspects Retail Park Kingswood,BS15 9LA,"Bristol, Avon",United Kingdom,England,51.4504493,-2.4982063,READY_TO_IMPORT,VERIFIED_CURRENT,,official_locator,https://www.thegymgroup.com/find-a-gym/bristol-gyms/bristol-longwell-green/,https://www.thegymgroup.com/find-a-gym/bristol-gyms/bristol-longwell-green/,"{""monday"": {""openingTime"": ""00:00:00"", ""closingTime"": ""00:00:00""}, ""tuesday"": {""openingTime"": ""00:00:00"", ""closingTime"": ""00:00:00""}, ""wednesday"": {""openingTime"": ""00:00:00"", ""closingTime"": ""00:00:00""}, ""thursday"": {""openingTime"": ""00:00:00"", ""closingTime"": ""00:00:00""}, ""friday"": {""openingTime"": ""00:00:00"", ""closingTime"": ""00:00:00""}, ""saturday"": {""openingTime"": ""00:00:00"", ""closingTime"": ""00:00:00""}, ""sunday"": {""openingTime"": ""00:00:00"", ""closingTime"": ""00:00:00""}}",,official_next_data; branchStatus=Open
gb_9ceb9a2405,The Gym Group,The Gym Group Bury St Edmunds,The Gym Group Bury St Edmunds,"Robert Boby Retail Park, Bury St Edmunds",IP33 3DH,Bury St Edmunds,United Kingdom,England,52.243927,0.70915,READY_TO_IMPORT,VERIFIED_CURRENT,ok,nominatim,https://www.thegymgroup.com/find-a-gym/bury-st-edmunds-gyms/bury-st-edmunds/,https://www.thegymgroup.com/find-a-gym/bury-st-edmunds-gyms/bury-st-edmunds/,,,official_sitemap_url; club_page_http_500; official_url_search_snippet_or_page; phase2_east_anglia; www/kiosk/origin live fetch HTTP 500
gb_d3c8f609ae,The Gym Group,The Gym Group Cambridge,The Gym Group Cambridge,"Cambridge Retail Park, Henley Road, Cambridge, Cambridge",CB5 8JL,Cambridge,United Kingdom,England,52.208229,0.145738,READY_TO_IMPORT,VERIFIED_CURRENT,ok,nominatim,https://www.thegymgroup.com/find-a-gym/cambridge-gyms/cambridge/,https://www.thegymgroup.com/find-a-gym/cambridge-gyms/cambridge/,,,official_sitemap_url; club_page_http_500; official_url_search_snippet_or_page; phase2_east_anglia; www/kiosk/origin live fetch HTTP 500
gb_d722edb2d3,The Gym Group,The Gym Group Cardiff Newport Road,The Gym Group Cardiff Newport Road,Unit 2 360 Newport Road Penylan,CF23 9AE,"Cardiff, Cardiff",United Kingdom,Wales,51.495483,-3.141666,READY_TO_IMPORT,VERIFIED_CURRENT,,official_locator,https://www.thegymgroup.com/find-a-gym/cardiff-gyms/cardiff-newport-road/,https://www.thegymgroup.com/find-a-gym/cardiff-gyms/cardiff-newport-road/,"{""monday"": {""openingTime"": ""00:00:00"", ""closingTime"": ""00:00:00""}, ""tuesday"": {""openingTime"": ""00:00:00"", ""closingTime"": ""00:00:00""}, ""wednesday"": {""openingTime"": ""00:00:00"", ""closingTime"": ""00:00:00""}, ""thursday"": {""openingTime"": ""00:00:00"", ""closingTime"": ""00:00:00""}, ""friday"": {""openingTime"": ""00:00:00"", ""closingTime"": ""00:00:00""}, ""saturday"": {""openingTime"": ""00:00:00"", ""closingTime"": ""00:00:00""}, ""sunday"": {""openingTime"": ""00:00:00"", ""closingTime"": ""00:00:00""}}",,official_next_data; branchStatus=Open
gb_603ed1b1ce,The Gym Group,The Gym Group Cardiff City Centre,The Gym Group Cardiff City Centre,Capitol Shopping Centre,CF10 2HQ,"Cardiff, South Glamorgan",United Kingdom,Wales,51.52057442187381,-3.243926279246807,READY_TO_IMPORT,VERIFIED_CURRENT,,official_locator,https://www.thegymgroup.com/find-a-gym/cardiff-gyms/cardiff-city-centre/,https://www.thegymgroup.com/find-a-gym/cardiff-gyms/cardiff-city-centre/,"{""monday"": {""openingTime"": ""00:00:00"", ""closingTime"": ""00:00:00""}, ""tuesday"": {""openingTime"": ""00:00:00"", ""closingTime"": ""00:00:00""}, ""wednesday"": {""openingTime"": ""00:00:00"", ""closingTime"": ""00:00:00""}, ""thursday"": {""openingTime"": ""00:00:00"", ""closingTime"": ""00:00:00""}, ""friday"": {""openingTime"": ""00:00:00"", ""closingTime"": ""00:00:00""}, ""saturday"": {""openingTime"": ""00:00:00"", ""closingTime"": ""00:00:00""}, ""sunday"": {""openingTime"": ""00:00:00"", ""closingTime"": ""00:00:00""}}",,official_next_data; branchStatus=Open
gb_91ae8c1c4f,The Gym Group,The Gym Group Carlisle,The Gym Group Carlisle,Unit 4 St Nicholas Gate Retail Park London Road,CA1 2EA,Carlisle,United Kingdom,England,54.8872,-2.9236494,READY_TO_IMPORT,VERIFIED_CURRENT,,official_locator,https://www.thegymgroup.com/find-a-gym/carlisle-gyms/carlisle/,https://www.thegymgroup.com/find-a-gym/carlisle-gyms/carlisle/,"{""monday"": {""openingTime"": ""00:00:00"", ""closingTime"": ""00:00:00""}, ""tuesday"": {""openingTime"": ""00:00:00"", ""closingTime"": ""00:00:00""}, ""wednesday"": {""openingTime"": ""00:00:00"", ""closingTime"": ""00:00:00""}, ""thursday"": {""openingTime"": ""00:00:00"", ""closingTime"": ""00:00:00""}, ""friday"": {""openingTime"": ""00:00:00"", ""closingTime"": ""00:00:00""}, ""saturday"": {""openingTime"": ""00:00:00"", ""closingTime"": ""00:00:00""}, ""sunday"": {""openingTime"": ""00:00:00"", ""closingTime"": ""00:00:00""}}",,official_next_data; branchStatus=Open
gb_d61e79d455,The Gym Group,The Gym Group London Catford,The Gym Group London Catford,Bromley Road Retail Park,SE6 2NZ,"Catford, London",United Kingdom,England,51.42874048813793,-0.01317434012889862,READY_TO_IMPORT,VERIFIED_CURRENT,,official_locator,https://www.thegymgroup.com/find-a-gym/south-london-gyms/london-catford/,https://www.thegymgroup.com/find-a-gym/south-london-gyms/london-catford/,"{""monday"": {""openingTime"": ""00:00:00"", ""closingTime"": ""00:00:00""}, ""tuesday"": {""openingTime"": ""00:00:00"", ""closingTime"": ""00:00:00""}, ""wednesday"": {""openingTime"": ""00:00:00"", ""closingTime"": ""00:00:00""}, ""thursday"": {""openingTime"": ""00:00:00"", ""closingTime"": ""00:00:00""}, ""friday"": {""openingTime"": ""00:00:00"", ""closingTime"": ""00:00:00""}, ""saturday"": {""openingTime"": ""00:00:00"", ""closingTime"": ""00:00:00""}, ""sunday"": {""openingTime"": ""00:00:00"", ""closingTime"": ""00:00:00""}}",,official_next_data; branchStatus=Open
gb_fdd5614740,The Gym Group,The Gym Group Chadwell Heath,The Gym Group Chadwell Heath,"Unit 1 High Road, Goodmayes Retail Park, Chadwell Heath, Essex",RM6 4HX,Chadwell Heath,United Kingdom,England,51.567743,0.116709,READY_TO_IMPORT,VERIFIED_CURRENT,ok,nominatim,https://www.thegymgroup.com/find-a-gym/north-london-gyms/chadwell-heath/,https://www.thegymgroup.com/find-a-gym/north-london-gyms/chadwell-heath/,,,official_sitemap_url; club_page_http_500; official_url_search_snippet_or_page; phase2_east_anglia; www/kiosk/origin live fetch HTTP 500
gb_8df698a7fc,The Gym Group,The Gym Group Chelmsford,The Gym Group Chelmsford,"35 New London Road, Chelmsford, Essex",CM2 0ND,Chelmsford,United Kingdom,England,51.73183,0.473447,READY_TO_IMPORT,VERIFIED_CURRENT,ok,nominatim,https://www.thegymgroup.com/find-a-gym/chelmsford-gyms/chelmsford/,https://www.thegymgroup.com/find-a-gym/chelmsford-gyms/chelmsford/,,,official_sitemap_url; club_page_http_500; official_url_search_snippet_or_page; phase2_east_anglia; www/kiosk/origin live fetch HTTP 500
gb_7e40020278,The Gym Group,The Gym Group Cheltenham,The Gym Group Cheltenham,Tewkesbury Road,GL51 9DS,Cheltenham,United Kingdom,England,51.91975849066061,-2.11323369294405,READY_TO_IMPORT,VERIFIED_CURRENT,,official_locator,https://www.thegymgroup.com/find-a-gym/cheltenham-gyms/cheltenham/,https://www.thegymgroup.com/find-a-gym/cheltenham-gyms/cheltenham/,"{""monday"": {""openingTime"": ""00:00:00"", ""closingTime"": ""00:00:00""}, ""tuesday"": {""openingTime"": ""00:00:00"", ""closingTime"": ""00:00:00""}, ""wednesday"": {""openingTime"": ""00:00:00"", ""closingTime"": ""00:00:00""}, ""thursday"": {""openingTime"": ""00:00:00"", ""closingTime"": ""00:00:00""}, ""friday"": {""openingTime"": ""00:00:00"", ""closingTime"": ""00:00:00""}, ""saturday"": {""openingTime"": ""00:00:00"", ""closingTime"": ""00:00:00""}, ""sunday"": {""openingTime"": ""00:00:00"", ""closingTime"": ""00:00:00""}}",,official_next_data; branchStatus=Open
gb_1f7049b904,The Gym Group,The Gym Group Stockport,The Gym Group Stockport,"Unit 1, Redrock, Bridgefield Street, Stockport",SK1 1SA,Cheshire,United Kingdom,England,53.411768,-2.1613944,READY_TO_IMPORT,VERIFIED_CURRENT,,official_locator,https://www.thegymgroup.com/find-a-gym/stockport-gyms/stockport/,https://www.thegymgroup.com/find-a-gym/stockport-gyms/stockport/,"{""sunday"": {""openingTime"": ""00:00:00"", ""closingTime"": ""23:59:59""}, ""monday"": {""openingTime"": ""00:00:00"", ""closingTime"": ""23:59:59""}, ""tuesday"": {""openingTime"": ""00:00:00"", ""closingTime"": ""23:59:59""}, ""wednesday"": {""openingTime"": ""00:00:00"", ""closingTime"": ""23:59:59""}, ""thursday"": {""openingTime"": ""00:00:00"", ""closingTime"": ""23:59:59""}, ""friday"": {""openingTime"": ""00:00:00"", ""closingTime"": ""23:59:59""}, ""saturday"": {""openingTime"": ""00:00:00"", ""closingTime"": ""23:59:59""}}",,official_next_data; branchStatus=Open
gb_4e12a4b148,The Gym Group,The Gym Group Chester City Centre,The Gym Group Chester City Centre,"Victoria Road, Centurion Point Units 1 & 2 plus basement",CH2 2FD,Chester,United Kingdom,England,53.195675620156635,-2.8931447345990633,READY_TO_IMPORT,VERIFIED_CURRENT,,official_locator,https://www.thegymgroup.com/find-a-gym/chester-gyms/chester-city-centre/,https://www.thegymgroup.com/find-a-gym/chester-gyms/chester-city-centre/,"{""sunday"": {""openingTime"": ""00:00:00"", ""closingTime"": ""23:59:59""}, ""monday"": {""openingTime"": ""00:00:00"", ""closingTime"": ""23:59:59""}, ""tuesday"": {""openingTime"": ""00:00:00"", ""closingTime"": ""23:59:59""}, ""wednesday"": {""openingTime"": ""00:00:00"", ""closingTime"": ""23:59:59""}, ""thursday"": {""openingTime"": ""00:00:00"", ""closingTime"": ""23:59:59""}, ""friday"": {""openingTime"": ""00:00:00"", ""closingTime"": ""23:59:59""}, ""saturday"": {""openingTime"": ""00:00:00"", ""closingTime"": ""23:59:59""}}",,official_next_data; branchStatus=Open
gb_f236eb7292,The Gym Group,The Gym Group Chichester,The Gym Group Chichester,Portfield Way,PO19 7YH,Chichester,United Kingdom,England,50.84236152595994,-0.7567121833562851,READY_TO_IMPORT,VERIFIED_CURRENT,,official_locator,https://www.thegymgroup.com/find-a-gym/chichester-gyms/chichester/,https://www.thegymgroup.com/find-a-gym/chichester-gyms/chichester/,"{""monday"": {""openingTime"": ""00:00:00"", ""closingTime"": ""00:00:00""}, ""tuesday"": {""openingTime"": ""00:00:00"", ""closingTime"": ""00:00:00""}, ""wednesday"": {""openingTime"": ""00:00:00"", ""closingTime"": ""00:00:00""}, ""thursday"": {""openingTime"": ""00:00:00"", ""closingTime"": ""00:00:00""}, ""friday"": {""openingTime"": ""00:00:00"", ""closingTime"": ""00:00:00""}, ""saturday"": {""openingTime"": ""00:00:00"", ""closingTime"": ""00:00:00""}, ""sunday"": {""openingTime"": ""00:00:00"", ""closingTime"": ""00:00:00""}}",,official_next_data; branchStatus=Open
gb_0a7d5d0c62,The Gym Group,The Gym Group Colchester,The Gym Group Colchester,"20-28 Queen Street, Colchester, Essex",CO1 2PJ,Colchester,United Kingdom,England,51.888386,0.903272,READY_TO_IMPORT,VERIFIED_CURRENT,ok,nominatim,https://www.thegymgroup.com/find-a-gym/colchester-gyms/colchester/,https://www.thegymgroup.com/find-a-gym/colchester-gyms/colchester/,,,official_sitemap_url; club_page_http_500; official_url_search_snippet_or_page; phase2_east_anglia; www/kiosk/origin live fetch HTTP 500
gb_00d6783e88,The Gym Group,The Gym Group Colchester Turner Rise Retail Park,The Gym Group Colchester Turner Rise Retail Park,"Petrolea Close, 1A, Turner Rise Retail Park",CO4 5TU,Colchester,United Kingdom,England,,,COMING_SOON,COMING_SOON,,official_locator,https://www.thegymgroup.com/find-a-gym/colchester-gyms/colchester-turner-rise-retail-park/,https://www.thegymgroup.com/find-a-gym/colchester-gyms/colchester-turner-rise-retail-park/,"{""sunday"": {""openingTime"": ""00:00:00"", ""closingTime"": ""23:59:59""}, ""monday"": {""openingTime"": ""00:00:00"", ""closingTime"": ""23:59:59""}, ""tuesday"": {""openingTime"": ""00:00:00"", ""closingTime"": ""23:59:59""}, ""wednesday"": {""openingTime"": ""00:00:00"", ""closingTime"": ""23:59:59""}, ""thursday"": {""openingTime"": ""00:00:00"", ""closingTime"": ""23:59:59""}, ""friday"": {""openingTime"": ""00:00:00"", ""closingTime"": ""23:59:59""}, ""saturday"": {""openingTime"": ""00:00:00"", ""closingTime"": ""23:59:59""}}",,official_next_data; branchStatus=Opening Soon
gb_590556d436,The Gym Group,The Gym Group London Colindale,The Gym Group London Colindale,Zenith House,NW9 6DB,"Colindale, Colindale",United Kingdom,England,51.59096584495462,-0.2551093617526021,READY_TO_IMPORT,VERIFIED_CURRENT,,official_locator,https://www.thegymgroup.com/find-a-gym/north-london-gyms/colindale/,https://www.thegymgroup.com/find-a-gym/north-london-gyms/colindale/,"{""monday"": {""openingTime"": ""00:00:00"", ""closingTime"": ""00:00:00""}, ""tuesday"": {""openingTime"": ""00:00:00"", ""closingTime"": ""00:00:00""}, ""wednesday"": {""openingTime"": ""00:00:00"", ""closingTime"": ""00:00:00""}, ""thursday"": {""openingTime"": ""00:00:00"", ""closingTime"": ""00:00:00""}, ""friday"": {""openingTime"": ""00:00:00"", ""closingTime"": ""00:00:00""}, ""saturday"": {""openingTime"": ""00:00:00"", ""closingTime"": ""00:00:00""}, ""sunday"": {""openingTime"": ""00:00:00"", ""closingTime"": ""00:00:00""}}",,official_next_data; branchStatus=Open
gb_636f6a8a95,The Gym Group,The Gym Group London Colliers Wood,The Gym Group London Colliers Wood,Unit 2 Priory Road Retail Park,SW19 2PP,Colliers Wood,United Kingdom,England,51.841406059199116,0.20718421787023544,READY_TO_IMPORT,VERIFIED_CURRENT,,official_locator,https://www.thegymgroup.com/find-a-gym/south-london-gyms/london-colliers-wood/,https://www.thegymgroup.com/find-a-gym/south-london-gyms/london-colliers-wood/,"{""monday"": {""openingTime"": ""00:00:00"", ""closingTime"": ""00:00:00""}, ""tuesday"": {""openingTime"": ""00:00:00"", ""closingTime"": ""00:00:00""}, ""wednesday"": {""openingTime"": ""00:00:00"", ""closingTime"": ""00:00:00""}, ""thursday"": {""openingTime"": ""00:00:00"", ""closingTime"": ""00:00:00""}, ""friday"": {""openingTime"": ""00:00:00"", ""closingTime"": ""00:00:00""}, ""saturday"": {""openingTime"": ""00:00:00"", ""closingTime"": ""00:00:00""}, ""sunday"": {""openingTime"": ""00:00:00"", ""closingTime"": ""00:00:00""}}",,official_next_data; branchStatus=Open
gb_867804250e,The Gym Group,The Gym Group Coventry,The Gym Group Coventry,"Holyhead Rd, Unit 8A Alvis Retail Park",CV5 8BW,Coventry,United Kingdom,England,52.41173849677114,-1.5267882512320063,READY_TO_IMPORT,VERIFIED_CURRENT,,official_locator,https://www.thegymgroup.com/find-a-gym/coventry-gyms/coventry/,https://www.thegymgroup.com/find-a-gym/coventry-gyms/coventry/,"{""sunday"": {""openingTime"": ""00:00:00"", ""closingTime"": ""23:59:59""}, ""monday"": {""openingTime"": ""00:00:00"", ""closingTime"": ""23:59:59""}, ""tuesday"": {""openingTime"": ""00:00:00"", ""closingTime"": ""23:59:59""}, ""wednesday"": {""openingTime"": ""00:00:00"", ""closingTime"": ""23:59:59""}, ""thursday"": {""openingTime"": ""00:00:00"", ""closingTime"": ""23:59:59""}, ""friday"": {""openingTime"": ""00:00:00"", ""closingTime"": ""23:59:59""}, ""saturday"": {""openingTime"": ""00:00:00"", ""closingTime"": ""23:59:59""}}",,official_next_data; branchStatus=Open
gb_df8b4e7a2b,The Gym Group,The Gym Group Crawley,The Gym Group Crawley,"First Floor, Unit 2-3 The Pavilions Queens Square",RH10 1DE,"Crawley, West Sussex",United Kingdom,England,51.1153822,-0.1871604,READY_TO_IMPORT,VERIFIED_CURRENT,,official_locator,https://www.thegymgroup.com/find-a-gym/crawley-gyms/crawley/,https://www.thegymgroup.com/find-a-gym/crawley-gyms/crawley/,"{""monday"": {""openingTime"": ""00:00:00"", ""closingTime"": ""00:00:00""}, ""tuesday"": {""openingTime"": ""00:00:00"", ""closingTime"": ""00:00:00""}, ""wednesday"": {""openingTime"": ""00:00:00"", ""closingTime"": ""00:00:00""}, ""thursday"": {""openingTime"": ""00:00:00"", ""closingTime"": ""00:00:00""}, ""friday"": {""openingTime"": ""00:00:00"", ""closingTime"": ""00:00:00""}, ""saturday"": {""openingTime"": ""00:00:00"", ""closingTime"": ""00:00:00""}, ""sunday"": {""openingTime"": ""00:00:00"", ""closingTime"": ""00:00:00""}}",,official_next_data; branchStatus=Open
gb_2375664d78,The Gym Group,The Gym Group London West Croydon,The Gym Group London West Croydon,99 - 101 London Road,CR0 2RF,Croydon,United Kingdom,England,51.3797304169835,-0.1053709888353751,READY_TO_IMPORT,VERIFIED_CURRENT,,official_locator,https://www.thegymgroup.com/find-a-gym/south-london-gyms/west-croydon/,https://www.thegymgroup.com/find-a-gym/south-london-gyms/west-croydon/,"{""monday"": {""openingTime"": ""00:00:00"", ""closingTime"": ""00:00:00""}, ""tuesday"": {""openingTime"": ""00:00:00"", ""closingTime"": ""00:00:00""}, ""wednesday"": {""openingTime"": ""00:00:00"", ""closingTime"": ""00:00:00""}, ""thursday"": {""openingTime"": ""00:00:00"", ""closingTime"": ""00:00:00""}, ""friday"": {""openingTime"": ""00:00:00"", ""closingTime"": ""00:00:00""}, ""saturday"": {""openingTime"": ""00:00:00"", ""closingTime"": ""00:00:00""}, ""sunday"": {""openingTime"": ""00:00:00"", ""closingTime"": ""00:00:00""}}",,official_next_data; branchStatus=Closed for Maintenance
gb_aed1105151,The Gym Group,The Gym Group London Croydon Purley Way,The Gym Group London Croydon Purley Way,6D Valley Leisure Park Hesterman Way,CR0 4YA,"Croydon, Surrey",United Kingdom,England,51.3777614,-0.1248046,READY_TO_IMPORT,VERIFIED_CURRENT,,official_locator,https://www.thegymgroup.com/find-a-gym/south-london-gyms/croydon-purley-way/,https://www.thegymgroup.com/find-a-gym/south-london-gyms/croydon-purley-way/,"{""monday"": {""openingTime"": ""00:00:00"", ""closingTime"": ""00:00:00""}, ""tuesday"": {""openingTime"": ""00:00:00"", ""closingTime"": ""00:00:00""}, ""wednesday"": {""openingTime"": ""00:00:00"", ""closingTime"": ""00:00:00""}, ""thursday"": {""openingTime"": ""00:00:00"", ""closingTime"": ""00:00:00""}, ""friday"": {""openingTime"": ""00:00:00"", ""closingTime"": ""00:00:00""}, ""saturday"": {""openingTime"": ""00:00:00"", ""closingTime"": ""00:00:00""}, ""sunday"": {""openingTime"": ""00:00:00"", ""closingTime"": ""00:00:00""}}",,official_next_data; branchStatus=Open
gb_f3baa51bd5,The Gym Group,The Gym Group London East Croydon,The Gym Group London East Croydon,6 Suffolk House George Street,CR0 1PE,"Croydon, Surrey",United Kingdom,England,51.3738763,-0.0958648,READY_TO_IMPORT,VERIFIED_CURRENT,,official_locator,https://www.thegymgroup.com/find-a-gym/south-london-gyms/east-croydon/,https://www.thegymgroup.com/find-a-gym/south-london-gyms/east-croydon/,"{""monday"": {""openingTime"": ""00:00:00"", ""closingTime"": ""00:00:00""}, ""tuesday"": {""openingTime"": ""00:00:00"", ""closingTime"": ""00:00:00""}, ""wednesday"": {""openingTime"": ""00:00:00"", ""closingTime"": ""00:00:00""}, ""thursday"": {""openingTime"": ""00:00:00"", ""closingTime"": ""00:00:00""}, ""friday"": {""openingTime"": ""00:00:00"", ""closingTime"": ""00:00:00""}, ""saturday"": {""openingTime"": ""00:00:00"", ""closingTime"": ""00:00:00""}, ""sunday"": {""openingTime"": ""00:00:00"", ""closingTime"": ""00:00:00""}}",,official_next_data; branchStatus=Open
gb_87d825bb9a,The Gym Group,The Gym Group Dagenham,The Gym Group Dagenham,"Dagenham Leisure Park, Cook Road, Dagenham, Greater London",RM9 6UQ,Dagenham,United Kingdom,England,51.532222,0.135887,READY_TO_IMPORT,VERIFIED_CURRENT,ok,nominatim,https://www.thegymgroup.com/find-a-gym/east-london-gyms/dagenham/,https://www.thegymgroup.com/find-a-gym/east-london-gyms/dagenham/,,,official_sitemap_url; club_page_http_500; official_url_search_snippet_or_page; phase2_east_anglia; www/kiosk/origin live fetch HTTP 500
gb_37523aaf01,The Gym Group,The Gym Group Dartford,The Gym Group Dartford,Unit 13A The Orchards Shopping Centre High Street,DA1 1DN,"Dartford, Kent",United Kingdom,England,51.4447009,0.2187953,READY_TO_IMPORT,VERIFIED_CURRENT,,official_locator,https://www.thegymgroup.com/find-a-gym/south-london-gyms/dartford/,https://www.thegymgroup.com/find-a-gym/south-london-gyms/dartford/,"{""monday"": {""openingTime"": ""00:00:00"", ""closingTime"": ""00:00:00""}, ""tuesday"": {""openingTime"": ""00:00:00"", ""closingTime"": ""00:00:00""}, ""wednesday"": {""openingTime"": ""00:00:00"", ""closingTime"": ""00:00:00""}, ""thursday"": {""openingTime"": ""00:00:00"", ""closingTime"": ""00:00:00""}, ""friday"": {""openingTime"": ""00:00:00"", ""closingTime"": ""00:00:00""}, ""saturday"": {""openingTime"": ""00:00:00"", ""closingTime"": ""00:00:00""}, ""sunday"": {""openingTime"": ""00:00:00"", ""closingTime"": ""00:00:00""}}",,official_next_data; branchStatus=Open
gb_f5c0e1a72f,The Gym Group,The Gym Group Chesterfield,The Gym Group Chesterfield,"Derby Road, Chesterfield",S40 2EZ,Derbyshire,United Kingdom,England,53.227818,-1.423723,READY_TO_IMPORT,VERIFIED_CURRENT,,official_locator,https://www.thegymgroup.com/find-a-gym/chesterfield-gyms/chesterfield/,https://www.thegymgroup.com/find-a-gym/chesterfield-gyms/chesterfield/,"{""sunday"": {""openingTime"": ""00:00:00"", ""closingTime"": ""23:59:59""}, ""monday"": {""openingTime"": ""00:00:00"", ""closingTime"": ""23:59:59""}, ""tuesday"": {""openingTime"": ""00:00:00"", ""closingTime"": ""23:59:59""}, ""wednesday"": {""openingTime"": ""00:00:00"", ""closingTime"": ""23:59:59""}, ""thursday"": {""openingTime"": ""00:00:00"", ""closingTime"": ""23:59:59""}, ""friday"": {""openingTime"": ""00:00:00"", ""closingTime"": ""23:59:59""}, ""saturday"": {""openingTime"": ""00:00:00"", ""closingTime"": ""23:59:59""}}",,official_next_data; branchStatus=Open
gb_b83434a6f2,The Gym Group,The Gym Group Derby,The Gym Group Derby,"Units 5a&5b, Southgate Retail Park Normanton Road, Derby",DE23 6UQ,Derbyshire,United Kingdom,England,52.914184,-1.478063,READY_TO_IMPORT,VERIFIED_CURRENT,,official_locator,https://www.thegymgroup.com/find-a-gym/derby-gyms/derby/,https://www.thegymgroup.com/find-a-gym/derby-gyms/derby/,"{""sunday"": {""openingTime"": ""00:00:00"", ""closingTime"": ""23:59:59""}, ""monday"": {""openingTime"": ""00:00:00"", ""closingTime"": ""23:59:59""}, ""tuesday"": {""openingTime"": ""00:00:00"", ""closingTime"": ""23:59:59""}, ""wednesday"": {""openingTime"": ""00:00:00"", ""closingTime"": ""23:59:59""}, ""thursday"": {""openingTime"": ""00:00:00"", ""closingTime"": ""23:59:59""}, ""friday"": {""openingTime"": ""00:00:00"", ""closingTime"": ""23:59:59""}, ""saturday"": {""openingTime"": ""00:00:00"", ""closingTime"": ""23:59:59""}}",,official_next_data; branchStatus=Open
gb_44b99c8c19,The Gym Group,The Gym Group Newton Abbot,The Gym Group Newton Abbot,74-90 Wolborough Street,TQ12 1LJ,"Devon, Newton Abbot",United Kingdom,England,50.528671788259324,-3.6153703182935715,READY_TO_IMPORT,VERIFIED_CURRENT,,official_locator,https://www.thegymgroup.com/find-a-gym/newton-abbot-gyms/newton-abbot/,https://www.thegymgroup.com/find-a-gym/newton-abbot-gyms/newton-abbot/,"{""monday"": {""openingTime"": ""00:00:00"", ""closingTime"": ""00:00:00""}, ""tuesday"": {""openingTime"": ""00:00:00"", ""closingTime"": ""00:00:00""}, ""wednesday"": {""openingTime"": ""00:00:00"", ""closingTime"": ""00:00:00""}, ""thursday"": {""openingTime"": ""00:00:00"", ""closingTime"": ""00:00:00""}, ""friday"": {""openingTime"": ""00:00:00"", ""closingTime"": ""00:00:00""}, ""saturday"": {""openingTime"": ""00:00:00"", ""closingTime"": ""00:00:00""}, ""sunday"": {""openingTime"": ""00:00:00"", ""closingTime"": ""00:00:00""}}",,official_next_data; branchStatus=Open
gb_c94b1cdc59,The Gym Group,The Gym Group Dorchester,The Gym Group Dorchester,The Forum Centre Trinity Street,DT1 1TT,Dorchester,United Kingdom,England,50.7134294,-2.4378565,READY_TO_IMPORT,VERIFIED_CURRENT,,official_locator,https://www.thegymgroup.com/find-a-gym/dorchester-gyms/dorchester/,https://www.thegymgroup.com/find-a-gym/dorchester-gyms/dorchester/,"{""monday"": {""openingTime"": ""00:00:00"", ""closingTime"": ""00:00:00""}, ""tuesday"": {""openingTime"": ""00:00:00"", ""closingTime"": ""00:00:00""}, ""wednesday"": {""openingTime"": ""00:00:00"", ""closingTime"": ""00:00:00""}, ""thursday"": {""openingTime"": ""00:00:00"", ""closingTime"": ""00:00:00""}, ""friday"": {""openingTime"": ""00:00:00"", ""closingTime"": ""00:00:00""}, ""saturday"": {""openingTime"": ""00:00:00"", ""closingTime"": ""00:00:00""}, ""sunday"": {""openingTime"": ""00:00:00"", ""closingTime"": ""00:00:00""}}",,official_next_data; branchStatus=Open
gb_01ee1dcef0,The Gym Group,The Gym Group Dudley,The Gym Group Dudley,"Unit 2, Castlegate Business Park",DY1 4TA,Dudley,United Kingdom,England,52.51451,-2.070631,READY_TO_IMPORT,VERIFIED_CURRENT,,official_locator,https://www.thegymgroup.com/find-a-gym/birmingham-gyms/dudley/,https://www.thegymgroup.com/find-a-gym/birmingham-gyms/dudley/,"{""sunday"": {""openingTime"": ""00:00:00"", ""closingTime"": ""23:59:59""}, ""monday"": {""openingTime"": ""00:00:00"", ""closingTime"": ""23:59:59""}, ""tuesday"": {""openingTime"": ""00:00:00"", ""closingTime"": ""23:59:59""}, ""wednesday"": {""openingTime"": ""00:00:00"", ""closingTime"": ""23:59:59""}, ""thursday"": {""openingTime"": ""00:00:00"", ""closingTime"": ""23:59:59""}, ""friday"": {""openingTime"": ""00:00:00"", ""closingTime"": ""23:59:59""}, ""saturday"": {""openingTime"": ""00:00:00"", ""closingTime"": ""23:59:59""}}",,official_next_data; branchStatus=Open
gb_84dc20892f,The Gym Group,The Gym Group Dundee,The Gym Group Dundee,"The Stack Leisure Park, Harefield Rd",DD2 3XN,Dundee,United Kingdom,Scotland,56.473688,-3.006089,READY_TO_IMPORT,VERIFIED_CURRENT,,official_locator,https://www.thegymgroup.com/find-a-gym/dundee-gyms/dundee/,https://www.thegymgroup.com/find-a-gym/dundee-gyms/dundee/,"{""sunday"": {""openingTime"": ""00:00:00"", ""closingTime"": ""23:59:59""}, ""monday"": {""openingTime"": ""00:00:00"", ""closingTime"": ""23:59:59""}, ""tuesday"": {""openingTime"": ""00:00:00"", ""closingTime"": ""23:59:59""}, ""wednesday"": {""openingTime"": ""00:00:00"", ""closingTime"": ""23:59:59""}, ""thursday"": {""openingTime"": ""00:00:00"", ""closingTime"": ""23:59:59""}, ""friday"": {""openingTime"": ""00:00:00"", ""closingTime"": ""23:59:59""}, ""saturday"": {""openingTime"": ""00:00:00"", ""closingTime"": ""23:59:59""}}",,official_next_data; branchStatus=Open
gb_3009220f03,The Gym Group,The Gym Group Darlington,The Gym Group Darlington,"East Mount Road, Darlington",DL1 1LA,Durham,United Kingdom,England,54.53149,-1.546506,READY_TO_IMPORT,VERIFIED_CURRENT,,official_locator,https://www.thegymgroup.com/find-a-gym/darlington-gyms/darlington/,https://www.thegymgroup.com/find-a-gym/darlington-gyms/darlington/,"{""sunday"": {""openingTime"": ""00:00:00"", ""closingTime"": ""23:59:59""}, ""monday"": {""openingTime"": ""00:00:00"", ""closingTime"": ""23:59:59""}, ""tuesday"": {""openingTime"": ""00:00:00"", ""closingTime"": ""23:59:59""}, ""wednesday"": {""openingTime"": ""00:00:00"", ""closingTime"": ""23:59:59""}, ""thursday"": {""openingTime"": ""00:00:00"", ""closingTime"": ""23:59:59""}, ""friday"": {""openingTime"": ""00:00:00"", ""closingTime"": ""23:59:59""}, ""saturday"": {""openingTime"": ""00:00:00"", ""closingTime"": ""23:59:59""}}",,official_next_data; branchStatus=Open
gb_7b8e1c3bcf,The Gym Group,The Gym Group London Ealing,The Gym Group London Ealing,96-122 Uxbridge Road,W13 8RA,"Ealing, London",United Kingdom,England,51.510535,-0.3713880000000245,READY_TO_IMPORT,VERIFIED_CURRENT,,official_locator,https://www.thegymgroup.com/find-a-gym/west-london-gyms/ealing/,https://www.thegymgroup.com/find-a-gym/west-london-gyms/ealing/,"{""monday"": {""openingTime"": ""00:00:00"", ""closingTime"": ""00:00:00""}, ""tuesday"": {""openingTime"": ""00:00:00"", ""closingTime"": ""00:00:00""}, ""wednesday"": {""openingTime"": ""00:00:00"", ""closingTime"": ""00:00:00""}, ""thursday"": {""openingTime"": ""00:00:00"", ""closingTime"": ""00:00:00""}, ""friday"": {""openingTime"": ""00:00:00"", ""closingTime"": ""00:00:00""}, ""saturday"": {""openingTime"": ""00:00:00"", ""closingTime"": ""00:00:00""}, ""sunday"": {""openingTime"": ""00:00:00"", ""closingTime"": ""00:00:00""}}",,official_next_data; branchStatus=Open
gb_24c6b2b1a1,The Gym Group,The Gym Group Glasgow Forge,The Gym Group Glasgow Forge,"The Forge Retail Park, Biggar Street, Parkhead",G31 4BH,East Glasgow,United Kingdom,Scotland,55.85437,-4.20783,READY_TO_IMPORT,VERIFIED_CURRENT,,official_locator,https://www.thegymgroup.com/find-a-gym/glasgow-gyms/glasgow-forge/,https://www.thegymgroup.com/find-a-gym/glasgow-gyms/glasgow-forge/,"{""sunday"": {""openingTime"": ""00:00:00"", ""closingTime"": ""23:59:59""}, ""monday"": {""openingTime"": ""00:00:00"", ""closingTime"": ""23:59:59""}, ""tuesday"": {""openingTime"": ""00:00:00"", ""closingTime"": ""23:59:59""}, ""wednesday"": {""openingTime"": ""00:00:00"", ""closingTime"": ""23:59:59""}, ""thursday"": {""openingTime"": ""00:00:00"", ""closingTime"": ""23:59:59""}, ""friday"": {""openingTime"": ""00:00:00"", ""closingTime"": ""23:59:59""}, ""saturday"": {""openingTime"": ""00:00:00"", ""closingTime"": ""23:59:59""}}",,official_next_data; branchStatus=Open
gb_3eb2e121b7,The Gym Group,The Gym Group London East Ham High Street,The Gym Group London East Ham High Street,145-147 High North Street,E6 1HZ,East Ham,United Kingdom,England,51.09548866378727,-1.0800206288695335,READY_TO_IMPORT,VERIFIED_CURRENT,,official_locator,https://www.thegymgroup.com/find-a-gym/east-london-gyms/london-east-ham-high-street/,https://www.thegymgroup.com/find-a-gym/east-london-gyms/london-east-ham-high-street/,"{""monday"": {""openingTime"": ""06:00:00"", ""closingTime"": ""22:00:00""}, ""tuesday"": {""openingTime"": ""06:00:00"", ""closingTime"": ""22:00:00""}, ""wednesday"": {""openingTime"": ""06:00:00"", ""closingTime"": ""22:00:00""}, ""thursday"": {""openingTime"": ""06:00:00"", ""closingTime"": ""22:00:00""}, ""friday"": {""openingTime"": ""06:00:00"", ""closingTime"": ""22:00:00""}, ""saturday"": {""openingTime"": ""08:00:00"", ""closingTime"": ""20:00:00""}, ""sunday"": {""openingTime"": ""08:00:00"", ""closingTime"": ""20:00:00""}}",,official_next_data; branchStatus=Open
gb_4e56ca86c1,The Gym Group,The Gym Group Eastbourne,The Gym Group Eastbourne,Unit 4C Sovereign Harbour Retail Park,BN23 6JH,"Eastbourne, East Sussex",United Kingdom,England,50.79431811102483,0.3282194156395235,READY_TO_IMPORT,VERIFIED_CURRENT,,official_locator,https://www.thegymgroup.com/find-a-gym/eastbourne-gyms/eastbourne/,https://www.thegymgroup.com/find-a-gym/eastbourne-gyms/eastbourne/,"{""monday"": {""openingTime"": ""00:00:00"", ""closingTime"": ""00:00:00""}, ""tuesday"": {""openingTime"": ""00:00:00"", ""closingTime"": ""00:00:00""}, ""wednesday"": {""openingTime"": ""00:00:00"", ""closingTime"": ""00:00:00""}, ""thursday"": {""openingTime"": ""00:00:00"", ""closingTime"": ""00:00:00""}, ""friday"": {""openingTime"": ""00:00:00"", ""closingTime"": ""00:00:00""}, ""saturday"": {""openingTime"": ""00:00:00"", ""closingTime"": ""00:00:00""}, ""sunday"": {""openingTime"": ""00:00:00"", ""closingTime"": ""00:00:00""}}",,official_next_data; branchStatus=Open
gb_130af43b7d,The Gym Group,The Gym Group Edinburgh City,The Gym Group Edinburgh City,"2-4 Waterloo Place, Waverley Gate Building, Edinburgh",EH1 3EG,Edinburgh,United Kingdom,Scotland,55.953136,-3.1887,READY_TO_IMPORT,VERIFIED_CURRENT,,official_locator,https://www.thegymgroup.com/find-a-gym/edinburgh-gyms/edinburgh-city/,https://www.thegymgroup.com/find-a-gym/edinburgh-gyms/edinburgh-city/,"{""sunday"": {""openingTime"": ""00:00:00"", ""closingTime"": ""23:59:59""}, ""monday"": {""openingTime"": ""00:00:00"", ""closingTime"": ""23:59:59""}, ""tuesday"": {""openingTime"": ""00:00:00"", ""closingTime"": ""23:59:59""}, ""wednesday"": {""openingTime"": ""00:00:00"", ""closingTime"": ""23:59:59""}, ""thursday"": {""openingTime"": ""00:00:00"", ""closingTime"": ""23:59:59""}, ""friday"": {""openingTime"": ""00:00:00"", ""closingTime"": ""23:59:59""}, ""saturday"": {""openingTime"": ""00:00:00"", ""closingTime"": ""23:59:59""}}",,official_next_data; branchStatus=Open
gb_a97ce3f26a,The Gym Group,The Gym Group Edinburgh Corstorphine,The Gym Group Edinburgh Corstorphine,"1-17 Glasgow Road, Corstorphine Retail Park",EH12 8HW,Edinburgh,United Kingdom,Scotland,55.942108233268264,-3.293951592857853,READY_TO_IMPORT,VERIFIED_CURRENT,,official_locator,https://www.thegymgroup.com/find-a-gym/edinburgh-gyms/edinburgh-corstorphine/,https://www.thegymgroup.com/find-a-gym/edinburgh-gyms/edinburgh-corstorphine/,"{""sunday"": {""openingTime"": ""00:00:00"", ""closingTime"": ""23:59:59""}, ""monday"": {""openingTime"": ""00:00:00"", ""closingTime"": ""23:59:59""}, ""tuesday"": {""openingTime"": ""00:00:00"", ""closingTime"": ""23:59:59""}, ""wednesday"": {""openingTime"": ""00:00:00"", ""closingTime"": ""23:59:59""}, ""thursday"": {""openingTime"": ""00:00:00"", ""closingTime"": ""23:59:59""}, ""friday"": {""openingTime"": ""00:00:00"", ""closingTime"": ""23:59:59""}, ""saturday"": {""openingTime"": ""00:00:00"", ""closingTime"": ""23:59:59""}}",,official_next_data; branchStatus=Open
gb_369f9f98f1,The Gym Group,The Gym Group Edinburgh Meadowbank,The Gym Group Edinburgh Meadowbank,"1 Moray Park, Meadowbank",EH7 5TS,Edinburgh,United Kingdom,Scotland,55.957310320648745,-3.16597422646906,READY_TO_IMPORT,VERIFIED_CURRENT,,official_locator,https://www.thegymgroup.com/find-a-gym/edinburgh-gyms/edinburgh-meadowbank/,https://www.thegymgroup.com/find-a-gym/edinburgh-gyms/edinburgh-meadowbank/,"{""sunday"": {""openingTime"": ""00:00:00"", ""closingTime"": ""23:59:59""}, ""monday"": {""openingTime"": ""00:00:00"", ""closingTime"": ""23:59:59""}, ""tuesday"": {""openingTime"": ""00:00:00"", ""closingTime"": ""23:59:59""}, ""wednesday"": {""openingTime"": ""00:00:00"", ""closingTime"": ""23:59:59""}, ""thursday"": {""openingTime"": ""00:00:00"", ""closingTime"": ""23:59:59""}, ""friday"": {""openingTime"": ""00:00:00"", ""closingTime"": ""23:59:59""}, ""saturday"": {""openingTime"": ""00:00:00"", ""closingTime"": ""23:59:59""}}",,official_next_data; branchStatus=Open
gb_eb4ce4c79c,The Gym Group,The Gym Group Edinburgh Murrayfield,The Gym Group Edinburgh Murrayfield,"First floor unit within Sainsburys, 39 Westfield Rd, Edinburgh",EH11 2QW,Edinburgh,United Kingdom,Scotland,55.938071,-3.24135,READY_TO_IMPORT,VERIFIED_CURRENT,,official_locator,https://www.thegymgroup.com/find-a-gym/edinburgh-gyms/edinburgh-murrayfield/,https://www.thegymgroup.com/find-a-gym/edinburgh-gyms/edinburgh-murrayfield/,"{""sunday"": {""openingTime"": ""00:00:00"", ""closingTime"": ""23:59:59""}, ""monday"": {""openingTime"": ""00:00:00"", ""closingTime"": ""23:59:59""}, ""tuesday"": {""openingTime"": ""00:00:00"", ""closingTime"": ""23:59:59""}, ""wednesday"": {""openingTime"": ""00:00:00"", ""closingTime"": ""23:59:59""}, ""thursday"": {""openingTime"": ""00:00:00"", ""closingTime"": ""23:59:59""}, ""friday"": {""openingTime"": ""00:00:00"", ""closingTime"": ""23:59:59""}, ""saturday"": {""openingTime"": ""00:00:00"", ""closingTime"": ""23:59:59""}}",,official_next_data; branchStatus=Open
gb_4bfe0e0b95,The Gym Group,The Gym Group Edinburgh Straiton,The Gym Group Edinburgh Straiton,"Straiton Mains, Unit 2 Straiton Retail park",EH20 9PW,Edinburgh,United Kingdom,Scotland,55.88549502287912,-3.1606971663221355,READY_TO_IMPORT,VERIFIED_CURRENT,,official_locator,https://www.thegymgroup.com/find-a-gym/edinburgh-gyms/edinburgh-straiton/,https://www.thegymgroup.com/find-a-gym/edinburgh-gyms/edinburgh-straiton/,"{""sunday"": {""openingTime"": ""00:00:00"", ""closingTime"": ""23:59:59""}, ""monday"": {""openingTime"": ""00:00:00"", ""closingTime"": ""23:59:59""}, ""tuesday"": {""openingTime"": ""00:00:00"", ""closingTime"": ""23:59:59""}, ""wednesday"": {""openingTime"": ""00:00:00"", ""closingTime"": ""23:59:59""}, ""thursday"": {""openingTime"": ""00:00:00"", ""closingTime"": ""23:59:59""}, ""friday"": {""openingTime"": ""00:00:00"", ""closingTime"": ""23:59:59""}, ""saturday"": {""openingTime"": ""00:00:00"", ""closingTime"": ""23:59:59""}}",,official_next_data; branchStatus=Open
gb_3b81ad516f,The Gym Group,The Gym Group London Edmonton Green,The Gym Group London Edmonton Green,34 - 44 The North Mall,N9 0EJ,"Edmonton Green, Enfield",United Kingdom,England,51.6214440980696,-0.0674540363252163,READY_TO_IMPORT,VERIFIED_CURRENT,,official_locator,https://www.thegymgroup.com/find-a-gym/north-london-gyms/edmonton-green/,https://www.thegymgroup.com/find-a-gym/north-london-gyms/edmonton-green/,"{""monday"": {""openingTime"": ""00:00:00"", ""closingTime"": ""00:00:00""}, ""tuesday"": {""openingTime"": ""00:00:00"", ""closingTime"": ""00:00:00""}, ""wednesday"": {""openingTime"": ""00:00:00"", ""closingTime"": ""00:00:00""}, ""thursday"": {""openingTime"": ""00:00:00"", ""closingTime"": ""00:00:00""}, ""friday"": {""openingTime"": ""00:00:00"", ""closingTime"": ""00:00:00""}, ""saturday"": {""openingTime"": ""00:00:00"", ""closingTime"": ""00:00:00""}, ""sunday"": {""openingTime"": ""00:00:00"", ""closingTime"": ""00:00:00""}}",,official_next_data; branchStatus=Open
gb_3fca33282f,The Gym Group,The Gym Group Exeter Marsh Barton,The Gym Group Exeter Marsh Barton,Retail Park Close Marsh Barton Road Marsh Barton Trading Estate,EX2 8LG,"Exeter, Devon",United Kingdom,England,50.708999,-3.5339175,READY_TO_IMPORT,VERIFIED_CURRENT,,official_locator,https://www.thegymgroup.com/find-a-gym/exeter-marsh-barton-gyms/exeter-marsh-barton/,https://www.thegymgroup.com/find-a-gym/exeter-marsh-barton-gyms/exeter-marsh-barton/,"{""monday"": {""openingTime"": ""00:00:00"", ""closingTime"": ""00:00:00""}, ""tuesday"": {""openingTime"": ""00:00:00"", ""closingTime"": ""00:00:00""}, ""wednesday"": {""openingTime"": ""00:00:00"", ""closingTime"": ""00:00:00""}, ""thursday"": {""openingTime"": ""00:00:00"", ""closingTime"": ""00:00:00""}, ""friday"": {""openingTime"": ""00:00:00"", ""closingTime"": ""00:00:00""}, ""saturday"": {""openingTime"": ""00:00:00"", ""closingTime"": ""00:00:00""}, ""sunday"": {""openingTime"": ""00:00:00"", ""closingTime"": ""00:00:00""}}",,official_next_data; branchStatus=Open
gb_48f6901ccb,The Gym Group,The Gym Group Fareham Locks Heath,The Gym Group Fareham Locks Heath,160 Southampton Rd Titchfield Park Gate,PO14 4PP,Fareham,United Kingdom,England,50.8625243,-1.2552112,READY_TO_IMPORT,VERIFIED_CURRENT,,official_locator,https://www.thegymgroup.com/find-a-gym/fareham-gyms/fareham-locks-heath/,https://www.thegymgroup.com/find-a-gym/fareham-gyms/fareham-locks-heath/,"{""monday"": {""openingTime"": ""00:00:00"", ""closingTime"": ""00:00:00""}, ""tuesday"": {""openingTime"": ""00:00:00"", ""closingTime"": ""00:00:00""}, ""wednesday"": {""openingTime"": ""00:00:00"", ""closingTime"": ""00:00:00""}, ""thursday"": {""openingTime"": ""00:00:00"", ""closingTime"": ""00:00:00""}, ""friday"": {""openingTime"": ""00:00:00"", ""closingTime"": ""00:00:00""}, ""saturday"": {""openingTime"": ""00:00:00"", ""closingTime"": ""00:00:00""}, ""sunday"": {""openingTime"": ""00:00:00"", ""closingTime"": ""00:00:00""}}",,official_next_data; branchStatus=Open
gb_a9379d897b,The Gym Group,The Gym Group Farnborough,The Gym Group Farnborough,Unit 14a The Meads Shopping Centre 12 Queensmead,GU14 7RT,"Farnborough, Hampshire",United Kingdom,England,51.2926412,-0.7543761999999999,READY_TO_IMPORT,VERIFIED_CURRENT,,official_locator,https://www.thegymgroup.com/find-a-gym/farnborough-gyms/farnborough/,https://www.thegymgroup.com/find-a-gym/farnborough-gyms/farnborough/,"{""monday"": {""openingTime"": ""00:00:00"", ""closingTime"": ""00:00:00""}, ""tuesday"": {""openingTime"": ""00:00:00"", ""closingTime"": ""00:00:00""}, ""wednesday"": {""openingTime"": ""00:00:00"", ""closingTime"": ""00:00:00""}, ""thursday"": {""openingTime"": ""00:00:00"", ""closingTime"": ""00:00:00""}, ""friday"": {""openingTime"": ""00:00:00"", ""closingTime"": ""00:00:00""}, ""saturday"": {""openingTime"": ""00:00:00"", ""closingTime"": ""00:00:00""}, ""sunday"": {""openingTime"": ""00:00:00"", ""closingTime"": ""00:00:00""}}",,official_next_data; branchStatus=Open
gb_169c5ff253,The Gym Group,The Gym Group London Feltham,The Gym Group London Feltham,Leisure West Complex Browells Ln,TW13 7EQ,"Feltham, Middlesex",United Kingdom,England,51.4437118,-0.4057265,READY_TO_IMPORT,VERIFIED_CURRENT,,official_locator,https://www.thegymgroup.com/find-a-gym/west-london-gyms/feltham/,https://www.thegymgroup.com/find-a-gym/west-london-gyms/feltham/,"{""monday"": {""openingTime"": ""00:00:00"", ""closingTime"": ""00:00:00""}, ""tuesday"": {""openingTime"": ""00:00:00"", ""closingTime"": ""00:00:00""}, ""wednesday"": {""openingTime"": ""00:00:00"", ""closingTime"": ""00:00:00""}, ""thursday"": {""openingTime"": ""00:00:00"", ""closingTime"": ""00:00:00""}, ""friday"": {""openingTime"": ""00:00:00"", ""closingTime"": ""00:00:00""}, ""saturday"": {""openingTime"": ""00:00:00"", ""closingTime"": ""00:00:00""}, ""sunday"": {""openingTime"": ""00:00:00"", ""closingTime"": ""00:00:00""}}",,official_next_data; branchStatus=Open
gb_9f461d6872,The Gym Group,The Gym Group London Fulham,The Gym Group London Fulham,254 â€“ 258 North End Road,SW6 1NJ,"Fulham, London",United Kingdom,England,51.488471924759324,-0.20425055176019669,READY_TO_IMPORT,VERIFIED_CURRENT,,official_locator,https://www.thegymgroup.com/find-a-gym/south-london-gyms/london-fulham/,https://www.thegymgroup.com/find-a-gym/south-london-gyms/london-fulham/,"{""monday"": {""openingTime"": ""00:00:00"", ""closingTime"": ""00:00:00""}, ""tuesday"": {""openingTime"": ""00:00:00"", ""closingTime"": ""00:00:00""}, ""wednesday"": {""openingTime"": ""00:00:00"", ""closingTime"": ""00:00:00""}, ""thursday"": {""openingTime"": ""00:00:00"", ""closingTime"": ""00:00:00""}, ""friday"": {""openingTime"": ""00:00:00"", ""closingTime"": ""00:00:00""}, ""saturday"": {""openingTime"": ""00:00:00"", ""closingTime"": ""00:00:00""}, ""sunday"": {""openingTime"": ""00:00:00"", ""closingTime"": ""00:00:00""}}",,official_next_data; branchStatus=Open
gb_e5e04f9045,The Gym Group,The Gym Group Gillingham,The Gym Group Gillingham,Ambley Road Unit 4 Gillingham Business Park,ME8 0PU,Gillingham,United Kingdom,England,51.3652797,0.5736523,READY_TO_IMPORT,VERIFIED_CURRENT,,official_locator,https://www.thegymgroup.com/find-a-gym/gillingham-gyms/gillingham/,https://www.thegymgroup.com/find-a-gym/gillingham-gyms/gillingham/,"{""monday"": {""openingTime"": ""00:00:00"", ""closingTime"": ""00:00:00""}, ""tuesday"": {""openingTime"": ""00:00:00"", ""closingTime"": ""00:00:00""}, ""wednesday"": {""openingTime"": ""00:00:00"", ""closingTime"": ""00:00:00""}, ""thursday"": {""openingTime"": ""00:00:00"", ""closingTime"": ""00:00:00""}, ""friday"": {""openingTime"": ""00:00:00"", ""closingTime"": ""00:00:00""}, ""saturday"": {""openingTime"": ""00:00:00"", ""closingTime"": ""00:00:00""}, ""sunday"": {""openingTime"": ""00:00:00"", ""closingTime"": ""00:00:00""}}",,official_next_data; branchStatus=Open
gb_07ef5da7af,The Gym Group,The Gym Group Glasgow Anniesland,The Gym Group Glasgow Anniesland,"Unit C, Crow Road, Anniesland Retail Park, Anniesland",G13 1HU,Glasgow,United Kingdom,Scotland,55.890662,-4.323398,READY_TO_IMPORT,VERIFIED_CURRENT,,official_locator,https://www.thegymgroup.com/find-a-gym/glasgow-gyms/glasgow-anniesland/,https://www.thegymgroup.com/find-a-gym/glasgow-gyms/glasgow-anniesland/,"{""sunday"": {""openingTime"": ""00:00:00"", ""closingTime"": ""23:59:59""}, ""monday"": {""openingTime"": ""00:00:00"", ""closingTime"": ""23:59:59""}, ""tuesday"": {""openingTime"": ""00:00:00"", ""closingTime"": ""23:59:59""}, ""wednesday"": {""openingTime"": ""00:00:00"", ""closingTime"": ""23:59:59""}, ""thursday"": {""openingTime"": ""00:00:00"", ""closingTime"": ""23:59:59""}, ""friday"": {""openingTime"": ""00:00:00"", ""closingTime"": ""23:59:59""}, ""saturday"": {""openingTime"": ""00:00:00"", ""closingTime"": ""23:59:59""}}",,official_next_data; branchStatus=Open
gb_0107af081b,The Gym Group,The Gym Group Glasgow Bothwell Street,The Gym Group Glasgow Bothwell Street,"164 Bothwell Street, Glasgow",G2 7EL,Glasgow,United Kingdom,Scotland,55.861896,-4.265699,READY_TO_IMPORT,VERIFIED_CURRENT,,official_locator,https://www.thegymgroup.com/find-a-gym/glasgow-gyms/glasgow-bothwell-street/,https://www.thegymgroup.com/find-a-gym/glasgow-gyms/glasgow-bothwell-street/,"{""sunday"": {""openingTime"": ""06:00:00"", ""closingTime"": ""20:00:00""}, ""monday"": {""openingTime"": ""05:00:00"", ""closingTime"": ""22:00:00""}, ""tuesday"": {""openingTime"": ""05:00:00"", ""closingTime"": ""22:00:00""}, ""wednesday"": {""openingTime"": ""05:00:00"", ""closingTime"": ""22:00:00""}, ""thursday"": {""openingTime"": ""05:00:00"", ""closingTime"": ""22:00:00""}, ""friday"": {""openingTime"": ""05:00:00"", ""closingTime"": ""22:00:00""}, ""saturday"": {""openingTime"": ""06:00:00"", ""closingTime"": ""20:00:00""}}",,official_next_data; branchStatus=Open
gb_8790301f33,The Gym Group,The Gym Group Glasgow City,The Gym Group Glasgow City,"Entrance on Jamaica Street, Second Floor Unit 9 167-201 Argyle Street, Glasgow",G2 8BU,Glasgow,United Kingdom,Scotland,55.857911,-4.256751,READY_TO_IMPORT,VERIFIED_CURRENT,,official_locator,https://www.thegymgroup.com/find-a-gym/glasgow-gyms/glasgow-city/,https://www.thegymgroup.com/find-a-gym/glasgow-gyms/glasgow-city/,"{""sunday"": {""openingTime"": ""00:00:00"", ""closingTime"": ""23:59:59""}, ""monday"": {""openingTime"": ""00:00:00"", ""closingTime"": ""23:59:59""}, ""tuesday"": {""openingTime"": ""00:00:00"", ""closingTime"": ""23:59:59""}, ""wednesday"": {""openingTime"": ""00:00:00"", ""closingTime"": ""23:59:59""}, ""thursday"": {""openingTime"": ""00:00:00"", ""closingTime"": ""23:59:59""}, ""friday"": {""openingTime"": ""00:00:00"", ""closingTime"": ""23:59:59""}, ""saturday"": {""openingTime"": ""00:00:00"", ""closingTime"": ""23:59:59""}}",,official_next_data; branchStatus=Open
gb_c58518f88c,The Gym Group,The Gym Group Glasgow Quay,The Gym Group Glasgow Quay,"Springfield Quay Leisure Park, Paisley Road, Glasgow",G5 8NP,Glasgow,United Kingdom,Scotland,55.855105,-4.274552,READY_TO_IMPORT,VERIFIED_CURRENT,,official_locator,https://www.thegymgroup.com/find-a-gym/glasgow-gyms/glasgow-quay/,https://www.thegymgroup.com/find-a-gym/glasgow-gyms/glasgow-quay/,"{""sunday"": {""openingTime"": ""00:00:00"", ""closingTime"": ""23:59:59""}, ""monday"": {""openingTime"": ""00:00:00"", ""closingTime"": ""23:59:59""}, ""tuesday"": {""openingTime"": ""00:00:00"", ""closingTime"": ""23:59:59""}, ""wednesday"": {""openingTime"": ""00:00:00"", ""closingTime"": ""23:59:59""}, ""thursday"": {""openingTime"": ""00:00:00"", ""closingTime"": ""23:59:59""}, ""friday"": {""openingTime"": ""00:00:00"", ""closingTime"": ""23:59:59""}, ""saturday"": {""openingTime"": ""00:00:00"", ""closingTime"": ""23:59:59""}}",,official_next_data; branchStatus=Open
gb_5075154b83,The Gym Group,The Gym Group Glasgow South,The Gym Group Glasgow South,"501 Cathcart Road, Glasgow",G42 8SG,Glasgow,United Kingdom,Scotland,55.837248,-4.256545,READY_TO_IMPORT,VERIFIED_CURRENT,,official_locator,https://www.thegymgroup.com/find-a-gym/glasgow-gyms/glasgow-south/,https://www.thegymgroup.com/find-a-gym/glasgow-gyms/glasgow-south/,"{""sunday"": {""openingTime"": ""00:00:00"", ""closingTime"": ""23:59:59""}, ""monday"": {""openingTime"": ""00:00:00"", ""closingTime"": ""23:59:59""}, ""tuesday"": {""openingTime"": ""00:00:00"", ""closingTime"": ""23:59:59""}, ""wednesday"": {""openingTime"": ""00:00:00"", ""closingTime"": ""23:59:59""}, ""thursday"": {""openingTime"": ""00:00:00"", ""closingTime"": ""23:59:59""}, ""friday"": {""openingTime"": ""00:00:00"", ""closingTime"": ""23:59:59""}, ""saturday"": {""openingTime"": ""00:00:00"", ""closingTime"": ""23:59:59""}}",,official_next_data; branchStatus=Open
gb_03f7e48b0e,The Gym Group,The Gym Group Glasgow West End,The Gym Group Glasgow West End,"Vinicombe Street, Just off Byres Road, Glasgow",G12 8BE,Glasgow,United Kingdom,Scotland,55.877145,-4.290401,READY_TO_IMPORT,VERIFIED_CURRENT,,official_locator,https://www.thegymgroup.com/find-a-gym/glasgow-gyms/glasgow-west-end/,https://www.thegymgroup.com/find-a-gym/glasgow-gyms/glasgow-west-end/,"{""sunday"": {""openingTime"": ""00:00:00"", ""closingTime"": ""23:59:59""}, ""monday"": {""openingTime"": ""00:00:00"", ""closingTime"": ""23:59:59""}, ""tuesday"": {""openingTime"": ""00:00:00"", ""closingTime"": ""23:59:59""}, ""wednesday"": {""openingTime"": ""00:00:00"", ""closingTime"": ""23:59:59""}, ""thursday"": {""openingTime"": ""00:00:00"", ""closingTime"": ""23:59:59""}, ""friday"": {""openingTime"": ""00:00:00"", ""closingTime"": ""23:59:59""}, ""saturday"": {""openingTime"": ""00:00:00"", ""closingTime"": ""23:59:59""}}",,official_next_data; branchStatus=Open
gb_1233b5c6e2,The Gym Group,The Gym Group Glenrothes,The Gym Group Glenrothes,"Rothesay Pl, Units 2, 3 & 4 North Street Retail Park",KY7 5NA,Glenrothes,United Kingdom,Scotland,56.19685,-3.176309,READY_TO_IMPORT,VERIFIED_CURRENT,,official_locator,https://www.thegymgroup.com/find-a-gym/glenrothes-gyms/glenrothes/,https://www.thegymgroup.com/find-a-gym/glenrothes-gyms/glenrothes/,"{""sunday"": {""openingTime"": ""00:00:00"", ""closingTime"": ""23:59:59""}, ""monday"": {""openingTime"": ""00:00:00"", ""closingTime"": ""23:59:59""}, ""tuesday"": {""openingTime"": ""00:00:00"", ""closingTime"": ""23:59:59""}, ""wednesday"": {""openingTime"": ""00:00:00"", ""closingTime"": ""23:59:59""}, ""thursday"": {""openingTime"": ""00:00:00"", ""closingTime"": ""23:59:59""}, ""friday"": {""openingTime"": ""00:00:00"", ""closingTime"": ""23:59:59""}, ""saturday"": {""openingTime"": ""00:00:00"", ""closingTime"": ""23:59:59""}}",,official_next_data; branchStatus=Open
gb_1f1856b89f,The Gym Group,The Gym Group Gloucester,The Gym Group Gloucester,Unit 111 Gloucester Quays Outlet,GL1 5SH,"Gloucester, Gloucestershire",United Kingdom,England,51.86065005405482,-2.2530361264944077,READY_TO_IMPORT,VERIFIED_CURRENT,,official_locator,https://www.thegymgroup.com/find-a-gym/gloucester-gyms/gloucester/,https://www.thegymgroup.com/find-a-gym/gloucester-gyms/gloucester/,"{""monday"": {""openingTime"": ""00:00:00"", ""closingTime"": ""00:00:00""}, ""tuesday"": {""openingTime"": ""00:00:00"", ""closingTime"": ""00:00:00""}, ""wednesday"": {""openingTime"": ""00:00:00"", ""closingTime"": ""00:00:00""}, ""thursday"": {""openingTime"": ""00:00:00"", ""closingTime"": ""00:00:00""}, ""friday"": {""openingTime"": ""00:00:00"", ""closingTime"": ""00:00:00""}, ""saturday"": {""openingTime"": ""00:00:00"", ""closingTime"": ""00:00:00""}, ""sunday"": {""openingTime"": ""00:00:00"", ""closingTime"": ""00:00:00""}}",,official_next_data; branchStatus=Open
gb_d76c35498c,The Gym Group,The Gym Group Great Yarmouth,The Gym Group Great Yarmouth,"Unit 2, Pasteur Road, Great Yarmouth",NR31 0DW,Great Yarmouth,United Kingdom,England,52.604365,1.71864,READY_TO_IMPORT,VERIFIED_CURRENT,ok,nominatim,https://www.thegymgroup.com/find-a-gym/great-yarmouth-gyms/great-yarmouth/,https://www.thegymgroup.com/find-a-gym/great-yarmouth-gyms/great-yarmouth/,,,official_sitemap_url; club_page_http_500; official_url_search_snippet_or_page; phase2_east_anglia; www/kiosk/origin live fetch HTTP 500
gb_2a7c02d2ba,The Gym Group,The Gym Group Altrincham,The Gym Group Altrincham,"Units 2&3, Atlantic Street Broadheath, Altrincham",WA14 5FA,Greater Manchester,United Kingdom,England,53.398786,-2.357247,READY_TO_IMPORT,VERIFIED_CURRENT,,official_locator,https://www.thegymgroup.com/find-a-gym/manchester-gyms/altrincham/,https://www.thegymgroup.com/find-a-gym/manchester-gyms/altrincham/,"{""sunday"": {""openingTime"": ""00:00:00"", ""closingTime"": ""23:59:59""}, ""monday"": {""openingTime"": ""00:00:00"", ""closingTime"": ""23:59:59""}, ""tuesday"": {""openingTime"": ""00:00:00"", ""closingTime"": ""23:59:59""}, ""wednesday"": {""openingTime"": ""00:00:00"", ""closingTime"": ""23:59:59""}, ""thursday"": {""openingTime"": ""00:00:00"", ""closingTime"": ""23:59:59""}, ""friday"": {""openingTime"": ""00:00:00"", ""closingTime"": ""23:59:59""}, ""saturday"": {""openingTime"": ""00:00:00"", ""closingTime"": ""23:59:59""}}",,official_next_data; branchStatus=Open
gb_d31cd1adf1,The Gym Group,The Gym Group Manchester Portland Street,The Gym Group Manchester Portland Street,"Floor 2, Bank Chambers Faulkner Street, Manchester",M1 4EH,Greater Manchester,United Kingdom,England,53.479258,-2.238167,READY_TO_IMPORT,VERIFIED_CURRENT,,official_locator,https://www.thegymgroup.com/find-a-gym/manchester-gyms/manchester-portland-street/,https://www.thegymgroup.com/find-a-gym/manchester-gyms/manchester-portland-street/,"{""sunday"": {""openingTime"": ""00:00:00"", ""closingTime"": ""23:59:59""}, ""monday"": {""openingTime"": ""00:00:00"", ""closingTime"": ""23:59:59""}, ""tuesday"": {""openingTime"": ""00:00:00"", ""closingTime"": ""23:59:59""}, ""wednesday"": {""openingTime"": ""00:00:00"", ""closingTime"": ""23:59:59""}, ""thursday"": {""openingTime"": ""00:00:00"", ""closingTime"": ""23:59:59""}, ""friday"": {""openingTime"": ""00:00:00"", ""closingTime"": ""23:59:59""}, ""saturday"": {""openingTime"": ""00:00:00"", ""closingTime"": ""23:59:59""}}",,official_next_data; branchStatus=Open
gb_e4384e1c8e,The Gym Group,The Gym Group Oldham,The Gym Group Oldham,"Corner of Manchester Road and Drury Lane, Oldham",OL9 7NG,Greater Manchester,United Kingdom,England,53.524473,-2.139745,READY_TO_IMPORT,VERIFIED_CURRENT,,official_locator,https://www.thegymgroup.com/find-a-gym/oldham-gyms/oldham/,https://www.thegymgroup.com/find-a-gym/oldham-gyms/oldham/,"{""sunday"": {""openingTime"": ""00:00:00"", ""closingTime"": ""23:59:59""}, ""monday"": {""openingTime"": ""00:00:00"", ""closingTime"": ""23:59:59""}, ""tuesday"": {""openingTime"": ""00:00:00"", ""closingTime"": ""23:59:59""}, ""wednesday"": {""openingTime"": ""00:00:00"", ""closingTime"": ""23:59:59""}, ""thursday"": {""openingTime"": ""00:00:00"", ""closingTime"": ""23:59:59""}, ""friday"": {""openingTime"": ""00:00:00"", ""closingTime"": ""23:59:59""}, ""saturday"": {""openingTime"": ""00:00:00"", ""closingTime"": ""23:59:59""}}",,official_next_data; branchStatus=Open
gb_179e1f3fbb,The Gym Group,The Gym Group London Greenford,The Gym Group London Greenford,Bakery Walk Unit 1,UB6 0GQ,Greenford,United Kingdom,England,51.5470638,-0.3435886,READY_TO_IMPORT,VERIFIED_CURRENT,,official_locator,https://www.thegymgroup.com/find-a-gym/west-london-gyms/greenford/,https://www.thegymgroup.com/find-a-gym/west-london-gyms/greenford/,"{""monday"": {""openingTime"": ""00:00:00"", ""closingTime"": ""00:00:00""}, ""tuesday"": {""openingTime"": ""00:00:00"", ""closingTime"": ""00:00:00""}, ""wednesday"": {""openingTime"": ""00:00:00"", ""closingTime"": ""00:00:00""}, ""thursday"": {""openingTime"": ""00:00:00"", ""closingTime"": ""00:00:00""}, ""friday"": {""openingTime"": ""00:00:00"", ""closingTime"": ""00:00:00""}, ""saturday"": {""openingTime"": ""00:00:00"", ""closingTime"": ""00:00:00""}, ""sunday"": {""openingTime"": ""00:00:00"", ""closingTime"": ""00:00:00""}}",,official_next_data; branchStatus=Open
gb_743773fb80,The Gym Group,The Gym Group London Greenwich,The Gym Group London Greenwich,2 Mariners Parade Creek Road,SE10 9SW,"Greenwich, London",United Kingdom,England,51.4814365,-0.0103737,READY_TO_IMPORT,VERIFIED_CURRENT,,official_locator,https://www.thegymgroup.com/find-a-gym/south-london-gyms/london-greenwich/,https://www.thegymgroup.com/find-a-gym/south-london-gyms/london-greenwich/,"{""monday"": {""openingTime"": ""00:00:00"", ""closingTime"": ""00:00:00""}, ""tuesday"": {""openingTime"": ""00:00:00"", ""closingTime"": ""00:00:00""}, ""wednesday"": {""openingTime"": ""00:00:00"", ""closingTime"": ""00:00:00""}, ""thursday"": {""openingTime"": ""00:00:00"", ""closingTime"": ""00:00:00""}, ""friday"": {""openingTime"": ""00:00:00"", ""closingTime"": ""00:00:00""}, ""saturday"": {""openingTime"": ""00:00:00"", ""closingTime"": ""00:00:00""}, ""sunday"": {""openingTime"": ""00:00:00"", ""closingTime"": ""00:00:00""}}",,official_next_data; branchStatus=Open
gb_2257a01576,The Gym Group,The Gym Group Grimsby,The Gym Group Grimsby,"Victoria Street North, Unit D2 Victoria Retail Park",DN31 1PJ,Grimsby,United Kingdom,England,53.571562474284086,-0.0804590834561793,READY_TO_IMPORT,VERIFIED_CURRENT,,official_locator,https://www.thegymgroup.com/find-a-gym/grimsby-gyms/grimsby/,https://www.thegymgroup.com/find-a-gym/grimsby-gyms/grimsby/,"{""sunday"": {""openingTime"": ""00:00:00"", ""closingTime"": ""23:59:59""}, ""monday"": {""openingTime"": ""00:00:00"", ""closingTime"": ""23:59:59""}, ""tuesday"": {""openingTime"": ""00:00:00"", ""closingTime"": ""23:59:59""}, ""wednesday"": {""openingTime"": ""00:00:00"", ""closingTime"": ""23:59:59""}, ""thursday"": {""openingTime"": ""00:00:00"", ""closingTime"": ""23:59:59""}, ""friday"": {""openingTime"": ""00:00:00"", ""closingTime"": ""23:59:59""}, ""saturday"": {""openingTime"": ""00:00:00"", ""closingTime"": ""23:59:59""}}",,official_next_data; branchStatus=Open
gb_8d8bc1836a,The Gym Group,The Gym Group Guildford,The Gym Group Guildford,Woodbridge Meadows,GU1 1BA,"Guildford, Surrey",United Kingdom,England,51.24683804869299,-0.5817168205976486,READY_TO_IMPORT,VERIFIED_CURRENT,,official_locator,https://www.thegymgroup.com/find-a-gym/guildford-gyms/guildford/,https://www.thegymgroup.com/find-a-gym/guildford-gyms/guildford/,"{""monday"": {""openingTime"": ""00:00:00"", ""closingTime"": ""00:00:00""}, ""tuesday"": {""openingTime"": ""00:00:00"", ""closingTime"": ""00:00:00""}, ""wednesday"": {""openingTime"": ""00:00:00"", ""closingTime"": ""00:00:00""}, ""thursday"": {""openingTime"": ""00:00:00"", ""closingTime"": ""00:00:00""}, ""friday"": {""openingTime"": ""00:00:00"", ""closingTime"": ""00:00:00""}, ""saturday"": {""openingTime"": ""00:00:00"", ""closingTime"": ""00:00:00""}, ""sunday"": {""openingTime"": ""00:00:00"", ""closingTime"": ""00:00:00""}}",,official_next_data; branchStatus=Open
gb_1fdefa98da,The Gym Group,The Gym Group Hamilton,The Gym Group Hamilton,"Unit 3, Palace Grounds Retail Park Palace Grounds Road, Hamilton",ML3 6AD,Hamilton,United Kingdom,Scotland,55.778095,-4.027356,READY_TO_IMPORT,VERIFIED_CURRENT,,official_locator,https://www.thegymgroup.com/find-a-gym/hamilton-gyms/hamilton/,https://www.thegymgroup.com/find-a-gym/hamilton-gyms/hamilton/,"{""sunday"": {""openingTime"": ""00:00:00"", ""closingTime"": ""23:59:59""}, ""monday"": {""openingTime"": ""00:00:00"", ""closingTime"": ""23:59:59""}, ""tuesday"": {""openingTime"": ""00:00:00"", ""closingTime"": ""23:59:59""}, ""wednesday"": {""openingTime"": ""00:00:00"", ""closingTime"": ""23:59:59""}, ""thursday"": {""openingTime"": ""00:00:00"", ""closingTime"": ""23:59:59""}, ""friday"": {""openingTime"": ""00:00:00"", ""closingTime"": ""23:59:59""}, ""saturday"": {""openingTime"": ""00:00:00"", ""closingTime"": ""23:59:59""}}",,official_next_data; branchStatus=Open
gb_88cc511a94,The Gym Group,The Gym Group London Harrow on the Hill,The Gym Group London Harrow on the Hill,Bradstowe House Junction Road,HA1 1NL,"Harrow, Greater London",United Kingdom,England,51.5806906,-0.3407498,READY_TO_IMPORT,VERIFIED_CURRENT,,official_locator,https://www.thegymgroup.com/find-a-gym/north-london-gyms/harrow-on-the-hill/,https://www.thegymgroup.com/find-a-gym/north-london-gyms/harrow-on-the-hill/,"{""monday"": {""openingTime"": ""00:00:00"", ""closingTime"": ""00:00:00""}, ""tuesday"": {""openingTime"": ""00:00:00"", ""closingTime"": ""00:00:00""}, ""wednesday"": {""openingTime"": ""00:00:00"", ""closingTime"": ""00:00:00""}, ""thursday"": {""openingTime"": ""00:00:00"", ""closingTime"": ""00:00:00""}, ""friday"": {""openingTime"": ""00:00:00"", ""closingTime"": ""00:00:00""}, ""saturday"": {""openingTime"": ""00:00:00"", ""closingTime"": ""00:00:00""}, ""sunday"": {""openingTime"": ""00:00:00"", ""closingTime"": ""00:00:00""}}",,official_next_data; branchStatus=Open
gb_722bf6eb2a,The Gym Group,The Gym Group Hartlepool,The Gym Group Hartlepool,Harbour Walk,TS24 0YA,Hartlepool,United Kingdom,England,54.6915,-1.207521,READY_TO_IMPORT,VERIFIED_CURRENT,,official_locator,https://www.thegymgroup.com/find-a-gym/hartlepool-gyms/hartlepool/,https://www.thegymgroup.com/find-a-gym/hartlepool-gyms/hartlepool/,"{""sunday"": {""openingTime"": ""00:00:00"", ""closingTime"": ""23:59:59""}, ""monday"": {""openingTime"": ""00:00:00"", ""closingTime"": ""23:59:59""}, ""tuesday"": {""openingTime"": ""00:00:00"", ""closingTime"": ""23:59:59""}, ""wednesday"": {""openingTime"": ""00:00:00"", ""closingTime"": ""23:59:59""}, ""thursday"": {""openingTime"": ""00:00:00"", ""closingTime"": ""23:59:59""}, ""friday"": {""openingTime"": ""00:00:00"", ""closingTime"": ""23:59:59""}, ""saturday"": {""openingTime"": ""00:00:00"", ""closingTime"": ""23:59:59""}}",,official_next_data; branchStatus=Open
gb_59c7278ab3,The Gym Group,The Gym Group Hastings,The Gym Group Hastings,Queens Square Priory Shopping Centre,TN34 1PQ,Hastings,United Kingdom,England,50.8548845,0.5810661,READY_TO_IMPORT,VERIFIED_CURRENT,,official_locator,https://www.thegymgroup.com/find-a-gym/hastings-gyms/hastings/,https://www.thegymgroup.com/find-a-gym/hastings-gyms/hastings/,"{""monday"": {""openingTime"": ""00:00:00"", ""closingTime"": ""00:00:00""}, ""tuesday"": {""openingTime"": ""00:00:00"", ""closingTime"": ""00:00:00""}, ""wednesday"": {""openingTime"": ""00:00:00"", ""closingTime"": ""00:00:00""}, ""thursday"": {""openingTime"": ""00:00:00"", ""closingTime"": ""00:00:00""}, ""friday"": {""openingTime"": ""00:00:00"", ""closingTime"": ""00:00:00""}, ""saturday"": {""openingTime"": ""00:00:00"", ""closingTime"": ""00:00:00""}, ""sunday"": {""openingTime"": ""00:00:00"", ""closingTime"": ""00:00:00""}}",,official_next_data; branchStatus=Open
gb_e34ba3ef87,The Gym Group,The Gym Group Hemel Hempstead,The Gym Group Hemel Hempstead,Unit 3 Leisure World Jarman Way,HP2 4JS,"Hemel Hempstead, Hemel Hempstead",United Kingdom,England,51.74789,-0.455873,READY_TO_IMPORT,VERIFIED_CURRENT,,official_locator,https://www.thegymgroup.com/find-a-gym/hemel-hempstead-gyms/hemel-hempstead/,https://www.thegymgroup.com/find-a-gym/hemel-hempstead-gyms/hemel-hempstead/,"{""monday"": {""openingTime"": ""00:00:00"", ""closingTime"": ""00:00:00""}, ""tuesday"": {""openingTime"": ""00:00:00"", ""closingTime"": ""00:00:00""}, ""wednesday"": {""openingTime"": ""00:00:00"", ""closingTime"": ""00:00:00""}, ""thursday"": {""openingTime"": ""00:00:00"", ""closingTime"": ""00:00:00""}, ""friday"": {""openingTime"": ""00:00:00"", ""closingTime"": ""00:00:00""}, ""saturday"": {""openingTime"": ""00:00:00"", ""closingTime"": ""00:00:00""}, ""sunday"": {""openingTime"": ""00:00:00"", ""closingTime"": ""00:00:00""}}",,official_next_data; branchStatus=Open
gb_2887e1d079,The Gym Group,The Gym Group High Wycombe,The Gym Group High Wycombe,Red Lion House Castle Street,HP13 6RF,"High Wycombe, Buckinghamshire",United Kingdom,England,51.62907730000001,-0.7498163999999999,READY_TO_IMPORT,VERIFIED_CURRENT,,official_locator,https://www.thegymgroup.com/find-a-gym/high-wycombe-gyms/high-wycombe/,https://www.thegymgroup.com/find-a-gym/high-wycombe-gyms/high-wycombe/,"{""monday"": {""openingTime"": ""00:00:00"", ""closingTime"": ""00:00:00""}, ""tuesday"": {""openingTime"": ""00:00:00"", ""closingTime"": ""00:00:00""}, ""wednesday"": {""openingTime"": ""00:00:00"", ""closingTime"": ""00:00:00""}, ""thursday"": {""openingTime"": ""00:00:00"", ""closingTime"": ""00:00:00""}, ""friday"": {""openingTime"": ""00:00:00"", ""closingTime"": ""00:00:00""}, ""saturday"": {""openingTime"": ""00:00:00"", ""closingTime"": ""00:00:00""}, ""sunday"": {""openingTime"": ""00:00:00"", ""closingTime"": ""00:00:00""}}",,official_next_data; branchStatus=Open
gb_cb569b1a0b,The Gym Group,The Gym Group Hinckley,The Gym Group Hinckley,25 Hawley Road,LE10 0PR,Hinckley,United Kingdom,England,52.534861448752146,-1.3759303294355547,READY_TO_IMPORT,VERIFIED_CURRENT,,official_locator,https://www.thegymgroup.com/find-a-gym/hinckley-gyms/hinckley/,https://www.thegymgroup.com/find-a-gym/hinckley-gyms/hinckley/,"{""sunday"": {""openingTime"": ""00:00:00"", ""closingTime"": ""23:59:59""}, ""monday"": {""openingTime"": ""00:00:00"", ""closingTime"": ""23:59:59""}, ""tuesday"": {""openingTime"": ""00:00:00"", ""closingTime"": ""23:59:59""}, ""wednesday"": {""openingTime"": ""00:00:00"", ""closingTime"": ""23:59:59""}, ""thursday"": {""openingTime"": ""00:00:00"", ""closingTime"": ""23:59:59""}, ""friday"": {""openingTime"": ""00:00:00"", ""closingTime"": ""23:59:59""}, ""saturday"": {""openingTime"": ""00:00:00"", ""closingTime"": ""23:59:59""}}",,official_next_data; branchStatus=Open
gb_578a24580b,The Gym Group,The Gym Group Horsham,The Gym Group Horsham,Bishops Weald House Albion Way,RH12 1AH,Horsham,United Kingdom,England,51.0633006,-0.3327284,READY_TO_IMPORT,VERIFIED_CURRENT,,official_locator,https://www.thegymgroup.com/find-a-gym/horsham-gyms/horsham/,https://www.thegymgroup.com/find-a-gym/horsham-gyms/horsham/,"{""monday"": {""openingTime"": ""00:00:00"", ""closingTime"": ""00:00:00""}, ""tuesday"": {""openingTime"": ""00:00:00"", ""closingTime"": ""00:00:00""}, ""wednesday"": {""openingTime"": ""00:00:00"", ""closingTime"": ""00:00:00""}, ""thursday"": {""openingTime"": ""00:00:00"", ""closingTime"": ""00:00:00""}, ""friday"": {""openingTime"": ""00:00:00"", ""closingTime"": ""00:00:00""}, ""saturday"": {""openingTime"": ""00:00:00"", ""closingTime"": ""00:00:00""}, ""sunday"": {""openingTime"": ""00:00:00"", ""closingTime"": ""00:00:00""}}",,official_next_data; branchStatus=Open
gb_f23b9d164c,The Gym Group,The Gym Group London Hounslow,The Gym Group London Hounslow,The Blenheim Centre Prince Regent Road,TW3 1NL,"Hounslow, Middlesex",United Kingdom,England,51.4708935,-0.3620097,READY_TO_IMPORT,VERIFIED_CURRENT,,official_locator,https://www.thegymgroup.com/find-a-gym/west-london-gyms/hounslow/,https://www.thegymgroup.com/find-a-gym/west-london-gyms/hounslow/,"{""monday"": {""openingTime"": ""00:00:00"", ""closingTime"": ""00:00:00""}, ""tuesday"": {""openingTime"": ""00:00:00"", ""closingTime"": ""00:00:00""}, ""wednesday"": {""openingTime"": ""00:00:00"", ""closingTime"": ""00:00:00""}, ""thursday"": {""openingTime"": ""00:00:00"", ""closingTime"": ""00:00:00""}, ""friday"": {""openingTime"": ""00:00:00"", ""closingTime"": ""00:00:00""}, ""saturday"": {""openingTime"": ""00:00:00"", ""closingTime"": ""00:00:00""}, ""sunday"": {""openingTime"": ""00:00:00"", ""closingTime"": ""00:00:00""}}",,official_next_data; branchStatus=Open
gb_643878c7a6,The Gym Group,The Gym Group Hove,The Gym Group Hove,84 - 88 Blatchington Road,BN3 3YF,Hove,United Kingdom,England,50.831367499414895,-0.17481599003076553,READY_TO_IMPORT,VERIFIED_CURRENT,,official_locator,https://www.thegymgroup.com/find-a-gym/brighton-gyms/hove/,https://www.thegymgroup.com/find-a-gym/brighton-gyms/hove/,"{""monday"": {""openingTime"": ""00:00:00"", ""closingTime"": ""00:00:00""}, ""tuesday"": {""openingTime"": ""00:00:00"", ""closingTime"": ""00:00:00""}, ""wednesday"": {""openingTime"": ""00:00:00"", ""closingTime"": ""00:00:00""}, ""thursday"": {""openingTime"": ""00:00:00"", ""closingTime"": ""00:00:00""}, ""friday"": {""openingTime"": ""00:00:00"", ""closingTime"": ""00:00:00""}, ""saturday"": {""openingTime"": ""00:00:00"", ""closingTime"": ""00:00:00""}, ""sunday"": {""openingTime"": ""00:00:00"", ""closingTime"": ""00:00:00""}}",,official_next_data; branchStatus=Open
gb_b33d0b0c84,The Gym Group,The Gym Group Huntingdon,The Gym Group Huntingdon,"St Peters Rd, Unit 2, Huntingdon Retail Park, Huntingdon, Huntingdon, PE29 7DZ",PE29 7DZ,Huntingdon,United Kingdom,England,52.352765,-0.184387,READY_TO_IMPORT,VERIFIED_CURRENT,ok,nominatim,https://www.thegymgroup.com/find-a-gym/huntingdon-gyms/huntingdon/,https://www.thegymgroup.com/find-a-gym/huntingdon-gyms/huntingdon/,,,official_sitemap_url; club_page_http_500; official_url_search_snippet_or_page; phase2_east_anglia; www/kiosk/origin live fetch HTTP 500
gb_e93ffcbc6b,The Gym Group,The Gym Group London Ilford Romford Road,The Gym Group London Ilford Romford Road,Roding House 970 Romford Road,E12 5LP,"Ilford, Essex",United Kingdom,England,51.5555753,0.0652039,READY_TO_IMPORT,VERIFIED_CURRENT,,official_locator,https://www.thegymgroup.com/find-a-gym/east-london-gyms/ilford-romford-road/,https://www.thegymgroup.com/find-a-gym/east-london-gyms/ilford-romford-road/,"{""monday"": {""openingTime"": ""00:00:00"", ""closingTime"": ""00:00:00""}, ""tuesday"": {""openingTime"": ""00:00:00"", ""closingTime"": ""00:00:00""}, ""wednesday"": {""openingTime"": ""00:00:00"", ""closingTime"": ""00:00:00""}, ""thursday"": {""openingTime"": ""00:00:00"", ""closingTime"": ""00:00:00""}, ""friday"": {""openingTime"": ""00:00:00"", ""closingTime"": ""00:00:00""}, ""saturday"": {""openingTime"": ""00:00:00"", ""closingTime"": ""00:00:00""}, ""sunday"": {""openingTime"": ""00:00:00"", ""closingTime"": ""00:00:00""}}",,official_next_data; branchStatus=Open
gb_8719877103,The Gym Group,The Gym Group London Ilford Pioneer Point,The Gym Group London Ilford Pioneer Point,Pioneer Point Building 3-5 Winston Way,IG1 2ZG,"Ilford, Ilford",United Kingdom,England,51.5573375,0.0704528,READY_TO_IMPORT,VERIFIED_CURRENT,,official_locator,https://www.thegymgroup.com/find-a-gym/east-london-gyms/london-ilford-pioneer-point/,https://www.thegymgroup.com/find-a-gym/east-london-gyms/london-ilford-pioneer-point/,"{""monday"": {""openingTime"": ""00:00:00"", ""closingTime"": ""00:00:00""}, ""tuesday"": {""openingTime"": ""00:00:00"", ""closingTime"": ""00:00:00""}, ""wednesday"": {""openingTime"": ""00:00:00"", ""closingTime"": ""00:00:00""}, ""thursday"": {""openingTime"": ""00:00:00"", ""closingTime"": ""00:00:00""}, ""friday"": {""openingTime"": ""00:00:00"", ""closingTime"": ""00:00:00""}, ""saturday"": {""openingTime"": ""00:00:00"", ""closingTime"": ""00:00:00""}, ""sunday"": {""openingTime"": ""00:00:00"", ""closingTime"": ""00:00:00""}}",,official_next_data; branchStatus=Open
gb_4d54ba0d1a,The Gym Group,The Gym Group Ipswich,The Gym Group Ipswich,"Ipswich, Grafton Way Cardinal Park",IP1 1AX,Ipswich,United Kingdom,England,,,NEEDS_COORDINATES,VERIFIED_CURRENT,failed,,https://www.thegymgroup.com/find-a-gym/ipswich-gyms/ipswich/,https://www.thegymgroup.com/find-a-gym/ipswich-gyms/ipswich/,,,official_sitemap_url; club_page_http_500; official_url_search_snippet_or_page; phase2_east_anglia; www/kiosk/origin live fetch HTTP 500
gb_986b2e2ee8,The Gym Group,The Gym Group Kidderminster,The Gym Group Kidderminster,"Unit D, Crossley Retail Park, Carpet Trades Way",DY11 6DY,Kidderminster,United Kingdom,England,52.390589,-2.255927,READY_TO_IMPORT,VERIFIED_CURRENT,,official_locator,https://www.thegymgroup.com/find-a-gym/kidderminster-gyms/kidderminster/,https://www.thegymgroup.com/find-a-gym/kidderminster-gyms/kidderminster/,"{""sunday"": {""openingTime"": ""00:00:00"", ""closingTime"": ""23:59:59""}, ""monday"": {""openingTime"": ""00:00:00"", ""closingTime"": ""23:59:59""}, ""tuesday"": {""openingTime"": ""00:00:00"", ""closingTime"": ""23:59:59""}, ""wednesday"": {""openingTime"": ""00:00:00"", ""closingTime"": ""23:59:59""}, ""thursday"": {""openingTime"": ""00:00:00"", ""closingTime"": ""23:59:59""}, ""friday"": {""openingTime"": ""00:00:00"", ""closingTime"": ""23:59:59""}, ""saturday"": {""openingTime"": ""00:00:00"", ""closingTime"": ""23:59:59""}}",,official_next_data; branchStatus=Open
gb_bf6f77a3bd,The Gym Group,The Gym Group Kings Lynn,The Gym Group Kings Lynn,"Hardwick Road, Unit 4, Campbells Meadow Retail Park",PE30 4YN,Kings Lynn,United Kingdom,England,,,NEEDS_COORDINATES,VERIFIED_CURRENT,failed,,https://www.thegymgroup.com/find-a-gym/kings-lynn-gyms/kings-lynn/,https://www.thegymgroup.com/find-a-gym/kings-lynn-gyms/kings-lynn/,,,official_sitemap_url; club_page_http_500; official_url_search_snippet_or_page; phase2_east_anglia; www/kiosk/origin live fetch HTTP 500
gb_3515988c73,The Gym Group,The Gym Group London Kingston,The Gym Group London Kingston,Eve House Adams Walk Eden Street,KT1 1DF,"Kingston, Greater London",United Kingdom,England,51.41005029999999,-0.3011722,READY_TO_IMPORT,VERIFIED_CURRENT,,official_locator,https://www.thegymgroup.com/find-a-gym/south-london-gyms/kingston/,https://www.thegymgroup.com/find-a-gym/south-london-gyms/kingston/,"{""monday"": {""openingTime"": ""00:00:00"", ""closingTime"": ""00:00:00""}, ""tuesday"": {""openingTime"": ""00:00:00"", ""closingTime"": ""00:00:00""}, ""wednesday"": {""openingTime"": ""00:00:00"", ""closingTime"": ""00:00:00""}, ""thursday"": {""openingTime"": ""00:00:00"", ""closingTime"": ""00:00:00""}, ""friday"": {""openingTime"": ""00:00:00"", ""closingTime"": ""00:00:00""}, ""saturday"": {""openingTime"": ""00:00:00"", ""closingTime"": ""00:00:00""}, ""sunday"": {""openingTime"": ""00:00:00"", ""closingTime"": ""00:00:00""}}",,official_next_data; branchStatus=Open
gb_e2046e7483,The Gym Group,The Gym Group Blackpool,The Gym Group Blackpool,"Units 2, 3, 4, & 5, Ground floor, Talbot Road Multi Storey Car Park Cookson Street, Blackpool",FY1 3AJ,Lancashire,United Kingdom,England,53.821294,-3.047443,READY_TO_IMPORT,VERIFIED_CURRENT,,official_locator,https://www.thegymgroup.com/find-a-gym/blackpool-gyms/blackpool/,https://www.thegymgroup.com/find-a-gym/blackpool-gyms/blackpool/,"{""sunday"": {""openingTime"": ""00:00:00"", ""closingTime"": ""23:59:59""}, ""monday"": {""openingTime"": ""00:00:00"", ""closingTime"": ""23:59:59""}, ""tuesday"": {""openingTime"": ""00:00:00"", ""closingTime"": ""23:59:59""}, ""wednesday"": {""openingTime"": ""00:00:00"", ""closingTime"": ""23:59:59""}, ""thursday"": {""openingTime"": ""00:00:00"", ""closingTime"": ""23:59:59""}, ""friday"": {""openingTime"": ""00:00:00"", ""closingTime"": ""23:59:59""}, ""saturday"": {""openingTime"": ""00:00:00"", ""closingTime"": ""23:59:59""}}",,official_next_data; branchStatus=Open
gb_84e9c944e0,The Gym Group,The Gym Group Bolton,The Gym Group Bolton,"Unit 9, Bolton Gate Retail Park, Turton Street, Bolton",BL1 2SL,Lancashire,United Kingdom,England,53.585811,-2.425366,READY_TO_IMPORT,VERIFIED_CURRENT,,official_locator,https://www.thegymgroup.com/find-a-gym/bolton-gyms/bolton/,https://www.thegymgroup.com/find-a-gym/bolton-gyms/bolton/,"{""sunday"": {""openingTime"": ""00:00:00"", ""closingTime"": ""23:59:59""}, ""monday"": {""openingTime"": ""00:00:00"", ""closingTime"": ""23:59:59""}, ""tuesday"": {""openingTime"": ""00:00:00"", ""closingTime"": ""23:59:59""}, ""wednesday"": {""openingTime"": ""00:00:00"", ""closingTime"": ""23:59:59""}, ""thursday"": {""openingTime"": ""00:00:00"", ""closingTime"": ""23:59:59""}, ""friday"": {""openingTime"": ""00:00:00"", ""closingTime"": ""23:59:59""}, ""saturday"": {""openingTime"": ""00:00:00"", ""closingTime"": ""23:59:59""}}",,official_next_data; branchStatus=Open
gb_f635d0ba4c,The Gym Group,The Gym Group Burnley,The Gym Group Burnley,"Accrington Road, Burnley",BB11 4AS,Lancashire,United Kingdom,England,53.789002,-2.2605786,READY_TO_IMPORT,VERIFIED_CURRENT,,official_locator,https://www.thegymgroup.com/find-a-gym/burnley-gyms/burnley/,https://www.thegymgroup.com/find-a-gym/burnley-gyms/burnley/,"{""sunday"": {""openingTime"": ""00:00:00"", ""closingTime"": ""23:59:59""}, ""monday"": {""openingTime"": ""00:00:00"", ""closingTime"": ""23:59:59""}, ""tuesday"": {""openingTime"": ""00:00:00"", ""closingTime"": ""23:59:59""}, ""wednesday"": {""openingTime"": ""00:00:00"", ""closingTime"": ""23:59:59""}, ""thursday"": {""openingTime"": ""00:00:00"", ""closingTime"": ""23:59:59""}, ""friday"": {""openingTime"": ""00:00:00"", ""closingTime"": ""23:59:59""}, ""saturday"": {""openingTime"": ""00:00:00"", ""closingTime"": ""23:59:59""}}",,official_next_data; branchStatus=Open
gb_c6cce62941,The Gym Group,The Gym Group Manchester Whitefield,The Gym Group Manchester Whitefield,"Moss Lane, Whitefield",M45 8EL,Lancashire,United Kingdom,England,53.551915,-2.286559,READY_TO_IMPORT,VERIFIED_CURRENT,,official_locator,https://www.thegymgroup.com/find-a-gym/manchester-gyms/manchester-whitefield/,https://www.thegymgroup.com/find-a-gym/manchester-gyms/manchester-whitefield/,"{""sunday"": {""openingTime"": ""00:00:00"", ""closingTime"": ""23:59:59""}, ""monday"": {""openingTime"": ""00:00:00"", ""closingTime"": ""23:59:59""}, ""tuesday"": {""openingTime"": ""00:00:00"", ""closingTime"": ""23:59:59""}, ""wednesday"": {""openingTime"": ""00:00:00"", ""closingTime"": ""23:59:59""}, ""thursday"": {""openingTime"": ""00:00:00"", ""closingTime"": ""23:59:59""}, ""friday"": {""openingTime"": ""00:00:00"", ""closingTime"": ""23:59:59""}, ""saturday"": {""openingTime"": ""00:00:00"", ""closingTime"": ""23:59:59""}}",,official_next_data; branchStatus=Open
gb_867f5768e8,The Gym Group,The Gym Group Leeds Crown Point,The Gym Group Leeds Crown Point,"Unit 11, Leeds Crown Point Shopping Park",LS10 1ET,Leeds,United Kingdom,England,53.788243234319694,-1.5412048044746376,READY_TO_IMPORT,VERIFIED_CURRENT,,official_locator,https://www.thegymgroup.com/find-a-gym/leeds-gyms/leeds-crown-point/,https://www.thegymgroup.com/find-a-gym/leeds-gyms/leeds-crown-point/,"{""sunday"": {""openingTime"": ""00:00:00"", ""closingTime"": ""23:59:59""}, ""monday"": {""openingTime"": ""00:00:00"", ""closingTime"": ""23:59:59""}, ""tuesday"": {""openingTime"": ""00:00:00"", ""closingTime"": ""23:59:59""}, ""wednesday"": {""openingTime"": ""00:00:00"", ""closingTime"": ""23:59:59""}, ""thursday"": {""openingTime"": ""00:00:00"", ""closingTime"": ""23:59:59""}, ""friday"": {""openingTime"": ""00:00:00"", ""closingTime"": ""23:59:59""}, ""saturday"": {""openingTime"": ""00:00:00"", ""closingTime"": ""23:59:59""}}",,official_next_data; branchStatus=Open
gb_ba0c3acc91,The Gym Group,The Gym Group Leeds Headingley,The Gym Group Leeds Headingley,"Arndale House, Otley Road, Headingley",LS6 2UJ,Leeds,United Kingdom,England,53.822599,-1.578229,READY_TO_IMPORT,VERIFIED_CURRENT,,official_locator,https://www.thegymgroup.com/find-a-gym/leeds-gyms/leeds-headingley/,https://www.thegymgroup.com/find-a-gym/leeds-gyms/leeds-headingley/,"{""sunday"": {""openingTime"": ""00:00:00"", ""closingTime"": ""23:59:59""}, ""monday"": {""openingTime"": ""00:00:00"", ""closingTime"": ""23:59:59""}, ""tuesday"": {""openingTime"": ""00:00:00"", ""closingTime"": ""23:59:59""}, ""wednesday"": {""openingTime"": ""00:00:00"", ""closingTime"": ""23:59:59""}, ""thursday"": {""openingTime"": ""00:00:00"", ""closingTime"": ""23:59:59""}, ""friday"": {""openingTime"": ""00:00:00"", ""closingTime"": ""23:59:59""}, ""saturday"": {""openingTime"": ""00:00:00"", ""closingTime"": ""23:59:59""}}",,official_next_data; branchStatus=Open
gb_4222f7209d,The Gym Group,The Gym Group Leeds York Road,The Gym Group Leeds York Road,York Road,LS9 9AH,Leeds,United Kingdom,England,53.797905,-1.520089,READY_TO_IMPORT,VERIFIED_CURRENT,,official_locator,https://www.thegymgroup.com/find-a-gym/leeds-gyms/leeds-york-road/,https://www.thegymgroup.com/find-a-gym/leeds-gyms/leeds-york-road/,"{""sunday"": {""openingTime"": ""00:00:00"", ""closingTime"": ""23:59:59""}, ""monday"": {""openingTime"": ""00:00:00"", ""closingTime"": ""23:59:59""}, ""tuesday"": {""openingTime"": ""00:00:00"", ""closingTime"": ""23:59:59""}, ""wednesday"": {""openingTime"": ""00:00:00"", ""closingTime"": ""23:59:59""}, ""thursday"": {""openingTime"": ""00:00:00"", ""closingTime"": ""23:59:59""}, ""friday"": {""openingTime"": ""00:00:00"", ""closingTime"": ""23:59:59""}, ""saturday"": {""openingTime"": ""00:00:00"", ""closingTime"": ""23:59:59""}}",,official_next_data; branchStatus=Open
gb_4af33a80e3,The Gym Group,The Gym Group Leicester Aylestone Road,The Gym Group Leicester Aylestone Road,"Unit 3, Raw Dykes Road, Leicester",LE2 7JZ,Leicestershire,United Kingdom,England,52.61976,-1.13851,READY_TO_IMPORT,VERIFIED_CURRENT,,official_locator,https://www.thegymgroup.com/find-a-gym/leicester-gyms/leicester-aylestone-road/,https://www.thegymgroup.com/find-a-gym/leicester-gyms/leicester-aylestone-road/,"{""sunday"": {""openingTime"": ""00:00:00"", ""closingTime"": ""23:59:59""}, ""monday"": {""openingTime"": ""00:00:00"", ""closingTime"": ""23:59:59""}, ""tuesday"": {""openingTime"": ""00:00:00"", ""closingTime"": ""23:59:59""}, ""wednesday"": {""openingTime"": ""00:00:00"", ""closingTime"": ""23:59:59""}, ""thursday"": {""openingTime"": ""00:00:00"", ""closingTime"": ""23:59:59""}, ""friday"": {""openingTime"": ""00:00:00"", ""closingTime"": ""23:59:59""}, ""saturday"": {""openingTime"": ""00:00:00"", ""closingTime"": ""23:59:59""}}",,official_next_data; branchStatus=Open
gb_b8b284e7d0,The Gym Group,The Gym Group Leicester Highcross,The Gym Group Leicester Highcross,"4A Causeway Lane, Leicester",LE1 4AP,Leicestershire,United Kingdom,England,52.637751,-1.137321,READY_TO_IMPORT,VERIFIED_CURRENT,,official_locator,https://www.thegymgroup.com/find-a-gym/leicester-gyms/leicester/,https://www.thegymgroup.com/find-a-gym/leicester-gyms/leicester/,"{""sunday"": {""openingTime"": ""00:00:00"", ""closingTime"": ""23:59:59""}, ""monday"": {""openingTime"": ""00:00:00"", ""closingTime"": ""23:59:59""}, ""tuesday"": {""openingTime"": ""00:00:00"", ""closingTime"": ""23:59:59""}, ""wednesday"": {""openingTime"": ""00:00:00"", ""closingTime"": ""23:59:59""}, ""thursday"": {""openingTime"": ""00:00:00"", ""closingTime"": ""23:59:59""}, ""friday"": {""openingTime"": ""00:00:00"", ""closingTime"": ""23:59:59""}, ""saturday"": {""openingTime"": ""00:00:00"", ""closingTime"": ""23:59:59""}}",,official_next_data; branchStatus=Open
gb_310bb7ef7a,The Gym Group,The Gym Group London Lewisham,The Gym Group London Lewisham,Unit 8 Thurston Central Thurston Road,SE13 7SN,"Lewisham, Lewisham",United Kingdom,England,51.4662811,-0.016378,READY_TO_IMPORT,VERIFIED_CURRENT,,official_locator,https://www.thegymgroup.com/find-a-gym/south-london-gyms/lewisham/,https://www.thegymgroup.com/find-a-gym/south-london-gyms/lewisham/,"{""monday"": {""openingTime"": ""00:00:00"", ""closingTime"": ""00:00:00""}, ""tuesday"": {""openingTime"": ""00:00:00"", ""closingTime"": ""00:00:00""}, ""wednesday"": {""openingTime"": ""00:00:00"", ""closingTime"": ""00:00:00""}, ""thursday"": {""openingTime"": ""00:00:00"", ""closingTime"": ""00:00:00""}, ""friday"": {""openingTime"": ""00:00:00"", ""closingTime"": ""00:00:00""}, ""saturday"": {""openingTime"": ""00:00:00"", ""closingTime"": ""00:00:00""}, ""sunday"": {""openingTime"": ""00:00:00"", ""closingTime"": ""00:00:00""}}",,official_next_data; branchStatus=Open
gb_79b29267aa,The Gym Group,The Gym Group Leyland,The Gym Group Leyland,"Unit 2 Olympian Way, Golden Hill Lane, Leyland",PR25 3UR,Leyland,United Kingdom,England,53.69871267551614,-2.6954274757447014,READY_TO_IMPORT,VERIFIED_CURRENT,,official_locator,https://www.thegymgroup.com/find-a-gym/leyland-gyms/leyland/,https://www.thegymgroup.com/find-a-gym/leyland-gyms/leyland/,"{""sunday"": {""openingTime"": ""00:00:00"", ""closingTime"": ""23:59:59""}, ""monday"": {""openingTime"": ""00:00:00"", ""closingTime"": ""23:59:59""}, ""tuesday"": {""openingTime"": ""00:00:00"", ""closingTime"": ""23:59:59""}, ""wednesday"": {""openingTime"": ""00:00:00"", ""closingTime"": ""23:59:59""}, ""thursday"": {""openingTime"": ""00:00:00"", ""closingTime"": ""23:59:59""}, ""friday"": {""openingTime"": ""00:00:00"", ""closingTime"": ""23:59:59""}, ""saturday"": {""openingTime"": ""00:00:00"", ""closingTime"": ""23:59:59""}}",,official_next_data; branchStatus=Open
gb_994cc928e4,The Gym Group,The Gym Group Lincoln Tritton Retail Park,The Gym Group Lincoln Tritton Retail Park,"Tritton Road, Tritton Retail Park",LN6 7AN,Lincoln,United Kingdom,England,53.22396095208096,-0.5512872354033281,READY_TO_IMPORT,VERIFIED_CURRENT,,official_locator,https://www.thegymgroup.com/find-a-gym/lincoln-gyms/lincoln-tritton-retail-park/,https://www.thegymgroup.com/find-a-gym/lincoln-gyms/lincoln-tritton-retail-park/,"{""sunday"": {""openingTime"": ""00:00:00"", ""closingTime"": ""23:59:59""}, ""monday"": {""openingTime"": ""00:00:00"", ""closingTime"": ""23:59:59""}, ""tuesday"": {""openingTime"": ""00:00:00"", ""closingTime"": ""23:59:59""}, ""wednesday"": {""openingTime"": ""00:00:00"", ""closingTime"": ""23:59:59""}, ""thursday"": {""openingTime"": ""00:00:00"", ""closingTime"": ""23:59:59""}, ""friday"": {""openingTime"": ""00:00:00"", ""closingTime"": ""23:59:59""}, ""saturday"": {""openingTime"": ""00:00:00"", ""closingTime"": ""23:59:59""}}",,official_next_data; branchStatus=Open
gb_45aa4dbc78,The Gym Group,The Gym Group Liverpool Central,The Gym Group Liverpool Central,"Clayton Square, (Entrance 18/20 Great Charlotte St)",L1 1QR,Liverpool,United Kingdom,England,53.405869,-2.980134,READY_TO_IMPORT,VERIFIED_CURRENT,,official_locator,https://www.thegymgroup.com/find-a-gym/liverpool-gyms/liverpool-central/,https://www.thegymgroup.com/find-a-gym/liverpool-gyms/liverpool-central/,"{""sunday"": {""openingTime"": ""00:00:00"", ""closingTime"": ""23:59:59""}, ""monday"": {""openingTime"": ""00:00:00"", ""closingTime"": ""23:59:59""}, ""tuesday"": {""openingTime"": ""00:00:00"", ""closingTime"": ""23:59:59""}, ""wednesday"": {""openingTime"": ""00:00:00"", ""closingTime"": ""23:59:59""}, ""thursday"": {""openingTime"": ""00:00:00"", ""closingTime"": ""23:59:59""}, ""friday"": {""openingTime"": ""00:00:00"", ""closingTime"": ""23:59:59""}, ""saturday"": {""openingTime"": ""00:00:00"", ""closingTime"": ""23:59:59""}}",,official_next_data; branchStatus=Open
gb_f24721c8ef,The Gym Group,The Gym Group London Bromley by Bow,The Gym Group London Bromley by Bow,24 Reed Avenue,E3 3ZA,London,United Kingdom,England,51.525448,-0.009784999999965294,READY_TO_IMPORT,VERIFIED_CURRENT,,official_locator,https://www.thegymgroup.com/find-a-gym/east-london-gyms/bromley-by-bow/,https://www.thegymgroup.com/find-a-gym/east-london-gyms/bromley-by-bow/,"{""monday"": {""openingTime"": ""00:00:00"", ""closingTime"": ""00:00:00""}, ""tuesday"": {""openingTime"": ""00:00:00"", ""closingTime"": ""00:00:00""}, ""wednesday"": {""openingTime"": ""00:00:00"", ""closingTime"": ""00:00:00""}, ""thursday"": {""openingTime"": ""00:00:00"", ""closingTime"": ""00:00:00""}, ""friday"": {""openingTime"": ""00:00:00"", ""closingTime"": ""00:00:00""}, ""saturday"": {""openingTime"": ""00:00:00"", ""closingTime"": ""00:00:00""}, ""sunday"": {""openingTime"": ""00:00:00"", ""closingTime"": ""00:00:00""}}",,official_next_data; branchStatus=Open
gb_be6ff41c5a,The Gym Group,The Gym Group London Caledonian Road,The Gym Group London Caledonian Road,7 Sterling Way,N7 9HJ,London,United Kingdom,England,51.546737872079845,-0.11861532926559448,READY_TO_IMPORT,VERIFIED_CURRENT,,official_locator,https://www.thegymgroup.com/find-a-gym/north-london-gyms/london-caledonian-road/,https://www.thegymgroup.com/find-a-gym/north-london-gyms/london-caledonian-road/,"{""monday"": {""openingTime"": ""00:00:00"", ""closingTime"": ""00:00:00""}, ""tuesday"": {""openingTime"": ""00:00:00"", ""closingTime"": ""00:00:00""}, ""wednesday"": {""openingTime"": ""00:00:00"", ""closingTime"": ""00:00:00""}, ""thursday"": {""openingTime"": ""00:00:00"", ""closingTime"": ""00:00:00""}, ""friday"": {""openingTime"": ""00:00:00"", ""closingTime"": ""00:00:00""}, ""saturday"": {""openingTime"": ""00:00:00"", ""closingTime"": ""00:00:00""}, ""sunday"": {""openingTime"": ""00:00:00"", ""closingTime"": ""00:00:00""}}",,official_next_data; branchStatus=Open
gb_8975b03e73,The Gym Group,The Gym Group London Camberwell,The Gym Group London Camberwell,60A Denmark Hill,SE5 8RZ,London,United Kingdom,England,51.46734021819624,-0.09094633162021637,READY_TO_IMPORT,VERIFIED_CURRENT,,official_locator,https://www.thegymgroup.com/find-a-gym/south-london-gyms/camberwell/,https://www.thegymgroup.com/find-a-gym/south-london-gyms/camberwell/,"{""monday"": {""openingTime"": ""00:00:00"", ""closingTime"": ""00:00:00""}, ""tuesday"": {""openingTime"": ""00:00:00"", ""closingTime"": ""00:00:00""}, ""wednesday"": {""openingTime"": ""00:00:00"", ""closingTime"": ""00:00:00""}, ""thursday"": {""openingTime"": ""00:00:00"", ""closingTime"": ""00:00:00""}, ""friday"": {""openingTime"": ""00:00:00"", ""closingTime"": ""00:00:00""}, ""saturday"": {""openingTime"": ""00:00:00"", ""closingTime"": ""00:00:00""}, ""sunday"": {""openingTime"": ""00:00:00"", ""closingTime"": ""00:00:00""}}",,official_next_data; branchStatus=Open
gb_b82aaae4b6,The Gym Group,The Gym Group London Canning Town,The Gym Group London Canning Town,Hallsville Quarter Minnie Baldock Street,E16 1ED,London,United Kingdom,England,51.5133273,0.0117657,READY_TO_IMPORT,VERIFIED_CURRENT,,official_locator,https://www.thegymgroup.com/find-a-gym/east-london-gyms/london-canning-town/,https://www.thegymgroup.com/find-a-gym/east-london-gyms/london-canning-town/,"{""monday"": {""openingTime"": ""00:00:00"", ""closingTime"": ""00:00:00""}, ""tuesday"": {""openingTime"": ""00:00:00"", ""closingTime"": ""00:00:00""}, ""wednesday"": {""openingTime"": ""00:00:00"", ""closingTime"": ""00:00:00""}, ""thursday"": {""openingTime"": ""00:00:00"", ""closingTime"": ""00:00:00""}, ""friday"": {""openingTime"": ""00:00:00"", ""closingTime"": ""00:00:00""}, ""saturday"": {""openingTime"": ""00:00:00"", ""closingTime"": ""00:00:00""}, ""sunday"": {""openingTime"": ""00:00:00"", ""closingTime"": ""00:00:00""}}",,official_next_data; branchStatus=Open
gb_ac49b09048,The Gym Group,The Gym Group London East Ham Barking Road,The Gym Group London East Ham Barking Road,365 Barking Road,E6 1FG,London,United Kingdom,England,51.533096,0.05385100000000875,READY_TO_IMPORT,VERIFIED_CURRENT,,official_locator,https://www.thegymgroup.com/find-a-gym/east-london-gyms/london-east-ham-barking-road/,https://www.thegymgroup.com/find-a-gym/east-london-gyms/london-east-ham-barking-road/,"{""monday"": {""openingTime"": ""00:00:00"", ""closingTime"": ""00:00:00""}, ""tuesday"": {""openingTime"": ""00:00:00"", ""closingTime"": ""00:00:00""}, ""wednesday"": {""openingTime"": ""00:00:00"", ""closingTime"": ""00:00:00""}, ""thursday"": {""openingTime"": ""00:00:00"", ""closingTime"": ""00:00:00""}, ""friday"": {""openingTime"": ""00:00:00"", ""closingTime"": ""00:00:00""}, ""saturday"": {""openingTime"": ""00:00:00"", ""closingTime"": ""00:00:00""}, ""sunday"": {""openingTime"": ""00:00:00"", ""closingTime"": ""00:00:00""}}",,official_next_data; branchStatus=Open
gb_a01c13b2ad,The Gym Group,The Gym Group London Elephant and Castle,The Gym Group London Elephant and Castle,3-9 Sayer Street,SE17 1FY,London,United Kingdom,England,51.491841,-0.09663100000000213,READY_TO_IMPORT,VERIFIED_CURRENT,,official_locator,https://www.thegymgroup.com/find-a-gym/south-london-gyms/elephant-and-castle/,https://www.thegymgroup.com/find-a-gym/south-london-gyms/elephant-and-castle/,"{""monday"": {""openingTime"": ""00:00:00"", ""closingTime"": ""00:00:00""}, ""tuesday"": {""openingTime"": ""00:00:00"", ""closingTime"": ""00:00:00""}, ""wednesday"": {""openingTime"": ""00:00:00"", ""closingTime"": ""00:00:00""}, ""thursday"": {""openingTime"": ""00:00:00"", ""closingTime"": ""00:00:00""}, ""friday"": {""openingTime"": ""00:00:00"", ""closingTime"": ""00:00:00""}, ""saturday"": {""openingTime"": ""00:00:00"", ""closingTime"": ""00:00:00""}, ""sunday"": {""openingTime"": ""00:00:00"", ""closingTime"": ""00:00:00""}}",,official_next_data; branchStatus=Open
gb_a6a8d8ee1b,The Gym Group,The Gym Group London Euston Road,The Gym Group London Euston Road,1 Triton Square Regents Place,NW1 3AN,London,United Kingdom,England,51.5251758,-0.1408914,READY_TO_IMPORT,VERIFIED_CURRENT,,official_locator,https://www.thegymgroup.com/find-a-gym/north-london-gyms/euston-road/,https://www.thegymgroup.com/find-a-gym/north-london-gyms/euston-road/,"{""monday"": {""openingTime"": ""00:00:00"", ""closingTime"": ""00:00:00""}, ""tuesday"": {""openingTime"": ""00:00:00"", ""closingTime"": ""00:00:00""}, ""wednesday"": {""openingTime"": ""00:00:00"", ""closingTime"": ""00:00:00""}, ""thursday"": {""openingTime"": ""00:00:00"", ""closingTime"": ""00:00:00""}, ""friday"": {""openingTime"": ""00:00:00"", ""closingTime"": ""00:00:00""}, ""saturday"": {""openingTime"": ""00:00:00"", ""closingTime"": ""00:00:00""}, ""sunday"": {""openingTime"": ""00:00:00"", ""closingTime"": ""00:00:00""}}",,official_next_data; branchStatus=Open
gb_149f2cd55c,The Gym Group,The Gym Group London Hackney,The Gym Group London Hackney,282 Richmond Road,E8 3BE,London,United Kingdom,England,51.54323993848062,-0.06438206881284714,READY_TO_IMPORT,VERIFIED_CURRENT,,official_locator,https://www.thegymgroup.com/find-a-gym/east-london-gyms/hackney/,https://www.thegymgroup.com/find-a-gym/east-london-gyms/hackney/,"{""monday"": {""openingTime"": ""00:00:00"", ""closingTime"": ""00:00:00""}, ""tuesday"": {""openingTime"": ""00:00:00"", ""closingTime"": ""00:00:00""}, ""wednesday"": {""openingTime"": ""00:00:00"", ""closingTime"": ""00:00:00""}, ""thursday"": {""openingTime"": ""00:00:00"", ""closingTime"": ""00:00:00""}, ""friday"": {""openingTime"": ""00:00:00"", ""closingTime"": ""00:00:00""}, ""saturday"": {""openingTime"": ""00:00:00"", ""closingTime"": ""00:00:00""}, ""sunday"": {""openingTime"": ""00:00:00"", ""closingTime"": ""00:00:00""}}",,official_next_data; branchStatus=Open
gb_002ab96c19,The Gym Group,The Gym Group London Harringay,The Gym Group London Harringay,Green Lane The Arena Shopping Park Unit 4C Harringay,N4 1DT,London,United Kingdom,England,51.5757729,-0.0974497,READY_TO_IMPORT,VERIFIED_CURRENT,,official_locator,https://www.thegymgroup.com/find-a-gym/north-london-gyms/harringay/,https://www.thegymgroup.com/find-a-gym/north-london-gyms/harringay/,"{""monday"": {""openingTime"": ""00:00:00"", ""closingTime"": ""00:00:00""}, ""tuesday"": {""openingTime"": ""00:00:00"", ""closingTime"": ""00:00:00""}, ""wednesday"": {""openingTime"": ""00:00:00"", ""closingTime"": ""00:00:00""}, ""thursday"": {""openingTime"": ""00:00:00"", ""closingTime"": ""00:00:00""}, ""friday"": {""openingTime"": ""00:00:00"", ""closingTime"": ""00:00:00""}, ""saturday"": {""openingTime"": ""00:00:00"", ""closingTime"": ""00:00:00""}, ""sunday"": {""openingTime"": ""00:00:00"", ""closingTime"": ""00:00:00""}}",,official_next_data; branchStatus=Open
gb_cbfab5ba3c,The Gym Group,The Gym Group London Hendon,The Gym Group London Hendon,Ground Floor 5 Central Circus,NW4 3JS,London,United Kingdom,England,51.5826169,-0.2275459,READY_TO_IMPORT,VERIFIED_CURRENT,,official_locator,https://www.thegymgroup.com/find-a-gym/north-london-gyms/hendon/,https://www.thegymgroup.com/find-a-gym/north-london-gyms/hendon/,"{""monday"": {""openingTime"": ""00:00:00"", ""closingTime"": ""00:00:00""}, ""tuesday"": {""openingTime"": ""00:00:00"", ""closingTime"": ""00:00:00""}, ""wednesday"": {""openingTime"": ""00:00:00"", ""closingTime"": ""00:00:00""}, ""thursday"": {""openingTime"": ""00:00:00"", ""closingTime"": ""00:00:00""}, ""friday"": {""openingTime"": ""00:00:00"", ""closingTime"": ""00:00:00""}, ""saturday"": {""openingTime"": ""00:00:00"", ""closingTime"": ""00:00:00""}, ""sunday"": {""openingTime"": ""00:00:00"", ""closingTime"": ""00:00:00""}}",,official_next_data; branchStatus=Open
gb_566b30b33e,The Gym Group,The Gym Group London Leyton,The Gym Group London Leyton,Marshall Road Leyton Mills Retail ParkUnit 61st Floor Leyton,E10 5NH,London,United Kingdom,England,51.55461709999999,-0.0093276,READY_TO_IMPORT,VERIFIED_CURRENT,,official_locator,https://www.thegymgroup.com/find-a-gym/east-london-gyms/leyton/,https://www.thegymgroup.com/find-a-gym/east-london-gyms/leyton/,"{""monday"": {""openingTime"": ""00:00:00"", ""closingTime"": ""00:00:00""}, ""tuesday"": {""openingTime"": ""00:00:00"", ""closingTime"": ""00:00:00""}, ""wednesday"": {""openingTime"": ""00:00:00"", ""closingTime"": ""00:00:00""}, ""thursday"": {""openingTime"": ""00:00:00"", ""closingTime"": ""00:00:00""}, ""friday"": {""openingTime"": ""00:00:00"", ""closingTime"": ""00:00:00""}, ""saturday"": {""openingTime"": ""00:00:00"", ""closingTime"": ""00:00:00""}, ""sunday"": {""openingTime"": ""00:00:00"", ""closingTime"": ""00:00:00""}}",,official_next_data; branchStatus=Open
gb_df8a6f3ff1,The Gym Group,The Gym Group London Loughborough Junction,The Gym Group London Loughborough Junction,Higgs Yard Herne Hill Road,SE24 0AU,London,United Kingdom,England,51.46574570000001,-0.1010531,READY_TO_IMPORT,VERIFIED_CURRENT,,official_locator,https://www.thegymgroup.com/find-a-gym/south-london-gyms/loughborough-junction/,https://www.thegymgroup.com/find-a-gym/south-london-gyms/loughborough-junction/,"{""monday"": {""openingTime"": ""00:00:00"", ""closingTime"": ""00:00:00""}, ""tuesday"": {""openingTime"": ""00:00:00"", ""closingTime"": ""00:00:00""}, ""wednesday"": {""openingTime"": ""00:00:00"", ""closingTime"": ""00:00:00""}, ""thursday"": {""openingTime"": ""00:00:00"", ""closingTime"": ""00:00:00""}, ""friday"": {""openingTime"": ""00:00:00"", ""closingTime"": ""00:00:00""}, ""saturday"": {""openingTime"": ""00:00:00"", ""closingTime"": ""00:00:00""}, ""sunday"": {""openingTime"": ""00:00:00"", ""closingTime"": ""00:00:00""}}",,official_next_data; branchStatus=Open
gb_0565ecccc8,The Gym Group,The Gym Group London Monument,The Gym Group London Monument,Northern and Shell Building 10 Lower Thames Street,EC3R 6EN,London,United Kingdom,England,51.5090886,-0.08478139999999999,READY_TO_IMPORT,VERIFIED_CURRENT,,official_locator,https://www.thegymgroup.com/find-a-gym/north-london-gyms/london-monument/,https://www.thegymgroup.com/find-a-gym/north-london-gyms/london-monument/,"{""monday"": {""openingTime"": ""00:00:00"", ""closingTime"": ""00:00:00""}, ""tuesday"": {""openingTime"": ""00:00:00"", ""closingTime"": ""00:00:00""}, ""wednesday"": {""openingTime"": ""00:00:00"", ""closingTime"": ""00:00:00""}, ""thursday"": {""openingTime"": ""00:00:00"", ""closingTime"": ""00:00:00""}, ""friday"": {""openingTime"": ""00:00:00"", ""closingTime"": ""00:00:00""}, ""saturday"": {""openingTime"": ""00:00:00"", ""closingTime"": ""00:00:00""}, ""sunday"": {""openingTime"": ""00:00:00"", ""closingTime"": ""00:00:00""}}",,official_next_data; branchStatus=Open
gb_f1aae164d2,The Gym Group,The Gym Group London Old Kent Road,The Gym Group London Old Kent Road,1B Southernwood Retail Park,SE1 5JJ,London,United Kingdom,England,51.530947821994,0.1447643692138172,READY_TO_IMPORT,VERIFIED_CURRENT,,official_locator,https://www.thegymgroup.com/find-a-gym/south-london-gyms/old-kent-road/,https://www.thegymgroup.com/find-a-gym/south-london-gyms/old-kent-road/,"{""monday"": {""openingTime"": ""00:00:00"", ""closingTime"": ""00:00:00""}, ""tuesday"": {""openingTime"": ""00:00:00"", ""closingTime"": ""00:00:00""}, ""wednesday"": {""openingTime"": ""00:00:00"", ""closingTime"": ""00:00:00""}, ""thursday"": {""openingTime"": ""00:00:00"", ""closingTime"": ""00:00:00""}, ""friday"": {""openingTime"": ""00:00:00"", ""closingTime"": ""00:00:00""}, ""saturday"": {""openingTime"": ""00:00:00"", ""closingTime"": ""00:00:00""}, ""sunday"": {""openingTime"": ""00:00:00"", ""closingTime"": ""00:00:00""}}",,official_next_data; branchStatus=Open
gb_8b30c9a9e4,The Gym Group,The Gym Group London Old Street,The Gym Group London Old Street,250 Old Street,EC1V 9DD,London,United Kingdom,England,,,COMING_SOON,COMING_SOON,,official_locator,https://www.thegymgroup.com/find-a-gym/east-london-gyms/old-street/,https://www.thegymgroup.com/find-a-gym/east-london-gyms/old-street/,"{""sunday"": {""openingTime"": ""00:00:00"", ""closingTime"": ""23:59:59""}, ""monday"": {""openingTime"": ""00:00:00"", ""closingTime"": ""23:59:59""}, ""tuesday"": {""openingTime"": ""00:00:00"", ""closingTime"": ""23:59:59""}, ""wednesday"": {""openingTime"": ""00:00:00"", ""closingTime"": ""23:59:59""}, ""thursday"": {""openingTime"": ""00:00:00"", ""closingTime"": ""23:59:59""}, ""friday"": {""openingTime"": ""00:00:00"", ""closingTime"": ""23:59:59""}, ""saturday"": {""openingTime"": ""00:00:00"", ""closingTime"": ""23:59:59""}}",,official_next_data; branchStatus=Opening Soon
gb_a2f4ba70b9,The Gym Group,The Gym Group London Oxford Street,The Gym Group London Oxford Street,120 Oxford Street Entrance on Wells Street,W1D 1LT,London,United Kingdom,England,51.51625139999999,-0.1364821,READY_TO_IMPORT,VERIFIED_CURRENT,,official_locator,https://www.thegymgroup.com/find-a-gym/north-london-gyms/london-oxford-street/,https://www.thegymgroup.com/find-a-gym/north-london-gyms/london-oxford-street/,"{""monday"": {""openingTime"": ""06:00:00"", ""closingTime"": ""22:00:00""}, ""tuesday"": {""openingTime"": ""06:00:00"", ""closingTime"": ""22:00:00""}, ""wednesday"": {""openingTime"": ""06:00:00"", ""closingTime"": ""22:00:00""}, ""thursday"": {""openingTime"": ""06:00:00"", ""closingTime"": ""22:00:00""}, ""friday"": {""openingTime"": ""06:00:00"", ""closingTime"": ""22:00:00""}, ""saturday"": {""openingTime"": ""08:00:00"", ""closingTime"": ""20:00:00""}, ""sunday"": {""openingTime"": ""08:00:00"", ""closingTime"": ""20:00:00""}}",,official_next_data; branchStatus=Open
gb_94b2052e3b,The Gym Group,The Gym Group London Paddington,The Gym Group London Paddington,The Gym Group Paddington 33 North Wharf Road Merchant Square,W2 1LA,London,United Kingdom,England,51.5190724,-0.1734289,READY_TO_IMPORT,VERIFIED_CURRENT,,official_locator,https://www.thegymgroup.com/find-a-gym/west-london-gyms/london-paddington/,https://www.thegymgroup.com/find-a-gym/west-london-gyms/london-paddington/,"{""monday"": {""openingTime"": ""00:00:00"", ""closingTime"": ""00:00:00""}, ""tuesday"": {""openingTime"": ""00:00:00"", ""closingTime"": ""00:00:00""}, ""wednesday"": {""openingTime"": ""00:00:00"", ""closingTime"": ""00:00:00""}, ""thursday"": {""openingTime"": ""00:00:00"", ""closingTime"": ""00:00:00""}, ""friday"": {""openingTime"": ""00:00:00"", ""closingTime"": ""00:00:00""}, ""saturday"": {""openingTime"": ""00:00:00"", ""closingTime"": ""00:00:00""}, ""sunday"": {""openingTime"": ""00:00:00"", ""closingTime"": ""00:00:00""}}",,official_next_data; branchStatus=Open
gb_1020fd41f7,The Gym Group,The Gym Group London Plaistow,The Gym Group London Plaistow,267 Plaistow Road,E13 0DY,London,United Kingdom,England,51.532621679670186,0.015078037977218628,READY_TO_IMPORT,VERIFIED_CURRENT,,official_locator,https://www.thegymgroup.com/find-a-gym/east-london-gyms/plaistow/,https://www.thegymgroup.com/find-a-gym/east-london-gyms/plaistow/,"{""monday"": {""openingTime"": ""00:00:00"", ""closingTime"": ""00:00:00""}, ""tuesday"": {""openingTime"": ""00:00:00"", ""closingTime"": ""00:00:00""}, ""wednesday"": {""openingTime"": ""00:00:00"", ""closingTime"": ""00:00:00""}, ""thursday"": {""openingTime"": ""00:00:00"", ""closingTime"": ""00:00:00""}, ""friday"": {""openingTime"": ""00:00:00"", ""closingTime"": ""00:00:00""}, ""saturday"": {""openingTime"": ""00:00:00"", ""closingTime"": ""00:00:00""}, ""sunday"": {""openingTime"": ""00:00:00"", ""closingTime"": ""00:00:00""}}",,official_next_data; branchStatus=Open
gb_abadcc6360,The Gym Group,The Gym Group London Shepherd's Bush,The Gym Group London Shepherd's Bush,"W12 Shopping Unit F, Shepherd's Bush Green",W12 8PP,London,United Kingdom,England,51.5034967,-0.2191805,READY_TO_IMPORT,VERIFIED_CURRENT,,official_locator,https://www.thegymgroup.com/find-a-gym/west-london-gyms/shepherds-bush/,https://www.thegymgroup.com/find-a-gym/west-london-gyms/shepherds-bush/,"{""monday"": {""openingTime"": ""00:00:00"", ""closingTime"": ""00:00:00""}, ""tuesday"": {""openingTime"": ""00:00:00"", ""closingTime"": ""00:00:00""}, ""wednesday"": {""openingTime"": ""00:00:00"", ""closingTime"": ""00:00:00""}, ""thursday"": {""openingTime"": ""00:00:00"", ""closingTime"": ""00:00:00""}, ""friday"": {""openingTime"": ""00:00:00"", ""closingTime"": ""00:00:00""}, ""saturday"": {""openingTime"": ""00:00:00"", ""closingTime"": ""00:00:00""}, ""sunday"": {""openingTime"": ""00:00:00"", ""closingTime"": ""00:00:00""}}",,official_next_data; branchStatus=Open
gb_8b18bb03cb,The Gym Group,The Gym Group London South Ruislip,The Gym Group London South Ruislip,"Units 2 & 3 The Old Dairy, Victoria Road",HA4 0FY,London,United Kingdom,England,51.55858449362295,-0.40003330466322495,READY_TO_IMPORT,VERIFIED_CURRENT,,official_locator,https://www.thegymgroup.com/find-a-gym/west-london-gyms/south-ruislip/,https://www.thegymgroup.com/find-a-gym/west-london-gyms/south-ruislip/,"{""monday"": {""openingTime"": ""00:00:00"", ""closingTime"": ""00:00:00""}, ""tuesday"": {""openingTime"": ""00:00:00"", ""closingTime"": ""00:00:00""}, ""wednesday"": {""openingTime"": ""00:00:00"", ""closingTime"": ""00:00:00""}, ""thursday"": {""openingTime"": ""00:00:00"", ""closingTime"": ""00:00:00""}, ""friday"": {""openingTime"": ""00:00:00"", ""closingTime"": ""00:00:00""}, ""saturday"": {""openingTime"": ""00:00:00"", ""closingTime"": ""00:00:00""}, ""sunday"": {""openingTime"": ""00:00:00"", ""closingTime"": ""00:00:00""}}",,official_next_data; branchStatus=Open
gb_d91b45a52f,The Gym Group,The Gym Group London Stamford Hill,The Gym Group London Stamford Hill,129 - 137 Stamford Hill,N16 5LW,London,United Kingdom,England,51.57070928448593,-0.06904039531946182,READY_TO_IMPORT,VERIFIED_CURRENT,,official_locator,https://www.thegymgroup.com/find-a-gym/north-london-gyms/stamford-hill/,https://www.thegymgroup.com/find-a-gym/north-london-gyms/stamford-hill/,"{""monday"": {""openingTime"": ""00:00:00"", ""closingTime"": ""00:00:00""}, ""tuesday"": {""openingTime"": ""00:00:00"", ""closingTime"": ""00:00:00""}, ""wednesday"": {""openingTime"": ""00:00:00"", ""closingTime"": ""00:00:00""}, ""thursday"": {""openingTime"": ""00:00:00"", ""closingTime"": ""00:00:00""}, ""friday"": {""openingTime"": ""00:00:00"", ""closingTime"": ""00:00:00""}, ""saturday"": {""openingTime"": ""00:00:00"", ""closingTime"": ""00:00:00""}, ""sunday"": {""openingTime"": ""00:00:00"", ""closingTime"": ""00:00:00""}}",,official_next_data; branchStatus=Open
gb_59e147fcac,The Gym Group,The Gym Group London Staples Corner,The Gym Group London Staples Corner,Staples Corner Brent Cross,NW2 6LW,London,United Kingdom,England,51.5710535,-0.2313399,READY_TO_IMPORT,VERIFIED_CURRENT,,official_locator,https://www.thegymgroup.com/find-a-gym/north-london-gyms/london-staples-corner/,https://www.thegymgroup.com/find-a-gym/north-london-gyms/london-staples-corner/,"{""monday"": {""openingTime"": ""00:00:00"", ""closingTime"": ""00:00:00""}, ""tuesday"": {""openingTime"": ""00:00:00"", ""closingTime"": ""00:00:00""}, ""wednesday"": {""openingTime"": ""00:00:00"", ""closingTime"": ""00:00:00""}, ""thursday"": {""openingTime"": ""00:00:00"", ""closingTime"": ""00:00:00""}, ""friday"": {""openingTime"": ""00:00:00"", ""closingTime"": ""00:00:00""}, ""saturday"": {""openingTime"": ""00:00:00"", ""closingTime"": ""00:00:00""}, ""sunday"": {""openingTime"": ""00:00:00"", ""closingTime"": ""00:00:00""}}",,official_next_data; branchStatus=Open
gb_dfc01175f6,The Gym Group,The Gym Group London Stratford,The Gym Group London Stratford,Victory Plaza Units 8.5 and 8.6 Fortunes Walk,E20 1JF,London,United Kingdom,England,51.5480247,-0.0088028,READY_TO_IMPORT,VERIFIED_CURRENT,,official_locator,https://www.thegymgroup.com/find-a-gym/east-london-gyms/stratford/,https://www.thegymgroup.com/find-a-gym/east-london-gyms/stratford/,"{""monday"": {""openingTime"": ""00:00:00"", ""closingTime"": ""00:00:00""}, ""tuesday"": {""openingTime"": ""00:00:00"", ""closingTime"": ""00:00:00""}, ""wednesday"": {""openingTime"": ""00:00:00"", ""closingTime"": ""00:00:00""}, ""thursday"": {""openingTime"": ""00:00:00"", ""closingTime"": ""00:00:00""}, ""friday"": {""openingTime"": ""00:00:00"", ""closingTime"": ""00:00:00""}, ""saturday"": {""openingTime"": ""00:00:00"", ""closingTime"": ""00:00:00""}, ""sunday"": {""openingTime"": ""00:00:00"", ""closingTime"": ""00:00:00""}}",,official_next_data; branchStatus=Open
gb_8fe35a0c2c,The Gym Group,The Gym Group London Swiss Cottage,The Gym Group London Swiss Cottage,115 - 121 Finchley Road Swiss Cottage,NW3 6HY,London,United Kingdom,England,51.5429447,-0.1752835,READY_TO_IMPORT,VERIFIED_CURRENT,,official_locator,https://www.thegymgroup.com/find-a-gym/north-london-gyms/swiss-cottage/,https://www.thegymgroup.com/find-a-gym/north-london-gyms/swiss-cottage/,"{""monday"": {""openingTime"": ""00:00:00"", ""closingTime"": ""00:00:00""}, ""tuesday"": {""openingTime"": ""00:00:00"", ""closingTime"": ""00:00:00""}, ""wednesday"": {""openingTime"": ""00:00:00"", ""closingTime"": ""00:00:00""}, ""thursday"": {""openingTime"": ""00:00:00"", ""closingTime"": ""00:00:00""}, ""friday"": {""openingTime"": ""00:00:00"", ""closingTime"": ""00:00:00""}, ""saturday"": {""openingTime"": ""00:00:00"", ""closingTime"": ""00:00:00""}, ""sunday"": {""openingTime"": ""00:00:00"", ""closingTime"": ""00:00:00""}}",,official_next_data; branchStatus=Open
gb_65ae55d625,The Gym Group,The Gym Group London White City,The Gym Group London White City,195 Wood Lane Unit 8 Westworks,W12 7TQ,London,United Kingdom,England,51.5145409,-0.2277119,READY_TO_IMPORT,VERIFIED_CURRENT,,official_locator,https://www.thegymgroup.com/find-a-gym/west-london-gyms/white-city/,https://www.thegymgroup.com/find-a-gym/west-london-gyms/white-city/,"{""monday"": {""openingTime"": ""00:00:00"", ""closingTime"": ""00:00:00""}, ""tuesday"": {""openingTime"": ""00:00:00"", ""closingTime"": ""00:00:00""}, ""wednesday"": {""openingTime"": ""00:00:00"", ""closingTime"": ""00:00:00""}, ""thursday"": {""openingTime"": ""00:00:00"", ""closingTime"": ""00:00:00""}, ""friday"": {""openingTime"": ""00:00:00"", ""closingTime"": ""00:00:00""}, ""saturday"": {""openingTime"": ""00:00:00"", ""closingTime"": ""00:00:00""}, ""sunday"": {""openingTime"": ""00:00:00"", ""closingTime"": ""00:00:00""}}",,official_next_data; branchStatus=Open
gb_83766bd5f4,The Gym Group,The Gym Group London Wimbledon,The Gym Group London Wimbledon,122 The Broadway,SW19 1RH,London,United Kingdom,England,51.419449,-0.19992799999999988,READY_TO_IMPORT,VERIFIED_CURRENT,,official_locator,https://www.thegymgroup.com/find-a-gym/west-london-gyms/wimbledon/,https://www.thegymgroup.com/find-a-gym/west-london-gyms/wimbledon/,"{""monday"": {""openingTime"": ""00:00:00"", ""closingTime"": ""00:00:00""}, ""tuesday"": {""openingTime"": ""00:00:00"", ""closingTime"": ""00:00:00""}, ""wednesday"": {""openingTime"": ""00:00:00"", ""closingTime"": ""00:00:00""}, ""thursday"": {""openingTime"": ""00:00:00"", ""closingTime"": ""00:00:00""}, ""friday"": {""openingTime"": ""00:00:00"", ""closingTime"": ""00:00:00""}, ""saturday"": {""openingTime"": ""00:00:00"", ""closingTime"": ""00:00:00""}, ""sunday"": {""openingTime"": ""00:00:00"", ""closingTime"": ""00:00:00""}}",,official_next_data; branchStatus=Open
gb_e426b16476,The Gym Group,The Gym Group London Angel,The Gym Group London Angel,265-269 Goswell Road,EC1V 7AH,"London, Greater London",United Kingdom,England,51.5273042163542,-0.100412517786026,READY_TO_IMPORT,VERIFIED_CURRENT,,official_locator,https://www.thegymgroup.com/find-a-gym/north-london-gyms/angel/,https://www.thegymgroup.com/find-a-gym/north-london-gyms/angel/,"{""monday"": {""openingTime"": ""00:00:00"", ""closingTime"": ""00:00:00""}, ""tuesday"": {""openingTime"": ""00:00:00"", ""closingTime"": ""00:00:00""}, ""wednesday"": {""openingTime"": ""00:00:00"", ""closingTime"": ""00:00:00""}, ""thursday"": {""openingTime"": ""00:00:00"", ""closingTime"": ""00:00:00""}, ""friday"": {""openingTime"": ""00:00:00"", ""closingTime"": ""00:00:00""}, ""saturday"": {""openingTime"": ""00:00:00"", ""closingTime"": ""00:00:00""}, ""sunday"": {""openingTime"": ""00:00:00"", ""closingTime"": ""00:00:00""}}",,official_next_data; branchStatus=Open
gb_ac16d337df,The Gym Group,The Gym Group London Battersea,The Gym Group London Battersea,Palmer Road,SW11 4FA,"London, Greater London",United Kingdom,England,51.56678054042869,0.1274002343416214,READY_TO_IMPORT,VERIFIED_CURRENT,,official_locator,https://www.thegymgroup.com/find-a-gym/south-london-gyms/battersea/,https://www.thegymgroup.com/find-a-gym/south-london-gyms/battersea/,"{""monday"": {""openingTime"": ""00:00:00"", ""closingTime"": ""00:00:00""}, ""tuesday"": {""openingTime"": ""00:00:00"", ""closingTime"": ""00:00:00""}, ""wednesday"": {""openingTime"": ""00:00:00"", ""closingTime"": ""00:00:00""}, ""thursday"": {""openingTime"": ""00:00:00"", ""closingTime"": ""00:00:00""}, ""friday"": {""openingTime"": ""00:00:00"", ""closingTime"": ""00:00:00""}, ""saturday"": {""openingTime"": ""00:00:00"", ""closingTime"": ""00:00:00""}, ""sunday"": {""openingTime"": ""00:00:00"", ""closingTime"": ""00:00:00""}}",,official_next_data; branchStatus=Open
gb_c240c40983,The Gym Group,The Gym Group London Bloomsbury,The Gym Group London Bloomsbury,Coram Street,WC1N 1HB,"London, Greater London",United Kingdom,England,51.52412082481724,-0.12584153562784195,READY_TO_IMPORT,VERIFIED_CURRENT,,official_locator,https://www.thegymgroup.com/find-a-gym/north-london-gyms/bloomsbury/,https://www.thegymgroup.com/find-a-gym/north-london-gyms/bloomsbury/,"{""monday"": {""openingTime"": ""00:00:00"", ""closingTime"": ""00:00:00""}, ""tuesday"": {""openingTime"": ""00:00:00"", ""closingTime"": ""00:00:00""}, ""wednesday"": {""openingTime"": ""00:00:00"", ""closingTime"": ""00:00:00""}, ""thursday"": {""openingTime"": ""00:00:00"", ""closingTime"": ""00:00:00""}, ""friday"": {""openingTime"": ""00:00:00"", ""closingTime"": ""00:00:00""}, ""saturday"": {""openingTime"": ""00:00:00"", ""closingTime"": ""00:00:00""}, ""sunday"": {""openingTime"": ""00:00:00"", ""closingTime"": ""00:00:00""}}",,official_next_data; branchStatus=Open
gb_4b7dfe662a,The Gym Group,The Gym Group London Charing Cross,The Gym Group London Charing Cross,17-21 Northumberland Avenue,WC2N 5EA,"London, Greater London",United Kingdom,England,51.515617756755134,-0.09199842810630798,READY_TO_IMPORT,VERIFIED_CURRENT,,official_locator,https://www.thegymgroup.com/find-a-gym/north-london-gyms/charing-cross/,https://www.thegymgroup.com/find-a-gym/north-london-gyms/charing-cross/,"{""monday"": {""openingTime"": ""06:00:00"", ""closingTime"": ""22:00:00""}, ""tuesday"": {""openingTime"": ""06:00:00"", ""closingTime"": ""22:00:00""}, ""wednesday"": {""openingTime"": ""06:00:00"", ""closingTime"": ""22:00:00""}, ""thursday"": {""openingTime"": ""06:00:00"", ""closingTime"": ""22:00:00""}, ""friday"": {""openingTime"": ""06:00:00"", ""closingTime"": ""22:00:00""}, ""saturday"": {""openingTime"": ""10:00:00"", ""closingTime"": ""17:00:00""}, ""sunday"": {""openingTime"": ""10:00:00"", ""closingTime"": ""17:00:00""}}",,official_next_data; branchStatus=Open
gb_d072a46e48,The Gym Group,The Gym Group London Kingsbury,The Gym Group London Kingsbury,First Floor 632-640 Kingsbury Road,NW9 9HN,"London, Greater London",United Kingdom,England,51.58506999999999,-0.2799093,READY_TO_IMPORT,VERIFIED_CURRENT,,official_locator,https://www.thegymgroup.com/find-a-gym/north-london-gyms/kingsbury/,https://www.thegymgroup.com/find-a-gym/north-london-gyms/kingsbury/,"{""monday"": {""openingTime"": ""00:00:00"", ""closingTime"": ""00:00:00""}, ""tuesday"": {""openingTime"": ""00:00:00"", ""closingTime"": ""00:00:00""}, ""wednesday"": {""openingTime"": ""00:00:00"", ""closingTime"": ""00:00:00""}, ""thursday"": {""openingTime"": ""00:00:00"", ""closingTime"": ""00:00:00""}, ""friday"": {""openingTime"": ""00:00:00"", ""closingTime"": ""00:00:00""}, ""saturday"": {""openingTime"": ""00:00:00"", ""closingTime"": ""00:00:00""}, ""sunday"": {""openingTime"": ""00:00:00"", ""closingTime"": ""00:00:00""}}",,official_next_data; branchStatus=Open
gb_654be56173,The Gym Group,The Gym Group London Southfields,The Gym Group London Southfields,231 Wimbledon Park Road Southfields,SW18 5RJ,"London, Greater London",United Kingdom,England,51.4452957,-0.2055507,READY_TO_IMPORT,VERIFIED_CURRENT,,official_locator,https://www.thegymgroup.com/find-a-gym/south-london-gyms/southfields/,https://www.thegymgroup.com/find-a-gym/south-london-gyms/southfields/,"{""monday"": {""openingTime"": ""00:00:00"", ""closingTime"": ""00:00:00""}, ""tuesday"": {""openingTime"": ""00:00:00"", ""closingTime"": ""00:00:00""}, ""wednesday"": {""openingTime"": ""00:00:00"", ""closingTime"": ""00:00:00""}, ""thursday"": {""openingTime"": ""00:00:00"", ""closingTime"": ""00:00:00""}, ""friday"": {""openingTime"": ""00:00:00"", ""closingTime"": ""00:00:00""}, ""saturday"": {""openingTime"": ""00:00:00"", ""closingTime"": ""00:00:00""}, ""sunday"": {""openingTime"": ""00:00:00"", ""closingTime"": ""00:00:00""}}",,official_next_data; branchStatus=Open
gb_28714fe521,The Gym Group,The Gym Group London Walworth Road,The Gym Group London Walworth Road,332-334 Walworth Road Newington,SE17 2NA,"London, Greater London",United Kingdom,England,51.4857631,-0.09445239999999999,READY_TO_IMPORT,VERIFIED_CURRENT,,official_locator,https://www.thegymgroup.com/find-a-gym/south-london-gyms/walworth-road/,https://www.thegymgroup.com/find-a-gym/south-london-gyms/walworth-road/,"{""monday"": {""openingTime"": ""00:00:00"", ""closingTime"": ""00:00:00""}, ""tuesday"": {""openingTime"": ""00:00:00"", ""closingTime"": ""00:00:00""}, ""wednesday"": {""openingTime"": ""00:00:00"", ""closingTime"": ""00:00:00""}, ""thursday"": {""openingTime"": ""00:00:00"", ""closingTime"": ""00:00:00""}, ""friday"": {""openingTime"": ""00:00:00"", ""closingTime"": ""00:00:00""}, ""saturday"": {""openingTime"": ""00:00:00"", ""closingTime"": ""00:00:00""}, ""sunday"": {""openingTime"": ""00:00:00"", ""closingTime"": ""00:00:00""}}",,official_next_data; branchStatus=Open
gb_55ddfb3e49,The Gym Group,The Gym Group Paignton,The Gym Group Paignton,Unit 2 Devonshire Retail Park,TQ4 7AZ,Long Road,United Kingdom,England,50.4144419,-3.5797853,READY_TO_IMPORT,VERIFIED_CURRENT,,official_locator,https://www.thegymgroup.com/find-a-gym/paignton-gyms/paignton/,https://www.thegymgroup.com/find-a-gym/paignton-gyms/paignton/,"{""monday"": {""openingTime"": ""00:00:00"", ""closingTime"": ""00:00:00""}, ""tuesday"": {""openingTime"": ""00:00:00"", ""closingTime"": ""00:00:00""}, ""wednesday"": {""openingTime"": ""00:00:00"", ""closingTime"": ""00:00:00""}, ""thursday"": {""openingTime"": ""00:00:00"", ""closingTime"": ""00:00:00""}, ""friday"": {""openingTime"": ""00:00:00"", ""closingTime"": ""00:00:00""}, ""saturday"": {""openingTime"": ""00:00:00"", ""closingTime"": ""00:00:00""}, ""sunday"": {""openingTime"": ""00:00:00"", ""closingTime"": ""00:00:00""}}",,official_next_data; branchStatus=Open
gb_b0543e2959,The Gym Group,The Gym Group Lowestoft,The Gym Group Lowestoft,"Gateway Retail Park, Tower Road",NR33 7NR,Lowestoft,United Kingdom,England,52.445529,1.723297,READY_TO_IMPORT,VERIFIED_CURRENT,suspicious,nominatim,https://www.thegymgroup.com/find-a-gym/lowestoft-gyms/lowestoft/,https://www.thegymgroup.com/find-a-gym/lowestoft-gyms/lowestoft/,,,official_sitemap_url; club_page_http_500; official_url_search_snippet_or_page; phase2_east_anglia; www/kiosk/origin live fetch HTTP 500; official snippet lists city as London (CMS error); origin snippet postcode NR33 7ND; soft_postal
gb_dc07b84c75,The Gym Group,The Gym Group Luton,The Gym Group Luton,C1 - C2 The Galaxy Bridge Street,LU1 2NB,"Luton, Bedfordshire",United Kingdom,England,51.8814964,-0.4177707,READY_TO_IMPORT,VERIFIED_CURRENT,,official_locator,https://www.thegymgroup.com/find-a-gym/luton-gyms/luton/,https://www.thegymgroup.com/find-a-gym/luton-gyms/luton/,"{""monday"": {""openingTime"": ""00:00:00"", ""closingTime"": ""00:00:00""}, ""tuesday"": {""openingTime"": ""00:00:00"", ""closingTime"": ""00:00:00""}, ""wednesday"": {""openingTime"": ""00:00:00"", ""closingTime"": ""00:00:00""}, ""thursday"": {""openingTime"": ""00:00:00"", ""closingTime"": ""00:00:00""}, ""friday"": {""openingTime"": ""00:00:00"", ""closingTime"": ""00:00:00""}, ""saturday"": {""openingTime"": ""00:00:00"", ""closingTime"": ""00:00:00""}, ""sunday"": {""openingTime"": ""00:00:00"", ""closingTime"": ""00:00:00""}}",,official_next_data; branchStatus=Open
gb_abcf78c7a1,The Gym Group,The Gym Group Manchester Ashton Old Road,The Gym Group Manchester Ashton Old Road,"Unit 22 Lime Square, Ashton Old Road, Openshaw",M11 1DA,Manchester,United Kingdom,England,53.473083,-2.163955,READY_TO_IMPORT,VERIFIED_CURRENT,,official_locator,https://www.thegymgroup.com/find-a-gym/manchester-gyms/manchester-ashton-old-road/,https://www.thegymgroup.com/find-a-gym/manchester-gyms/manchester-ashton-old-road/,"{""sunday"": {""openingTime"": ""00:00:00"", ""closingTime"": ""23:59:59""}, ""monday"": {""openingTime"": ""00:00:00"", ""closingTime"": ""23:59:59""}, ""tuesday"": {""openingTime"": ""00:00:00"", ""closingTime"": ""23:59:59""}, ""wednesday"": {""openingTime"": ""00:00:00"", ""closingTime"": ""23:59:59""}, ""thursday"": {""openingTime"": ""00:00:00"", ""closingTime"": ""23:59:59""}, ""friday"": {""openingTime"": ""00:00:00"", ""closingTime"": ""23:59:59""}, ""saturday"": {""openingTime"": ""00:00:00"", ""closingTime"": ""23:59:59""}}",,official_next_data; branchStatus=Open
gb_e0ce9d2153,The Gym Group,The Gym Group Manchester Fallowfield,The Gym Group Manchester Fallowfield,"The Toast Rack, Old Hall Lane, Fallowfield",M14 6HR,Manchester,United Kingdom,England,53.447228,-2.217399,READY_TO_IMPORT,VERIFIED_CURRENT,,official_locator,https://www.thegymgroup.com/find-a-gym/manchester-gyms/manchester-fallowfield/,https://www.thegymgroup.com/find-a-gym/manchester-gyms/manchester-fallowfield/,"{""sunday"": {""openingTime"": ""00:00:00"", ""closingTime"": ""23:59:59""}, ""monday"": {""openingTime"": ""00:00:00"", ""closingTime"": ""23:59:59""}, ""tuesday"": {""openingTime"": ""00:00:00"", ""closingTime"": ""23:59:59""}, ""wednesday"": {""openingTime"": ""00:00:00"", ""closingTime"": ""23:59:59""}, ""thursday"": {""openingTime"": ""00:00:00"", ""closingTime"": ""23:59:59""}, ""friday"": {""openingTime"": ""00:00:00"", ""closingTime"": ""23:59:59""}, ""saturday"": {""openingTime"": ""00:00:00"", ""closingTime"": ""23:59:59""}}",,official_next_data; branchStatus=Open
gb_1b65ffd5db,The Gym Group,The Gym Group Manchester Old Trafford,The Gym Group Manchester Old Trafford,"Unit 5, White City Retail Park Chester Road, Old Trafford",M16 0RP,Manchester,United Kingdom,England,53.46180231577825,-2.2829730921736,READY_TO_IMPORT,VERIFIED_CURRENT,,official_locator,https://www.thegymgroup.com/find-a-gym/manchester-gyms/manchester-old-trafford/,https://www.thegymgroup.com/find-a-gym/manchester-gyms/manchester-old-trafford/,"{""sunday"": {""openingTime"": ""00:00:00"", ""closingTime"": ""23:59:59""}, ""monday"": {""openingTime"": ""00:00:00"", ""closingTime"": ""23:59:59""}, ""tuesday"": {""openingTime"": ""00:00:00"", ""closingTime"": ""23:59:59""}, ""wednesday"": {""openingTime"": ""00:00:00"", ""closingTime"": ""23:59:59""}, ""thursday"": {""openingTime"": ""00:00:00"", ""closingTime"": ""23:59:59""}, ""friday"": {""openingTime"": ""00:00:00"", ""closingTime"": ""23:59:59""}, ""saturday"": {""openingTime"": ""00:00:00"", ""closingTime"": ""23:59:59""}}",,official_next_data; branchStatus=Open
gb_fde2dc8d03,The Gym Group,The Gym Group Manchester Oxford Road,The Gym Group Manchester Oxford Road,211 Hathersage Road,M13 0JR,Manchester,United Kingdom,England,53.45913690063215,-2.2262074999693047,READY_TO_IMPORT,VERIFIED_CURRENT,,official_locator,https://www.thegymgroup.com/find-a-gym/manchester-gyms/manchester-oxford-road/,https://www.thegymgroup.com/find-a-gym/manchester-gyms/manchester-oxford-road/,"{""sunday"": {""openingTime"": ""00:00:00"", ""closingTime"": ""23:59:59""}, ""monday"": {""openingTime"": ""00:00:00"", ""closingTime"": ""23:59:59""}, ""tuesday"": {""openingTime"": ""00:00:00"", ""closingTime"": ""23:59:59""}, ""wednesday"": {""openingTime"": ""00:00:00"", ""closingTime"": ""23:59:59""}, ""thursday"": {""openingTime"": ""00:00:00"", ""closingTime"": ""23:59:59""}, ""friday"": {""openingTime"": ""00:00:00"", ""closingTime"": ""23:59:59""}, ""saturday"": {""openingTime"": ""00:00:00"", ""closingTime"": ""23:59:59""}}",,official_next_data; branchStatus=Open
gb_5345b0f7d1,The Gym Group,The Gym Group Manchester Trafford Retail Park,The Gym Group Manchester Trafford Retail Park,"Barton Road, Neary Way, Unit 4, Trafford Retail Park, Urmston",M41 7FN,Manchester,United Kingdom,England,53.46346511046399,-2.3596004892303366,READY_TO_IMPORT,VERIFIED_CURRENT,,official_locator,https://www.thegymgroup.com/find-a-gym/manchester-gyms/manchester-trafford-retail-park/,https://www.thegymgroup.com/find-a-gym/manchester-gyms/manchester-trafford-retail-park/,"{""sunday"": {""openingTime"": ""00:00:00"", ""closingTime"": ""23:59:59""}, ""monday"": {""openingTime"": ""00:00:00"", ""closingTime"": ""23:59:59""}, ""tuesday"": {""openingTime"": ""00:00:00"", ""closingTime"": ""23:59:59""}, ""wednesday"": {""openingTime"": ""00:00:00"", ""closingTime"": ""23:59:59""}, ""thursday"": {""openingTime"": ""00:00:00"", ""closingTime"": ""23:59:59""}, ""friday"": {""openingTime"": ""00:00:00"", ""closingTime"": ""23:59:59""}, ""saturday"": {""openingTime"": ""00:00:00"", ""closingTime"": ""23:59:59""}}",,official_next_data; branchStatus=Open
gb_a92e466e75,The Gym Group,The Gym Group London Manor House,The Gym Group London Manor House,Woodberry Down,N4 2TG,"Manor House, Greater London",United Kingdom,England,51.570840778587424,-0.09383976459503174,READY_TO_IMPORT,VERIFIED_CURRENT,,official_locator,https://www.thegymgroup.com/find-a-gym/north-london-gyms/manor-house/,https://www.thegymgroup.com/find-a-gym/north-london-gyms/manor-house/,"{""monday"": {""openingTime"": ""00:00:00"", ""closingTime"": ""00:00:00""}, ""tuesday"": {""openingTime"": ""00:00:00"", ""closingTime"": ""00:00:00""}, ""wednesday"": {""openingTime"": ""00:00:00"", ""closingTime"": ""00:00:00""}, ""thursday"": {""openingTime"": ""00:00:00"", ""closingTime"": ""00:00:00""}, ""friday"": {""openingTime"": ""00:00:00"", ""closingTime"": ""00:00:00""}, ""saturday"": {""openingTime"": ""00:00:00"", ""closingTime"": ""00:00:00""}, ""sunday"": {""openingTime"": ""00:00:00"", ""closingTime"": ""00:00:00""}}",,official_next_data; branchStatus=Open
gb_279e49bdd8,The Gym Group,The Gym Group Oxford Abingdon,The Gym Group Oxford Abingdon,The Gym Fairacres Retail Park,OX14 1BS,Marcham Road,United Kingdom,England,51.6692662,-1.3062913,READY_TO_IMPORT,VERIFIED_CURRENT,,official_locator,https://www.thegymgroup.com/find-a-gym/oxford-gyms/oxford-abingdon/,https://www.thegymgroup.com/find-a-gym/oxford-gyms/oxford-abingdon/,"{""monday"": {""openingTime"": ""00:00:00"", ""closingTime"": ""00:00:00""}, ""tuesday"": {""openingTime"": ""00:00:00"", ""closingTime"": ""00:00:00""}, ""wednesday"": {""openingTime"": ""00:00:00"", ""closingTime"": ""00:00:00""}, ""thursday"": {""openingTime"": ""00:00:00"", ""closingTime"": ""00:00:00""}, ""friday"": {""openingTime"": ""00:00:00"", ""closingTime"": ""00:00:00""}, ""saturday"": {""openingTime"": ""00:00:00"", ""closingTime"": ""00:00:00""}, ""sunday"": {""openingTime"": ""00:00:00"", ""closingTime"": ""00:00:00""}}",,official_next_data; branchStatus=Open
gb_eb40e1d028,The Gym Group,The Gym Group Liverpool Great Homer Street,The Gym Group Liverpool Great Homer Street,"Unit 1A, Great Homer Street, Liverpool",L5 5PH,Merseyside,United Kingdom,England,53.423556,-2.978414,READY_TO_IMPORT,VERIFIED_CURRENT,,official_locator,https://www.thegymgroup.com/find-a-gym/liverpool-gyms/liverpool-great-homer-street/,https://www.thegymgroup.com/find-a-gym/liverpool-gyms/liverpool-great-homer-street/,"{""sunday"": {""openingTime"": ""00:00:00"", ""closingTime"": ""23:59:59""}, ""monday"": {""openingTime"": ""00:00:00"", ""closingTime"": ""23:59:59""}, ""tuesday"": {""openingTime"": ""00:00:00"", ""closingTime"": ""23:59:59""}, ""wednesday"": {""openingTime"": ""00:00:00"", ""closingTime"": ""23:59:59""}, ""thursday"": {""openingTime"": ""00:00:00"", ""closingTime"": ""23:59:59""}, ""friday"": {""openingTime"": ""00:00:00"", ""closingTime"": ""23:59:59""}, ""saturday"": {""openingTime"": ""00:00:00"", ""closingTime"": ""23:59:59""}}",,official_next_data; branchStatus=Open
gb_8bfdd5729c,The Gym Group,The Gym Group Liverpool One,The Gym Group Liverpool One,"One Park West, 39 Strand Street, Liverpool",L1 8LT,Merseyside,United Kingdom,England,53.402917,-2.990016,READY_TO_IMPORT,VERIFIED_CURRENT,,official_locator,https://www.thegymgroup.com/find-a-gym/liverpool-gyms/liverpool-one/,https://www.thegymgroup.com/find-a-gym/liverpool-gyms/liverpool-one/,"{""sunday"": {""openingTime"": ""00:00:00"", ""closingTime"": ""23:59:59""}, ""monday"": {""openingTime"": ""00:00:00"", ""closingTime"": ""23:59:59""}, ""tuesday"": {""openingTime"": ""00:00:00"", ""closingTime"": ""23:59:59""}, ""wednesday"": {""openingTime"": ""00:00:00"", ""closingTime"": ""23:59:59""}, ""thursday"": {""openingTime"": ""00:00:00"", ""closingTime"": ""23:59:59""}, ""friday"": {""openingTime"": ""00:00:00"", ""closingTime"": ""23:59:59""}, ""saturday"": {""openingTime"": ""00:00:00"", ""closingTime"": ""23:59:59""}}",,official_next_data; branchStatus=Open
gb_e630c43e08,The Gym Group,The Gym Group Middlesbrough,The Gym Group Middlesbrough,"Unit 4 Cleveland Retail Park,, Trunk Road",TS6 6UX,Middlesbrough,United Kingdom,England,54.57076536493971,-1.1830336993477313,READY_TO_IMPORT,VERIFIED_CURRENT,,official_locator,https://www.thegymgroup.com/find-a-gym/middlesbrough-gyms/middlesbrough/,https://www.thegymgroup.com/find-a-gym/middlesbrough-gyms/middlesbrough/,"{""sunday"": {""openingTime"": ""00:00:00"", ""closingTime"": ""23:59:59""}, ""monday"": {""openingTime"": ""00:00:00"", ""closingTime"": ""23:59:59""}, ""tuesday"": {""openingTime"": ""00:00:00"", ""closingTime"": ""23:59:59""}, ""wednesday"": {""openingTime"": ""00:00:00"", ""closingTime"": ""23:59:59""}, ""thursday"": {""openingTime"": ""00:00:00"", ""closingTime"": ""23:59:59""}, ""friday"": {""openingTime"": ""00:00:00"", ""closingTime"": ""23:59:59""}, ""saturday"": {""openingTime"": ""00:00:00"", ""closingTime"": ""23:59:59""}}",,official_next_data; branchStatus=Open
gb_8f3ba770bd,The Gym Group,The Gym Group London North Harrow,The Gym Group London North Harrow,"Units 1,2 & 3 354-366 Pinner Road North Harrow",HA2 6DZ,"Middlesex, Middlesex",United Kingdom,England,51.5863708,-0.3611211,READY_TO_IMPORT,VERIFIED_CURRENT,,official_locator,https://www.thegymgroup.com/find-a-gym/north-london-gyms/north-harrow/,https://www.thegymgroup.com/find-a-gym/north-london-gyms/north-harrow/,"{""monday"": {""openingTime"": ""00:00:00"", ""closingTime"": ""00:00:00""}, ""tuesday"": {""openingTime"": ""00:00:00"", ""closingTime"": ""00:00:00""}, ""wednesday"": {""openingTime"": ""00:00:00"", ""closingTime"": ""00:00:00""}, ""thursday"": {""openingTime"": ""00:00:00"", ""closingTime"": ""00:00:00""}, ""friday"": {""openingTime"": ""00:00:00"", ""closingTime"": ""00:00:00""}, ""saturday"": {""openingTime"": ""00:00:00"", ""closingTime"": ""00:00:00""}, ""sunday"": {""openingTime"": ""00:00:00"", ""closingTime"": ""00:00:00""}}",,official_next_data; branchStatus=Closed for Maintenance
gb_80af34b890,The Gym Group,The Gym Group Edinburgh Cameron Toll,The Gym Group Edinburgh Cameron Toll,"Cameron Toll Shopping Centre, Lady Road, Edinburgh",EH16 5PB,Midlothian,United Kingdom,Scotland,55.927329,-3.163765,READY_TO_IMPORT,VERIFIED_CURRENT,,official_locator,https://www.thegymgroup.com/find-a-gym/edinburgh-gyms/edinburgh-cameron-toll/,https://www.thegymgroup.com/find-a-gym/edinburgh-gyms/edinburgh-cameron-toll/,"{""sunday"": {""openingTime"": ""00:00:00"", ""closingTime"": ""23:59:59""}, ""monday"": {""openingTime"": ""00:00:00"", ""closingTime"": ""23:59:59""}, ""tuesday"": {""openingTime"": ""00:00:00"", ""closingTime"": ""23:59:59""}, ""wednesday"": {""openingTime"": ""00:00:00"", ""closingTime"": ""23:59:59""}, ""thursday"": {""openingTime"": ""00:00:00"", ""closingTime"": ""23:59:59""}, ""friday"": {""openingTime"": ""00:00:00"", ""closingTime"": ""23:59:59""}, ""saturday"": {""openingTime"": ""00:00:00"", ""closingTime"": ""23:59:59""}}",,official_next_data; branchStatus=Open
gb_128f5a7aa5,The Gym Group,The Gym Group Midsomer Norton,The Gym Group Midsomer Norton,32 High Street,BA3 2DW,Midsomer Norton,United Kingdom,England,51.287619,-2.4802859999999782,READY_TO_IMPORT,VERIFIED_CURRENT,,official_locator,https://www.thegymgroup.com/find-a-gym/midsomer-norton-gyms/midsomer-norton/,https://www.thegymgroup.com/find-a-gym/midsomer-norton-gyms/midsomer-norton/,"{""monday"": {""openingTime"": ""00:00:00"", ""closingTime"": ""00:00:00""}, ""tuesday"": {""openingTime"": ""00:00:00"", ""closingTime"": ""00:00:00""}, ""wednesday"": {""openingTime"": ""00:00:00"", ""closingTime"": ""00:00:00""}, ""thursday"": {""openingTime"": ""00:00:00"", ""closingTime"": ""00:00:00""}, ""friday"": {""openingTime"": ""00:00:00"", ""closingTime"": ""00:00:00""}, ""saturday"": {""openingTime"": ""00:00:00"", ""closingTime"": ""00:00:00""}, ""sunday"": {""openingTime"": ""00:00:00"", ""closingTime"": ""00:00:00""}}",,official_next_data; branchStatus=Open
gb_468a2d514f,The Gym Group,The Gym Group Milton Keynes,The Gym Group Milton Keynes,"Phoenix House, Elder Gate",MK9 1AW,Milton Keynes,United Kingdom,England,,,NEEDS_COORDINATES,VERIFIED_CURRENT,failed,,https://www.thegymgroup.com/find-a-gym/milton-keynes-gyms/milton-keynes/,https://www.thegymgroup.com/find-a-gym/milton-keynes-gyms/milton-keynes/,,,official_sitemap_url; club_page_http_500; official_url_search_snippet_or_page; phase2_east_anglia; www/kiosk/origin live fetch HTTP 500
gb_563d781c07,The Gym Group,The Gym Group Newark,The Gym Group Newark,"Unit 5, Beacon Hill Retail Park, Northern Road",NG24 2EJ,Newark,United Kingdom,England,53.076597,-0.794647,READY_TO_IMPORT,VERIFIED_CURRENT,,official_locator,https://www.thegymgroup.com/find-a-gym/newark-gyms/newark/,https://www.thegymgroup.com/find-a-gym/newark-gyms/newark/,"{""sunday"": {""openingTime"": ""00:00:00"", ""closingTime"": ""23:59:59""}, ""monday"": {""openingTime"": ""00:00:00"", ""closingTime"": ""23:59:59""}, ""tuesday"": {""openingTime"": ""00:00:00"", ""closingTime"": ""23:59:59""}, ""wednesday"": {""openingTime"": ""00:00:00"", ""closingTime"": ""23:59:59""}, ""thursday"": {""openingTime"": ""00:00:00"", ""closingTime"": ""23:59:59""}, ""friday"": {""openingTime"": ""00:00:00"", ""closingTime"": ""23:59:59""}, ""saturday"": {""openingTime"": ""00:00:00"", ""closingTime"": ""23:59:59""}}",,official_next_data; branchStatus=Open
gb_80eec80d40,The Gym Group,The Gym Group Newcastle Gosforth,The Gym Group Newcastle Gosforth,"169-171 High Street, Gosforth, Newcastle",NE3 1HE,Newcastle,United Kingdom,England,55.006077,-1.620126,READY_TO_IMPORT,VERIFIED_CURRENT,,official_locator,https://www.thegymgroup.com/find-a-gym/newcastle-gyms/newcastle-gosforth/,https://www.thegymgroup.com/find-a-gym/newcastle-gyms/newcastle-gosforth/,"{""sunday"": {""openingTime"": ""07:00:00"", ""closingTime"": ""23:00:00""}, ""monday"": {""openingTime"": ""07:00:00"", ""closingTime"": ""23:00:00""}, ""tuesday"": {""openingTime"": ""07:00:00"", ""closingTime"": ""23:00:00""}, ""wednesday"": {""openingTime"": ""07:00:00"", ""closingTime"": ""23:00:00""}, ""thursday"": {""openingTime"": ""07:00:00"", ""closingTime"": ""23:00:00""}, ""friday"": {""openingTime"": ""07:00:00"", ""closingTime"": ""23:00:00""}, ""saturday"": {""openingTime"": ""07:00:00"", ""closingTime"": ""23:00:00""}}",,official_next_data; branchStatus=Open
gb_732c4bc6a2,The Gym Group,The Gym Group Newcastle East,The Gym Group Newcastle East,"24 Benton Road, Newcastle",NE7 7DT,Newcastle upon Tyne,United Kingdom,England,54.9977,-1.580079,READY_TO_IMPORT,VERIFIED_CURRENT,,official_locator,https://www.thegymgroup.com/find-a-gym/newcastle-gyms/newcastle-east/,https://www.thegymgroup.com/find-a-gym/newcastle-gyms/newcastle-east/,"{""sunday"": {""openingTime"": ""06:30:00"", ""closingTime"": ""23:00:00""}, ""monday"": {""openingTime"": ""06:30:00"", ""closingTime"": ""23:00:00""}, ""tuesday"": {""openingTime"": ""06:30:00"", ""closingTime"": ""23:00:00""}, ""wednesday"": {""openingTime"": ""06:30:00"", ""closingTime"": ""23:00:00""}, ""thursday"": {""openingTime"": ""06:30:00"", ""closingTime"": ""23:00:00""}, ""friday"": {""openingTime"": ""06:30:00"", ""closingTime"": ""23:00:00""}, ""saturday"": {""openingTime"": ""06:30:00"", ""closingTime"": ""23:00:00""}}",,official_next_data; branchStatus=Open
gb_53ddb630a7,The Gym Group,The Gym Group Isle of Wight,The Gym Group Isle of Wight,Unit 4C Coppins Bridge Leisure Park,PO30 2TA,Newport,United Kingdom,England,50.6988149,-1.2894438,READY_TO_IMPORT,VERIFIED_CURRENT,,official_locator,https://www.thegymgroup.com/find-a-gym/isle-of-wight-gyms/isle-of-wight/,https://www.thegymgroup.com/find-a-gym/isle-of-wight-gyms/isle-of-wight/,"{""monday"": {""openingTime"": ""00:00:00"", ""closingTime"": ""00:00:00""}, ""tuesday"": {""openingTime"": ""00:00:00"", ""closingTime"": ""00:00:00""}, ""wednesday"": {""openingTime"": ""00:00:00"", ""closingTime"": ""00:00:00""}, ""thursday"": {""openingTime"": ""00:00:00"", ""closingTime"": ""00:00:00""}, ""friday"": {""openingTime"": ""00:00:00"", ""closingTime"": ""00:00:00""}, ""saturday"": {""openingTime"": ""00:00:00"", ""closingTime"": ""00:00:00""}, ""sunday"": {""openingTime"": ""00:00:00"", ""closingTime"": ""00:00:00""}}",,official_next_data; branchStatus=Open
gb_7269a2b96d,The Gym Group,The Gym Group London Norbury,The Gym Group London Norbury,The Gym Group Norbury Fairview Road,SW16 5PY,Norbury,United Kingdom,England,51.4103355,-0.123318,READY_TO_IMPORT,VERIFIED_CURRENT,,official_locator,https://www.thegymgroup.com/find-a-gym/south-london-gyms/london-norbury/,https://www.thegymgroup.com/find-a-gym/south-london-gyms/london-norbury/,"{""monday"": {""openingTime"": ""00:00:00"", ""closingTime"": ""00:00:00""}, ""tuesday"": {""openingTime"": ""00:00:00"", ""closingTime"": ""00:00:00""}, ""wednesday"": {""openingTime"": ""00:00:00"", ""closingTime"": ""00:00:00""}, ""thursday"": {""openingTime"": ""00:00:00"", ""closingTime"": ""00:00:00""}, ""friday"": {""openingTime"": ""00:00:00"", ""closingTime"": ""00:00:00""}, ""saturday"": {""openingTime"": ""00:00:00"", ""closingTime"": ""00:00:00""}, ""sunday"": {""openingTime"": ""00:00:00"", ""closingTime"": ""00:00:00""}}",,official_next_data; branchStatus=Open
gb_1e2842611d,The Gym Group,The Gym Group Northampton,The Gym Group Northampton,"Sixfields Retail Park, Gambrel Road",NN5 5DG,Northampton,United Kingdom,England,52.2393854,-0.9350179,READY_TO_IMPORT,VERIFIED_CURRENT,,official_locator,https://www.thegymgroup.com/find-a-gym/northampton-gyms/northampton/,https://www.thegymgroup.com/find-a-gym/northampton-gyms/northampton/,"{""sunday"": {""openingTime"": ""00:00:00"", ""closingTime"": ""23:59:59""}, ""monday"": {""openingTime"": ""00:00:00"", ""closingTime"": ""23:59:59""}, ""tuesday"": {""openingTime"": ""00:00:00"", ""closingTime"": ""23:59:59""}, ""wednesday"": {""openingTime"": ""00:00:00"", ""closingTime"": ""23:59:59""}, ""thursday"": {""openingTime"": ""00:00:00"", ""closingTime"": ""23:59:59""}, ""friday"": {""openingTime"": ""00:00:00"", ""closingTime"": ""23:59:59""}, ""saturday"": {""openingTime"": ""00:00:00"", ""closingTime"": ""23:59:59""}}",,official_next_data; branchStatus=Open
gb_0e045a313d,The Gym Group,The Gym Group Northampton Central,The Gym Group Northampton Central,"Abington Square, Kettering Road",NN1 4AJ,Northampton,United Kingdom,England,52.24090481928793,-0.887035298881057,READY_TO_IMPORT,VERIFIED_CURRENT,,official_locator,https://www.thegymgroup.com/find-a-gym/northampton-gyms/northampton-east/,https://www.thegymgroup.com/find-a-gym/northampton-gyms/northampton-east/,"{""sunday"": {""openingTime"": ""00:00:00"", ""closingTime"": ""23:59:59""}, ""monday"": {""openingTime"": ""00:00:00"", ""closingTime"": ""23:59:59""}, ""tuesday"": {""openingTime"": ""00:00:00"", ""closingTime"": ""23:59:59""}, ""wednesday"": {""openingTime"": ""00:00:00"", ""closingTime"": ""23:59:59""}, ""thursday"": {""openingTime"": ""00:00:00"", ""closingTime"": ""23:59:59""}, ""friday"": {""openingTime"": ""00:00:00"", ""closingTime"": ""23:59:59""}, ""saturday"": {""openingTime"": ""00:00:00"", ""closingTime"": ""23:59:59""}}",,official_next_data; branchStatus=Open
gb_3afd656d6f,The Gym Group,The Gym Group Norwich City,The Gym Group Norwich City,"6-8 Little London Street, Norwich, Norfolk",NR2 1EA,Norwich City,United Kingdom,England,52.629246,1.294231,READY_TO_IMPORT,VERIFIED_CURRENT,ok,nominatim,https://www.thegymgroup.com/find-a-gym/norwich-gyms/norwich-city/,https://www.thegymgroup.com/find-a-gym/norwich-gyms/norwich-city/,,,official_sitemap_url; club_page_http_500; official_url_search_snippet_or_page; phase2_east_anglia; www/kiosk/origin live fetch HTTP 500
gb_d71b8170ae,The Gym Group,The Gym Group Norwich Hall Road,The Gym Group Norwich Hall Road,"Harford Place, Hall Road, Norwich, Norfolk",NR4 6DP,Norwich Hall Road,United Kingdom,England,52.606052,1.288492,READY_TO_IMPORT,VERIFIED_CURRENT,suspicious,nominatim,https://www.thegymgroup.com/find-a-gym/norwich-gyms/norwich-hall-road/,https://www.thegymgroup.com/find-a-gym/norwich-gyms/norwich-hall-road/,,,official_sitemap_url; club_page_http_500; official_url_search_snippet_or_page; phase2_east_anglia; www/kiosk/origin live fetch HTTP 500; soft_postal
gb_bd92201a56,The Gym Group,The Gym Group Norwich Sweet Briar,The Gym Group Norwich Sweet Briar,"Units 2-3 Sweet Briar Retail Park, Norwich",NR6 5DH,Norwich Sweet Briar,United Kingdom,England,,,NEEDS_COORDINATES,VERIFIED_CURRENT,failed,,https://www.thegymgroup.com/find-a-gym/norwich-gyms/norwich-sweet-briar/,https://www.thegymgroup.com/find-a-gym/norwich-gyms/norwich-sweet-briar/,,,official_sitemap_url; club_page_http_500; official_url_search_snippet_or_page; phase2_east_anglia; www/kiosk/origin live fetch HTTP 500; demoted_outward_mismatch:NR6 5DH->NR3 2AT
gb_a57c810cf3,The Gym Group,The Gym Group Nottingham Chilwell,The Gym Group Nottingham Chilwell,"Barton Lane, Chilwell Retail Park Beeston",NG9 6DS,Nottingham,United Kingdom,England,52.902986826706865,-1.2430425416592172,READY_TO_IMPORT,VERIFIED_CURRENT,,official_locator,https://www.thegymgroup.com/find-a-gym/nottingham-gyms/nottingham-chilwell/,https://www.thegymgroup.com/find-a-gym/nottingham-gyms/nottingham-chilwell/,"{""sunday"": {""openingTime"": ""00:00:00"", ""closingTime"": ""23:59:59""}, ""monday"": {""openingTime"": ""00:00:00"", ""closingTime"": ""23:59:59""}, ""tuesday"": {""openingTime"": ""00:00:00"", ""closingTime"": ""23:59:59""}, ""wednesday"": {""openingTime"": ""00:00:00"", ""closingTime"": ""23:59:59""}, ""thursday"": {""openingTime"": ""00:00:00"", ""closingTime"": ""23:59:59""}, ""friday"": {""openingTime"": ""00:00:00"", ""closingTime"": ""23:59:59""}, ""saturday"": {""openingTime"": ""00:00:00"", ""closingTime"": ""23:59:59""}}",,official_next_data; branchStatus=Open
gb_19a2bc21e9,The Gym Group,The Gym Group Nottingham City,The Gym Group Nottingham City,"14 Trinity Square, Nottingham",NG1 4AF,Nottingham,United Kingdom,England,52.956332,-1.149049,READY_TO_IMPORT,VERIFIED_CURRENT,,official_locator,https://www.thegymgroup.com/find-a-gym/nottingham-gyms/nottingham-city/,https://www.thegymgroup.com/find-a-gym/nottingham-gyms/nottingham-city/,"{""sunday"": {""openingTime"": ""00:00:00"", ""closingTime"": ""23:59:59""}, ""monday"": {""openingTime"": ""00:00:00"", ""closingTime"": ""23:59:59""}, ""tuesday"": {""openingTime"": ""00:00:00"", ""closingTime"": ""23:59:59""}, ""wednesday"": {""openingTime"": ""00:00:00"", ""closingTime"": ""23:59:59""}, ""thursday"": {""openingTime"": ""00:00:00"", ""closingTime"": ""23:59:59""}, ""friday"": {""openingTime"": ""00:00:00"", ""closingTime"": ""23:59:59""}, ""saturday"": {""openingTime"": ""00:00:00"", ""closingTime"": ""23:59:59""}}",,official_next_data; branchStatus=Open
gb_4b2f02d11d,The Gym Group,The Gym Group Nottingham Radford,The Gym Group Nottingham Radford,"Castle Retail Park, 2 Radford Boulevard",NG7 5PQ,Nottingham,United Kingdom,England,52.960711,-1.178206,READY_TO_IMPORT,VERIFIED_CURRENT,,official_locator,https://www.thegymgroup.com/find-a-gym/nottingham-gyms/nottingham-radford/,https://www.thegymgroup.com/find-a-gym/nottingham-gyms/nottingham-radford/,"{""sunday"": {""openingTime"": ""00:00:00"", ""closingTime"": ""23:59:59""}, ""monday"": {""openingTime"": ""00:00:00"", ""closingTime"": ""23:59:59""}, ""tuesday"": {""openingTime"": ""00:00:00"", ""closingTime"": ""23:59:59""}, ""wednesday"": {""openingTime"": ""00:00:00"", ""closingTime"": ""23:59:59""}, ""thursday"": {""openingTime"": ""00:00:00"", ""closingTime"": ""23:59:59""}, ""friday"": {""openingTime"": ""00:00:00"", ""closingTime"": ""23:59:59""}, ""saturday"": {""openingTime"": ""00:00:00"", ""closingTime"": ""23:59:59""}}",,official_next_data; branchStatus=Open
gb_23e22e7c11,The Gym Group,The Gym Group Nottingham Sherwood,The Gym Group Nottingham Sherwood,"684 Mansfield Road, Sherwood",NG5 2GE,Nottingham,United Kingdom,England,52.984096,-1.143988,READY_TO_IMPORT,VERIFIED_CURRENT,,official_locator,https://www.thegymgroup.com/find-a-gym/nottingham-gyms/nottingham-sherwood/,https://www.thegymgroup.com/find-a-gym/nottingham-gyms/nottingham-sherwood/,"{""sunday"": {""openingTime"": ""00:00:00"", ""closingTime"": ""23:59:59""}, ""monday"": {""openingTime"": ""00:00:00"", ""closingTime"": ""23:59:59""}, ""tuesday"": {""openingTime"": ""00:00:00"", ""closingTime"": ""23:59:59""}, ""wednesday"": {""openingTime"": ""00:00:00"", ""closingTime"": ""23:59:59""}, ""thursday"": {""openingTime"": ""00:00:00"", ""closingTime"": ""23:59:59""}, ""friday"": {""openingTime"": ""00:00:00"", ""closingTime"": ""23:59:59""}, ""saturday"": {""openingTime"": ""00:00:00"", ""closingTime"": ""23:59:59""}}",,official_next_data; branchStatus=Open
gb_e208d7b9e3,The Gym Group,The Gym Group Nuneaton,The Gym Group Nuneaton,"Unit 2, Newton Retail Park",CV11 4FN,Nuneaton,United Kingdom,England,,,COMING_SOON,COMING_SOON,,official_locator,https://www.thegymgroup.com/find-a-gym/nuneaton-gyms/nuneaton/,https://www.thegymgroup.com/find-a-gym/nuneaton-gyms/nuneaton/,"{""sunday"": {""openingTime"": ""00:00:00"", ""closingTime"": ""23:59:59""}, ""monday"": {""openingTime"": ""00:00:00"", ""closingTime"": ""23:59:59""}, ""tuesday"": {""openingTime"": ""00:00:00"", ""closingTime"": ""23:59:59""}, ""wednesday"": {""openingTime"": ""00:00:00"", ""closingTime"": ""23:59:59""}, ""thursday"": {""openingTime"": ""00:00:00"", ""closingTime"": ""23:59:59""}, ""friday"": {""openingTime"": ""00:00:00"", ""closingTime"": ""23:59:59""}, ""saturday"": {""openingTime"": ""00:00:00"", ""closingTime"": ""23:59:59""}}",,official_next_data; branchStatus=Opening Soon
gb_dd4baf40cd,The Gym Group,The Gym Group Oadby,The Gym Group Oadby,36 Harborough Road,LE2 4LA,Oadby,United Kingdom,England,52.59973454803977,-1.0799662593513129,READY_TO_IMPORT,VERIFIED_CURRENT,,official_locator,https://www.thegymgroup.com/find-a-gym/leicester-gyms/oadby/,https://www.thegymgroup.com/find-a-gym/leicester-gyms/oadby/,"{""sunday"": {""openingTime"": ""00:00:00"", ""closingTime"": ""23:59:59""}, ""monday"": {""openingTime"": ""00:00:00"", ""closingTime"": ""23:59:59""}, ""tuesday"": {""openingTime"": ""00:00:00"", ""closingTime"": ""23:59:59""}, ""wednesday"": {""openingTime"": ""00:00:00"", ""closingTime"": ""23:59:59""}, ""thursday"": {""openingTime"": ""00:00:00"", ""closingTime"": ""23:59:59""}, ""friday"": {""openingTime"": ""00:00:00"", ""closingTime"": ""23:59:59""}, ""saturday"": {""openingTime"": ""00:00:00"", ""closingTime"": ""23:59:59""}}",,official_next_data; branchStatus=Open
gb_8261e22604,The Gym Group,The Gym Group Orpington,The Gym Group Orpington,Unit 2 Cray Avenue,BR5 3PU,Orpington,United Kingdom,England,51.389281915836044,0.10985624045133591,READY_TO_IMPORT,VERIFIED_CURRENT,,official_locator,https://www.thegymgroup.com/find-a-gym/south-london-gyms/orpington/,https://www.thegymgroup.com/find-a-gym/south-london-gyms/orpington/,"{""monday"": {""openingTime"": ""00:00:00"", ""closingTime"": ""00:00:00""}, ""tuesday"": {""openingTime"": ""00:00:00"", ""closingTime"": ""00:00:00""}, ""wednesday"": {""openingTime"": ""00:00:00"", ""closingTime"": ""00:00:00""}, ""thursday"": {""openingTime"": ""00:00:00"", ""closingTime"": ""00:00:00""}, ""friday"": {""openingTime"": ""00:00:00"", ""closingTime"": ""00:00:00""}, ""saturday"": {""openingTime"": ""00:00:00"", ""closingTime"": ""00:00:00""}, ""sunday"": {""openingTime"": ""00:00:00"", ""closingTime"": ""00:00:00""}}",,official_next_data; branchStatus=Open
gb_1dc1f09ed9,The Gym Group,The Gym Group Oxford Headington,The Gym Group Oxford Headington,Unit 3 Headington Retail Park Horspath Driftway,OX3 7JN,Oxford,United Kingdom,England,51.7406557,-1.1972922,READY_TO_IMPORT,VERIFIED_CURRENT,,official_locator,https://www.thegymgroup.com/find-a-gym/oxford-gyms/oxford-headington/,https://www.thegymgroup.com/find-a-gym/oxford-gyms/oxford-headington/,"{""monday"": {""openingTime"": ""00:00:00"", ""closingTime"": ""00:00:00""}, ""tuesday"": {""openingTime"": ""00:00:00"", ""closingTime"": ""00:00:00""}, ""wednesday"": {""openingTime"": ""00:00:00"", ""closingTime"": ""00:00:00""}, ""thursday"": {""openingTime"": ""00:00:00"", ""closingTime"": ""00:00:00""}, ""friday"": {""openingTime"": ""00:00:00"", ""closingTime"": ""00:00:00""}, ""saturday"": {""openingTime"": ""00:00:00"", ""closingTime"": ""00:00:00""}, ""sunday"": {""openingTime"": ""00:00:00"", ""closingTime"": ""00:00:00""}}",,official_next_data; branchStatus=Open
gb_d7cb1408b5,The Gym Group,The Gym Group London Peckham Rye,The Gym Group London Peckham Rye,87 - 95 Rye Lane,SE15 5EX,"Peckham, Greater London",United Kingdom,England,51.470947,-0.06721100000004299,READY_TO_IMPORT,VERIFIED_CURRENT,,official_locator,https://www.thegymgroup.com/find-a-gym/south-london-gyms/peckham-rye/,https://www.thegymgroup.com/find-a-gym/south-london-gyms/peckham-rye/,"{""monday"": {""openingTime"": ""00:00:00"", ""closingTime"": ""00:00:00""}, ""tuesday"": {""openingTime"": ""00:00:00"", ""closingTime"": ""00:00:00""}, ""wednesday"": {""openingTime"": ""00:00:00"", ""closingTime"": ""00:00:00""}, ""thursday"": {""openingTime"": ""00:00:00"", ""closingTime"": ""00:00:00""}, ""friday"": {""openingTime"": ""00:00:00"", ""closingTime"": ""00:00:00""}, ""saturday"": {""openingTime"": ""00:00:00"", ""closingTime"": ""00:00:00""}, ""sunday"": {""openingTime"": ""00:00:00"", ""closingTime"": ""00:00:00""}}",,official_next_data; branchStatus=Open
gb_6e4f7a2496,The Gym Group,The Gym Group Perth,The Gym Group Perth,St Catherines Retail Park,PH1 5XA,Perth,United Kingdom,Scotland,56.400211,-3.44113,READY_TO_IMPORT,VERIFIED_CURRENT,,official_locator,https://www.thegymgroup.com/find-a-gym/perth-gyms/perth/,https://www.thegymgroup.com/find-a-gym/perth-gyms/perth/,"{""sunday"": {""openingTime"": ""00:00:00"", ""closingTime"": ""23:59:59""}, ""monday"": {""openingTime"": ""00:00:00"", ""closingTime"": ""23:59:59""}, ""tuesday"": {""openingTime"": ""00:00:00"", ""closingTime"": ""23:59:59""}, ""wednesday"": {""openingTime"": ""00:00:00"", ""closingTime"": ""23:59:59""}, ""thursday"": {""openingTime"": ""00:00:00"", ""closingTime"": ""23:59:59""}, ""friday"": {""openingTime"": ""00:00:00"", ""closingTime"": ""23:59:59""}, ""saturday"": {""openingTime"": ""00:00:00"", ""closingTime"": ""23:59:59""}}",,official_next_data; branchStatus=Open
gb_7801cce39c,The Gym Group,The Gym Group Peterborough,The Gym Group Peterborough,"Unit 2 Westfield Leisure Park, Lime Kiln Close Westwood, Peterborough, Cambridgeshire",PE3 9TA,Peterborough,United Kingdom,England,,,NEEDS_COORDINATES,VERIFIED_CURRENT,failed,,https://www.thegymgroup.com/find-a-gym/peterborough-gyms/peterborough/,https://www.thegymgroup.com/find-a-gym/peterborough-gyms/peterborough/,,,official_sitemap_url; club_page_http_500; official_url_search_snippet_or_page; phase2_east_anglia; www/kiosk/origin live fetch HTTP 500
gb_ec8649a4ba,The Gym Group,The Gym Group Plymouth Laira Bridge,The Gym Group Plymouth Laira Bridge,Unit 1 Cattewater Road,PL4 0SE,Plymouth,United Kingdom,England,50.3690892,-4.1113946,READY_TO_IMPORT,VERIFIED_CURRENT,,official_locator,https://www.thegymgroup.com/find-a-gym/plymouth-gyms/plymouth-laira-bridge/,https://www.thegymgroup.com/find-a-gym/plymouth-gyms/plymouth-laira-bridge/,"{""monday"": {""openingTime"": ""00:00:00"", ""closingTime"": ""00:00:00""}, ""tuesday"": {""openingTime"": ""00:00:00"", ""closingTime"": ""00:00:00""}, ""wednesday"": {""openingTime"": ""00:00:00"", ""closingTime"": ""00:00:00""}, ""thursday"": {""openingTime"": ""00:00:00"", ""closingTime"": ""00:00:00""}, ""friday"": {""openingTime"": ""00:00:00"", ""closingTime"": ""00:00:00""}, ""saturday"": {""openingTime"": ""00:00:00"", ""closingTime"": ""00:00:00""}, ""sunday"": {""openingTime"": ""00:00:00"", ""closingTime"": ""00:00:00""}}",,official_next_data; branchStatus=Open
gb_ce557118e0,The Gym Group,The Gym Group Plymouth,The Gym Group Plymouth,31 Derrys Cross,PL1 2SW,"Plymouth, Devon",United Kingdom,England,50.36960038344785,-4.145847894251347,READY_TO_IMPORT,VERIFIED_CURRENT,,official_locator,https://www.thegymgroup.com/find-a-gym/plymouth-gyms/plymouth/,https://www.thegymgroup.com/find-a-gym/plymouth-gyms/plymouth/,"{""monday"": {""openingTime"": ""00:00:00"", ""closingTime"": ""00:00:00""}, ""tuesday"": {""openingTime"": ""00:00:00"", ""closingTime"": ""00:00:00""}, ""wednesday"": {""openingTime"": ""00:00:00"", ""closingTime"": ""00:00:00""}, ""thursday"": {""openingTime"": ""00:00:00"", ""closingTime"": ""00:00:00""}, ""friday"": {""openingTime"": ""00:00:00"", ""closingTime"": ""00:00:00""}, ""saturday"": {""openingTime"": ""00:00:00"", ""closingTime"": ""00:00:00""}, ""sunday"": {""openingTime"": ""00:00:00"", ""closingTime"": ""00:00:00""}}",,official_next_data; branchStatus=Open
gb_b3ac32ca78,The Gym Group,The Gym Group Poole,The Gym Group Poole,"Unit 1C, 5-9 Nuffield Road Nuffield Industrial Estate",BH17 0SS,Poole,United Kingdom,England,50.7402477,-1.981775,READY_TO_IMPORT,VERIFIED_CURRENT,,official_locator,https://www.thegymgroup.com/find-a-gym/poole-gyms/poole/,https://www.thegymgroup.com/find-a-gym/poole-gyms/poole/,"{""monday"": {""openingTime"": ""00:00:00"", ""closingTime"": ""00:00:00""}, ""tuesday"": {""openingTime"": ""00:00:00"", ""closingTime"": ""00:00:00""}, ""wednesday"": {""openingTime"": ""00:00:00"", ""closingTime"": ""00:00:00""}, ""thursday"": {""openingTime"": ""00:00:00"", ""closingTime"": ""00:00:00""}, ""friday"": {""openingTime"": ""00:00:00"", ""closingTime"": ""00:00:00""}, ""saturday"": {""openingTime"": ""00:00:00"", ""closingTime"": ""00:00:00""}, ""sunday"": {""openingTime"": ""00:00:00"", ""closingTime"": ""00:00:00""}}",,official_next_data; branchStatus=Open
gb_493f44bbed,The Gym Group,The Gym Group Thanet,The Gym Group Thanet,The Gym Holmes Way,CT12 5FP,"Ramsgate, Kent",United Kingdom,England,51.3563864,1.3898447,READY_TO_IMPORT,VERIFIED_CURRENT,,official_locator,https://www.thegymgroup.com/find-a-gym/ramsgate-gyms/thanet/,https://www.thegymgroup.com/find-a-gym/ramsgate-gyms/thanet/,"{""monday"": {""openingTime"": ""00:00:00"", ""closingTime"": ""00:00:00""}, ""tuesday"": {""openingTime"": ""00:00:00"", ""closingTime"": ""00:00:00""}, ""wednesday"": {""openingTime"": ""00:00:00"", ""closingTime"": ""00:00:00""}, ""thursday"": {""openingTime"": ""00:00:00"", ""closingTime"": ""00:00:00""}, ""friday"": {""openingTime"": ""00:00:00"", ""closingTime"": ""00:00:00""}, ""saturday"": {""openingTime"": ""00:00:00"", ""closingTime"": ""00:00:00""}, ""sunday"": {""openingTime"": ""00:00:00"", ""closingTime"": ""00:00:00""}}",,official_next_data; branchStatus=Open
gb_f79f6152b5,The Gym Group,The Gym Group Reading West,The Gym Group Reading West,Reading Retail Park Oxford Road,RG30 1PR,"Reading, Berkshire",United Kingdom,England,51.4610514,-1.01335,READY_TO_IMPORT,VERIFIED_CURRENT,,official_locator,https://www.thegymgroup.com/find-a-gym/reading-gyms/reading-west/,https://www.thegymgroup.com/find-a-gym/reading-gyms/reading-west/,"{""monday"": {""openingTime"": ""00:00:00"", ""closingTime"": ""00:00:00""}, ""tuesday"": {""openingTime"": ""00:00:00"", ""closingTime"": ""00:00:00""}, ""wednesday"": {""openingTime"": ""00:00:00"", ""closingTime"": ""00:00:00""}, ""thursday"": {""openingTime"": ""00:00:00"", ""closingTime"": ""00:00:00""}, ""friday"": {""openingTime"": ""00:00:00"", ""closingTime"": ""00:00:00""}, ""saturday"": {""openingTime"": ""00:00:00"", ""closingTime"": ""00:00:00""}, ""sunday"": {""openingTime"": ""00:00:00"", ""closingTime"": ""00:00:00""}}",,official_next_data; branchStatus=Open
gb_be21728b38,The Gym Group,The Gym Group Reading Central,The Gym Group Reading Central,Broad Street Mall 3 St. Marys Butts,RG1 2LN,"Reading, Reading",United Kingdom,England,51.4549513,-0.9753046,READY_TO_IMPORT,VERIFIED_CURRENT,,official_locator,https://www.thegymgroup.com/find-a-gym/reading-gyms/reading-central/,https://www.thegymgroup.com/find-a-gym/reading-gyms/reading-central/,"{""monday"": {""openingTime"": ""00:00:00"", ""closingTime"": ""00:00:00""}, ""tuesday"": {""openingTime"": ""00:00:00"", ""closingTime"": ""00:00:00""}, ""wednesday"": {""openingTime"": ""00:00:00"", ""closingTime"": ""00:00:00""}, ""thursday"": {""openingTime"": ""00:00:00"", ""closingTime"": ""00:00:00""}, ""friday"": {""openingTime"": ""00:00:00"", ""closingTime"": ""00:00:00""}, ""saturday"": {""openingTime"": ""00:00:00"", ""closingTime"": ""00:00:00""}, ""sunday"": {""openingTime"": ""00:00:00"", ""closingTime"": ""00:00:00""}}",,official_next_data; branchStatus=Open
gb_18a82b04f1,The Gym Group,The Gym Group Redhill,The Gym Group Redhill,Warwick Quadrant,RH1 1NN,"Redhill, Surrey",United Kingdom,England,51.24144445137742,-0.16741041094064713,READY_TO_IMPORT,VERIFIED_CURRENT,,official_locator,https://www.thegymgroup.com/find-a-gym/redhill-gyms/redhill/,https://www.thegymgroup.com/find-a-gym/redhill-gyms/redhill/,"{""monday"": {""openingTime"": ""00:00:00"", ""closingTime"": ""00:00:00""}, ""tuesday"": {""openingTime"": ""00:00:00"", ""closingTime"": ""00:00:00""}, ""wednesday"": {""openingTime"": ""00:00:00"", ""closingTime"": ""00:00:00""}, ""thursday"": {""openingTime"": ""00:00:00"", ""closingTime"": ""00:00:00""}, ""friday"": {""openingTime"": ""00:00:00"", ""closingTime"": ""00:00:00""}, ""saturday"": {""openingTime"": ""00:00:00"", ""closingTime"": ""00:00:00""}, ""sunday"": {""openingTime"": ""00:00:00"", ""closingTime"": ""00:00:00""}}",,official_next_data; branchStatus=Open
gb_ffa86380f9,The Gym Group,The Gym Group London Richmond,The Gym Group London Richmond,10 George Street,TW9 1BE,Richmond,United Kingdom,England,,,COMING_SOON,COMING_SOON,,official_locator,https://www.thegymgroup.com/find-a-gym/west-london-gyms/richmond/,https://www.thegymgroup.com/find-a-gym/west-london-gyms/richmond/,"{""monday"": {""openingTime"": ""00:00:00"", ""closingTime"": ""00:00:00""}, ""tuesday"": {""openingTime"": ""00:00:00"", ""closingTime"": ""00:00:00""}, ""wednesday"": {""openingTime"": ""00:00:00"", ""closingTime"": ""00:00:00""}, ""thursday"": {""openingTime"": ""00:00:00"", ""closingTime"": ""00:00:00""}, ""friday"": {""openingTime"": ""00:00:00"", ""closingTime"": ""00:00:00""}, ""saturday"": {""openingTime"": ""00:00:00"", ""closingTime"": ""00:00:00""}, ""sunday"": {""openingTime"": ""00:00:00"", ""closingTime"": ""00:00:00""}}",,official_next_data; branchStatus=Opening Soon
gb_0b493e9832,The Gym Group,The Gym Group Strood,The Gym Group Strood,"Unit C6, Strood Retail Park",ME2 2AD,"Rochester, Rochester",United Kingdom,England,51.394291437159666,0.49367062747478485,READY_TO_IMPORT,VERIFIED_CURRENT,,official_locator,https://www.thegymgroup.com/find-a-gym/strood-gyms/strood/,https://www.thegymgroup.com/find-a-gym/strood-gyms/strood/,"{""monday"": {""openingTime"": ""00:00:00"", ""closingTime"": ""00:00:00""}, ""tuesday"": {""openingTime"": ""00:00:00"", ""closingTime"": ""00:00:00""}, ""wednesday"": {""openingTime"": ""00:00:00"", ""closingTime"": ""00:00:00""}, ""thursday"": {""openingTime"": ""00:00:00"", ""closingTime"": ""00:00:00""}, ""friday"": {""openingTime"": ""00:00:00"", ""closingTime"": ""00:00:00""}, ""saturday"": {""openingTime"": ""00:00:00"", ""closingTime"": ""00:00:00""}, ""sunday"": {""openingTime"": ""00:00:00"", ""closingTime"": ""00:00:00""}}",,official_next_data; branchStatus=Open
gb_99a563c4aa,The Gym Group,The Gym Group Romford,The Gym Group Romford,"Atlanta Boulevard, Romford",RM1 1TB,Romford,United Kingdom,England,51.57378,0.182166,READY_TO_IMPORT,VERIFIED_CURRENT,ok,nominatim,https://www.thegymgroup.com/find-a-gym/north-london-gyms/romford/,https://www.thegymgroup.com/find-a-gym/north-london-gyms/romford/,,,official_sitemap_url; club_page_http_500; official_url_search_snippet_or_page; phase2_east_anglia; www/kiosk/origin live fetch HTTP 500
gb_9bead5260a,The Gym Group,The Gym Group Irvine,The Gym Group Irvine,"Unit 4, Riverway Retail Park, Irvine, Ayrshire",KA12 8AY,Scotland,United Kingdom,Scotland,55.607822723977335,-4.672008593341773,READY_TO_IMPORT,VERIFIED_CURRENT,,official_locator,https://www.thegymgroup.com/find-a-gym/irvine-gyms/irvine/,https://www.thegymgroup.com/find-a-gym/irvine-gyms/irvine/,"{""sunday"": {""openingTime"": ""00:00:00"", ""closingTime"": ""23:59:59""}, ""monday"": {""openingTime"": ""00:00:00"", ""closingTime"": ""23:59:59""}, ""tuesday"": {""openingTime"": ""00:00:00"", ""closingTime"": ""23:59:59""}, ""wednesday"": {""openingTime"": ""00:00:00"", ""closingTime"": ""23:59:59""}, ""thursday"": {""openingTime"": ""00:00:00"", ""closingTime"": ""23:59:59""}, ""friday"": {""openingTime"": ""00:00:00"", ""closingTime"": ""23:59:59""}, ""saturday"": {""openingTime"": ""00:00:00"", ""closingTime"": ""23:59:59""}}",,official_next_data; branchStatus=Open
gb_f38171f453,The Gym Group,The Gym Group Scunthorpe Lakeside,The Gym Group Scunthorpe Lakeside,"Lakeside Parkway, Unit 2, Lakeside Retail Park",DN16 3UA,Scunthorpe,United Kingdom,England,53.56366463054344,-0.6175001122284356,READY_TO_IMPORT,VERIFIED_CURRENT,,official_locator,https://www.thegymgroup.com/find-a-gym/scunthorpe-gyms/scunthorpe-lakeside/,https://www.thegymgroup.com/find-a-gym/scunthorpe-gyms/scunthorpe-lakeside/,"{""sunday"": {""openingTime"": ""00:00:00"", ""closingTime"": ""23:59:59""}, ""monday"": {""openingTime"": ""00:00:00"", ""closingTime"": ""23:59:59""}, ""tuesday"": {""openingTime"": ""00:00:00"", ""closingTime"": ""23:59:59""}, ""wednesday"": {""openingTime"": ""00:00:00"", ""closingTime"": ""23:59:59""}, ""thursday"": {""openingTime"": ""00:00:00"", ""closingTime"": ""23:59:59""}, ""friday"": {""openingTime"": ""00:00:00"", ""closingTime"": ""23:59:59""}, ""saturday"": {""openingTime"": ""00:00:00"", ""closingTime"": ""23:59:59""}}",,official_next_data; branchStatus=Open
gb_72d669297a,The Gym Group,The Gym Group Sheffield Heeley,The Gym Group Sheffield Heeley,"Units 2A and 2B, Heeley Retail Park",S8 0RG,Sheffield,United Kingdom,England,53.35584219696435,-1.4794612612277518,READY_TO_IMPORT,VERIFIED_CURRENT,,official_locator,https://www.thegymgroup.com/find-a-gym/sheffield-gyms/sheffield-heeley/,https://www.thegymgroup.com/find-a-gym/sheffield-gyms/sheffield-heeley/,"{""sunday"": {""openingTime"": ""00:00:00"", ""closingTime"": ""23:59:59""}, ""monday"": {""openingTime"": ""00:00:00"", ""closingTime"": ""23:59:59""}, ""tuesday"": {""openingTime"": ""00:00:00"", ""closingTime"": ""23:59:59""}, ""wednesday"": {""openingTime"": ""00:00:00"", ""closingTime"": ""23:59:59""}, ""thursday"": {""openingTime"": ""00:00:00"", ""closingTime"": ""23:59:59""}, ""friday"": {""openingTime"": ""00:00:00"", ""closingTime"": ""23:59:59""}, ""saturday"": {""openingTime"": ""00:00:00"", ""closingTime"": ""23:59:59""}}",,official_next_data; branchStatus=Open
gb_13dd60a2e2,The Gym Group,The Gym Group Sheffield Kelham Island,The Gym Group Sheffield Kelham Island,"Units J&K, Brookshaw Park Gibraltar Street, Sheffield",S3 8RW,Sheffield,United Kingdom,England,53.387573,-1.473117,READY_TO_IMPORT,VERIFIED_CURRENT,,official_locator,https://www.thegymgroup.com/find-a-gym/sheffield-gyms/sheffield-kelham-island/,https://www.thegymgroup.com/find-a-gym/sheffield-gyms/sheffield-kelham-island/,"{""sunday"": {""openingTime"": ""00:00:00"", ""closingTime"": ""23:59:59""}, ""monday"": {""openingTime"": ""00:00:00"", ""closingTime"": ""23:59:59""}, ""tuesday"": {""openingTime"": ""00:00:00"", ""closingTime"": ""23:59:59""}, ""wednesday"": {""openingTime"": ""00:00:00"", ""closingTime"": ""23:59:59""}, ""thursday"": {""openingTime"": ""00:00:00"", ""closingTime"": ""23:59:59""}, ""friday"": {""openingTime"": ""00:00:00"", ""closingTime"": ""23:59:59""}, ""saturday"": {""openingTime"": ""00:00:00"", ""closingTime"": ""23:59:59""}}",,official_next_data; branchStatus=Open
gb_898d18e80f,The Gym Group,The Gym Group Sheffield The Moor,The Gym Group Sheffield The Moor,81a The Moor,S1 4PF,Sheffield,United Kingdom,England,53.375593,-1.473805,READY_TO_IMPORT,VERIFIED_CURRENT,,official_locator,https://www.thegymgroup.com/find-a-gym/sheffield-gyms/sheffield-the-moor/,https://www.thegymgroup.com/find-a-gym/sheffield-gyms/sheffield-the-moor/,"{""sunday"": {""openingTime"": ""00:00:00"", ""closingTime"": ""23:59:59""}, ""monday"": {""openingTime"": ""00:00:00"", ""closingTime"": ""23:59:59""}, ""tuesday"": {""openingTime"": ""00:00:00"", ""closingTime"": ""23:59:59""}, ""wednesday"": {""openingTime"": ""00:00:00"", ""closingTime"": ""23:59:59""}, ""thursday"": {""openingTime"": ""00:00:00"", ""closingTime"": ""23:59:59""}, ""friday"": {""openingTime"": ""00:00:00"", ""closingTime"": ""23:59:59""}, ""saturday"": {""openingTime"": ""00:00:00"", ""closingTime"": ""23:59:59""}}",,official_next_data; branchStatus=Open
gb_503cf933da,The Gym Group,The Gym Group Slough,The Gym Group Slough,117-119 Whitby Road,SL1 3DR,Slough,United Kingdom,England,51.518543460296556,-0.6103839352726936,READY_TO_IMPORT,VERIFIED_CURRENT,,official_locator,https://www.thegymgroup.com/find-a-gym/slough-gyms/slough/,https://www.thegymgroup.com/find-a-gym/slough-gyms/slough/,"{""monday"": {""openingTime"": ""00:00:00"", ""closingTime"": ""00:00:00""}, ""tuesday"": {""openingTime"": ""00:00:00"", ""closingTime"": ""00:00:00""}, ""wednesday"": {""openingTime"": ""00:00:00"", ""closingTime"": ""00:00:00""}, ""thursday"": {""openingTime"": ""00:00:00"", ""closingTime"": ""00:00:00""}, ""friday"": {""openingTime"": ""00:00:00"", ""closingTime"": ""00:00:00""}, ""saturday"": {""openingTime"": ""00:00:00"", ""closingTime"": ""00:00:00""}, ""sunday"": {""openingTime"": ""00:00:00"", ""closingTime"": ""00:00:00""}}",,official_next_data; branchStatus=Open
gb_d349be40f2,The Gym Group,The Gym Group Shirley Solihull,The Gym Group Shirley Solihull,"23 Parkgate Shopping Centre, Stratford Road, Shirley",B90 2EL,Solihull,United Kingdom,England,52.413764,-1.829376,READY_TO_IMPORT,VERIFIED_CURRENT,,official_locator,https://www.thegymgroup.com/find-a-gym/shirley-gyms/shirley/,https://www.thegymgroup.com/find-a-gym/shirley-gyms/shirley/,"{""sunday"": {""openingTime"": ""00:00:00"", ""closingTime"": ""23:59:59""}, ""monday"": {""openingTime"": ""00:00:00"", ""closingTime"": ""23:59:59""}, ""tuesday"": {""openingTime"": ""00:00:00"", ""closingTime"": ""23:59:59""}, ""wednesday"": {""openingTime"": ""00:00:00"", ""closingTime"": ""23:59:59""}, ""thursday"": {""openingTime"": ""00:00:00"", ""closingTime"": ""23:59:59""}, ""friday"": {""openingTime"": ""00:00:00"", ""closingTime"": ""23:59:59""}, ""saturday"": {""openingTime"": ""00:00:00"", ""closingTime"": ""23:59:59""}}",,official_next_data; branchStatus=Open
gb_78e68826e0,The Gym Group,The Gym Group Barnsley,The Gym Group Barnsley,"33 Peel Parade, Barnsley",S70 2RN,South Yorkshire,United Kingdom,England,53.55306,-1.484777,READY_TO_IMPORT,VERIFIED_CURRENT,,official_locator,https://www.thegymgroup.com/find-a-gym/barnsley-gyms/barnsley/,https://www.thegymgroup.com/find-a-gym/barnsley-gyms/barnsley/,"{""sunday"": {""openingTime"": ""00:00:00"", ""closingTime"": ""23:59:59""}, ""monday"": {""openingTime"": ""00:00:00"", ""closingTime"": ""23:59:59""}, ""tuesday"": {""openingTime"": ""00:00:00"", ""closingTime"": ""23:59:59""}, ""wednesday"": {""openingTime"": ""00:00:00"", ""closingTime"": ""23:59:59""}, ""thursday"": {""openingTime"": ""00:00:00"", ""closingTime"": ""23:59:59""}, ""friday"": {""openingTime"": ""00:00:00"", ""closingTime"": ""23:59:59""}, ""saturday"": {""openingTime"": ""00:00:00"", ""closingTime"": ""23:59:59""}}",,official_next_data; branchStatus=Open
gb_36520d11c6,The Gym Group,The Gym Group Doncaster,The Gym Group Doncaster,"Ground floor entrance adjacent to Poundland, Frenchgate Shopping Centre St Sepulchre Gate, Doncaster",DN1 1SW,South Yorkshire,United Kingdom,England,53.523066,-1.137038,READY_TO_IMPORT,VERIFIED_CURRENT,,official_locator,https://www.thegymgroup.com/find-a-gym/doncaster-gyms/doncaster/,https://www.thegymgroup.com/find-a-gym/doncaster-gyms/doncaster/,"{""sunday"": {""openingTime"": ""00:00:00"", ""closingTime"": ""23:59:59""}, ""monday"": {""openingTime"": ""00:00:00"", ""closingTime"": ""23:59:59""}, ""tuesday"": {""openingTime"": ""00:00:00"", ""closingTime"": ""23:59:59""}, ""wednesday"": {""openingTime"": ""00:00:00"", ""closingTime"": ""23:59:59""}, ""thursday"": {""openingTime"": ""00:00:00"", ""closingTime"": ""23:59:59""}, ""friday"": {""openingTime"": ""00:00:00"", ""closingTime"": ""23:59:59""}, ""saturday"": {""openingTime"": ""00:00:00"", ""closingTime"": ""23:59:59""}}",,official_next_data; branchStatus=Open
gb_da63edab5b,The Gym Group,The Gym Group Rotherham,The Gym Group Rotherham,"Rotherham Rd, Rotherham",S62 6JL,South Yorkshire,United Kingdom,England,53.446161,-1.348943,READY_TO_IMPORT,VERIFIED_CURRENT,,official_locator,https://www.thegymgroup.com/find-a-gym/rotherham-gyms/rotherham/,https://www.thegymgroup.com/find-a-gym/rotherham-gyms/rotherham/,"{""sunday"": {""openingTime"": ""00:00:00"", ""closingTime"": ""23:59:59""}, ""monday"": {""openingTime"": ""00:00:00"", ""closingTime"": ""23:59:59""}, ""tuesday"": {""openingTime"": ""00:00:00"", ""closingTime"": ""23:59:59""}, ""wednesday"": {""openingTime"": ""00:00:00"", ""closingTime"": ""23:59:59""}, ""thursday"": {""openingTime"": ""00:00:00"", ""closingTime"": ""23:59:59""}, ""friday"": {""openingTime"": ""00:00:00"", ""closingTime"": ""23:59:59""}, ""saturday"": {""openingTime"": ""00:00:00"", ""closingTime"": ""23:59:59""}}",,official_next_data; branchStatus=Open
gb_07d85d18cb,The Gym Group,The Gym Group London Southall,The Gym Group London Southall,Ground Floor TRS Apartments The Green,UB2 4FE,"Southall, Greater London",United Kingdom,England,51.5043381,-0.3801776000000001,READY_TO_IMPORT,VERIFIED_CURRENT,,official_locator,https://www.thegymgroup.com/find-a-gym/west-london-gyms/southall/,https://www.thegymgroup.com/find-a-gym/west-london-gyms/southall/,"{""monday"": {""openingTime"": ""00:00:00"", ""closingTime"": ""00:00:00""}, ""tuesday"": {""openingTime"": ""00:00:00"", ""closingTime"": ""00:00:00""}, ""wednesday"": {""openingTime"": ""00:00:00"", ""closingTime"": ""00:00:00""}, ""thursday"": {""openingTime"": ""00:00:00"", ""closingTime"": ""00:00:00""}, ""friday"": {""openingTime"": ""00:00:00"", ""closingTime"": ""00:00:00""}, ""saturday"": {""openingTime"": ""00:00:00"", ""closingTime"": ""00:00:00""}, ""sunday"": {""openingTime"": ""00:00:00"", ""closingTime"": ""00:00:00""}}",,official_next_data; branchStatus=Open
gb_eb17054239,The Gym Group,The Gym Group Southampton Portswood,The Gym Group Southampton Portswood,224 Portswood Road,SO17 2LB,Southampton,United Kingdom,England,50.926668,-1.3895740000000387,READY_TO_IMPORT,VERIFIED_CURRENT,,official_locator,https://www.thegymgroup.com/find-a-gym/southampton-gyms/southampton-portswood/,https://www.thegymgroup.com/find-a-gym/southampton-gyms/southampton-portswood/,"{""monday"": {""openingTime"": ""00:00:00"", ""closingTime"": ""00:00:00""}, ""tuesday"": {""openingTime"": ""00:00:00"", ""closingTime"": ""00:00:00""}, ""wednesday"": {""openingTime"": ""00:00:00"", ""closingTime"": ""00:00:00""}, ""thursday"": {""openingTime"": ""00:00:00"", ""closingTime"": ""00:00:00""}, ""friday"": {""openingTime"": ""00:00:00"", ""closingTime"": ""00:00:00""}, ""saturday"": {""openingTime"": ""00:00:00"", ""closingTime"": ""00:00:00""}, ""sunday"": {""openingTime"": ""00:00:00"", ""closingTime"": ""00:00:00""}}",,official_next_data; branchStatus=Open
gb_1ce50baf91,The Gym Group,The Gym Group Southampton Shirley,The Gym Group Southampton Shirley,368 Shirley Road,SO15 3HY,Southampton,United Kingdom,England,50.919089,-1.4310410000000502,READY_TO_IMPORT,VERIFIED_CURRENT,,official_locator,https://www.thegymgroup.com/find-a-gym/southampton-gyms/southampton-shirley/,https://www.thegymgroup.com/find-a-gym/southampton-gyms/southampton-shirley/,"{""monday"": {""openingTime"": ""00:00:00"", ""closingTime"": ""00:00:00""}, ""tuesday"": {""openingTime"": ""00:00:00"", ""closingTime"": ""00:00:00""}, ""wednesday"": {""openingTime"": ""00:00:00"", ""closingTime"": ""00:00:00""}, ""thursday"": {""openingTime"": ""00:00:00"", ""closingTime"": ""00:00:00""}, ""friday"": {""openingTime"": ""00:00:00"", ""closingTime"": ""00:00:00""}, ""saturday"": {""openingTime"": ""00:00:00"", ""closingTime"": ""00:00:00""}, ""sunday"": {""openingTime"": ""00:00:00"", ""closingTime"": ""00:00:00""}}",,official_next_data; branchStatus=Open
gb_977417c040,The Gym Group,The Gym Group Southampton East,The Gym Group Southampton East,Antelope Park Bursledon Road,SO19 8NE,"Southampton, Hampshire",United Kingdom,England,50.9066181,-1.3389573,READY_TO_IMPORT,VERIFIED_CURRENT,,official_locator,https://www.thegymgroup.com/find-a-gym/southampton-gyms/southampton-east/,https://www.thegymgroup.com/find-a-gym/southampton-gyms/southampton-east/,"{""monday"": {""openingTime"": ""00:00:00"", ""closingTime"": ""00:00:00""}, ""tuesday"": {""openingTime"": ""00:00:00"", ""closingTime"": ""00:00:00""}, ""wednesday"": {""openingTime"": ""00:00:00"", ""closingTime"": ""00:00:00""}, ""thursday"": {""openingTime"": ""00:00:00"", ""closingTime"": ""00:00:00""}, ""friday"": {""openingTime"": ""00:00:00"", ""closingTime"": ""00:00:00""}, ""saturday"": {""openingTime"": ""00:00:00"", ""closingTime"": ""00:00:00""}, ""sunday"": {""openingTime"": ""00:00:00"", ""closingTime"": ""00:00:00""}}",,official_next_data; branchStatus=Open
gb_49c656b6d0,The Gym Group,The Gym Group Southampton Central,The Gym Group Southampton Central,First Floor 176-178 High Street,SO14 2BY,"Southampton, Southampton",United Kingdom,England,50.9020743,-1.4044625,READY_TO_IMPORT,VERIFIED_CURRENT,,official_locator,https://www.thegymgroup.com/find-a-gym/southampton-gyms/southampton/,https://www.thegymgroup.com/find-a-gym/southampton-gyms/southampton/,"{""monday"": {""openingTime"": ""00:00:00"", ""closingTime"": ""00:00:00""}, ""tuesday"": {""openingTime"": ""00:00:00"", ""closingTime"": ""00:00:00""}, ""wednesday"": {""openingTime"": ""00:00:00"", ""closingTime"": ""00:00:00""}, ""thursday"": {""openingTime"": ""00:00:00"", ""closingTime"": ""00:00:00""}, ""friday"": {""openingTime"": ""00:00:00"", ""closingTime"": ""00:00:00""}, ""saturday"": {""openingTime"": ""00:00:00"", ""closingTime"": ""00:00:00""}, ""sunday"": {""openingTime"": ""00:00:00"", ""closingTime"": ""00:00:00""}}",,official_next_data; branchStatus=Open
gb_26d2e0001e,The Gym Group,The Gym Group Southend,The Gym Group Southend,Unit 3 London Road Retail Park,SS1 1PA,Southend,United Kingdom,England,,,NEEDS_COORDINATES,VERIFIED_CURRENT,failed,,https://www.thegymgroup.com/find-a-gym/southend-gyms/southend/,https://www.thegymgroup.com/find-a-gym/southend-gyms/southend/,,,official_sitemap_url; club_page_http_500; official_url_search_snippet_or_page; phase2_east_anglia; www/kiosk/origin live fetch HTTP 500
gb_6e5551acfc,The Gym Group,The Gym Group Portsmouth Fratton,The Gym Group Portsmouth Fratton,Rodney Road,PO4 8SY,"Southsea, Portsmouth",United Kingdom,England,50.79783331494096,-1.0606922954320908,READY_TO_IMPORT,VERIFIED_CURRENT,,official_locator,https://www.thegymgroup.com/find-a-gym/portsmouth-gyms/portsmouth-fratton/,https://www.thegymgroup.com/find-a-gym/portsmouth-gyms/portsmouth-fratton/,"{""monday"": {""openingTime"": ""00:00:00"", ""closingTime"": ""00:00:00""}, ""tuesday"": {""openingTime"": ""00:00:00"", ""closingTime"": ""00:00:00""}, ""wednesday"": {""openingTime"": ""00:00:00"", ""closingTime"": ""00:00:00""}, ""thursday"": {""openingTime"": ""00:00:00"", ""closingTime"": ""00:00:00""}, ""friday"": {""openingTime"": ""00:00:00"", ""closingTime"": ""00:00:00""}, ""saturday"": {""openingTime"": ""00:00:00"", ""closingTime"": ""00:00:00""}, ""sunday"": {""openingTime"": ""00:00:00"", ""closingTime"": ""00:00:00""}}",,official_next_data; branchStatus=Closed for Maintenance
gb_7ceb903b7f,The Gym Group,The Gym Group Stafford,The Gym Group Stafford,"Unit 1, Friary Retail Park, Wolverhampton Rd",ST17 4AH,Stafford,United Kingdom,England,52.80238611115239,-2.1145538209736663,READY_TO_IMPORT,VERIFIED_CURRENT,,official_locator,https://www.thegymgroup.com/find-a-gym/stafford-gyms/stafford/,https://www.thegymgroup.com/find-a-gym/stafford-gyms/stafford/,"{""sunday"": {""openingTime"": ""00:00:00"", ""closingTime"": ""23:59:59""}, ""monday"": {""openingTime"": ""00:00:00"", ""closingTime"": ""23:59:59""}, ""tuesday"": {""openingTime"": ""00:00:00"", ""closingTime"": ""23:59:59""}, ""wednesday"": {""openingTime"": ""00:00:00"", ""closingTime"": ""23:59:59""}, ""thursday"": {""openingTime"": ""00:00:00"", ""closingTime"": ""23:59:59""}, ""friday"": {""openingTime"": ""00:00:00"", ""closingTime"": ""23:59:59""}, ""saturday"": {""openingTime"": ""00:00:00"", ""closingTime"": ""23:59:59""}}",,official_next_data; branchStatus=Open
gb_26360c51e9,The Gym Group,The Gym Group Burton upon Trent,The Gym Group Burton upon Trent,"Unit 1 Phase 3, Middleway Retail & Leisure Park Guild Street, Burton upon Trent",DE14 1NB,Staffordshire,United Kingdom,England,52.805277,-1.633321,READY_TO_IMPORT,VERIFIED_CURRENT,,official_locator,https://www.thegymgroup.com/find-a-gym/burton-upon-trent-gyms/burton-upon-trent/,https://www.thegymgroup.com/find-a-gym/burton-upon-trent-gyms/burton-upon-trent/,"{""sunday"": {""openingTime"": ""00:00:00"", ""closingTime"": ""23:59:59""}, ""monday"": {""openingTime"": ""00:00:00"", ""closingTime"": ""23:59:59""}, ""tuesday"": {""openingTime"": ""00:00:00"", ""closingTime"": ""23:59:59""}, ""wednesday"": {""openingTime"": ""00:00:00"", ""closingTime"": ""23:59:59""}, ""thursday"": {""openingTime"": ""00:00:00"", ""closingTime"": ""23:59:59""}, ""friday"": {""openingTime"": ""00:00:00"", ""closingTime"": ""23:59:59""}, ""saturday"": {""openingTime"": ""00:00:00"", ""closingTime"": ""23:59:59""}}",,official_next_data; branchStatus=Open
gb_8aa83ef887,The Gym Group,The Gym Group Tamworth,The Gym Group Tamworth,"Namco Station, Castle Grounds, Tamworth",B79 7ND,Staffordshire,United Kingdom,England,52.629487,-1.695741,READY_TO_IMPORT,VERIFIED_CURRENT,,official_locator,https://www.thegymgroup.com/find-a-gym/tamworth-gyms/tamworth/,https://www.thegymgroup.com/find-a-gym/tamworth-gyms/tamworth/,"{""sunday"": {""openingTime"": ""00:00:00"", ""closingTime"": ""23:59:59""}, ""monday"": {""openingTime"": ""00:00:00"", ""closingTime"": ""23:59:59""}, ""tuesday"": {""openingTime"": ""00:00:00"", ""closingTime"": ""23:59:59""}, ""wednesday"": {""openingTime"": ""00:00:00"", ""closingTime"": ""23:59:59""}, ""thursday"": {""openingTime"": ""00:00:00"", ""closingTime"": ""23:59:59""}, ""friday"": {""openingTime"": ""00:00:00"", ""closingTime"": ""23:59:59""}, ""saturday"": {""openingTime"": ""00:00:00"", ""closingTime"": ""23:59:59""}}",,official_next_data; branchStatus=Open
gb_160c76bc36,The Gym Group,The Gym Group Stevenage,The Gym Group Stevenage,"London Road, Unit 1 Oaklands Retail Park",SG1 1XW,Stevenage,United Kingdom,England,51.892477933443075,-0.2006250819792941,READY_TO_IMPORT,VERIFIED_CURRENT,,official_locator,https://www.thegymgroup.com/find-a-gym/stevenage-gyms/stevenage/,https://www.thegymgroup.com/find-a-gym/stevenage-gyms/stevenage/,"{""sunday"": {""openingTime"": ""00:00:00"", ""closingTime"": ""23:59:59""}, ""monday"": {""openingTime"": ""00:00:00"", ""closingTime"": ""23:59:59""}, ""tuesday"": {""openingTime"": ""00:00:00"", ""closingTime"": ""23:59:59""}, ""wednesday"": {""openingTime"": ""00:00:00"", ""closingTime"": ""23:59:59""}, ""thursday"": {""openingTime"": ""00:00:00"", ""closingTime"": ""23:59:59""}, ""friday"": {""openingTime"": ""00:00:00"", ""closingTime"": ""23:59:59""}, ""saturday"": {""openingTime"": ""00:00:00"", ""closingTime"": ""23:59:59""}}",,official_next_data; branchStatus=Open
gb_a957be91ae,The Gym Group,The Gym Group London Stockwell,The Gym Group London Stockwell,15 Lett Road,SW9 0HP,"Stockwell, London",United Kingdom,England,51.476435,-0.11716400000000249,READY_TO_IMPORT,VERIFIED_CURRENT,,official_locator,https://www.thegymgroup.com/find-a-gym/south-london-gyms/stockwell/,https://www.thegymgroup.com/find-a-gym/south-london-gyms/stockwell/,"{""monday"": {""openingTime"": ""00:00:00"", ""closingTime"": ""00:00:00""}, ""tuesday"": {""openingTime"": ""00:00:00"", ""closingTime"": ""00:00:00""}, ""wednesday"": {""openingTime"": ""00:00:00"", ""closingTime"": ""00:00:00""}, ""thursday"": {""openingTime"": ""00:00:00"", ""closingTime"": ""00:00:00""}, ""friday"": {""openingTime"": ""00:00:00"", ""closingTime"": ""00:00:00""}, ""saturday"": {""openingTime"": ""00:00:00"", ""closingTime"": ""00:00:00""}, ""sunday"": {""openingTime"": ""00:00:00"", ""closingTime"": ""00:00:00""}}",,official_next_data; branchStatus=Open
gb_6796658607,The Gym Group,The Gym Group London Streatham,The Gym Group London Streatham,7 Streatham Station Approach,SW16 6HW,"Streatham, Greater London",United Kingdom,England,51.42976916472309,-0.13111073523759842,READY_TO_IMPORT,VERIFIED_CURRENT,,official_locator,https://www.thegymgroup.com/find-a-gym/south-london-gyms/streatham/,https://www.thegymgroup.com/find-a-gym/south-london-gyms/streatham/,"{""monday"": {""openingTime"": ""00:00:00"", ""closingTime"": ""00:00:00""}, ""tuesday"": {""openingTime"": ""00:00:00"", ""closingTime"": ""00:00:00""}, ""wednesday"": {""openingTime"": ""00:00:00"", ""closingTime"": ""00:00:00""}, ""thursday"": {""openingTime"": ""00:00:00"", ""closingTime"": ""00:00:00""}, ""friday"": {""openingTime"": ""00:00:00"", ""closingTime"": ""00:00:00""}, ""saturday"": {""openingTime"": ""00:00:00"", ""closingTime"": ""00:00:00""}, ""sunday"": {""openingTime"": ""00:00:00"", ""closingTime"": ""00:00:00""}}",,official_next_data; branchStatus=Open
gb_81f7b431c6,The Gym Group,The Gym Group London Sunbury,The Gym Group London Sunbury,Sunbury Cross Staines Road West,TW16 7BB,"Sunbury-on-Thames, Surrey",United Kingdom,England,51.4193907,-0.4199142,READY_TO_IMPORT,VERIFIED_CURRENT,,official_locator,https://www.thegymgroup.com/find-a-gym/south-london-gyms/sunbury/,https://www.thegymgroup.com/find-a-gym/south-london-gyms/sunbury/,"{""monday"": {""openingTime"": ""00:00:00"", ""closingTime"": ""00:00:00""}, ""tuesday"": {""openingTime"": ""00:00:00"", ""closingTime"": ""00:00:00""}, ""wednesday"": {""openingTime"": ""00:00:00"", ""closingTime"": ""00:00:00""}, ""thursday"": {""openingTime"": ""00:00:00"", ""closingTime"": ""00:00:00""}, ""friday"": {""openingTime"": ""00:00:00"", ""closingTime"": ""00:00:00""}, ""saturday"": {""openingTime"": ""00:00:00"", ""closingTime"": ""00:00:00""}, ""sunday"": {""openingTime"": ""00:00:00"", ""closingTime"": ""00:00:00""}}",,official_next_data; branchStatus=Open
gb_52f9438bf3,The Gym Group,The Gym Group Sunderland South,The Gym Group Sunderland South,"Toll Bar Road, Toll Bar Retail Park Ryhope",SR2 9TH,Sunderland,United Kingdom,England,54.87817626710905,-1.3648735847397275,READY_TO_IMPORT,VERIFIED_CURRENT,,official_locator,https://www.thegymgroup.com/find-a-gym/sunderland-gyms/south-sunderland/,https://www.thegymgroup.com/find-a-gym/sunderland-gyms/south-sunderland/,"{""sunday"": {""openingTime"": ""00:00:00"", ""closingTime"": ""23:59:59""}, ""monday"": {""openingTime"": ""00:00:00"", ""closingTime"": ""23:59:59""}, ""tuesday"": {""openingTime"": ""00:00:00"", ""closingTime"": ""23:59:59""}, ""wednesday"": {""openingTime"": ""00:00:00"", ""closingTime"": ""23:59:59""}, ""thursday"": {""openingTime"": ""00:00:00"", ""closingTime"": ""23:59:59""}, ""friday"": {""openingTime"": ""00:00:00"", ""closingTime"": ""23:59:59""}, ""saturday"": {""openingTime"": ""00:00:00"", ""closingTime"": ""23:59:59""}}",,official_next_data; branchStatus=Open
gb_997b69bb2f,The Gym Group,The Gym Group London Surbiton,The Gym Group London Surbiton,15-17 Victoria Road,KT6 4JZ,Surbiton,United Kingdom,England,51.392637,-0.3058700000000272,READY_TO_IMPORT,VERIFIED_CURRENT,,official_locator,https://www.thegymgroup.com/find-a-gym/south-london-gyms/london-surbiton/,https://www.thegymgroup.com/find-a-gym/south-london-gyms/london-surbiton/,"{""monday"": {""openingTime"": ""00:00:00"", ""closingTime"": ""00:00:00""}, ""tuesday"": {""openingTime"": ""00:00:00"", ""closingTime"": ""00:00:00""}, ""wednesday"": {""openingTime"": ""00:00:00"", ""closingTime"": ""00:00:00""}, ""thursday"": {""openingTime"": ""00:00:00"", ""closingTime"": ""00:00:00""}, ""friday"": {""openingTime"": ""00:00:00"", ""closingTime"": ""00:00:00""}, ""saturday"": {""openingTime"": ""00:00:00"", ""closingTime"": ""00:00:00""}, ""sunday"": {""openingTime"": ""00:00:00"", ""closingTime"": ""00:00:00""}}",,official_next_data; branchStatus=Open
gb_8bd17ae45d,The Gym Group,The Gym Group London Sutton,The Gym Group London Sutton,Unit B3 â€“ B5 291-297 High Street,SM1 1DL,Sutton,United Kingdom,England,51.368927,-0.1957205,READY_TO_IMPORT,VERIFIED_CURRENT,,official_locator,https://www.thegymgroup.com/find-a-gym/south-london-gyms/london-sutton/,https://www.thegymgroup.com/find-a-gym/south-london-gyms/london-sutton/,"{""monday"": {""openingTime"": ""00:00:00"", ""closingTime"": ""00:00:00""}, ""tuesday"": {""openingTime"": ""00:00:00"", ""closingTime"": ""00:00:00""}, ""wednesday"": {""openingTime"": ""00:00:00"", ""closingTime"": ""00:00:00""}, ""thursday"": {""openingTime"": ""00:00:00"", ""closingTime"": ""00:00:00""}, ""friday"": {""openingTime"": ""00:00:00"", ""closingTime"": ""00:00:00""}, ""saturday"": {""openingTime"": ""00:00:00"", ""closingTime"": ""00:00:00""}, ""sunday"": {""openingTime"": ""00:00:00"", ""closingTime"": ""00:00:00""}}",,official_next_data; branchStatus=Open
gb_e2c37159c7,The Gym Group,The Gym Group Swansea,The Gym Group Swansea,36a Princess Way,SA1 5HE,"Swansea, Swansea",United Kingdom,Wales,51.6212443642737,-3.943079630056104,READY_TO_IMPORT,VERIFIED_CURRENT,,official_locator,https://www.thegymgroup.com/find-a-gym/swansea-gyms/swansea/,https://www.thegymgroup.com/find-a-gym/swansea-gyms/swansea/,"{""monday"": {""openingTime"": ""00:00:00"", ""closingTime"": ""00:00:00""}, ""tuesday"": {""openingTime"": ""00:00:00"", ""closingTime"": ""00:00:00""}, ""wednesday"": {""openingTime"": ""00:00:00"", ""closingTime"": ""00:00:00""}, ""thursday"": {""openingTime"": ""00:00:00"", ""closingTime"": ""00:00:00""}, ""friday"": {""openingTime"": ""00:00:00"", ""closingTime"": ""00:00:00""}, ""saturday"": {""openingTime"": ""00:00:00"", ""closingTime"": ""00:00:00""}, ""sunday"": {""openingTime"": ""00:00:00"", ""closingTime"": ""00:00:00""}}",,official_next_data; branchStatus=Open
gb_6e01651f16,The Gym Group,The Gym Group Swindon,The Gym Group Swindon,Greenbridge Retail Park,SN3 3SQ,Swindon,United Kingdom,England,51.57201847781645,-1.7561721615493298,READY_TO_IMPORT,VERIFIED_CURRENT,,official_locator,https://www.thegymgroup.com/find-a-gym/swindon-gyms/swindon/,https://www.thegymgroup.com/find-a-gym/swindon-gyms/swindon/,"{""monday"": {""openingTime"": ""00:00:00"", ""closingTime"": ""00:00:00""}, ""tuesday"": {""openingTime"": ""00:00:00"", ""closingTime"": ""00:00:00""}, ""wednesday"": {""openingTime"": ""00:00:00"", ""closingTime"": ""00:00:00""}, ""thursday"": {""openingTime"": ""00:00:00"", ""closingTime"": ""00:00:00""}, ""friday"": {""openingTime"": ""00:00:00"", ""closingTime"": ""00:00:00""}, ""saturday"": {""openingTime"": ""00:00:00"", ""closingTime"": ""00:00:00""}, ""sunday"": {""openingTime"": ""00:00:00"", ""closingTime"": ""00:00:00""}}",,official_next_data; branchStatus=Open
gb_2adc22b381,The Gym Group,The Gym Group London Sydenham,The Gym Group London Sydenham,74-78 Sydenham Road,SE26 5QE,"Sydenham, London",United Kingdom,England,51.4257,-0.04976899999996931,READY_TO_IMPORT,VERIFIED_CURRENT,,official_locator,https://www.thegymgroup.com/find-a-gym/south-london-gyms/sydenham/,https://www.thegymgroup.com/find-a-gym/south-london-gyms/sydenham/,"{""monday"": {""openingTime"": ""00:00:00"", ""closingTime"": ""00:00:00""}, ""tuesday"": {""openingTime"": ""00:00:00"", ""closingTime"": ""00:00:00""}, ""wednesday"": {""openingTime"": ""00:00:00"", ""closingTime"": ""00:00:00""}, ""thursday"": {""openingTime"": ""00:00:00"", ""closingTime"": ""00:00:00""}, ""friday"": {""openingTime"": ""00:00:00"", ""closingTime"": ""00:00:00""}, ""saturday"": {""openingTime"": ""00:00:00"", ""closingTime"": ""00:00:00""}, ""sunday"": {""openingTime"": ""00:00:00"", ""closingTime"": ""00:00:00""}}",,official_next_data; branchStatus=Open
gb_526b809bc7,The Gym Group,The Gym Group Telford,The Gym Group Telford,"Unit 2, Rampart Court Retail Park Rampart Way",TF3 4AS,Telford,United Kingdom,England,52.679488,-2.441191,READY_TO_IMPORT,VERIFIED_CURRENT,,official_locator,https://www.thegymgroup.com/find-a-gym/telford-gyms/telford/,https://www.thegymgroup.com/find-a-gym/telford-gyms/telford/,"{""sunday"": {""openingTime"": ""00:00:00"", ""closingTime"": ""23:59:59""}, ""monday"": {""openingTime"": ""00:00:00"", ""closingTime"": ""23:59:59""}, ""tuesday"": {""openingTime"": ""00:00:00"", ""closingTime"": ""23:59:59""}, ""wednesday"": {""openingTime"": ""00:00:00"", ""closingTime"": ""23:59:59""}, ""thursday"": {""openingTime"": ""00:00:00"", ""closingTime"": ""23:59:59""}, ""friday"": {""openingTime"": ""00:00:00"", ""closingTime"": ""23:59:59""}, ""saturday"": {""openingTime"": ""00:00:00"", ""closingTime"": ""23:59:59""}}",,official_next_data; branchStatus=Open
gb_26c9963cc6,The Gym Group,The Gym Group London Tooting,The Gym Group London Tooting,953-959 Garratt Lane,SW17 0LR,"Tooting, Greater London",United Kingdom,England,51.430348,-0.17404499999997824,READY_TO_IMPORT,VERIFIED_CURRENT,,official_locator,https://www.thegymgroup.com/find-a-gym/south-london-gyms/tooting/,https://www.thegymgroup.com/find-a-gym/south-london-gyms/tooting/,"{""monday"": {""openingTime"": ""00:00:00"", ""closingTime"": ""00:00:00""}, ""tuesday"": {""openingTime"": ""00:00:00"", ""closingTime"": ""00:00:00""}, ""wednesday"": {""openingTime"": ""00:00:00"", ""closingTime"": ""00:00:00""}, ""thursday"": {""openingTime"": ""00:00:00"", ""closingTime"": ""00:00:00""}, ""friday"": {""openingTime"": ""00:00:00"", ""closingTime"": ""00:00:00""}, ""saturday"": {""openingTime"": ""00:00:00"", ""closingTime"": ""00:00:00""}, ""sunday"": {""openingTime"": ""00:00:00"", ""closingTime"": ""00:00:00""}}",,official_next_data; branchStatus=Open
gb_e173c54d90,The Gym Group,The Gym Group London Tottenham White Hart Lane,The Gym Group London Tottenham White Hart Lane,780 High Road London,N17 0BX,Tottenham,United Kingdom,England,51.604661,-0.06779149999999999,READY_TO_IMPORT,VERIFIED_CURRENT,,official_locator,https://www.thegymgroup.com/find-a-gym/north-london-gyms/tottenham-white-hart-lane/,https://www.thegymgroup.com/find-a-gym/north-london-gyms/tottenham-white-hart-lane/,"{""monday"": {""openingTime"": ""00:00:00"", ""closingTime"": ""00:00:00""}, ""tuesday"": {""openingTime"": ""00:00:00"", ""closingTime"": ""00:00:00""}, ""wednesday"": {""openingTime"": ""00:00:00"", ""closingTime"": ""00:00:00""}, ""thursday"": {""openingTime"": ""00:00:00"", ""closingTime"": ""00:00:00""}, ""friday"": {""openingTime"": ""00:00:00"", ""closingTime"": ""00:00:00""}, ""saturday"": {""openingTime"": ""00:00:00"", ""closingTime"": ""00:00:00""}, ""sunday"": {""openingTime"": ""00:00:00"", ""closingTime"": ""00:00:00""}}",,official_next_data; branchStatus=Open
gb_42eb9c140b,The Gym Group,The Gym Group London Tottenham Hale,The Gym Group London Tottenham Hale,Part Ground Floor Emily Bowes Court Lebus Street,N17 9FD,"Tottenham, London",United Kingdom,England,51.58897899999999,-0.05875590000000001,READY_TO_IMPORT,VERIFIED_CURRENT,,official_locator,https://www.thegymgroup.com/find-a-gym/north-london-gyms/tottenham/,https://www.thegymgroup.com/find-a-gym/north-london-gyms/tottenham/,"{""monday"": {""openingTime"": ""00:00:00"", ""closingTime"": ""00:00:00""}, ""tuesday"": {""openingTime"": ""00:00:00"", ""closingTime"": ""00:00:00""}, ""wednesday"": {""openingTime"": ""00:00:00"", ""closingTime"": ""00:00:00""}, ""thursday"": {""openingTime"": ""00:00:00"", ""closingTime"": ""00:00:00""}, ""friday"": {""openingTime"": ""00:00:00"", ""closingTime"": ""00:00:00""}, ""saturday"": {""openingTime"": ""00:00:00"", ""closingTime"": ""00:00:00""}, ""sunday"": {""openingTime"": ""00:00:00"", ""closingTime"": ""00:00:00""}}",,official_next_data; branchStatus=Open
gb_1fd051588e,The Gym Group,The Gym Group London Tottenham High Road,The Gym Group London Tottenham High Road,570-590 High Road,N17 9TA,"Tottenham, London",United Kingdom,England,51.595712,-0.0684280000000399,READY_TO_IMPORT,VERIFIED_CURRENT,,official_locator,https://www.thegymgroup.com/find-a-gym/north-london-gyms/tottenham-high-road/,https://www.thegymgroup.com/find-a-gym/north-london-gyms/tottenham-high-road/,"{""monday"": {""openingTime"": ""00:00:00"", ""closingTime"": ""00:00:00""}, ""tuesday"": {""openingTime"": ""00:00:00"", ""closingTime"": ""00:00:00""}, ""wednesday"": {""openingTime"": ""00:00:00"", ""closingTime"": ""00:00:00""}, ""thursday"": {""openingTime"": ""00:00:00"", ""closingTime"": ""00:00:00""}, ""friday"": {""openingTime"": ""00:00:00"", ""closingTime"": ""00:00:00""}, ""saturday"": {""openingTime"": ""00:00:00"", ""closingTime"": ""00:00:00""}, ""sunday"": {""openingTime"": ""00:00:00"", ""closingTime"": ""00:00:00""}}",,official_next_data; branchStatus=Open
gb_40453d2934,The Gym Group,The Gym Group London Stepney Green,The Gym Group London Stepney Green,83-89 Mile End Road,E1 4UJ,"Tower Hamlets, London",United Kingdom,England,51.520969,-0.05203200000005381,READY_TO_IMPORT,VERIFIED_CURRENT,,official_locator,https://www.thegymgroup.com/find-a-gym/east-london-gyms/london-stepney-green/,https://www.thegymgroup.com/find-a-gym/east-london-gyms/london-stepney-green/,"{""monday"": {""openingTime"": ""00:00:00"", ""closingTime"": ""00:00:00""}, ""tuesday"": {""openingTime"": ""00:00:00"", ""closingTime"": ""00:00:00""}, ""wednesday"": {""openingTime"": ""00:00:00"", ""closingTime"": ""00:00:00""}, ""thursday"": {""openingTime"": ""00:00:00"", ""closingTime"": ""00:00:00""}, ""friday"": {""openingTime"": ""00:00:00"", ""closingTime"": ""00:00:00""}, ""saturday"": {""openingTime"": ""00:00:00"", ""closingTime"": ""00:00:00""}, ""sunday"": {""openingTime"": ""00:00:00"", ""closingTime"": ""00:00:00""}}",,official_next_data; branchStatus=Closed for Maintenance
gb_b850c491cf,The Gym Group,The Gym Group Tunbridge Wells,The Gym Group Tunbridge Wells,Kingstanding Retail Park,TN2 3UP,Tunbridge Wells,United Kingdom,England,51.159464753233145,0.2955140545964241,READY_TO_IMPORT,VERIFIED_CURRENT,,official_locator,https://www.thegymgroup.com/find-a-gym/tunbridge-wells-gyms/tunbridge-wells/,https://www.thegymgroup.com/find-a-gym/tunbridge-wells-gyms/tunbridge-wells/,"{""monday"": {""openingTime"": ""00:00:00"", ""closingTime"": ""00:00:00""}, ""tuesday"": {""openingTime"": ""00:00:00"", ""closingTime"": ""00:00:00""}, ""wednesday"": {""openingTime"": ""00:00:00"", ""closingTime"": ""00:00:00""}, ""thursday"": {""openingTime"": ""00:00:00"", ""closingTime"": ""00:00:00""}, ""friday"": {""openingTime"": ""00:00:00"", ""closingTime"": ""00:00:00""}, ""saturday"": {""openingTime"": ""00:00:00"", ""closingTime"": ""00:00:00""}, ""sunday"": {""openingTime"": ""00:00:00"", ""closingTime"": ""00:00:00""}}",,official_next_data; branchStatus=Open
gb_7359a33862,The Gym Group,The Gym Group South Shields,The Gym Group South Shields,"Crossgate, South Shields",NE33 5QX,Tyne & Wear,United Kingdom,England,54.99391,-1.43224,READY_TO_IMPORT,VERIFIED_CURRENT,,official_locator,https://www.thegymgroup.com/find-a-gym/south-shields-gyms/south-shields/,https://www.thegymgroup.com/find-a-gym/south-shields-gyms/south-shields/,"{""sunday"": {""openingTime"": ""00:00:00"", ""closingTime"": ""23:59:59""}, ""monday"": {""openingTime"": ""00:00:00"", ""closingTime"": ""23:59:59""}, ""tuesday"": {""openingTime"": ""00:00:00"", ""closingTime"": ""23:59:59""}, ""wednesday"": {""openingTime"": ""00:00:00"", ""closingTime"": ""23:59:59""}, ""thursday"": {""openingTime"": ""00:00:00"", ""closingTime"": ""23:59:59""}, ""friday"": {""openingTime"": ""00:00:00"", ""closingTime"": ""23:59:59""}, ""saturday"": {""openingTime"": ""00:00:00"", ""closingTime"": ""23:59:59""}}",,official_next_data; branchStatus=Open
gb_63a26a3b41,The Gym Group,The Gym Group Newcastle City,The Gym Group Newcastle City,"Basement Floor former Co-Op Store, South Tower Entrance Newgate Street, Newcastle",NE1 5RF,Tyne and Wear,United Kingdom,England,54.972908,-1.618147,READY_TO_IMPORT,VERIFIED_CURRENT,,official_locator,https://www.thegymgroup.com/find-a-gym/newcastle-gyms/newcastle-city/,https://www.thegymgroup.com/find-a-gym/newcastle-gyms/newcastle-city/,"{""sunday"": {""openingTime"": ""00:00:00"", ""closingTime"": ""23:59:59""}, ""monday"": {""openingTime"": ""00:00:00"", ""closingTime"": ""23:59:59""}, ""tuesday"": {""openingTime"": ""00:00:00"", ""closingTime"": ""23:59:59""}, ""wednesday"": {""openingTime"": ""00:00:00"", ""closingTime"": ""23:59:59""}, ""thursday"": {""openingTime"": ""00:00:00"", ""closingTime"": ""23:59:59""}, ""friday"": {""openingTime"": ""00:00:00"", ""closingTime"": ""23:59:59""}, ""saturday"": {""openingTime"": ""00:00:00"", ""closingTime"": ""23:59:59""}}",,official_next_data; branchStatus=Open
gb_74dcfe3a58,The Gym Group,The Gym Group Uxbridge,The Gym Group Uxbridge,60 Vine Street,UB8 1TD,Uxbridge,United Kingdom,England,51.54464406501981,-0.478338785469532,READY_TO_IMPORT,VERIFIED_CURRENT,,official_locator,https://www.thegymgroup.com/find-a-gym/west-london-gyms/uxbridge/,https://www.thegymgroup.com/find-a-gym/west-london-gyms/uxbridge/,"{""monday"": {""openingTime"": ""00:00:00"", ""closingTime"": ""00:00:00""}, ""tuesday"": {""openingTime"": ""00:00:00"", ""closingTime"": ""00:00:00""}, ""wednesday"": {""openingTime"": ""00:00:00"", ""closingTime"": ""00:00:00""}, ""thursday"": {""openingTime"": ""00:00:00"", ""closingTime"": ""00:00:00""}, ""friday"": {""openingTime"": ""00:00:00"", ""closingTime"": ""00:00:00""}, ""saturday"": {""openingTime"": ""00:00:00"", ""closingTime"": ""00:00:00""}, ""sunday"": {""openingTime"": ""00:00:00"", ""closingTime"": ""00:00:00""}}",,official_next_data; branchStatus=Open
gb_56cab53c5f,The Gym Group,The Gym Group London Vauxhall,The Gym Group London Vauxhall,6a St George Wharf,SW8 2LE,"Vauxhall, London",United Kingdom,England,51.48563323033158,-0.1270321011543274,READY_TO_IMPORT,VERIFIED_CURRENT,,official_locator,https://www.thegymgroup.com/find-a-gym/south-london-gyms/vauxhall/,https://www.thegymgroup.com/find-a-gym/south-london-gyms/vauxhall/,"{""monday"": {""openingTime"": ""00:00:00"", ""closingTime"": ""00:00:00""}, ""tuesday"": {""openingTime"": ""00:00:00"", ""closingTime"": ""00:00:00""}, ""wednesday"": {""openingTime"": ""00:00:00"", ""closingTime"": ""00:00:00""}, ""thursday"": {""openingTime"": ""00:00:00"", ""closingTime"": ""00:00:00""}, ""friday"": {""openingTime"": ""00:00:00"", ""closingTime"": ""00:00:00""}, ""saturday"": {""openingTime"": ""00:00:00"", ""closingTime"": ""00:00:00""}, ""sunday"": {""openingTime"": ""00:00:00"", ""closingTime"": ""00:00:00""}}",,official_next_data; branchStatus=Open
gb_46f59237a6,The Gym Group,The Gym Group London Walthamstow,The Gym Group London Walthamstow,The Mall Unit 56 Selborne Walk,E17 7JR,"Walthamstow, Greater London",United Kingdom,England,51.58424,-0.02233,READY_TO_IMPORT,VERIFIED_CURRENT,,official_locator,https://www.thegymgroup.com/find-a-gym/east-london-gyms/walthamstow/,https://www.thegymgroup.com/find-a-gym/east-london-gyms/walthamstow/,"{""monday"": {""openingTime"": ""00:00:00"", ""closingTime"": ""00:00:00""}, ""tuesday"": {""openingTime"": ""00:00:00"", ""closingTime"": ""00:00:00""}, ""wednesday"": {""openingTime"": ""00:00:00"", ""closingTime"": ""00:00:00""}, ""thursday"": {""openingTime"": ""00:00:00"", ""closingTime"": ""00:00:00""}, ""friday"": {""openingTime"": ""00:00:00"", ""closingTime"": ""00:00:00""}, ""saturday"": {""openingTime"": ""00:00:00"", ""closingTime"": ""00:00:00""}, ""sunday"": {""openingTime"": ""00:00:00"", ""closingTime"": ""00:00:00""}}",,official_next_data; branchStatus=Open
gb_918eec02e5,The Gym Group,The Gym Group London Wandsworth,The Gym Group London Wandsworth,Southside Shopping Centre Garratt Lane,SW18 4TF,"Wandsworth, London",United Kingdom,England,51.4559082,-0.1926299,READY_TO_IMPORT,VERIFIED_CURRENT,,official_locator,https://www.thegymgroup.com/find-a-gym/south-london-gyms/wandsworth/,https://www.thegymgroup.com/find-a-gym/south-london-gyms/wandsworth/,"{""monday"": {""openingTime"": ""00:00:00"", ""closingTime"": ""00:00:00""}, ""tuesday"": {""openingTime"": ""00:00:00"", ""closingTime"": ""00:00:00""}, ""wednesday"": {""openingTime"": ""00:00:00"", ""closingTime"": ""00:00:00""}, ""thursday"": {""openingTime"": ""00:00:00"", ""closingTime"": ""00:00:00""}, ""friday"": {""openingTime"": ""00:00:00"", ""closingTime"": ""00:00:00""}, ""saturday"": {""openingTime"": ""00:00:00"", ""closingTime"": ""00:00:00""}, ""sunday"": {""openingTime"": ""00:00:00"", ""closingTime"": ""00:00:00""}}",,official_next_data; branchStatus=Open
gb_aae2cb60d0,The Gym Group,The Gym Group London Waterloo,The Gym Group London Waterloo,Barons Place 195-203 Waterloo Road,SE1 8UX,"Waterloo, London",United Kingdom,England,51.5005927,-0.1075594,READY_TO_IMPORT,VERIFIED_CURRENT,,official_locator,https://www.thegymgroup.com/find-a-gym/south-london-gyms/waterloo/,https://www.thegymgroup.com/find-a-gym/south-london-gyms/waterloo/,"{""monday"": {""openingTime"": ""00:00:00"", ""closingTime"": ""00:00:00""}, ""tuesday"": {""openingTime"": ""00:00:00"", ""closingTime"": ""00:00:00""}, ""wednesday"": {""openingTime"": ""00:00:00"", ""closingTime"": ""00:00:00""}, ""thursday"": {""openingTime"": ""00:00:00"", ""closingTime"": ""00:00:00""}, ""friday"": {""openingTime"": ""00:00:00"", ""closingTime"": ""00:00:00""}, ""saturday"": {""openingTime"": ""00:00:00"", ""closingTime"": ""00:00:00""}, ""sunday"": {""openingTime"": ""00:00:00"", ""closingTime"": ""00:00:00""}}",,official_next_data; branchStatus=Open
gb_7b3eb676be,The Gym Group,The Gym Group Waterlooville,The Gym Group Waterlooville,"Unit 7, Wellington Retail Park",PO7 7FG,Waterlooville,United Kingdom,England,,,COMING_SOON,COMING_SOON,,official_locator,https://www.thegymgroup.com/find-a-gym/waterlooville-gyms/waterlooville/,https://www.thegymgroup.com/find-a-gym/waterlooville-gyms/waterlooville/,"{""sunday"": {""openingTime"": ""00:00:00"", ""closingTime"": ""23:59:59""}, ""monday"": {""openingTime"": ""00:00:00"", ""closingTime"": ""23:59:59""}, ""tuesday"": {""openingTime"": ""00:00:00"", ""closingTime"": ""23:59:59""}, ""wednesday"": {""openingTime"": ""00:00:00"", ""closingTime"": ""23:59:59""}, ""thursday"": {""openingTime"": ""00:00:00"", ""closingTime"": ""23:59:59""}, ""friday"": {""openingTime"": ""00:00:00"", ""closingTime"": ""23:59:59""}, ""saturday"": {""openingTime"": ""00:00:00"", ""closingTime"": ""23:59:59""}}",,official_next_data; branchStatus=Opening Soon
gb_6aceb3cf08,The Gym Group,The Gym Group Watford,The Gym Group Watford,Unit 15 Imperial Park Imperial Way,WD24 4JF,"Watford, Hertfordshire",United Kingdom,England,51.6713348,-0.3925151,READY_TO_IMPORT,VERIFIED_CURRENT,,official_locator,https://www.thegymgroup.com/find-a-gym/north-london-gyms/watford/,https://www.thegymgroup.com/find-a-gym/north-london-gyms/watford/,"{""monday"": {""openingTime"": ""00:00:00"", ""closingTime"": ""00:00:00""}, ""tuesday"": {""openingTime"": ""00:00:00"", ""closingTime"": ""00:00:00""}, ""wednesday"": {""openingTime"": ""00:00:00"", ""closingTime"": ""00:00:00""}, ""thursday"": {""openingTime"": ""00:00:00"", ""closingTime"": ""00:00:00""}, ""friday"": {""openingTime"": ""00:00:00"", ""closingTime"": ""00:00:00""}, ""saturday"": {""openingTime"": ""00:00:00"", ""closingTime"": ""00:00:00""}, ""sunday"": {""openingTime"": ""00:00:00"", ""closingTime"": ""00:00:00""}}",,official_next_data; branchStatus=Open
gb_9e187ac052,The Gym Group,The Gym Group London Wealdstone,The Gym Group London Wealdstone,35-43 High Street,HA3 5DE,"Wealdstone, Harrow",United Kingdom,England,51.5959387645719,-0.33014941960573196,READY_TO_IMPORT,VERIFIED_CURRENT,,official_locator,https://www.thegymgroup.com/find-a-gym/north-london-gyms/wealdstone/,https://www.thegymgroup.com/find-a-gym/north-london-gyms/wealdstone/,"{""monday"": {""openingTime"": ""00:00:00"", ""closingTime"": ""00:00:00""}, ""tuesday"": {""openingTime"": ""00:00:00"", ""closingTime"": ""00:00:00""}, ""wednesday"": {""openingTime"": ""00:00:00"", ""closingTime"": ""00:00:00""}, ""thursday"": {""openingTime"": ""00:00:00"", ""closingTime"": ""00:00:00""}, ""friday"": {""openingTime"": ""00:00:00"", ""closingTime"": ""00:00:00""}, ""saturday"": {""openingTime"": ""00:00:00"", ""closingTime"": ""00:00:00""}, ""sunday"": {""openingTime"": ""00:00:00"", ""closingTime"": ""00:00:00""}}",,official_next_data; branchStatus=Open
gb_3330cf9d26,The Gym Group,The Gym Group Welwyn Garden City,The Gym Group Welwyn Garden City,"Unit 29, The Howard Centre",AL8 6HA,Welwyn Garden City,United Kingdom,England,51.800482052824776,-0.20440181490789736,READY_TO_IMPORT,VERIFIED_CURRENT,,official_locator,https://www.thegymgroup.com/find-a-gym/welwyn-garden-city-gyms/welwyn-garden-city/,https://www.thegymgroup.com/find-a-gym/welwyn-garden-city-gyms/welwyn-garden-city/,"{""sunday"": {""openingTime"": ""00:00:00"", ""closingTime"": ""23:59:59""}, ""monday"": {""openingTime"": ""00:00:00"", ""closingTime"": ""23:59:59""}, ""tuesday"": {""openingTime"": ""00:00:00"", ""closingTime"": ""23:59:59""}, ""wednesday"": {""openingTime"": ""00:00:00"", ""closingTime"": ""23:59:59""}, ""thursday"": {""openingTime"": ""00:00:00"", ""closingTime"": ""23:59:59""}, ""friday"": {""openingTime"": ""00:00:00"", ""closingTime"": ""23:59:59""}, ""saturday"": {""openingTime"": ""00:00:00"", ""closingTime"": ""23:59:59""}}",,official_next_data; branchStatus=Open
gb_1b1d55cb42,The Gym Group,The Gym Group London Wembley Park,The Gym Group London Wembley Park,Empire Way,HA9 0NH,Wembley,United Kingdom,England,51.5595830059904,-0.28438590466976166,READY_TO_IMPORT,VERIFIED_CURRENT,,official_locator,https://www.thegymgroup.com/find-a-gym/north-london-gyms/wembley-park/,https://www.thegymgroup.com/find-a-gym/north-london-gyms/wembley-park/,"{""monday"": {""openingTime"": ""00:00:00"", ""closingTime"": ""00:00:00""}, ""tuesday"": {""openingTime"": ""00:00:00"", ""closingTime"": ""00:00:00""}, ""wednesday"": {""openingTime"": ""00:00:00"", ""closingTime"": ""00:00:00""}, ""thursday"": {""openingTime"": ""00:00:00"", ""closingTime"": ""00:00:00""}, ""friday"": {""openingTime"": ""00:00:00"", ""closingTime"": ""00:00:00""}, ""saturday"": {""openingTime"": ""00:00:00"", ""closingTime"": ""00:00:00""}, ""sunday"": {""openingTime"": ""00:00:00"", ""closingTime"": ""00:00:00""}}",,official_next_data; branchStatus=Open
gb_3e9e1d3b48,The Gym Group,The Gym Group London Wembley Central,The Gym Group London Wembley Central,Unit 11 & 12 Central Square High Road,HA9 7AJ,"Wembley, Wembley",United Kingdom,England,51.5521586,-0.2962226,READY_TO_IMPORT,VERIFIED_CURRENT,,official_locator,https://www.thegymgroup.com/find-a-gym/north-london-gyms/wembley/,https://www.thegymgroup.com/find-a-gym/north-london-gyms/wembley/,"{""monday"": {""openingTime"": ""00:00:00"", ""closingTime"": ""00:00:00""}, ""tuesday"": {""openingTime"": ""00:00:00"", ""closingTime"": ""00:00:00""}, ""wednesday"": {""openingTime"": ""00:00:00"", ""closingTime"": ""00:00:00""}, ""thursday"": {""openingTime"": ""00:00:00"", ""closingTime"": ""00:00:00""}, ""friday"": {""openingTime"": ""00:00:00"", ""closingTime"": ""00:00:00""}, ""saturday"": {""openingTime"": ""00:00:00"", ""closingTime"": ""00:00:00""}, ""sunday"": {""openingTime"": ""00:00:00"", ""closingTime"": ""00:00:00""}}",,official_next_data; branchStatus=Open
gb_2b398c9cd1,The Gym Group,The Gym Group London West Hampstead,The Gym Group London West Hampstead,Unit D2 41 Fortune Green Road,NW6 1DR,"West Hampstead, London",United Kingdom,England,51.55507,-0.197063,READY_TO_IMPORT,VERIFIED_CURRENT,,official_locator,https://www.thegymgroup.com/find-a-gym/north-london-gyms/west-hampstead/,https://www.thegymgroup.com/find-a-gym/north-london-gyms/west-hampstead/,"{""monday"": {""openingTime"": ""00:00:00"", ""closingTime"": ""00:00:00""}, ""tuesday"": {""openingTime"": ""00:00:00"", ""closingTime"": ""00:00:00""}, ""wednesday"": {""openingTime"": ""00:00:00"", ""closingTime"": ""00:00:00""}, ""thursday"": {""openingTime"": ""00:00:00"", ""closingTime"": ""00:00:00""}, ""friday"": {""openingTime"": ""00:00:00"", ""closingTime"": ""00:00:00""}, ""saturday"": {""openingTime"": ""00:00:00"", ""closingTime"": ""00:00:00""}, ""sunday"": {""openingTime"": ""00:00:00"", ""closingTime"": ""00:00:00""}}",,official_next_data; branchStatus=Open
gb_900d464936,The Gym Group,The Gym Group Birmingham Broad Street,The Gym Group Birmingham Broad Street,"Broadway, Ladywood Middleway, Birmingham",B16 8HA,West Midlands,United Kingdom,England,52.4745165,-1.9186161,READY_TO_IMPORT,VERIFIED_CURRENT,,official_locator,https://www.thegymgroup.com/find-a-gym/birmingham-gyms/birmingham-broad-street/,https://www.thegymgroup.com/find-a-gym/birmingham-gyms/birmingham-broad-street/,"{""sunday"": {""openingTime"": ""00:00:00"", ""closingTime"": ""23:59:59""}, ""monday"": {""openingTime"": ""00:00:00"", ""closingTime"": ""23:59:59""}, ""tuesday"": {""openingTime"": ""00:00:00"", ""closingTime"": ""23:59:59""}, ""wednesday"": {""openingTime"": ""00:00:00"", ""closingTime"": ""23:59:59""}, ""thursday"": {""openingTime"": ""00:00:00"", ""closingTime"": ""23:59:59""}, ""friday"": {""openingTime"": ""00:00:00"", ""closingTime"": ""23:59:59""}, ""saturday"": {""openingTime"": ""00:00:00"", ""closingTime"": ""23:59:59""}}",,official_next_data; branchStatus=Open
gb_3743e1f634,The Gym Group,The Gym Group Birmingham Kingsbury Road,The Gym Group Birmingham Kingsbury Road,"973 Kingsbury Road, Erdington, Birmingham",B24 9QB,West Midlands,United Kingdom,England,52.517323,-1.805362,READY_TO_IMPORT,VERIFIED_CURRENT,,official_locator,https://www.thegymgroup.com/find-a-gym/birmingham-gyms/birmingham-kingsbury-road/,https://www.thegymgroup.com/find-a-gym/birmingham-gyms/birmingham-kingsbury-road/,"{""sunday"": {""openingTime"": ""00:00:00"", ""closingTime"": ""23:59:59""}, ""monday"": {""openingTime"": ""00:00:00"", ""closingTime"": ""23:59:59""}, ""tuesday"": {""openingTime"": ""00:00:00"", ""closingTime"": ""23:59:59""}, ""wednesday"": {""openingTime"": ""00:00:00"", ""closingTime"": ""23:59:59""}, ""thursday"": {""openingTime"": ""00:00:00"", ""closingTime"": ""23:59:59""}, ""friday"": {""openingTime"": ""00:00:00"", ""closingTime"": ""23:59:59""}, ""saturday"": {""openingTime"": ""00:00:00"", ""closingTime"": ""23:59:59""}}",,official_next_data; branchStatus=Open
gb_d30f3e9c90,The Gym Group,The Gym Group Stourbridge,The Gym Group Stourbridge,"103 Birmingham Street, Stourbridge",DY8 1JR,West Midlands,United Kingdom,England,52.457629,-2.139914,READY_TO_IMPORT,VERIFIED_CURRENT,,official_locator,https://www.thegymgroup.com/find-a-gym/birmingham-gyms/stourbridge/,https://www.thegymgroup.com/find-a-gym/birmingham-gyms/stourbridge/,"{""sunday"": {""openingTime"": ""00:00:00"", ""closingTime"": ""23:59:59""}, ""monday"": {""openingTime"": ""00:00:00"", ""closingTime"": ""23:59:59""}, ""tuesday"": {""openingTime"": ""00:00:00"", ""closingTime"": ""23:59:59""}, ""wednesday"": {""openingTime"": ""00:00:00"", ""closingTime"": ""23:59:59""}, ""thursday"": {""openingTime"": ""00:00:00"", ""closingTime"": ""23:59:59""}, ""friday"": {""openingTime"": ""00:00:00"", ""closingTime"": ""23:59:59""}, ""saturday"": {""openingTime"": ""00:00:00"", ""closingTime"": ""23:59:59""}}",,official_next_data; branchStatus=Open
gb_8cd4b57ce2,The Gym Group,The Gym Group Huddersfield,The Gym Group Huddersfield,"Ringway industrial Estate, Beck Road, Huddersfield",HD1 5DG,West Yorkshire,United Kingdom,England,53.654928,-1.784775,READY_TO_IMPORT,VERIFIED_CURRENT,,official_locator,https://www.thegymgroup.com/find-a-gym/huddersfield-gyms/huddersfield/,https://www.thegymgroup.com/find-a-gym/huddersfield-gyms/huddersfield/,"{""sunday"": {""openingTime"": ""00:00:00"", ""closingTime"": ""23:59:59""}, ""monday"": {""openingTime"": ""00:00:00"", ""closingTime"": ""23:59:59""}, ""tuesday"": {""openingTime"": ""00:00:00"", ""closingTime"": ""23:59:59""}, ""wednesday"": {""openingTime"": ""00:00:00"", ""closingTime"": ""23:59:59""}, ""thursday"": {""openingTime"": ""00:00:00"", ""closingTime"": ""23:59:59""}, ""friday"": {""openingTime"": ""00:00:00"", ""closingTime"": ""23:59:59""}, ""saturday"": {""openingTime"": ""00:00:00"", ""closingTime"": ""23:59:59""}}",,official_next_data; branchStatus=Open
gb_db9a33f607,The Gym Group,The Gym Group Leeds Meanwood,The Gym Group Leeds Meanwood,"Former Magnet Unit, Meanwood Road, Leeds",LS7 2RB,West Yorkshire,United Kingdom,England,53.809336,-1.537867,READY_TO_IMPORT,VERIFIED_CURRENT,,official_locator,https://www.thegymgroup.com/find-a-gym/leeds-gyms/leeds-meanwood/,https://www.thegymgroup.com/find-a-gym/leeds-gyms/leeds-meanwood/,"{""sunday"": {""openingTime"": ""00:00:00"", ""closingTime"": ""23:59:59""}, ""monday"": {""openingTime"": ""00:00:00"", ""closingTime"": ""23:59:59""}, ""tuesday"": {""openingTime"": ""00:00:00"", ""closingTime"": ""23:59:59""}, ""wednesday"": {""openingTime"": ""00:00:00"", ""closingTime"": ""23:59:59""}, ""thursday"": {""openingTime"": ""00:00:00"", ""closingTime"": ""23:59:59""}, ""friday"": {""openingTime"": ""00:00:00"", ""closingTime"": ""23:59:59""}, ""saturday"": {""openingTime"": ""00:00:00"", ""closingTime"": ""23:59:59""}}",,official_next_data; branchStatus=Open
gb_26b675739e,The Gym Group,The Gym Group Wakefield,The Gym Group Wakefield,"Unit 3, Antel Development Dewsbury Road, Wakefield",WF2 9BL,West Yorkshire,United Kingdom,England,53.678701,-1.516547,READY_TO_IMPORT,VERIFIED_CURRENT,,official_locator,https://www.thegymgroup.com/find-a-gym/wakefield-gyms/wakefield/,https://www.thegymgroup.com/find-a-gym/wakefield-gyms/wakefield/,"{""sunday"": {""openingTime"": ""00:00:00"", ""closingTime"": ""23:59:59""}, ""monday"": {""openingTime"": ""00:00:00"", ""closingTime"": ""23:59:59""}, ""tuesday"": {""openingTime"": ""00:00:00"", ""closingTime"": ""23:59:59""}, ""wednesday"": {""openingTime"": ""00:00:00"", ""closingTime"": ""23:59:59""}, ""thursday"": {""openingTime"": ""00:00:00"", ""closingTime"": ""23:59:59""}, ""friday"": {""openingTime"": ""00:00:00"", ""closingTime"": ""23:59:59""}, ""saturday"": {""openingTime"": ""00:00:00"", ""closingTime"": ""23:59:59""}}",,official_next_data; branchStatus=Open
gb_63aa57410d,The Gym Group,The Gym Group Weymouth,The Gym Group Weymouth,Weymouth Town Centre - Location Coming Soon,,Weymouth,United Kingdom,,,,COMING_SOON,COMING_SOON,,official_locator,https://www.thegymgroup.com/find-a-gym/weymouth-gyms/weymouth/,https://www.thegymgroup.com/find-a-gym/weymouth-gyms/weymouth/,"{""sunday"": {""openingTime"": ""00:00:00"", ""closingTime"": ""23:59:59""}, ""monday"": {""openingTime"": ""00:00:00"", ""closingTime"": ""23:59:59""}, ""tuesday"": {""openingTime"": ""00:00:00"", ""closingTime"": ""23:59:59""}, ""wednesday"": {""openingTime"": ""00:00:00"", ""closingTime"": ""23:59:59""}, ""thursday"": {""openingTime"": ""00:00:00"", ""closingTime"": ""23:59:59""}, ""friday"": {""openingTime"": ""00:00:00"", ""closingTime"": ""23:59:59""}, ""saturday"": {""openingTime"": ""00:00:00"", ""closingTime"": ""23:59:59""}}",,official_next_data; branchStatus=Opening Soon
gb_61e8a0232b,The Gym Group,The Gym Group Handforth Wilmslow,The Gym Group Handforth Wilmslow,"Epsom Avenue, Handforth",SK9 3PW,Wilmslow,United Kingdom,England,53.3501138,-2.2095649,READY_TO_IMPORT,VERIFIED_CURRENT,,official_locator,https://www.thegymgroup.com/find-a-gym/wilmslow-gyms/handforth-wilmslow/,https://www.thegymgroup.com/find-a-gym/wilmslow-gyms/handforth-wilmslow/,"{""sunday"": {""openingTime"": ""00:00:00"", ""closingTime"": ""23:59:59""}, ""monday"": {""openingTime"": ""00:00:00"", ""closingTime"": ""23:59:59""}, ""tuesday"": {""openingTime"": ""00:00:00"", ""closingTime"": ""23:59:59""}, ""wednesday"": {""openingTime"": ""00:00:00"", ""closingTime"": ""23:59:59""}, ""thursday"": {""openingTime"": ""00:00:00"", ""closingTime"": ""23:59:59""}, ""friday"": {""openingTime"": ""00:00:00"", ""closingTime"": ""23:59:59""}, ""saturday"": {""openingTime"": ""00:00:00"", ""closingTime"": ""23:59:59""}}",,official_next_data; branchStatus=Open
gb_f58880d832,The Gym Group,The Gym Group Woking,The Gym Group Woking,24-27 Bandstand Mall Victoria Shopping Centre,GU21 6GB,Woking,United Kingdom,England,51.3194615,-0.5589506,READY_TO_IMPORT,VERIFIED_CURRENT,,official_locator,https://www.thegymgroup.com/find-a-gym/woking-gyms/woking/,https://www.thegymgroup.com/find-a-gym/woking-gyms/woking/,"{""monday"": {""openingTime"": ""00:00:00"", ""closingTime"": ""00:00:00""}, ""tuesday"": {""openingTime"": ""00:00:00"", ""closingTime"": ""00:00:00""}, ""wednesday"": {""openingTime"": ""00:00:00"", ""closingTime"": ""00:00:00""}, ""thursday"": {""openingTime"": ""00:00:00"", ""closingTime"": ""00:00:00""}, ""friday"": {""openingTime"": ""00:00:00"", ""closingTime"": ""00:00:00""}, ""saturday"": {""openingTime"": ""00:00:00"", ""closingTime"": ""00:00:00""}, ""sunday"": {""openingTime"": ""00:00:00"", ""closingTime"": ""00:00:00""}}",,official_next_data; branchStatus=Open
gb_70f155b977,The Gym Group,The Gym Group Wolverhampton,The Gym Group Wolverhampton,"Alexandra Street, Wolverhampton",WV3 0TE,Wolverhampton,United Kingdom,England,52.582273,-2.134242,READY_TO_IMPORT,VERIFIED_CURRENT,,official_locator,https://www.thegymgroup.com/find-a-gym/wolverhampton-gyms/wolverhampton/,https://www.thegymgroup.com/find-a-gym/wolverhampton-gyms/wolverhampton/,"{""sunday"": {""openingTime"": ""00:00:00"", ""closingTime"": ""23:59:59""}, ""monday"": {""openingTime"": ""00:00:00"", ""closingTime"": ""23:59:59""}, ""tuesday"": {""openingTime"": ""00:00:00"", ""closingTime"": ""23:59:59""}, ""wednesday"": {""openingTime"": ""00:00:00"", ""closingTime"": ""23:59:59""}, ""thursday"": {""openingTime"": ""00:00:00"", ""closingTime"": ""23:59:59""}, ""friday"": {""openingTime"": ""00:00:00"", ""closingTime"": ""23:59:59""}, ""saturday"": {""openingTime"": ""00:00:00"", ""closingTime"": ""23:59:59""}}",,official_next_data; branchStatus=Open
gb_3ae0ef7590,The Gym Group,The Gym Group London Wood Green Lordship Lane,The Gym Group London Wood Green Lordship Lane,725 - 731 Lordship Lane,N22 5JX,"Wood Green, London",United Kingdom,England,51.59705887538033,-0.10791137272599371,READY_TO_IMPORT,VERIFIED_CURRENT,,official_locator,https://www.thegymgroup.com/find-a-gym/north-london-gyms/wood-green-lordship-lane/,https://www.thegymgroup.com/find-a-gym/north-london-gyms/wood-green-lordship-lane/,"{""monday"": {""openingTime"": ""00:00:00"", ""closingTime"": ""00:00:00""}, ""tuesday"": {""openingTime"": ""00:00:00"", ""closingTime"": ""00:00:00""}, ""wednesday"": {""openingTime"": ""00:00:00"", ""closingTime"": ""00:00:00""}, ""thursday"": {""openingTime"": ""00:00:00"", ""closingTime"": ""00:00:00""}, ""friday"": {""openingTime"": ""00:00:00"", ""closingTime"": ""00:00:00""}, ""saturday"": {""openingTime"": ""00:00:00"", ""closingTime"": ""00:00:00""}, ""sunday"": {""openingTime"": ""00:00:00"", ""closingTime"": ""00:00:00""}}",,official_next_data; branchStatus=Open
gb_03ee1ff844,The Gym Group,The Gym Group London Wood Green The Mall,The Gym Group London Wood Green The Mall,The Mall 98-100 High Road,N22 6YQ,"Wood Green, London",United Kingdom,England,51.5941911,-0.1078635,READY_TO_IMPORT,VERIFIED_CURRENT,,official_locator,https://www.thegymgroup.com/find-a-gym/north-london-gyms/wood-green-the-mall/,https://www.thegymgroup.com/find-a-gym/north-london-gyms/wood-green-the-mall/,"{""monday"": {""openingTime"": ""00:00:00"", ""closingTime"": ""00:00:00""}, ""tuesday"": {""openingTime"": ""00:00:00"", ""closingTime"": ""00:00:00""}, ""wednesday"": {""openingTime"": ""00:00:00"", ""closingTime"": ""00:00:00""}, ""thursday"": {""openingTime"": ""00:00:00"", ""closingTime"": ""00:00:00""}, ""friday"": {""openingTime"": ""00:00:00"", ""closingTime"": ""00:00:00""}, ""saturday"": {""openingTime"": ""00:00:00"", ""closingTime"": ""00:00:00""}, ""sunday"": {""openingTime"": ""00:00:00"", ""closingTime"": ""00:00:00""}}",,official_next_data; branchStatus=Open
gb_e5be3eae67,The Gym Group,The Gym Group Worthing,The Gym Group Worthing,Unit 2 Lyons Farm Retail Park,BN14 9LA,Worthing,United Kingdom,England,50.8361272,-0.3666837,READY_TO_IMPORT,VERIFIED_CURRENT,,official_locator,https://www.thegymgroup.com/find-a-gym/worthing-gyms/worthing/,https://www.thegymgroup.com/find-a-gym/worthing-gyms/worthing/,"{""monday"": {""openingTime"": ""00:00:00"", ""closingTime"": ""00:00:00""}, ""tuesday"": {""openingTime"": ""00:00:00"", ""closingTime"": ""00:00:00""}, ""wednesday"": {""openingTime"": ""00:00:00"", ""closingTime"": ""00:00:00""}, ""thursday"": {""openingTime"": ""00:00:00"", ""closingTime"": ""00:00:00""}, ""friday"": {""openingTime"": ""00:00:00"", ""closingTime"": ""00:00:00""}, ""saturday"": {""openingTime"": ""00:00:00"", ""closingTime"": ""00:00:00""}, ""sunday"": {""openingTime"": ""00:00:00"", ""closingTime"": ""00:00:00""}}",,official_next_data; branchStatus=Open
gb_fb879a67d0,The Gym Group,The Gym Group York Foss Island,The Gym Group York Foss Island,"Foss Islands Road, Layerthorpe",YO31 7UP,York,United Kingdom,England,53.960681,-1.072398,READY_TO_IMPORT,VERIFIED_CURRENT,,official_locator,https://www.thegymgroup.com/find-a-gym/york-gyms/york-foss-island/,https://www.thegymgroup.com/find-a-gym/york-gyms/york-foss-island/,"{""sunday"": {""openingTime"": ""00:00:00"", ""closingTime"": ""23:59:59""}, ""monday"": {""openingTime"": ""00:00:00"", ""closingTime"": ""23:59:59""}, ""tuesday"": {""openingTime"": ""00:00:00"", ""closingTime"": ""23:59:59""}, ""wednesday"": {""openingTime"": ""00:00:00"", ""closingTime"": ""23:59:59""}, ""thursday"": {""openingTime"": ""00:00:00"", ""closingTime"": ""23:59:59""}, ""friday"": {""openingTime"": ""00:00:00"", ""closingTime"": ""23:59:59""}, ""saturday"": {""openingTime"": ""00:00:00"", ""closingTime"": ""23:59:59""}}",,official_next_data; branchStatus=Open
gb_217b1e135a,The Gym Group,The Gym Group Beverley,The Gym Group Beverley,"Unit 2 Victoria Retail Park, Beverley",HU17 8XE,Yorkshire,United Kingdom,England,53.824316,-0.443374,READY_TO_IMPORT,VERIFIED_CURRENT,,official_locator,https://www.thegymgroup.com/find-a-gym/beverley-gyms/beverley/,https://www.thegymgroup.com/find-a-gym/beverley-gyms/beverley/,"{""sunday"": {""openingTime"": ""00:00:00"", ""closingTime"": ""23:59:59""}, ""monday"": {""openingTime"": ""00:00:00"", ""closingTime"": ""23:59:59""}, ""tuesday"": {""openingTime"": ""00:00:00"", ""closingTime"": ""23:59:59""}, ""wednesday"": {""openingTime"": ""00:00:00"", ""closingTime"": ""23:59:59""}, ""thursday"": {""openingTime"": ""00:00:00"", ""closingTime"": ""23:59:59""}, ""friday"": {""openingTime"": ""00:00:00"", ""closingTime"": ""23:59:59""}, ""saturday"": {""openingTime"": ""00:00:00"", ""closingTime"": ""23:59:59""}}",,official_next_data; branchStatus=Open
gb_51abd29883,Third Space,Third Space Battersea,Third Space Battersea,"Ground Floor, Prospect Way, Battersea Power Station",SW11 8BH,London,United Kingdom,England,51.480301,-0.143496,READY_TO_IMPORT,VERIFIED_CURRENT,ok,nominatim,https://www.thirdspace.london/clubs/battersea/,https://www.thirdspace.london/clubs/battersea/,,,official_club_page; phase2; phase2_address_overwrite
gb_163fb9ed95,Third Space,Third Space Canary Wharf,Third Space Canary Wharf,16-19 Canada Square,E14 5ER,London,United Kingdom,England,51.504599,-0.01632,READY_TO_IMPORT,VERIFIED_CURRENT,ok,nominatim,https://www.thirdspace.london/clubs/canary-wharf/,https://www.thirdspace.london/clubs/canary-wharf/,,,official_club_page; phase2; phase2_address_overwrite
gb_1a4d330172,Third Space,Third Space Chelsea,Third Space Chelsea,19 Mallord Street,SW3 6AP,London,United Kingdom,England,51.485566,-0.174609,READY_TO_IMPORT,VERIFIED_CURRENT,suspicious,nominatim,https://www.thirdspace.london/clubs/chelsea/,https://www.thirdspace.london/clubs/chelsea/,,,official_club_page; phase2; phase2_address_overwrite; soft_postal
gb_13bd7cbe55,Third Space,Third Space City,Third Space City,40 Mark Lane,EC3R 7AT,London,United Kingdom,England,51.510245,-0.080564,READY_TO_IMPORT,VERIFIED_CURRENT,suspicious,nominatim,https://www.thirdspace.london/clubs/city/,https://www.thirdspace.london/clubs/city/,,,official_club_page; phase2; soft_postal; phase2_address_overwrite
gb_c03f16b6df,Third Space,Third Space Clapham Junction,Third Space Clapham Junction,Lavender Hill,SW11 1LN,London,United Kingdom,England,51.463677,-0.167219,READY_TO_IMPORT,VERIFIED_CURRENT,ok,nominatim,https://www.thirdspace.london/clubs/clapham-junction/,https://www.thirdspace.london/clubs/clapham-junction/,,,official_club_page; phase2; phase2_address_overwrite
gb_7c01a4803b,Third Space,Third Space Islington,Third Space Islington,15 Esther Anne Place,N1 1UL,London,United Kingdom,England,51.538561,-0.103581,READY_TO_IMPORT,VERIFIED_CURRENT,ok,nominatim,https://www.thirdspace.london/clubs/islington/,https://www.thirdspace.london/clubs/islington/,,,official_club_page; phase2; phase2_address_overwrite
gb_9a631ac340,Third Space,Third Space Marylebone,Third Space Marylebone,Bulstrode Place,W1U 2HU,London,United Kingdom,England,51.518085,-0.150436,READY_TO_IMPORT,VERIFIED_CURRENT,ok,nominatim,https://www.thirdspace.london/clubs/marylebone/,https://www.thirdspace.london/clubs/marylebone/,,,official_club_page; phase2; phase2_address_overwrite
gb_e3af73fee8,Third Space,Third Space Mayfair,Third Space Mayfair,22 Clarges Street,W1J 5FA,London,United Kingdom,England,51.507468,-0.146023,READY_TO_IMPORT,VERIFIED_CURRENT,ok,nominatim,https://www.thirdspace.london/clubs/mayfair/,https://www.thirdspace.london/clubs/mayfair/,,,official_club_page; phase2; phase2_address_overwrite
gb_d4241c1fa5,Third Space,Third Space Moorgate,Third Space Moorgate,16 South Place,EC2M 2AQ,London,United Kingdom,England,51.518874,-0.086601,READY_TO_IMPORT,VERIFIED_CURRENT,suspicious,nominatim,https://www.thirdspace.london/clubs/moorgate/,https://www.thirdspace.london/clubs/moorgate/,,,official_club_page; phase2; phase2_address_overwrite; soft_postal
gb_503bbc510d,Third Space,Third Space Soho,Third Space Soho,67 Brewer Street,W1F 9US,London,United Kingdom,England,51.511329,-0.135897,READY_TO_IMPORT,VERIFIED_CURRENT,suspicious,nominatim,https://www.thirdspace.london/clubs/soho/,https://www.thirdspace.london/clubs/soho/,,,official_club_page; phase2; phase2_address_overwrite; soft_postal
gb_384d14eae3,Third Space,Third Space The Whiteley,Third Space The Whiteley,"The Whiteley, Queensway",W2 4YN,London,United Kingdom,England,51.5115,-0.1874,READY_TO_IMPORT,VERIFIED_CURRENT,ok,official_json_ld,https://www.thirdspace.london/clubs/the-whiteley/,https://www.thirdspace.london/clubs/the-whiteley/,,,official_club_page; phase2; phase2_address_overwrite; demoted_outward_mismatch:W2 4YN->PO15 7LB; phase2_coord_recovery_official
gb_4f29bc3b51,Third Space,Third Space Tower Bridge,Third Space Tower Bridge,2b More London Riverside,SE1 2AP,London,United Kingdom,England,51.505235,-0.079741,READY_TO_IMPORT,VERIFIED_CURRENT,ok,nominatim,https://www.thirdspace.london/clubs/tower-bridge/,https://www.thirdspace.london/clubs/tower-bridge/,,,official_club_page; phase2; phase2_address_overwrite
gb_eca9d35527,Third Space,Third Space Wimbledon,Third Space Wimbledon,4 Queen's Road,SW19 8YE,London,United Kingdom,England,51.420789,-0.205063,READY_TO_IMPORT,VERIFIED_CURRENT,suspicious,nominatim,https://www.thirdspace.london/clubs/wimbledon/,https://www.thirdspace.london/clubs/wimbledon/,,,official_club_page; phase2; phase2_address_overwrite; soft_postal
gb_e84cf47085,Third Space,Third Space Wood Wharf,Third Space Wood Wharf,14 Charter Street,E14 5GZ,London,United Kingdom,England,51.50313,-0.012737,READY_TO_IMPORT,VERIFIED_CURRENT,ok,nominatim,https://www.thirdspace.london/clubs/wood-wharf/,https://www.thirdspace.london/clubs/wood-wharf/,,,official_club_page; phase2; phase2_address_overwrite
gb_b975bea0f7,Third Space,Third Space Paternoster Square,Third Space Paternoster Square,,EC4M 7BW,Paternoster Square,United Kingdom,England,,,COMING_SOON,COMING_SOON,,,https://www.thirdspace.london/clubs/paternoster-square/,https://www.thirdspace.london/clubs/paternoster-square/,,,official_club_page; phase2
gb_b8f21fafb6,Third Space,Third Space Queen's Park,Third Space Queen's Park,,NW6 6RG,Queen's Park,United Kingdom,England,,,COMING_SOON,COMING_SOON,,,https://www.thirdspace.london/clubs/queens-park/,https://www.thirdspace.london/clubs/queens-park/,,,official_club_page; phase2
gb_1b93f0f096,Third Space,Third Space Richmond,Third Space Richmond,4 Golden Court,TW9 1EU,Richmond,United Kingdom,England,51.460224,-0.306258,READY_TO_IMPORT,VERIFIED_CURRENT,ok,nominatim,https://www.thirdspace.london/clubs/richmond/,https://www.thirdspace.london/clubs/richmond/,,,official_club_page; phase2; phase2_address_overwrite
gb_14056416e6,Total Fitness,Total Fitness Altrincham,Total Fitness Altrincham,Denmark Street,WA14 2DE,Altrincham,United Kingdom,England,53.384805,-2.350616,READY_TO_IMPORT,VERIFIED_CURRENT,suspicious,nominatim,https://www.totalfitness.co.uk/clubs/altrincham/,https://www.totalfitness.co.uk/clubs/altrincham/,,,official_join_directory; phase2; soft_postal
gb_de1ed10863,Total Fitness,Total Fitness Bolton,Total Fitness Bolton,Waters Meeting Road,BL1 8TT,Bolton,United Kingdom,England,,,NEEDS_COORDINATES,VERIFIED_CURRENT,failed,,https://www.totalfitness.co.uk/clubs/bolton/,https://www.totalfitness.co.uk/clubs/bolton/,,,official_join_directory; phase2
gb_c7afbd78d8,Total Fitness,Total Fitness Chester,Total Fitness Chester,Liverpool Road,CH2 1AQ,Chester,United Kingdom,England,53.201514,-2.895305,READY_TO_IMPORT,VERIFIED_CURRENT,suspicious,nominatim,https://www.totalfitness.co.uk/clubs/chester/,https://www.totalfitness.co.uk/clubs/chester/,,,official_join_directory; phase2; soft_postal
gb_7229b17d0c,Total Fitness,Total Fitness Hull,Total Fitness Hull,"Willerby Hill Business Park, Beverley Road, Willerby",HU10 6FE,Hull,United Kingdom,England,53.772694,-0.448881,READY_TO_IMPORT,VERIFIED_CURRENT,suspicious,nominatim,https://www.totalfitness.co.uk/clubs/hull/,https://www.totalfitness.co.uk/clubs/hull/,,,official_join_directory; phase2; soft_postal
gb_c1e1fd52f7,Total Fitness,Total Fitness Lincoln,Total Fitness Lincoln,"Whisby Road, Lincoln Fields",LN6 3TA,Lincoln,United Kingdom,England,53.202514,-0.6159,READY_TO_IMPORT,VERIFIED_CURRENT,ok,nominatim,https://www.totalfitness.co.uk/clubs/lincoln/,https://www.totalfitness.co.uk/clubs/lincoln/,,,official_join_directory; phase2
gb_cfbaa6c1f7,Total Fitness,Total Fitness Aintree-Sefton,Total Fitness Aintree-Sefton,"Northern Perimeter Road, off Switch Island, Bootle",L30 7PT,Liverpool,United Kingdom,England,53.491681,-2.955283,READY_TO_IMPORT,VERIFIED_CURRENT,suspicious,nominatim,https://www.totalfitness.co.uk/clubs/aintree-sefton/,https://www.totalfitness.co.uk/clubs/aintree-sefton/,,,official_join_directory; phase2; soft_postal
gb_bab9b118f9,Total Fitness,Total Fitness Prenton,Total Fitness Prenton,"Total Fitness Roundabout, Prenton Way",CH43 3DU,Prenton,United Kingdom,England,,,NEEDS_COORDINATES,VERIFIED_CURRENT,failed,,https://www.totalfitness.co.uk/clubs/prenton/,https://www.totalfitness.co.uk/clubs/prenton/,,,official_join_directory; phase2
gb_8cf9121baf,Total Fitness,Total Fitness Preston,Total Fitness Preston,West Strand Road,PR1 8UY,Preston,United Kingdom,England,53.761013,-2.718462,READY_TO_IMPORT,VERIFIED_CURRENT,ok,nominatim,https://www.totalfitness.co.uk/clubs/preston/,https://www.totalfitness.co.uk/clubs/preston/,,,official_join_directory; phase2
gb_0cc5df04ce,Total Fitness,Total Fitness Teesside,Total Fitness Teesside,"Off the Mandale Triangle, Middlesbrough Road",TS17 7BN,Stockton,United Kingdom,England,54.557939,-1.290733,READY_TO_IMPORT,VERIFIED_CURRENT,suspicious,nominatim,https://www.totalfitness.co.uk/clubs/teesside/,https://www.totalfitness.co.uk/clubs/teesside/,,,official_join_directory; phase2; soft_postal
gb_d7e1113335,Total Fitness,Total Fitness Wakefield,Total Fitness Wakefield,"Silkwood Park, Fryers Way, Ossett",WF5 9TJ,Wakefield,United Kingdom,England,53.682514,-1.546882,READY_TO_IMPORT,VERIFIED_CURRENT,ok,nominatim,https://www.totalfitness.co.uk/clubs/wakefield/,https://www.totalfitness.co.uk/clubs/wakefield/,,,official_join_directory; phase2
gb_1cf056ced8,Total Fitness,Total Fitness Walkden,Total Fitness Walkden,4-6 New Ellesmere Approach,M28 3EE,Walkden,United Kingdom,England,,,NEEDS_COORDINATES,VERIFIED_CURRENT,failed,,https://www.totalfitness.co.uk/clubs/walkden/,https://www.totalfitness.co.uk/clubs/walkden/,,,official_join_directory; phase2
gb_9577c40f4d,Total Fitness,Total Fitness Whitefield,Total Fitness Whitefield,"Elm Square, Bury New Road, Whitefield",M45 7TA,Whitefield,United Kingdom,England,53.553712,-2.295889,READY_TO_IMPORT,VERIFIED_CURRENT,ok,nominatim,https://www.totalfitness.co.uk/clubs/whitefield/,https://www.totalfitness.co.uk/clubs/whitefield/,,,official_join_directory; phase2
gb_f2bd04f15e,Total Fitness,Total Fitness Wigan,Total Fitness Wigan,"A49/Warrington Road, Goose Green",WN3 6XD,Wigan,United Kingdom,England,53.517261,-2.652341,READY_TO_IMPORT,VERIFIED_CURRENT,suspicious,nominatim,https://www.totalfitness.co.uk/clubs/wigan/,https://www.totalfitness.co.uk/clubs/wigan/,,,official_join_directory; phase2; soft_postal
gb_f64aa77bab,Total Fitness,Total Fitness Wilmslow,Total Fitness Wilmslow,"Wilmslow Wilmslow Way, Wilmslow",SK9 3PE,Wilmslow,United Kingdom,England,,,NEEDS_COORDINATES,VERIFIED_CURRENT,failed,,https://www.totalfitness.co.uk/clubs/,https://www.totalfitness.co.uk/clubs/,,,official_clubs_directory; phase2; official_join_directory; phase2
gb_ebe916469d,Total Fitness,Total Fitness Wrexham,Total Fitness Wrexham,Stansty Road,LL11 2BU,Wrexham,United Kingdom,Wales,53.053138,-2.999752,READY_TO_IMPORT,VERIFIED_CURRENT,suspicious,nominatim,https://www.totalfitness.co.uk/clubs/wrexham/,https://www.totalfitness.co.uk/clubs/wrexham/,,,official_join_directory; phase2; soft_postal
gb_ab49344f49,Village Gym,Village Gym Ashton Moss,Village Gym Ashton Moss,Pamir Drive,OL7 0LY,Ashton-Under-Lyne,United Kingdom,England,53.48667,-2.112446,READY_TO_IMPORT,VERIFIED_CURRENT,,official_json_ld,https://www.villagegym.co.uk/locations/ashton-moss/,https://www.villagegym.co.uk/locations/ashton-moss/,,,official_location_page; phase2
gb_e6551d3543,Village Gym,Village Gym Basingstoke,Village Gym Basingstoke,Basing View,RG21 4EA,Basingstoke,United Kingdom,England,51.269367,-1.070702,READY_TO_IMPORT,VERIFIED_CURRENT,,official_json_ld,https://www.villagegym.co.uk/locations/basingstoke/,https://www.villagegym.co.uk/locations/basingstoke/,,,official_location_page; phase2
gb_7787bebe09,Village Gym,Village Gym Wirral,Village Gym Wirral,Pool Ln,CH62 4UE,Birkenhead,United Kingdom,England,53.348938,-2.985279,READY_TO_IMPORT,VERIFIED_CURRENT,,official_json_ld,https://www.villagegym.co.uk/locations/wirral/,https://www.villagegym.co.uk/locations/wirral/,,,official_location_page; phase2
gb_14c765572d,Village Gym,Village Gym Blackpool,Village Gym Blackpool,East Park Drive,FY3 8LL,Blackpool,United Kingdom,England,53.813171,-3.01527,READY_TO_IMPORT,VERIFIED_CURRENT,,official_json_ld,https://www.villagegym.co.uk/locations/blackpool/,https://www.villagegym.co.uk/locations/blackpool/,,,official_location_page; phase2
gb_0cd5159ad2,Village Gym,Village Gym Bournemouth,Village Gym Bournemouth,Deansleigh Road,BH7 7DZ,Bournemouth,United Kingdom,England,50.7467,-1.81939,READY_TO_IMPORT,VERIFIED_CURRENT,,official_json_ld,https://www.villagegym.co.uk/locations/bournemouth/,https://www.villagegym.co.uk/locations/bournemouth/,,,official_location_page; phase2
gb_df07e362a3,Village Gym,Village Gym Bracknell,Village Gym Bracknell,Bagshot Road,RG12 0QJ,Bracknell,United Kingdom,England,51.394478,-0.74275,READY_TO_IMPORT,VERIFIED_CURRENT,,official_json_ld,https://www.villagegym.co.uk/locations/bracknell/,https://www.villagegym.co.uk/locations/bracknell/,,,official_location_page; phase2
gb_d9283ebd63,Village Gym,Village Gym Cardiff,Village Gym Cardiff,29 Pendwyallt Rd,CF14 7EF,Cardiff,United Kingdom,Wales,51.5243006239531,-3.2394643804583434,READY_TO_IMPORT,VERIFIED_CURRENT,,official_json_ld,https://www.villagegym.co.uk/locations/cardiff/,https://www.villagegym.co.uk/locations/cardiff/,,,official_location_page; phase2
gb_6d2677fa14,Village Gym,Village Gym Cheadle,Village Gym Cheadle,Cheadle Road,SK8 1HW,Cheadle,United Kingdom,England,53.386338,-2.210829,READY_TO_IMPORT,VERIFIED_CURRENT,,official_json_ld,https://www.villagegym.co.uk/locations/cheadle/,https://www.villagegym.co.uk/locations/cheadle/,,,official_location_page; phase2
gb_5dd493b107,Village Gym,Village Gym Coventry,Village Gym Coventry,Dolomite Avenue,CV4 9GZ,Coventry,United Kingdom,England,52.402985,-1.546824,READY_TO_IMPORT,VERIFIED_CURRENT,,official_json_ld,https://www.villagegym.co.uk/locations/coventry/,https://www.villagegym.co.uk/locations/coventry/,,,official_location_page; phase2
gb_de1d0ed8b2,Village Gym,Village Gym Dudley,Village Gym Dudley,Castlegate Park,DY1 4TB,Dudley,United Kingdom,England,52.513759,-2.070135,READY_TO_IMPORT,VERIFIED_CURRENT,,official_json_ld,https://www.villagegym.co.uk/locations/dudley/,https://www.villagegym.co.uk/locations/dudley/,,,official_location_page; phase2
gb_74f6bcafa3,Village Gym,Village Gym Eastleigh Near Southampton,Village Gym Eastleigh Near Southampton,Bournemouth Road,SO53 3YJ,"Eastleigh, Chandler's Ford",United Kingdom,England,50.9660863,-1.3918295,READY_TO_IMPORT,VERIFIED_CURRENT,,official_json_ld,https://www.villagegym.co.uk/locations/eastleigh-near-southampton/,https://www.villagegym.co.uk/locations/eastleigh-near-southampton/,,,official_location_page; phase2
gb_87606e23f7,Village Gym,Village Gym Watford,Village Gym Watford,"Centennial Park, Centennial Avenue",WD6 3SB,Elstree,United Kingdom,England,51.639637,-0.306666,READY_TO_IMPORT,VERIFIED_CURRENT,,official_json_ld,https://www.villagegym.co.uk/locations/watford/,https://www.villagegym.co.uk/locations/watford/,,,official_location_page; phase2
gb_0e87a31913,Village Gym,Village Gym St Davids Park,Village Gym St Davids Park,St David's Park,CH5 3YB,"Ewloe, Chester",United Kingdom,England,53.190354,-3.05278,READY_TO_IMPORT,VERIFIED_CURRENT,,official_json_ld,https://www.villagegym.co.uk/locations/st-davids-park/,https://www.villagegym.co.uk/locations/st-davids-park/,,,official_location_page; phase2
gb_cb85d52c61,Village Gym,Village Gym Farnborough,Village Gym Farnborough,Pinehurst Road,GU14 7BF,Farnborough,United Kingdom,England,51.285591,-0.761153,READY_TO_IMPORT,VERIFIED_CURRENT,,official_json_ld,https://www.villagegym.co.uk/locations/farnborough/,https://www.villagegym.co.uk/locations/farnborough/,,,official_location_page; phase2
gb_05fba39523,Village Gym,Village Gym Bristol,Village Gym Bristol,Bullfinch Close,BS34 6FG,Filton,United Kingdom,England,51.5222,-2.567959999999971,READY_TO_IMPORT,VERIFIED_CURRENT,,official_json_ld,https://www.villagegym.co.uk/locations/bristol/,https://www.villagegym.co.uk/locations/bristol/,,,official_location_page; phase2
gb_ddd2f03784,Village Gym,Village Gym Maidstone,Village Gym Maidstone,Castle View,ME14 3AQ,Forstal Road,United Kingdom,England,51.295524,0.511449,READY_TO_IMPORT,VERIFIED_CURRENT,,official_json_ld,https://www.villagegym.co.uk/locations/maidstone/,https://www.villagegym.co.uk/locations/maidstone/,,,official_location_page; phase2
gb_b44fb37f25,Village Gym,Village Gym Glasgow,Village Gym Glasgow,7 Festival Gate,G51 1DB,Glasgow,United Kingdom,Scotland,55.856338,-4.289468,READY_TO_IMPORT,VERIFIED_CURRENT,,official_json_ld,https://www.villagegym.co.uk/locations/glasgow/,https://www.villagegym.co.uk/locations/glasgow/,,,official_location_page; phase2
gb_ace9dad237,Village Gym,Village Gym Leeds North,Village Gym Leeds North,186 Otley Road,LS16 5PR,Headingley,United Kingdom,England,53.834342,-1.58973,READY_TO_IMPORT,VERIFIED_CURRENT,,official_json_ld,https://www.villagegym.co.uk/locations/leeds-north/,https://www.villagegym.co.uk/locations/leeds-north/,,,official_location_page; phase2
gb_8cb2ca9a2f,Village Gym,Village Gym Hull,Village Gym Hull,Henry Boot Way,HU4 7DY,Hull,United Kingdom,England,53.72501,-0.40784,READY_TO_IMPORT,VERIFIED_CURRENT,,official_json_ld,https://www.villagegym.co.uk/locations/hull/,https://www.villagegym.co.uk/locations/hull/,,,official_location_page; phase2
gb_4c3b577d6f,Village Gym,Village Gym Hyde,Village Gym Hyde,Captain Clarke Road,SK14 4QG,Hyde,United Kingdom,England,53.465249,-2.092763,READY_TO_IMPORT,VERIFIED_CURRENT,,official_json_ld,https://www.villagegym.co.uk/locations/hyde/,https://www.villagegym.co.uk/locations/hyde/,,,official_location_page; phase2
gb_8428f15d9c,Village Gym,Village Gym Aberdeen,Village Gym Aberdeen,Prime Four Business Park,AB15 8PJ,Kingswell,United Kingdom,Scotland,57.1493,-2.22932,READY_TO_IMPORT,VERIFIED_CURRENT,,official_json_ld,https://www.villagegym.co.uk/locations/aberdeen/,https://www.villagegym.co.uk/locations/aberdeen/,,,official_location_page; phase2
gb_9a6d68f424,Village Gym,Village Gym Leeds South,Village Gym Leeds South,Capitol Boulevard West,LS27 0TS,Morley,United Kingdom,England,53.734372,-1.585625,READY_TO_IMPORT,VERIFIED_CURRENT,,official_json_ld,https://www.villagegym.co.uk/locations/leeds-south/,https://www.villagegym.co.uk/locations/leeds-south/,,,official_location_page; phase2
gb_d7c2ce7a4c,Village Gym,Village Gym Newcastle,Village Gym Newcastle,10 The Silverlink North,NE27 0BY,Newcastle,United Kingdom,England,55.0278476,-1.5096332,READY_TO_IMPORT,VERIFIED_CURRENT,,official_json_ld,https://www.villagegym.co.uk/locations/newcastle/,https://www.villagegym.co.uk/locations/newcastle/,,,official_location_page; phase2
gb_0bb2ca5090,Village Gym,Village Gym Nottingham,Village Gym Nottingham,Brailsford Way,NG9 6DL,Nottingham,United Kingdom,England,52.0184809,-0.7031162,READY_TO_IMPORT,VERIFIED_CURRENT,,official_json_ld,https://www.villagegym.co.uk/locations/nottingham/,https://www.villagegym.co.uk/locations/nottingham/,,,official_location_page; phase2
gb_1b8080aa72,Village Gym,Village Gym Edinburgh,Village Gym Edinburgh,140 Crewe Road South,EH4 2NY,Pilton,United Kingdom,Scotland,55.96704,-3.23509,READY_TO_IMPORT,VERIFIED_CURRENT,,official_json_ld,https://www.villagegym.co.uk/locations/edinburgh/,https://www.villagegym.co.uk/locations/edinburgh/,,,official_location_page; phase2
gb_7ce0541d38,Village Gym,Village Gym Portsmouth,Village Gym Portsmouth,Lakeshore Drive,PO6 3FR,Portsmouth,United Kingdom,England,50.840239,-1.076537,READY_TO_IMPORT,VERIFIED_CURRENT,,official_json_ld,https://www.villagegym.co.uk/locations/portsmouth/,https://www.villagegym.co.uk/locations/portsmouth/,,,official_location_page; phase2
gb_53c38c6076,Village Gym,Village Gym Reading,Village Gym Reading,"Caversham Bridge, Richfield Ave",RG1 8BD,Reading,United Kingdom,England,51.4653729,-0.9781056,READY_TO_IMPORT,VERIFIED_CURRENT,,official_json_ld,https://www.villagegym.co.uk/locations/reading/,https://www.villagegym.co.uk/locations/reading/,,,official_location_page; phase2
gb_b403eb31d1,Village Gym,Village Gym Bury,Village Gym Bury,Waterfold Business Park,BL9 7BQ,Rochdale Road,United Kingdom,England,53.590715,-2.276171,READY_TO_IMPORT,VERIFIED_CURRENT,,official_json_ld,https://www.villagegym.co.uk/locations/bury/,https://www.villagegym.co.uk/locations/bury/,,,official_location_page; phase2
gb_c12566c59b,Village Gym,Village Gym Solihull,Village Gym Solihull,"The Green Business Park, Dog Kennel Lane",B90 4GW,Solihull,United Kingdom,England,52.393373,-1.820632,READY_TO_IMPORT,VERIFIED_CURRENT,,official_json_ld,https://www.villagegym.co.uk/locations/solihull/,https://www.villagegym.co.uk/locations/solihull/,,,official_location_page; phase2
gb_3f97a07229,Village Gym,Village Gym Swansea,Village Gym Swansea,Langdon Road,SA1 8QY,Swansea,United Kingdom,Wales,51.620582,-3.924568,READY_TO_IMPORT,VERIFIED_CURRENT,,official_json_ld,https://www.villagegym.co.uk/locations/swansea/,https://www.villagegym.co.uk/locations/swansea/,,,official_location_page; phase2
gb_24b097d71a,Village Gym,Village Gym Swindon,Village Gym Swindon,Shaw Ridge Leisure Park,SN5 7DW,Swindon,United Kingdom,England,51.560265,-1.834403,READY_TO_IMPORT,VERIFIED_CURRENT,,official_json_ld,https://www.villagegym.co.uk/locations/swindon/,https://www.villagegym.co.uk/locations/swindon/,,,official_location_page; phase2
gb_b5b0fbdc6d,Village Gym,Village Gym Walsall,Village Gym Walsall,Tempus Drive,WS2 8TJ,Walsall,United Kingdom,England,52.584068,-2.012125,READY_TO_IMPORT,VERIFIED_CURRENT,,official_json_ld,https://www.villagegym.co.uk/locations/walsall/,https://www.villagegym.co.uk/locations/walsall/,,,official_location_page; phase2
gb_dd38715ab1,Village Gym,Village Gym Warrington,Village Gym Warrington,Centre Park Square,WA1 1QA,Warrington,United Kingdom,England,53.383278,-2.595285,READY_TO_IMPORT,VERIFIED_CURRENT,,official_json_ld,https://www.villagegym.co.uk/locations/warrington/,https://www.villagegym.co.uk/locations/warrington/,,,official_location_page; phase2
gb_85d565dedd,Village Gym,Village Gym Liverpool,Village Gym Liverpool,Fallows Way,L35 1RZ,Whiston,United Kingdom,England,53.402094,-2.809549,READY_TO_IMPORT,VERIFIED_CURRENT,,official_json_ld,https://www.villagegym.co.uk/locations/liverpool/,https://www.villagegym.co.uk/locations/liverpool/,,,official_location_page; phase2
gb_bb0ef4a948,Virgin Active,Virgin Active Thundersley,Virgin Active Thundersley,200 Rayleigh Road,SS7 3YN,Benfleet,United Kingdom,England,,,NEEDS_COORDINATES,VERIFIED_CURRENT,failed,,https://www.virginactive.co.uk/clubs/thundersley,https://www.virginactive.co.uk/clubs/thundersley,,,official_club_page; phase2
gb_4acd94a778,Virgin Active,Virgin Active Bromley,Virgin Active Bromley,"The Lido, Baths Road",BR2 9RB,Bromley,United Kingdom,England,51.397046,0.038579,READY_TO_IMPORT,VERIFIED_CURRENT,ok,nominatim,https://www.virginactive.co.uk/clubs/bromley,https://www.virginactive.co.uk/clubs/bromley,,,official_club_page; phase2
gb_7e3c9e2346,Virgin Active,Virgin Active Cannon Street (Walbrook),Virgin Active Cannon Street (Walbrook),,,Cannon,United Kingdom,,,,NEEDS_REVIEW,NEEDS_REVIEW,,,https://www.virginactive.co.uk/clubs/cannon-street-walbrook,https://www.virginactive.co.uk/clubs/cannon-street-walbrook,,,official_clubs_index; page_fetch_failed; phase2
gb_17f728cfd2,Virgin Active,Virgin Active Chelmsford,Virgin Active Chelmsford,New Writtle Street,CM2 0RR,Chelmsford,United Kingdom,England,51.731435,0.466125,READY_TO_IMPORT,VERIFIED_CURRENT,ok,nominatim,https://www.virginactive.co.uk/clubs/chelmsford,https://www.virginactive.co.uk/clubs/chelmsford,,,official_club_page; phase2
gb_a83825f911,Virgin Active,Virgin Active Chiswick Riverside,Virgin Active Chiswick Riverside,"Riverside Drive, Dukes Meadows",W4 2SX,Chiswick,United Kingdom,England,,,NEEDS_COORDINATES,VERIFIED_CURRENT,failed,,https://www.virginactive.co.uk/clubs/chiswick-riverside,https://www.virginactive.co.uk/clubs/chiswick-riverside,,,official_club_page; phase2
gb_919719e8d1,Virgin Active,Virgin Active Clearview/Brentwood,Virgin Active Clearview/Brentwood,,,Clearview/Brentwood,United Kingdom,,,,NEEDS_REVIEW,NEEDS_REVIEW,,,https://www.virginactive.co.uk/clubs/clearview-brentwood,https://www.virginactive.co.uk/clubs/clearview-brentwood,,,official_clubs_index; page_fetch_failed; phase2
gb_88a01a6979,Virgin Active,Virgin Active Aldersgate,Virgin Active Aldersgate,200 Aldersgate Street,EC1A 4HD,London,United Kingdom,England,51.517855,-0.097464,READY_TO_IMPORT,VERIFIED_CURRENT,ok,nominatim,https://www.virginactive.co.uk/clubs/aldersgate,https://www.virginactive.co.uk/clubs/aldersgate,,,official_club_page; phase2
gb_f7a531c394,Virgin Active,Virgin Active Bank,Virgin Active Bank,5 Old Broad Street,EC2N 1DW,London,United Kingdom,England,51.514496,-0.08564,READY_TO_IMPORT,VERIFIED_CURRENT,suspicious,nominatim,https://www.virginactive.co.uk/clubs/bank,https://www.virginactive.co.uk/clubs/bank,,,official_club_page; phase2; soft_postal
gb_4df9d6d6bc,Virgin Active,Virgin Active Canary Riverside,Virgin Active Canary Riverside,West Ferry Circus Canary Wharf,E14 8RR,London,United Kingdom,England,51.506442,-0.028642,READY_TO_IMPORT,VERIFIED_CURRENT,ok,nominatim,https://www.virginactive.co.uk/clubs/canary-riverside,https://www.virginactive.co.uk/clubs/canary-riverside,,,official_club_page; phase2
gb_83ca48cfcd,Virgin Active,Virgin Active Chiswick Park,Virgin Active Chiswick Park,"Building 3, 566 Chiswick High Road",W4 5YA,London,United Kingdom,England,51.494837,-0.275695,READY_TO_IMPORT,VERIFIED_CURRENT,ok,nominatim,https://www.virginactive.co.uk/clubs/chiswick-park,https://www.virginactive.co.uk/clubs/chiswick-park,,,official_club_page; phase2; postcode_corrected_W4_5YA
gb_f6c1e90de4,Virgin Active,Virgin Active Clapham,Virgin Active Clapham,4-20 North Street,SW4 0HG,London,United Kingdom,England,51.466363,-0.141972,READY_TO_IMPORT,VERIFIED_CURRENT,ok,nominatim,https://www.virginactive.co.uk/clubs/clapham,https://www.virginactive.co.uk/clubs/clapham,,,official_club_page; phase2
gb_c1e573cf05,Virgin Active,Virgin Active Crouch End,Virgin Active Crouch End,"31 Topsfield Parade, Tottenham Lane",N8 8PT,London,United Kingdom,England,51.581342,-0.121463,READY_TO_IMPORT,VERIFIED_CURRENT,ok,nominatim,https://www.virginactive.co.uk/clubs/crouch-end,https://www.virginactive.co.uk/clubs/crouch-end,,,official_club_page; phase2
gb_c3ff5f44ec,Virgin Active,Virgin Active Fulham Pools,Virgin Active Fulham Pools,"Normand Park, Lillie Road",SW6 7ST,London,United Kingdom,England,51.484405,-0.204897,READY_TO_IMPORT,VERIFIED_CURRENT,suspicious,nominatim,https://www.virginactive.co.uk/clubs/fulham-pools,https://www.virginactive.co.uk/clubs/fulham-pools,,,official_club_page; phase2; soft_postal
gb_830f3d751b,Virgin Active,Virgin Active Islington Angel,Virgin Active Islington Angel,333 Goswell Road,EC1V 7DG,London,United Kingdom,England,51.53069,-0.103829,READY_TO_IMPORT,VERIFIED_CURRENT,suspicious,nominatim,https://www.virginactive.co.uk/clubs/islington-angel,https://www.virginactive.co.uk/clubs/islington-angel,,,official_club_page; phase2; soft_postal
gb_403d2f73e0,Virgin Active,Virgin Active Kensington,Virgin Active Kensington,17A Old Court Place,W8 4PL,London,United Kingdom,England,51.502586,-0.189685,READY_TO_IMPORT,VERIFIED_CURRENT,ok,nominatim,https://www.virginactive.co.uk/clubs/kensington,https://www.virginactive.co.uk/clubs/kensington,,,official_club_page; phase2
gb_2e2345a324,Virgin Active,Virgin Active Mayfair,Virgin Active Mayfair,"Hereford House, 64 North Row",W1K 7DA,London,United Kingdom,England,51.513254,-0.157092,READY_TO_IMPORT,VERIFIED_CURRENT,suspicious,nominatim,https://www.virginactive.co.uk/clubs/mayfair,https://www.virginactive.co.uk/clubs/mayfair,,,official_club_page; phase2; soft_postal
gb_4e0f73f41a,Virgin Active,Virgin Active Mill Hill,Virgin Active Mill Hill,34 Langstone Way,NW7 1GU,London,United Kingdom,England,51.607659,-0.210536,READY_TO_IMPORT,VERIFIED_CURRENT,ok,nominatim,https://www.virginactive.co.uk/clubs/mill-hill,https://www.virginactive.co.uk/clubs/mill-hill,,,official_club_page; phase2
gb_555c5a324e,Virgin Active,Virgin Active Moorgate,Virgin Active Moorgate,33 Bunhill Row,EC1Y 8LP,London,United Kingdom,England,51.522827,-0.089789,READY_TO_IMPORT,VERIFIED_CURRENT,ok,nominatim,https://www.virginactive.co.uk/clubs/moorgate,https://www.virginactive.co.uk/clubs/moorgate,,,official_club_page; phase2
gb_b03a81b115,Virgin Active,Virgin Active Notting Hill,Virgin Active Notting Hill,119-131 Lancaster Road,W11 1QT,London,United Kingdom,England,51.516082,-0.211646,READY_TO_IMPORT,VERIFIED_CURRENT,ok,nominatim,https://www.virginactive.co.uk/clubs/notting-hill,https://www.virginactive.co.uk/clubs/notting-hill,,,official_club_page; phase2
gb_15533a8eda,Virgin Active,Virgin Active Strand,Virgin Active Strand,"Shell Mex House, 80 Strand",WC2R 0DT,London,United Kingdom,England,51.509734,-0.121309,READY_TO_IMPORT,VERIFIED_CURRENT,suspicious,nominatim,https://www.virginactive.co.uk/clubs/strand,https://www.virginactive.co.uk/clubs/strand,,,official_club_page; phase2; soft_postal
gb_868b982551,Virgin Active,Virgin Active Streatham,Virgin Active Streatham,20 Ockley Road,SW16 1UB,London,United Kingdom,England,51.432868,-0.12979,READY_TO_IMPORT,VERIFIED_CURRENT,ok,nominatim,https://www.virginactive.co.uk/clubs/streatham,https://www.virginactive.co.uk/clubs/streatham,,,official_club_page; phase2
gb_35f1b42824,Virgin Active,Virgin Active Swiss Cottage,Virgin Active Swiss Cottage,"Unit 2, 02 Centre, 255 Finchley Road",NW3 6LU,London,United Kingdom,England,51.548026,-0.181497,READY_TO_IMPORT,VERIFIED_CURRENT,ok,nominatim,https://www.virginactive.co.uk/clubs/swiss-cottage,https://www.virginactive.co.uk/clubs/swiss-cottage,,,official_club_page; phase2
gb_e2cdce96ff,Virgin Active,Virgin Active Wandsworth,Virgin Active Wandsworth,"Riverside Business Centre West, Smugglers Way",SW18 1DG,London,United Kingdom,England,51.462299,-0.190349,READY_TO_IMPORT,VERIFIED_CURRENT,ok,nominatim,https://www.virginactive.co.uk/clubs/wandsworth-smugglers-way,https://www.virginactive.co.uk/clubs/wandsworth-smugglers-way,,,official_club_page; phase2
gb_9d7eaf1f29,Virgin Active,Virgin Active Wimbledon Worple Road,Virgin Active Wimbledon Worple Road,21-33 Worple Road,SW19 4JS,London,United Kingdom,England,51.420984,-0.210165,READY_TO_IMPORT,VERIFIED_CURRENT,ok,nominatim,https://www.virginactive.co.uk/clubs/wimbledon-worple-road,https://www.virginactive.co.uk/clubs/wimbledon-worple-road,,,official_club_page; phase2
gb_8b302de1f2,Virgin Active,Virgin Active Northampton Collingtree Park,Virgin Active Northampton Collingtree Park,91 Windingbrook Lane,NN4 0EB,Northampton,United Kingdom,England,52.198302,-0.89962,READY_TO_IMPORT,VERIFIED_CURRENT,ok,nominatim,https://www.virginactive.co.uk/clubs/northampton-collingtree-park,https://www.virginactive.co.uk/clubs/northampton-collingtree-park,,,official_club_page; phase2
gb_4abb81062a,Virgin Active,Virgin Active Northampton Riverside Park,Virgin Active Northampton Riverside Park,"Riverside Business Park, Ferris Row",NN3 9HX,Northampton,United Kingdom,England,52.241536,-0.834631,READY_TO_IMPORT,VERIFIED_CURRENT,ok,nominatim,https://www.virginactive.co.uk/clubs/northampton-riverside-park,https://www.virginactive.co.uk/clubs/northampton-riverside-park,,,official_club_page; phase2
gb_ac20c58806,Virgin Active,Virgin Active Nottingham,Virgin Active Nottingham,"The Great Northern Close, London Road",NG2 3AE,Nottingham,United Kingdom,England,52.947945,-1.13857,READY_TO_IMPORT,VERIFIED_CURRENT,ok,nominatim,https://www.virginactive.co.uk/clubs/nottingham,https://www.virginactive.co.uk/clubs/nottingham,,,official_club_page; phase2
gb_97562685b4,Virgin Active,Virgin Active Salford Quays,Virgin Active Salford Quays,"The Lowry Outlet Mall, The Quays",M50 3AH,Salford,United Kingdom,England,53.470123,-2.294196,READY_TO_IMPORT,VERIFIED_CURRENT,suspicious,nominatim,https://www.virginactive.co.uk/clubs/salford-quays,https://www.virginactive.co.uk/clubs/salford-quays,,,official_club_page; phase2; soft_postal
gb_034a82b39c,Virgin Active,Virgin Active Sheffield Broadfield Park,Virgin Active Sheffield Broadfield Park,"300 Broadfield Park, Broadfield Road",S8 0XQ,Sheffield,United Kingdom,England,53.359112,-1.476886,READY_TO_IMPORT,VERIFIED_CURRENT,ok,nominatim,https://www.virginactive.co.uk/clubs/sheffield-broadfield-park,https://www.virginactive.co.uk/clubs/sheffield-broadfield-park,,,official_club_page; phase2
gb_34c0ad1114,Virgin Active,Virgin Active Solihull,Virgin Active Solihull,"Blythe Valley Park, Blythe Gate",B90 8AT,Solihull,United Kingdom,England,52.372851,-1.800455,READY_TO_IMPORT,VERIFIED_CURRENT,ok,nominatim,https://www.virginactive.co.uk/clubs/solihull,https://www.virginactive.co.uk/clubs/solihull,,,official_club_page; phase2
gb_6b196481b1,Virgin Active,Virgin Active Repton Park,Virgin Active Repton Park,"Repton Park, Manor Road",IG8 8GN,Woodford Green,United Kingdom,England,,,NEEDS_COORDINATES,VERIFIED_CURRENT,failed,,https://www.virginactive.co.uk/clubs/repton-park,https://www.virginactive.co.uk/clubs/repton-park,,,official_club_page; phase2
