id,name,brand,address,postal_code,city,latitude,longitude,geocode_status,import_category,coord_source,notes
gb_bcfc11cc01,Anytime Fitness Abbey Wood,Anytime Fitness,"Units 7-8 Kestrel Court, 1-3 Kite Court",SE2 9FB,Abbey Wood,51.497735,0.121701,ok,READY_TO_IMPORT,nominatim,official_club_page_webfetch; phase2; official_club_page_webfetch
gb_23d005985c,Anytime Fitness Addlestone,Anytime Fitness,"Unit E, Brooklands House",KT15 2GB,Addlestone,51.369953,-0.489697,suspicious,READY_TO_IMPORT,nominatim,official_club_page_webfetch; phase2; soft_postal; official_club_page_webfetch
gb_c8e52ec418,Anytime Fitness Aldershot,Anytime Fitness,"Unit 13, Low Walk, Wellington Centre",GU11 1DB,Aldershot,51.248679,-0.765219,ok,READY_TO_IMPORT,nominatim,official_club_page_webfetch; phase2; official_club_page_webfetch
gb_13b12fc927,Anytime Fitness Aldridge,Anytime Fitness,"Aldridge Shopping Centre, Rookery Parade",WS9 8QR,Aldridge,52.604199,-1.916924,suspicious,READY_TO_IMPORT,nominatim,official_club_page_webfetch; phase2; official_club_page_webfetch; soft_postal
gb_62133db6a3,Anytime Fitness Barnstaple,Anytime Fitness,"Unit 3, Northgate House, North Walk",EX31 1TP,Barnstaple,51.082378,-4.061912,suspicious,READY_TO_IMPORT,nominatim,official_club_page_webfetch; phase2; soft_postal; official_club_page_webfetch
gb_a47c74fdc4,Anytime Fitness London (High Barnet),Anytime Fitness,"Unit 1B, The Spires",EN5 5XY,Barnet,51.655327,-0.202306,ok,READY_TO_IMPORT,nominatim,official_club_page_webfetch; phase2; official_club_page_webfetch
gb_fd08eda69d,Anytime Fitness Ashford,Anytime Fitness,25 New Street,TN24 8TN,Ashford,51.150467,0.868637,ok,READY_TO_IMPORT,nominatim,official_club_page_webfetch; phase2; official_club_page_webfetch
gb_b3503b1e55,Anytime Fitness Beverley,Anytime Fitness,"Flemingate Centre, Flemingate",HU17 0NQ,Beverley,53.84035,-0.421575,suspicious,READY_TO_IMPORT,nominatim,official_club_page_webfetch; phase2; soft_postal; official_club_page_webfetch
gb_8883e1d9f4,Anytime Fitness Bexleyheath,Anytime Fitness,Royal Oak Road,DA6 7AD,Bexleyheath,51.456048,0.142603,ok,READY_TO_IMPORT,nominatim,official_club_page_webfetch; phase2; official_club_page_webfetch
gb_3294f1b3c1,Anytime Fitness Stranmillis,Anytime Fitness,"Crannog House, 46 Stranmillis Embankment",BT9 5FL,Belfast,,,failed,NEEDS_COORDINATES,,official_club_page_webfetch; phase2; official_club_page_webfetch
gb_a9ec5bc474,Anytime Fitness Basingstoke,Anytime Fitness,"Crown Heights, Alencon Link",RG21 7SY,Basingstoke,,,failed,NEEDS_COORDINATES,,official_club_page_webfetch; phase2; official_club_page_webfetch; demoted_outward_mismatch:RG21 7SY->SS6 7HQ
gb_1862ebeb48,Anytime Fitness Birmingham (Hagley Road),Anytime Fitness,"4 Wolverhampton Road, Hagley Road West",B68 0LH,Birmingham Hagley Road,,,failed,NEEDS_COORDINATES,,official_club_page_webfetch; phase2; official_club_page_webfetch; demoted_outward_mismatch:B68 0LH->WS3 2EY
gb_994a281757,Anytime Fitness Birkenhead,Anytime Fitness,172-184 Grange Rd,CH41 6EA,Birkenhead,53.38941,-3.028136,ok,READY_TO_IMPORT,nominatim,official_club_page_webfetch; phase2; official_club_page_webfetch
gb_1a01c90ae4,Anytime Fitness Birmingham (Fort Dunlop),Anytime Fitness,"Unit 12, Fort Dunlop, Fort Parkway",B24 9FD,Birmingham Fort Dunlop,,,failed,NEEDS_COORDINATES,,official_club_page_webfetch; phase2; official_club_page_webfetch
gb_bebe4e21ad,Anytime Fitness Bicester,Anytime Fitness,"Unit A5, Pioneer Square",OX26 6FA,Bicester,51.898775,-1.152941,ok,READY_TO_IMPORT,nominatim,official_club_page_webfetch; phase2; official_club_page_webfetch
gb_36ee99ae8d,Anytime Fitness Glasgow (Bishopbriggs),Anytime Fitness,288 Kirkintilloch Road,G64 2PT,Bishopbriggs Glasgow,,,failed,NEEDS_COORDINATES,,official_club_page_webfetch; phase2; official_club_page_webfetch
gb_d8349cc471,Anytime Fitness Birmingham (Yardley),Anytime Fitness,"Units 24-25 Swan Centre, 20 Church Road",B25 8UJ,Birmingham,52.462078,-1.814591,ok,READY_TO_IMPORT,nominatim,official_club_page_webfetch; phase2; official_club_page_webfetch
gb_bc4220a816,Anytime Fitness Bishops Cleeve,Anytime Fitness,"The Cleevelands Centre, Sapphire Road",GL52 7AH,Bishops Cleeve,51.952482,-2.068942,ok,READY_TO_IMPORT,nominatim,official_club_page_webfetch; phase2; official_club_page_webfetch
gb_cac7ecabf6,Anytime Fitness Birmingham (Paradise Circus),Anytime Fitness,"Paradise View, 28 Paradise Street",B1 2BJ,Birmingham Paradise Circus,,,failed,NEEDS_COORDINATES,,official_club_page_webfetch; phase2; official_club_page_webfetch
gb_59751a5e27,Anytime Fitness Bordon,Anytime Fitness,"Unit 8c, The Forest Centre",GU35 0TN,Bordon,51.109186,-0.857311,suspicious,READY_TO_IMPORT,nominatim,official_club_page_webfetch; phase2; soft_postal; official_club_page_webfetch
gb_911cb0e97d,Anytime Fitness Bristol (Clifton),Anytime Fitness,"48 Queens Road, Clifton",BS8 1RE,Bristol,,,ambiguous,NEEDS_COORDINATES,,official_club_page_webfetch; phase2; official_club_page_webfetch
gb_2851b29817,Anytime Fitness Borehamwood,Anytime Fitness,Unit 1CA Borehamwood Shopping Park,WD6 4PR,Borehamwood,,,failed,NEEDS_COORDINATES,,official_club_page_webfetch; phase2; official_club_page_webfetch
gb_99b967c937,Anytime Fitness Bristol (Bradley Stoke),Anytime Fitness,"Willow Brook Centre, Bradley Stoke",BS32 8BS,Bristol,51.53587,-2.548413,ok,READY_TO_IMPORT,nominatim,official_club_page_webfetch; phase2; official_club_page_webfetch
gb_66f49482e7,Anytime Fitness Bushey,Anytime Fitness,26-28 Aldenham Road,WD19 4AA,Bushey,51.646095,-0.382702,ok,READY_TO_IMPORT,nominatim,official_club_page_webfetch; phase2; official_club_page_webfetch
gb_63bbdf6024,Anytime Fitness Bristol (Yate),Anytime Fitness,"17 East Walk, Yate Shopping Centre",BS37 4AP,Bristol,51.540431,-2.412582,suspicious,READY_TO_IMPORT,nominatim,official_club_page_webfetch; phase2; official_club_page_webfetch; soft_postal
gb_fef9f9b856,Anytime Fitness Chippenham,Anytime Fitness,Unit 3 31-33 High Street,SN15 3EY,Chippenham,,,failed,NEEDS_COORDINATES,,official_club_page_webfetch; phase2; official_club_page_webfetch
gb_ccc1a63037,Anytime Fitness Canvey Island,Anytime Fitness,125 Furtherwick Road,SS8 7AT,Canvey Island,51.519314,0.593012,suspicious,READY_TO_IMPORT,nominatim,official_club_page_webfetch; phase2; soft_postal; official_club_page_webfetch
gb_668d9bc4e6,Anytime Fitness Chorley,Anytime Fitness,"Part First Floor, Booths",PR7 1DB,Chorley,53.654285,-2.630705,ok,READY_TO_IMPORT,nominatim,official_club_page_webfetch; phase2; official_club_page_webfetch
gb_2920034e1c,Anytime Fitness Clacton-on-Sea,Anytime Fitness,"30 North Road, Essex",CO15 4DD,Clacton On Sea,51.80527,1.155425,ok,READY_TO_IMPORT,nominatim,official_club_page_webfetch; phase2; official_club_page_webfetch
gb_8c82a9caa4,Anytime Fitness Christchurch,Anytime Fitness,"Christchurch Shopping Centre, 25 Saxon Square",BH23 1QA,Christchurch,50.735018,-1.776971,suspicious,READY_TO_IMPORT,nominatim,official_club_page_webfetch; phase2; soft_postal; official_club_page_webfetch
gb_bef7169df3,Anytime Fitness Colchester,Anytime Fitness,"Unit 1A, Peartree Leisure Park, Moss Road",CO3 0LE,Colchester,51.876606,0.848917,ok,READY_TO_IMPORT,nominatim,official_club_page_webfetch; phase2; official_club_page_webfetch
gb_1fbcb52105,Anytime Fitness Clarkston,Anytime Fitness,10 Busby Road,G76 7XL,Clarkston,55.789986,-4.27802,ok,READY_TO_IMPORT,nominatim,official_club_page_webfetch; phase2; official_club_page_webfetch
gb_a3d812e904,Anytime Fitness Colchester East,Anytime Fitness,Haven Road,CO2 8HT,Colchester,51.878129,0.929979,ok,READY_TO_IMPORT,nominatim,official_club_page_webfetch; phase2; official_club_page_webfetch
gb_1bf19ef735,Anytime Fitness Brentwood,Anytime Fitness,1 Weald Road,CM14 4SN,Brentwood,51.619721,0.297721,ok,READY_TO_IMPORT,nominatim,official_club_page_webfetch; phase2; official_club_page_webfetch
gb_1dae1c01a0,Anytime Fitness Cosham,Anytime Fitness,3 and 4 Portsmouth Road,PO6 2AE,Cosham,,,failed,NEEDS_COORDINATES,,official_club_page_webfetch; phase2; official_club_page_webfetch
gb_1e89067c9d,Anytime Fitness Corby,Anytime Fitness,"Block C, Rockingham Leisure Park, 1 Princewood Road",NN17 4AP,Corby,52.508693,-0.705907,suspicious,READY_TO_IMPORT,nominatim,official_club_page_webfetch; phase2; soft_postal; official_club_page_webfetch
gb_7a5f303631,Anytime Fitness Crawley,Anytime Fitness,"Pegler Court, Pegler Way",RH11 7GU,Crawley,,,failed,NEEDS_COORDINATES,,official_club_page_webfetch; phase2; official_club_page_webfetch
gb_783296aa78,Anytime Fitness Croxley Park,Anytime Fitness,"Croxley Business Park, The Hive",WD18 8AS,Croxley Park,51.645889,-0.429362,suspicious,READY_TO_IMPORT,nominatim,official_club_page_webfetch; phase2; soft_postal; official_club_page_webfetch
gb_5b88ad24ed,Anytime Fitness Daventry,Anytime Fitness,"Regal Centre, Bowen Square",NN11 4DR,Daventry,52.25681,-1.161984,ok,READY_TO_IMPORT,nominatim,official_sitemap_url; club_page_blocked_or_thin; official_club_page_webfetch
gb_3e41dc4d37,Anytime Fitness Didcot,Anytime Fitness,7 Market Place,OX11 7LE,Didcot,,,failed,NEEDS_COORDINATES,,official_sitemap_url; club_page_blocked_or_thin; official_club_page_webfetch
gb_5ee05b1de6,Anytime Fitness Dorchester,Anytime Fitness,"2 Eldridge Street, Brewery Square",DT1 1GY,Dorchester,,,failed,NEEDS_COORDINATES,,official_sitemap_url; club_page_blocked_or_thin; official_club_page_webfetch
gb_af67d59b6b,Anytime Fitness Dorking,Anytime Fitness,"Unit 3, 285 - 293 High Street",RH4 1RL,Dorking,51.234505,-0.327087,ok,READY_TO_IMPORT,nominatim,official_sitemap_url; club_page_blocked_or_thin; official_club_page_webfetch
gb_cdbcb8f639,Anytime Fitness Droitwich Spa,Anytime Fitness,"The Royal Exchange, 9-11 Queens Street",WR9 8LA,Droitwich Spa,,,ambiguous,NEEDS_COORDINATES,,official_sitemap_url; club_page_blocked_or_thin; official_club_page_webfetch
gb_fbc8941672,Anytime Fitness Eastleigh,Anytime Fitness,The Swan Centre,SO50 5SF,Eastleigh,50.967188,-1.353601,ok,READY_TO_IMPORT,nominatim,official_sitemap_url; club_page_blocked_or_thin; official_club_page_webfetch
gb_6dd494e815,Anytime Fitness Eastbourne,Anytime Fitness,22-24 Langney Road,BN21 3EU,Eastbourne,50.768912,0.288399,ok,READY_TO_IMPORT,nominatim,official_sitemap_url; club_page_blocked_or_thin; official_club_page_webfetch
gb_ad21c38a4f,Anytime Fitness Epsom,Anytime Fitness,"Level 2, Epsom Square",KT19 8AG,Epsom,,,failed,NEEDS_COORDINATES,,official_sitemap_url; club_page_blocked_or_thin; official_club_page_webfetch
gb_374dec9d7f,Anytime Fitness Fareham,Anytime Fitness,"Locks Heath Shopping Centre, Centre Way, Locks Heath",SO31 6DX,Fareham,,,failed,NEEDS_COORDINATES,,official_sitemap_url; club_page_blocked_or_thin; official_club_page_webfetch
gb_5521729ce5,Anytime Fitness Farnham,Anytime Fitness,31 - 32 East Street,GU9 7SW,Farnham,51.217145,-0.794774,ok,READY_TO_IMPORT,nominatim,official_sitemap_url; club_page_blocked_or_thin; official_club_page_webfetch
gb_b729d263be,Anytime Fitness Felixstowe,Anytime Fitness,"Unit 6, Suites 21 & 24, Orwell House",IP11 3AQ,Felixstowe,51.962943,1.320807,suspicious,READY_TO_IMPORT,nominatim,official_sitemap_url; club_page_blocked_or_thin; official_club_page_webfetch; soft_postal
gb_fcad10561c,Anytime Fitness Ferndown,Anytime Fitness,Unit 1 Lindbergh Road,BH21 7SP,Ferndown,50.813591,-1.912234,suspicious,READY_TO_IMPORT,nominatim,official_sitemap_url; club_page_blocked_or_thin; official_club_page_webfetch; soft_postal
gb_72cc8ff07f,Anytime Fitness Feltham,Anytime Fitness,1 High Street,TW13 4AH,Feltham,51.44683,-0.409141,suspicious,READY_TO_IMPORT,nominatim,official_sitemap_url; club_page_blocked_or_thin; official_club_page_webfetch; soft_postal
gb_1f2060f0af,Anytime Fitness Fleet,Anytime Fitness,Hart Shopping Centre,GU51 3LA,Fleet,51.2815,-0.840891,ok,READY_TO_IMPORT,nominatim,official_sitemap_url; club_page_blocked_or_thin; official_club_page_webfetch
gb_680e1b5b23,Anytime Fitness Gateshead,Anytime Fitness,200 The High Street,NE8 1AQ,Gateshead,,,failed,NEEDS_COORDINATES,,official_sitemap_url; club_page_blocked_or_thin; official_club_page_webfetch
gb_91622ca214,Anytime Fitness Gerrards Cross,Anytime Fitness,"Gerrards House, Station Road",SL9 8ES,Gerrards Cross,51.588173,-0.551122,ok,READY_TO_IMPORT,nominatim,official_sitemap_url; club_page_blocked_or_thin; official_club_page_webfetch
gb_a55b0d003a,Anytime Fitness Gloucester,Anytime Fitness,13/23 Northgate Street,GL1 2AN,Gloucester,,,failed,NEEDS_COORDINATES,,official_sitemap_url; club_page_blocked_or_thin; official_club_page_webfetch
gb_1cfda71ab4,Anytime Fitness Gosport,Anytime Fitness,131 Stoke Road,PO12 1SD,Gosport,50.792699,-1.135312,ok,READY_TO_IMPORT,nominatim,official_sitemap_url; club_page_blocked_or_thin; official_club_page_webfetch
gb_7ecc67e209,Anytime Fitness Grantham,Anytime Fitness,91-92 Westgate,NG31 6LE,Grantham,52.91143,-0.644185,suspicious,READY_TO_IMPORT,nominatim,official_sitemap_url; club_page_blocked_or_thin; official_club_page_webfetch; soft_postal
gb_4adec4d44a,Anytime Fitness Guildford,Anytime Fitness,"5, 6 White Lion Walk",GU1 3DN,Guildford,51.235656,-0.575497,ok,READY_TO_IMPORT,nominatim,official_sitemap_url; club_page_blocked_or_thin; official_club_page_webfetch
gb_fa22963145,Anytime Fitness Harlow,Anytime Fitness,"Unit 4, Mill Court, Edinburgh Gate",CM20 2JA,Harlow,51.780607,0.095677,ok,READY_TO_IMPORT,nominatim,official_sitemap_url; club_page_blocked_or_thin; official_club_page_webfetch
gb_96b55356cd,Anytime Fitness Hayling Island,Anytime Fitness,"First Floor, 10 Mengham Road",PO11 9BL,Hayling Island,50.781721,-0.963728,suspicious,READY_TO_IMPORT,nominatim,official_sitemap_url; club_page_blocked_or_thin; official_club_page_webfetch; soft_postal
gb_174930d5ca,Anytime Fitness Headington Oxford,Anytime Fitness,116-120 London Road,OX3 9AX,Headington Oxford,51.759898,-1.211017,suspicious,READY_TO_IMPORT,nominatim,official_sitemap_url; club_page_blocked_or_thin; official_club_page_webfetch; soft_postal
gb_34d6f1dd3f,Anytime Fitness Hemel Hempstead,Anytime Fitness,"Riverside Shopping Centre, Moor End Road",HP1 1BT,Hemel Hempstead,,,failed,NEEDS_COORDINATES,,official_sitemap_url; club_page_blocked_or_thin; official_club_page_webfetch; demoted_outward_mismatch:HP1 1BT->HD9 3AZ
gb_9d21635037,Anytime Fitness Hereford,Anytime Fitness,"Unit 48/49, Maylord Shopping Centre, Maylord Street",HR1 2DT,Hereford,52.057702,-2.714596,suspicious,READY_TO_IMPORT,nominatim,official_sitemap_url; club_page_blocked_or_thin; official_club_page_webfetch; soft_postal
gb_346d8d3d02,Anytime Fitness Hertford,Anytime Fitness,"The New Arcade, The Marquee Centre, Railway Street",SG14 1SH,Hertford,51.797374,-0.075117,ok,READY_TO_IMPORT,nominatim,official_sitemap_url; club_page_blocked_or_thin; official_club_page_webfetch
gb_6a47ca2830,Anytime Fitness High Wycombe,Anytime Fitness,"2 Newlands Walk, Eden Shopping Centre",HP11 2DQ,High Wycombe,51.629263,-0.755196,ok,READY_TO_IMPORT,nominatim,official_sitemap_url; club_page_blocked_or_thin; official_club_page_webfetch
gb_b053d55a1e,Anytime Fitness Hornchurch,Anytime Fitness,46-48 High Street,RM12 4UN,Hornchurch,51.563011,0.21452,suspicious,READY_TO_IMPORT,nominatim,official_sitemap_url; club_page_blocked_or_thin; official_club_page_webfetch; soft_postal
gb_7a4f3f0a03,Anytime Fitness Huntingdon,Anytime Fitness,"44 High Street, Unit 9 St Benedicts Court",PE29 3PR,Huntingdon,52.32956,-0.183359,suspicious,READY_TO_IMPORT,nominatim,official_sitemap_url; club_page_blocked_or_thin; official_club_page_webfetch; soft_postal
gb_591ba7539a,Anytime Fitness Ilkeston,Anytime Fitness,"Unit 2, Rutland Street",DE7 8DG,Ilkeston,52.978071,-1.304917,ok,READY_TO_IMPORT,nominatim,official_sitemap_url; club_page_blocked_or_thin; official_club_page_webfetch
gb_8c12ed0b7d,Anytime Fitness Inverness,Anytime Fitness,26 Harbour Road,IV1 1UA,Inverness,57.48542,-4.217633,ok,READY_TO_IMPORT,nominatim,official_sitemap_url; club_page_blocked_or_thin; official_club_page_webfetch
gb_b606eccf6c,Anytime Fitness Glasgow,Anytime Fitness,205 Dumbarton Road,G11 6AA,Glasgow,55.870579,-4.299901,suspicious,READY_TO_IMPORT,nominatim,official_sitemap_url; club_page_blocked_or_thin; official_club_page_webfetch; soft_postal
gb_34a255f0b5,Anytime Fitness Isle Of Dogs,Anytime Fitness,"Stratus Point, 9 Harbour Wy",E14 9YN,Isle Of Dogs,51.49922,-0.020078,suspicious,READY_TO_IMPORT,nominatim,official_sitemap_url; club_page_blocked_or_thin; official_club_page_webfetch; soft_postal
gb_a51ceb6e54,Anytime Fitness Kendal,Anytime Fitness,"Unit 12, K-Village, Lound Road",LA9 7FH,Kendal,54.320101,-2.744328,ok,READY_TO_IMPORT,nominatim,official_sitemap_url; club_page_blocked_or_thin; official_club_page_webfetch
gb_cdd326ce44,Anytime Fitness Kenilworth,Anytime Fitness,Talisman Square,CV8 1JB,Kenilworth,52.342539,-1.577302,ok,READY_TO_IMPORT,nominatim,official_sitemap_url; club_page_blocked_or_thin; official_club_page_webfetch
gb_695cfeab31,Anytime Fitness Leamington Spa,Anytime Fitness,76-86 The Parade,CV32 4DA,Leamington Spa,,,failed,NEEDS_COORDINATES,,official_sitemap_url; club_page_blocked_or_thin; official_club_page_webfetch
gb_a53d778f11,Anytime Fitness Kettering,Anytime Fitness,"ASDA Complex, Northfield Avenue",NN16 9HU,Kettering,52.411391,-0.734123,suspicious,READY_TO_IMPORT,nominatim,official_sitemap_url; club_page_blocked_or_thin; official_club_page_webfetch; soft_postal
gb_85b3aa5eaf,Anytime Fitness Leatherhead,Anytime Fitness,11-15 North Street,KT22 7AX,Leatherhead,51.295885,-0.330901,suspicious,READY_TO_IMPORT,nominatim,official_sitemap_url; club_page_blocked_or_thin; official_club_page_webfetch; soft_postal
gb_5f13ba3503,Anytime Fitness Leigh,Anytime Fitness,"Unit 1/2, The Loom Retail Park, Spinning Jenny Way",WN7 4PE,Leigh,53.493206,-2.515923,ok,READY_TO_IMPORT,nominatim,official_sitemap_url; club_page_blocked_or_thin; official_club_page_webfetch
gb_54cd7c0b04,Anytime Fitness Leeds,Anytime Fitness,"Unit 1, Bridgewater Place",LS11 5QS,Leeds,53.792003,-1.548041,suspicious,READY_TO_IMPORT,nominatim,official_sitemap_url; club_page_blocked_or_thin; official_club_page_webfetch; soft_postal
gb_494dc61e3f,Anytime Fitness Leeds,Anytime Fitness,"Unit B, Moor Allerton Centre",LS17 5NY,Leeds,53.845071,-1.550663,ok,READY_TO_IMPORT,nominatim,official_sitemap_url; club_page_blocked_or_thin; official_club_page_webfetch
gb_109910140f,Anytime Fitness Leigh On Sea,Anytime Fitness,24-30 Rectory Grove,SS9 2HG,Leigh On Sea,51.542638,0.653803,suspicious,READY_TO_IMPORT,nominatim,official_sitemap_url; club_page_blocked_or_thin; official_club_page_webfetch; soft_postal
gb_1eb427599b,Anytime Fitness Lewisham,Anytime Fitness,"Unit B, Meridian South, Birdwood Avenue, Hither Green",SE13 6UR,Lewisham,51.448562,-0.004125,ok,READY_TO_IMPORT,nominatim,official_sitemap_url; club_page_blocked_or_thin; official_club_page_webfetch
gb_9e12abb4d5,Anytime Fitness Letchworth,Anytime Fitness,36 Gernon Road,SG6 3DU,Letchworth,51.977422,-0.227494,ok,READY_TO_IMPORT,nominatim,official_sitemap_url; club_page_blocked_or_thin; official_club_page_webfetch
gb_6913dfcbd5,Anytime Fitness Leighton Buzzard,Anytime Fitness,"Billington Road, Greater Billington",LU7 9HH,Leighton Buzzard,51.901787,-0.649983,suspicious,READY_TO_IMPORT,nominatim,official_sitemap_url; club_page_blocked_or_thin; official_club_page_webfetch; soft_postal
gb_68d6a1c6ab,Anytime Fitness Lewisham,Anytime Fitness,Unit A Renaissance,SE13 7DJ,Lewisham,,,ambiguous,NEEDS_COORDINATES,,official_sitemap_url; club_page_blocked_or_thin; official_club_page_webfetch
gb_b9f872e845,Anytime Fitness Leyton,Anytime Fitness,665 High Road,E10 6RA,Leyton,51.570792,-0.008535,suspicious,READY_TO_IMPORT,nominatim,official_sitemap_url; club_page_blocked_or_thin; official_club_page_webfetch; soft_postal
gb_e36eb06b27,Anytime Fitness Liverpool Allerton Road,Anytime Fitness,182 Allerton Road,L18 5HU,Liverpool Allerton Road,53.385068,-2.908035,ok,READY_TO_IMPORT,nominatim,official_sitemap_url; club_page_blocked_or_thin; official_club_page_webfetch
gb_a2a003907c,Anytime Fitness Lincoln,Anytime Fitness,"Units 2-4 Darwin Plaza, Wragby Road",LN2 4QA,Lincoln,,,failed,NEEDS_COORDINATES,,official_sitemap_url; club_page_blocked_or_thin; official_club_page_webfetch
gb_bb4658146c,Anytime Fitness London Acton,Anytime Fitness,187-189 High Street,W3 9DJ,London Acton,51.507345,-0.272118,suspicious,READY_TO_IMPORT,nominatim,official_sitemap_url; club_page_blocked_or_thin; official_club_page_webfetch; soft_postal
gb_35f4be1da2,Anytime Fitness London Aldgate,Anytime Fitness,18 Alie St,E1 8DE,London Aldgate,51.513298,-0.072019,ok,READY_TO_IMPORT,nominatim,official_sitemap_url; club_page_blocked_or_thin; official_club_page_webfetch
gb_2111ccb226,Anytime Fitness London Angel,Anytime Fitness,361-373 City Road,EC1V 1LR,London Angel,51.531075,-0.102722,ok,READY_TO_IMPORT,nominatim,official_sitemap_url; club_page_blocked_or_thin; official_club_page_webfetch
gb_1d962a05d3,Anytime Fitness London Alperton,Anytime Fitness,82 Beresford Ave,HA0 1TB,London Alperton,51.541165,-0.283667,suspicious,READY_TO_IMPORT,nominatim,official_sitemap_url; club_page_blocked_or_thin; official_club_page_webfetch; soft_postal
gb_59f1b963d2,Anytime Fitness London Balham,Anytime Fitness,172-176 Balham High Road,SW12 9BW,London Balham,51.444148,-0.152222,ok,READY_TO_IMPORT,nominatim,official_sitemap_url; club_page_blocked_or_thin; official_club_page_webfetch
gb_df3f666dde,Anytime Fitness London Barking,Anytime Fitness,"Unit 3, 59A London Road",IG11 7EP,London Barking,51.537188,0.072053,suspicious,READY_TO_IMPORT,nominatim,official_sitemap_url; club_page_blocked_or_thin; official_club_page_webfetch; soft_postal
gb_fa3aac5d74,Anytime Fitness London Brixton,Anytime Fitness,"Ivor House, Acre Lane",SW2 5RS,London Brixton,51.46054,-0.117725,ok,READY_TO_IMPORT,nominatim,official_sitemap_url; club_page_blocked_or_thin; official_club_page_webfetch
gb_c0ab5438fe,Anytime Fitness London Bermondsey,Anytime Fitness,"Matter Bermondsey, 18-19 Crimscott Street",SE1 5TE,London Bermondsey,,,failed,NEEDS_COORDINATES,,official_sitemap_url; club_page_blocked_or_thin; official_club_page_webfetch
gb_08ac54f90f,Anytime Fitness London Chalk Farm,Anytime Fitness,47 Crogsland Road,NW1 8QJ,London Chalk Farm,51.543936,-0.152498,ok,READY_TO_IMPORT,nominatim,official_sitemap_url; club_page_blocked_or_thin; official_club_page_webfetch
gb_fc33685356,Anytime Fitness London Clapham Junction,Anytime Fitness,276 – 288 Lavender Hill,SW11 1LJ,London Clapham Junction,51.464097,-0.167593,ok,READY_TO_IMPORT,nominatim,official_sitemap_url; club_page_blocked_or_thin; official_club_page_webfetch
gb_551b943330,Anytime Fitness London Chiswick,Anytime Fitness,"Edmunds House, Colonial Drive, Bollo Lane, Chiswick",W4 5HA,London Chiswick,51.494604,-0.270214,ok,READY_TO_IMPORT,nominatim,official_sitemap_url; club_page_blocked_or_thin; official_club_page_webfetch
gb_877fa091aa,Anytime Fitness London Colindale,Anytime Fitness,42 Capitol Way,NW9 0AW,London Colindale,,,failed,NEEDS_COORDINATES,,official_sitemap_url; club_page_blocked_or_thin; official_club_page_webfetch
gb_ffe6f92c5f,Anytime Fitness London Euston,Anytime Fitness,210 Euston Road,NW1 2DA,London Euston,51.525997,-0.135305,ok,READY_TO_IMPORT,nominatim,official_sitemap_url; club_page_blocked_or_thin; official_club_page_webfetch
gb_a5f7659722,Anytime Fitness London,Anytime Fitness,"Unit 2 The Nido Building, 200 Pentonville Road",N1 9JP,London,51.531309,-0.117592,ok,READY_TO_IMPORT,nominatim,official_sitemap_url; club_page_blocked_or_thin; official_club_page_webfetch
gb_b2c27a6cf7,Anytime Fitness London Fields Hackney,Anytime Fitness,8 Pemberton Place,E8 3RF,London Fields Hackney,51.540436,-0.054939,suspicious,READY_TO_IMPORT,nominatim,official_sitemap_url; club_page_blocked_or_thin; official_club_page_webfetch; soft_postal
gb_052c323ca0,Anytime Fitness London Fulham Hurlingham,Anytime Fitness,"Piper Building, Peterborough Road",SW6 3EF,London Fulham Hurlingham,51.469026,-0.196172,suspicious,READY_TO_IMPORT,nominatim,official_sitemap_url; club_page_blocked_or_thin; official_club_page_webfetch; soft_postal
gb_fbfe54b4f5,Anytime Fitness London,Anytime Fitness,"1st Floor, Regal House, 70 London Road",TW1 3QS,London,51.449664,-0.329867,ok,READY_TO_IMPORT,nominatim,official_sitemap_url; club_page_blocked_or_thin; official_club_page_webfetch
gb_fa49395fff,Anytime Fitness London,Anytime Fitness,"166 - 168 High Street, Stratford",E15 2FD,London,51.535207,-0.005772,ok,READY_TO_IMPORT,nominatim,official_sitemap_url; club_page_blocked_or_thin; official_club_page_webfetch
gb_3cf61c0789,Anytime Fitness London,Anytime Fitness,"Royal Garden Hotel, 2-24 Kensington High Street",W8 4PT,London,51.502558,-0.187849,ok,READY_TO_IMPORT,nominatim,official_sitemap_url; club_page_blocked_or_thin; official_club_page_webfetch
gb_2ea3e0acea,Anytime Fitness London,Anytime Fitness,"Unit 1, Southbury Road",EN3 4HR,London,,,failed,NEEDS_COORDINATES,,official_sitemap_url; club_page_blocked_or_thin; official_club_page_webfetch
gb_8833ebac0d,Anytime Fitness London,Anytime Fitness,"1 Priory Court, Pilgrim Street",EC4 6DE,London,,,failed,NEEDS_COORDINATES,,official_sitemap_url; club_page_blocked_or_thin; official_club_page_webfetch; demoted_outward_mismatch:EC4 6DE->WA7 3FT
gb_ba90d2237e,Anytime Fitness London,Anytime Fitness,16 Coombe Lane,SW20 8ND,London,51.409737,-0.228945,ok,READY_TO_IMPORT,nominatim,official_sitemap_url; club_page_blocked_or_thin; official_club_page_webfetch
gb_679dba9799,Anytime Fitness London,Anytime Fitness,"222-224 Fulham Road, Chelsea",SW10 9NB,London,51.48542,-0.182086,ok,READY_TO_IMPORT,nominatim,official_sitemap_url; club_page_blocked_or_thin; official_club_page_webfetch
gb_de7e36b973,Anytime Fitness London,Anytime Fitness,"3 Mullins Place, Kings Avenue",SW4 8EU,London,,,failed,NEEDS_COORDINATES,,official_sitemap_url; club_page_blocked_or_thin; official_club_page_webfetch
gb_6a9800c79f,Anytime Fitness London,Anytime Fitness,"Unit 1, Tesco Extra, Love Lane",SE18 6QT,London,51.489217,0.066115,suspicious,READY_TO_IMPORT,nominatim,official_sitemap_url; club_page_blocked_or_thin; official_club_page_webfetch; soft_postal
gb_69c7953d1b,Anytime Fitness London,Anytime Fitness,185 Tooting High Street,SW17 0SZ,London,51.42432,-0.171632,ok,READY_TO_IMPORT,nominatim,official_sitemap_url; club_page_blocked_or_thin; official_club_page_webfetch
gb_6f36e24c4e,Anytime Fitness London,Anytime Fitness,"568 Kingsland Road, Dalston",E8 4AH,London,51.545214,-0.075677,ok,READY_TO_IMPORT,nominatim,official_sitemap_url; club_page_blocked_or_thin; official_club_page_webfetch
gb_cb4f0d0f87,Anytime Fitness London,Anytime Fitness,332 Ladbroke Grove,W10 5AD,London,51.525876,-0.214771,ok,READY_TO_IMPORT,nominatim,official_sitemap_url; club_page_blocked_or_thin; official_club_page_webfetch
gb_2f997e211c,Anytime Fitness London,Anytime Fitness,"Unit 1 & 2, 224-226 Norwood Road",SE27 9AQ,London,51.438047,-0.106009,suspicious,READY_TO_IMPORT,nominatim,official_sitemap_url; club_page_blocked_or_thin; official_club_page_webfetch; soft_postal
gb_48dc41fc8b,Anytime Fitness London,Anytime Fitness,"29 Brighton Road, Sutton",SM2 5AJ,London,51.358295,-0.190826,ok,READY_TO_IMPORT,nominatim,official_sitemap_url; club_page_blocked_or_thin; official_club_page_webfetch
gb_a8898f3c8f,Anytime Fitness London,Anytime Fitness,"342 a/b Baring Road, Grove Park",SE12 0DU,London,51.433241,0.021193,suspicious,READY_TO_IMPORT,nominatim,official_sitemap_url; club_page_blocked_or_thin; official_club_page_webfetch; soft_postal
gb_00c650c9bf,Anytime Fitness London,Anytime Fitness,"62 & 64 Vernon Road, Bow",E3 5GS,London,51.532173,-0.029201,ok,READY_TO_IMPORT,nominatim,official_sitemap_url; club_page_blocked_or_thin; official_club_page_webfetch
gb_f240a78429,Anytime Fitness London,Anytime Fitness,49-51 Kilburn High Road,NW6 5SB,London,51.536555,-0.191752,ok,READY_TO_IMPORT,nominatim,official_sitemap_url; club_page_blocked_or_thin; official_club_page_webfetch
gb_f9f724a739,Anytime Fitness London,Anytime Fitness,"Unit C, Bugsby's Way, Greenwich Shopping Park",SE7 7ST,London,51.48736,0.025173,suspicious,READY_TO_IMPORT,nominatim,official_sitemap_url; club_page_blocked_or_thin; official_club_page_webfetch; soft_postal
gb_99db465385,Anytime Fitness London,Anytime Fitness,Test 100 Lane.,SW1A 1AA,London,,,,NEEDS_REVIEW,,official_sitemap_url; club_page_blocked_or_thin; official_club_page_webfetch; test_placeholder_page; left_unresolved_test_placeholder
gb_861c962822,Anytime Fitness London Hackney Downs,Anytime Fitness,"Unit 8, Maple Path, Lower Clapton",E5 8QJ,London Hackney Downs,,,failed,NEEDS_COORDINATES,,official_sitemap_url; club_page_blocked_or_thin; official_club_page_webfetch
gb_575409d5a7,Anytime Fitness London Harringay,Anytime Fitness,"6-9 Salisbury Promenade, Green Lanes",N8 0RX,London Harringay,,,failed,NEEDS_COORDINATES,,official_sitemap_url; club_page_blocked_or_thin; official_club_page_webfetch
gb_12dc4110dd,Anytime Fitness London Harrow And Wealdstone,Anytime Fitness,19 High Street,HA3 5FF,London Harrow And Wealdstone,,,failed,NEEDS_COORDINATES,,official_sitemap_url; club_page_blocked_or_thin; official_club_page_webfetch
gb_05eb747e56,Anytime Fitness London Kingston Upon Thames,Anytime Fitness,1 Wood Street,KT1 1TY,London Kingston Upon Thames,,,failed,NEEDS_COORDINATES,,official_sitemap_url; club_page_blocked_or_thin; official_club_page_webfetch
gb_4009bf12df,Anytime Fitness London New Southgate,Anytime Fitness,"Unit 5 Ladderswood Estate, 3 Lower park Road",N11 1FJ,London New Southgate,,,failed,NEEDS_COORDINATES,,official_sitemap_url; club_page_blocked_or_thin; official_club_page_webfetch
gb_322ffd2006,Anytime Fitness London Loughton,Anytime Fitness,"216 High Road, Loughton",IG10 1ET,London Loughton,51.647959,0.055456,ok,READY_TO_IMPORT,nominatim,official_sitemap_url; club_page_blocked_or_thin; official_club_page_webfetch
gb_7eff0ee212,Anytime Fitness London Putney,Anytime Fitness,215 Upper Richmond Road,SW15 6SY,London Putney,51.461185,-0.221348,ok,READY_TO_IMPORT,nominatim,official_sitemap_url; club_page_blocked_or_thin; official_club_page_webfetch
gb_99d6684ad1,Anytime Fitness London Stratford East,Anytime Fitness,"Prospect East, 156-158 Leyton Road, East Village, Stratford",E15 1DR,London Stratford East,51.54877,-0.003309,ok,READY_TO_IMPORT,nominatim,official_sitemap_url; club_page_blocked_or_thin; official_club_page_webfetch
gb_c88110b410,Anytime Fitness London Tottenham Hale,Anytime Fitness,"Unit 2 East Apartments, 1 Ashley Road",N17 9QY,London Tottenham Hale,51.589225,-0.060862,ok,READY_TO_IMPORT,nominatim,official_sitemap_url; club_page_blocked_or_thin; official_club_page_webfetch
gb_eb8f0a6fca,Anytime Fitness London Swiss Cottage,Anytime Fitness,"5 Harben Parade, Finchley Road",NW3 6JP,London Swiss Cottage,51.544588,-0.176363,suspicious,READY_TO_IMPORT,nominatim,official_sitemap_url; club_page_blocked_or_thin; official_club_page_webfetch; soft_postal
gb_1259f0c7eb,Anytime Fitness London Wandsworth,Anytime Fitness,94 Putney Bridge Road,SW18 1TU,London Wandsworth,51.459929,-0.199151,ok,READY_TO_IMPORT,nominatim,official_sitemap_url; club_page_blocked_or_thin; official_club_page_webfetch
gb_0278d22578,Anytime Fitness London West Ealing,Anytime Fitness,77-83 The Broadway,W13 9BP,London West Ealing,51.509677,-0.325065,ok,READY_TO_IMPORT,nominatim,official_sitemap_url; club_page_blocked_or_thin; official_club_page_webfetch
gb_c934efc26b,Anytime Fitness London Wimbledon,Anytime Fitness,13-19 Wimbledon Hill Road,SW19 7NE,London Wimbledon,51.421715,-0.207601,ok,READY_TO_IMPORT,nominatim,official_sitemap_url; club_page_blocked_or_thin; official_club_page_webfetch
gb_978ffaa869,Anytime Fitness London West Hendon,Anytime Fitness,1 Cool Oak Lane,NW9 7FJ,London West Hendon,,,failed,NEEDS_COORDINATES,,official_sitemap_url; club_page_blocked_or_thin; official_club_page_webfetch
gb_705ca6f5de,Anytime Fitness London Woodberry Down,Anytime Fitness,"Unit 3, B2.0 Darter House",N4 2XE,London Woodberry Down,,,failed,NEEDS_COORDINATES,,official_sitemap_url; club_page_blocked_or_thin; official_club_page_webfetch
gb_5896ed4501,Anytime Fitness Loudwater,Anytime Fitness,"Keystone House, Boundary Road",HP10 9PN,Loudwater,,,ambiguous,NEEDS_COORDINATES,,official_sitemap_url; club_page_blocked_or_thin; official_club_page_webfetch
gb_230336716a,Anytime Fitness Loughborough,Anytime Fitness,Bridge Street,LE11 1NQ,Loughborough,52.774424,-1.210373,suspicious,READY_TO_IMPORT,nominatim,official_sitemap_url; club_page_blocked_or_thin; official_club_page_webfetch; soft_postal
gb_f66a68fae6,Anytime Fitness Maghull,Anytime Fitness,"38-42 Westway, Central Square",L31 0AE,Maghull,53.515992,-2.944268,ok,READY_TO_IMPORT,nominatim,official_sitemap_url; club_page_blocked_or_thin; official_club_page_webfetch
gb_39d797b5bd,Anytime Fitness Maidenhead,Anytime Fitness,"Cooper Court, Unit A and B",SL6 1LF,Maidenhead,51.521345,-0.717557,ok,READY_TO_IMPORT,nominatim,official_sitemap_url; club_page_blocked_or_thin; official_club_page_webfetch
gb_19358ffccc,Anytime Fitness Malvern,Anytime Fitness,"Malvern Shopping Park, Townsend Way",WR14 1PY,Malvern,,,failed,NEEDS_COORDINATES,,official_sitemap_url; club_page_blocked_or_thin; official_club_page_webfetch
gb_f1c60d7253,Anytime Fitness Mansfield,Anytime Fitness,176 Nottingham Road,NG18 4AF,Mansfield,52.905023,-1.370717,ok,READY_TO_IMPORT,nominatim,official_sitemap_url; club_page_blocked_or_thin; official_club_page_webfetch
gb_0419169d6a,Anytime Fitness Manchester Central Piccadilly,Anytime Fitness,Unit 4A Piccadilly Place,M1 3BN,Manchester Central Piccadilly,53.477752,-2.233126,ok,READY_TO_IMPORT,nominatim,official_sitemap_url; club_page_blocked_or_thin; official_club_page_webfetch
gb_374505e494,Anytime Fitness Mill Hill,Anytime Fitness,"Titan Court, 1 Flower Lane",NW7 2JA,Mill Hill,51.615283,-0.244787,suspicious,READY_TO_IMPORT,nominatim,official_sitemap_url; club_page_blocked_or_thin; official_club_page_webfetch; soft_postal
gb_f180aa9c0b,Anytime Fitness Milton Keynes,Anytime Fitness,"1 Benbow Court, Shenley Church End",MK5 6JG,Milton Keynes,52.026634,-0.788618,ok,READY_TO_IMPORT,nominatim,official_sitemap_url; club_page_blocked_or_thin; official_club_page_webfetch
gb_6bf363a5a4,Anytime Fitness Oxted,Anytime Fitness,145-157 Station Road East,RH8 0QE,Oxted,51.258547,-0.004345,ok,READY_TO_IMPORT,nominatim,official_sitemap_url; club_page_blocked_or_thin; official_club_page_webfetch
gb_b991e2131c,Anytime Fitness Orpington,Anytime Fitness,313 High Street,BR6 0NN,Orpington,51.373489,0.097993,ok,READY_TO_IMPORT,nominatim,official_sitemap_url; club_page_blocked_or_thin; official_club_page_webfetch
gb_80b7f2cf76,Anytime Fitness Paignton,Anytime Fitness,188-190 Torquay Road,TQ3 2AL,Paignton,50.443349,-3.563916,ok,READY_TO_IMPORT,nominatim,official_sitemap_url; club_page_blocked_or_thin; official_club_page_webfetch
gb_6e12302833,Anytime Fitness Peckham,Anytime Fitness,190 Rye Lane,SE15 4NF,Peckham,51.467103,-0.066601,suspicious,READY_TO_IMPORT,nominatim,official_sitemap_url; club_page_blocked_or_thin; official_club_page_webfetch; soft_postal
gb_1644bc2403,Anytime Fitness Ringwood,Anytime Fitness,"Piquet House, Yeoman Road",BH24 3FH,Ringwood,50.839613,-1.781421,ok,READY_TO_IMPORT,nominatim,official_sitemap_url; club_page_blocked_or_thin; official_club_page_webfetch
gb_2fa73eb445,Anytime Fitness Rugeley,Anytime Fitness,Brewery Street,WS15 2DY,Rugeley,52.759243,-1.933842,ok,READY_TO_IMPORT,nominatim,official_sitemap_url; club_page_blocked_or_thin; official_club_page_webfetch
gb_25f890bcea,Anytime Fitness Ruislip,Anytime Fitness,50 Windmill Hill,HA4 8PT,Ruislip,,,failed,NEEDS_COORDINATES,,official_sitemap_url; club_page_blocked_or_thin; official_club_page_webfetch
gb_62bb0b0e16,Anytime Fitness Rushden,Anytime Fitness,"Unit 3 and 4, Peter Crisp Building, 3- 9 Church Street",NN10 9YU,Rushden,52.289113,-0.597984,suspicious,READY_TO_IMPORT,nominatim,official_sitemap_url; club_page_blocked_or_thin; official_club_page_webfetch; soft_postal
gb_ae5025dfdc,Anytime Fitness Shrewsbury,Anytime Fitness,"Cirrus House, Lower Claremont Bank",SY1 1RT,Shrewsbury,52.7091,-2.758943,suspicious,READY_TO_IMPORT,nominatim,official_sitemap_url; club_page_blocked_or_thin; official_club_page_webfetch; soft_postal
gb_ff0a0fad55,Anytime Fitness Southport,Anytime Fitness,"Unit 2, Ribble Buildings, Lord Street",PR8 1RN,Southport,,,failed,NEEDS_COORDINATES,,official_sitemap_url; club_page_blocked_or_thin; official_club_page_webfetch
gb_ac730aeb47,Anytime Fitness Southsea,Anytime Fitness,"Handleys Corner, 44-46 Palmerston Road",PO5 3QG,Southsea,50.78544,-1.089453,ok,READY_TO_IMPORT,nominatim,official_sitemap_url; club_page_blocked_or_thin; official_club_page_webfetch
gb_b855706f1e,Anytime Fitness Stratford Upon Avon,Anytime Fitness,"Unit 4, Maybrook Road",CV37 0BT,Stratford Upon Avon,52.199144,-1.713762,ok,READY_TO_IMPORT,nominatim,official_sitemap_url; club_page_blocked_or_thin; official_club_page_webfetch
gb_b6742104b3,Anytime Fitness Stroud,Anytime Fitness,"Unit H, Merrywalks Shopping Centre",GL5 1QA,Stroud,51.746544,-2.218834,suspicious,READY_TO_IMPORT,nominatim,official_sitemap_url; club_page_blocked_or_thin; official_club_page_webfetch; soft_postal
gb_426d0ef34e,Anytime Fitness Sutton In Ashfield,Anytime Fitness,"Unit E, The Broad Centre, Station Road",NG17 5FH,Sutton In Ashfield,,,failed,NEEDS_COORDINATES,,official_sitemap_url; club_page_blocked_or_thin; official_club_page_webfetch
gb_0c38b57f0f,Anytime Fitness Swadlincote,Anytime Fitness,"Astron Business Park, Hearthcote Road",DE11 9DW,Swadlincote,52.77135,-1.57134,ok,READY_TO_IMPORT,nominatim,official_sitemap_url; club_page_blocked_or_thin; official_club_page_webfetch
gb_4f5203d22e,Anytime Fitness Swansea Fforestfach,Anytime Fitness,"Unit 10B, Park Fforestfach, Pontardulais Road",SA5 4BB,Swansea Fforestfach,,,failed,NEEDS_COORDINATES,,official_sitemap_url; club_page_blocked_or_thin; official_club_page_webfetch
gb_accdc6a269,Anytime Fitness Swindon Old Town,Anytime Fitness,"Unit 3, Hoopers Place, Swindon",SN1 3RA,Swindon Old Town,51.560134,-1.778565,ok,READY_TO_IMPORT,nominatim,official_sitemap_url; club_page_blocked_or_thin; official_club_page_webfetch
gb_d47036a4f3,Anytime Fitness Telford,Anytime Fitness,"Gresham Drive, Newdale",TF3 5ES,Telford,52.677066,-2.479681,ok,READY_TO_IMPORT,nominatim,official_sitemap_url; club_page_blocked_or_thin; official_club_page_webfetch
gb_a5979e51b9,Anytime Fitness Totton,Anytime Fitness,27 Salisbury Road,SO40 3HX,Totton,50.919855,-1.491063,ok,READY_TO_IMPORT,nominatim,official_sitemap_url; club_page_blocked_or_thin; official_club_page_webfetch
gb_24e1492c46,Anytime Fitness Tolworth,Anytime Fitness,122-124 Tolworth Broadway,KT6 7HT,Tolworth,51.379593,-0.281578,ok,READY_TO_IMPORT,nominatim,official_sitemap_url; club_page_blocked_or_thin; official_club_page_webfetch
gb_cc85fb1ff6,Anytime Fitness Trowbridge,Anytime Fitness,"Unit C, 27 Fore Street",BA14 8EW,Trowbridge,51.320622,-2.208027,ok,READY_TO_IMPORT,nominatim,official_sitemap_url; club_page_blocked_or_thin; official_club_page_webfetch
gb_343508ad44,Anytime Fitness Truro,Anytime Fitness,Calenick Street,TR1 2SF,Truro,50.262156,-5.054604,ok,READY_TO_IMPORT,nominatim,official_sitemap_url; club_page_blocked_or_thin; official_club_page_webfetch
gb_d4c0c8d633,Anytime Fitness Upminster,Anytime Fitness,55/57 Station Road,RM14 2SU,Upminster,51.5585,0.250181,ok,READY_TO_IMPORT,nominatim,official_sitemap_url; club_page_blocked_or_thin; official_club_page_webfetch
gb_7d8adca646,Anytime Fitness Uckfield,Anytime Fitness,"Suite 4, Bell Walk House",TN22 5DQ,Uckfield,50.969115,0.095577,ok,READY_TO_IMPORT,nominatim,official_sitemap_url; club_page_blocked_or_thin; official_club_page_webfetch
gb_9789a6c720,Anytime Fitness Wellington,Anytime Fitness,"Unit 5a/5d, Westpark 26",TA21 9AD,Wellington,50.980737,-3.205999,ok,READY_TO_IMPORT,nominatim,official_sitemap_url; club_page_blocked_or_thin; official_club_page_webfetch
gb_31b8ed9b20,Anytime Fitness Winchester,Anytime Fitness,28 Jewry Street,SO23 8RY,Winchester,51.064228,-1.315945,ok,READY_TO_IMPORT,nominatim,official_sitemap_url; club_page_blocked_or_thin; official_club_page_webfetch
gb_437110c34c,Anytime Fitness Wickford,Anytime Fitness,"De Burgh House, Market Road",SS12 0FD,Wickford,,,failed,NEEDS_COORDINATES,,official_sitemap_url; club_page_blocked_or_thin; official_club_page_webfetch
gb_e1cd94b261,Anytime Fitness Welwyn Garden City,Anytime Fitness,"Unit 54, The Howard Centre",AL8 6HA,Welwyn Garden City,,,failed,NEEDS_COORDINATES,,official_sitemap_url; club_page_blocked_or_thin; official_club_page_webfetch
gb_f3b2c6f69a,Anytime Fitness Witham,Anytime Fitness,103-105 Newland Street,CM8 1BE,Witham,51.79814,0.63852,ok,READY_TO_IMPORT,nominatim,official_sitemap_url; club_page_blocked_or_thin; official_club_page_webfetch
gb_2989155494,Anytime Fitness Woking,Anytime Fitness,51-57 Chertsey Road,GU21 5AJ,Woking,51.320407,-0.555613,ok,READY_TO_IMPORT,nominatim,official_sitemap_url; club_page_blocked_or_thin; official_club_page_webfetch
gb_355dc4a147,Anytime Fitness Worcester,Anytime Fitness,"Basin Road, Worcester",WR5 3GB,Worcester,52.181753,-2.220317,suspicious,READY_TO_IMPORT,nominatim,official_sitemap_url; club_page_blocked_or_thin; official_club_page_webfetch; soft_postal
gb_f2210762b8,Anytime Fitness Worksop,Anytime Fitness,"Unit 2, Sandy Lane Retail Park, Babbage Way",S80 1UJ,Worksop,,,failed,NEEDS_COORDINATES,,official_sitemap_url; club_page_blocked_or_thin; official_club_page_webfetch
gb_8d04c4c655,Anytime Fitness Worthing,Anytime Fitness,2 Newland Road,BN11 1JR,Worthing,50.817711,-0.371993,suspicious,READY_TO_IMPORT,nominatim,official_sitemap_url; club_page_blocked_or_thin; official_club_page_webfetch; soft_postal
gb_2932bb09e2,Anytime Fitness Yeovil,Anytime Fitness,"4/6 Frederick Place, Quedam Shopping Centre",BA20 1LD,Yeovil,50.941654,-2.630185,ok,READY_TO_IMPORT,nominatim,official_sitemap_url; club_page_blocked_or_thin; official_club_page_webfetch
gb_f95b4b6d83,Anytime Fitness Woodley,Anytime Fitness,"Unit 1, 6 East Reading Retail Centre, Shepherds Hill",RG6 1FE,Woodley,51.459914,-0.920709,ok,READY_TO_IMPORT,nominatim,official_sitemap_url; club_page_blocked_or_thin; official_club_page_webfetch
gb_0ab0b32d29,Bannatyne Aberdeen Health Club,Bannatyne,"Bannatyne Health Club, Laurel Drive, Danestone, Aberdeen, AB22 8AQ",AB22 8AQ,Aberdeen,57.177577,-2.150589,ok,READY_TO_IMPORT,nominatim,official_club_page
gb_9eaa1be505,Bannatyne Ashford Health Club,Bannatyne,"Bannatyne Health Club and Spa, Unit 2, Lower Terrace, Eureka Leisure Park, Ashford",TN25 4BN,Ashford,,,failed,NEEDS_COORDINATES,,official_club_page; soft_postal; demoted_outward_mismatch:TN25 4BN->TN24 8XH
gb_ea12f2bdef,Bannatyne Ayr Health Club,Bannatyne,"Bannatyne Health Club, 1 Highfield Drive, Ayr, Ayrshire, KA8 9SH",KA8 9SH,Ayrshire,55.476088,-4.589467,ok,READY_TO_IMPORT,nominatim,official_club_page
gb_a4faee87c6,Bannatyne Banbury Health Club,Bannatyne,"Bannatyne Health Club & Spa, Bodicote Park, Oxford Road, Banbury, Oxon, OX15 4AF",OX15 4AF,Oxon,52.035823,-1.318799,ok,READY_TO_IMPORT,nominatim,official_club_page
gb_93c6a4392d,Bannatyne Barnsley Health Club,Bannatyne,"Bannatyne Health Club & Spa, Barnsley Road, Dodworth, Barnsley, S75 3JT",S75 3JT,Barnsley,53.545502,-1.523372,ok,READY_TO_IMPORT,nominatim,official_club_page
gb_a191ca3c40,Bannatyne Belfast Health Club,Bannatyne,"Bannatyne Health Club and Spa, Mertoun Hall, 106 Belfast Road, Holywood",BT18 9QY,Belfast,,,failed,NEEDS_COORDINATES,,official_club_page; demoted_outward_mismatch:BT18 9QY->BT8 7BP
gb_a197eb80ac,Bannatyne Birmingham - Brindleyplace Health Club,Bannatyne,"Bannatyne Health Club & Spa, 3 Brunswick Arcade, Brindleyplace, Birmingham, B1 2JF",B1 2JF,Birmingham,52.477885,-1.915009,ok,READY_TO_IMPORT,nominatim,official_club_page
gb_bdc7600096,Bannatyne Blackpool Health Club,Bannatyne,"Bannatyne Health Club & Spa, Bloomfield Central, Rigby Road, Blackpool, Lancashire, FY1 5EP",FY1 5EP,Lancashire,53.553591,-2.775321,ok,READY_TO_IMPORT,nominatim,official_club_page
gb_19a8d419e2,Bannatyne Braintree Health Club,Bannatyne,"Bannatyne Health Club, Springwood Drive, Braintree",CM7 2YN,Braintree,,,failed,NEEDS_COORDINATES,,official_club_page
gb_e3ca7c7906,Bannatyne Bristol Health Club,Bannatyne,"Bannatyne Health Club & Spa, 80 Redland Road, Redland, Bristol, BS6 6AG",BS6 6AG,Bristol,51.467926,-2.597595,ok,READY_TO_IMPORT,nominatim,official_club_page
gb_4588feb30e,Bannatyne Broadstairs Health Club,Bannatyne,"Bannatyne Health Club and Spa, Westwood Farm, Westwood Road, Broadstairs",CT10 2NR,Broadstairs,51.360393,1.400003,ok,READY_TO_IMPORT,nominatim,official_club_page
gb_b3e113e869,Bannatyne Burton on Trent Health Club,Bannatyne,"Bannatyne Health Club & Spa, Centrum 100 Retail Park, Wellington Road, Burton on Trent, DE14 2WG",DE14 2WG,Burton on Trent,52.793588,-1.668245,ok,READY_TO_IMPORT,nominatim,official_club_page
gb_c51027ac74,Bannatyne Bury St Edmunds Health Club,Bannatyne,"Bannatyne Health Club & Spa, Horringer Court, Horringer Road, Bury St. Edmunds, IP29 5PH",IP29 5PH,Bury St. Edmunds,52.23303,0.690687,ok,READY_TO_IMPORT,nominatim,official_club_page
gb_2c0087c439,Bannatyne Cardiff Health Club,Bannatyne,"Bannatyne Health Club & Spa, Parc Ty Glas , Llanishen, Cardiff, CF14 5DU",CF14 5DU,Cardiff,51.524089,-3.193015,ok,READY_TO_IMPORT,nominatim,official_club_page
gb_ac6e6d15c8,Bannatyne Carlisle Health Club,Bannatyne,"Bannatyne Health Club & Spa, 50 Kingstown Road, Carlisle, CA3 0AD",CA3 0AD,Carlisle,54.914954,-2.94079,ok,READY_TO_IMPORT,nominatim,official_club_page
gb_0e144c258e,Bannatyne Chafford Hundred Health Club,Bannatyne,"Bannatyne Health Club & Spa, Howard Road, Chafford Hundred, Essex, RM16 6YJ",RM16 6YJ,Essex,51.491147,0.291986,ok,READY_TO_IMPORT,nominatim,official_club_page
gb_01786c13c5,Bannatyne Chester-le-Street Health Club,Bannatyne,"Bannatyne Health Club, County Grounds, Riverside",DH3 3SH,Chester-le-Street,,,failed,NEEDS_COORDINATES,,official_club_page
gb_8332bf0a06,"Bannatyne Chingford, London Health Club",Bannatyne,"Bannatyne Health Club, 2 Morrison Avenue, Chingford, London, E4 8SA",E4 8SA,London,51.607938,-0.01802,ok,READY_TO_IMPORT,nominatim,official_club_page
gb_3d72686636,Bannatyne Colchester - Kingsford Park Health Club,Bannatyne,"Bannatyne Health Club & Spa, Kingsford Park, Layer Road, Colchester, CO2 0HS",CO2 0HS,Colchester,51.85881,0.863654,ok,READY_TO_IMPORT,nominatim,official_club_page
gb_6f2eac2c9f,Bannatyne Colchester Health Club,Bannatyne,"Bannatyne Health Club, Heath House, Grange Way, Whitehall Industrial Est, Colchester, Essex, CO2 8GU",CO2 8GU,Essex,51.873818,0.927012,ok,READY_TO_IMPORT,nominatim,official_club_page
gb_33333112a2,Bannatyne Cookridge Hall Health Club,Bannatyne,"Bannatyne Health Club & Spa, Cookridge Lane, Leeds, LS16 7NL",LS16 7NL,Leeds,53.861911,-1.610189,ok,READY_TO_IMPORT,nominatim,official_club_page
gb_464c57b0a6,Bannatyne Coulby Newham Health Club,Bannatyne,"Bannatyne Health Club, Stainton Road, Parkway Village, Coulby Newham",TS8 0TJ,Middlesbrough,,,failed,NEEDS_COORDINATES,,official_club_page
gb_63c4ef64fe,Bannatyne Crewe Health Club,Bannatyne,"Bannatyne Health Club and Spa, Flour Mill Way, Crewe",CW1 5NW,Crewe,,,failed,NEEDS_COORDINATES,,official_club_page
gb_b3c373bc54,Bannatyne Darlington Health Club,Bannatyne,"Bannatyne Health Club and Spa, Haughton Road, Darlington",DL1 1SS,Darlington,,,failed,NEEDS_COORDINATES,,official_club_page
gb_813b3fe41a,Bannatyne Dumfries Health Club,Bannatyne,"Bannatyne Health Club, Marchfield House, Edinburgh Road, Dumfries",DG1 1SE,Dumfries and Galloway,55.084642,-3.595591,ok,READY_TO_IMPORT,nominatim,official_club_page
gb_5d655b2d99,Bannatyne Dunfermline - Fife Health Club,Bannatyne,"Bannatyne Health Club & Spa, Fife Leisure Park, Dunfermline, Fife, KY11 8EX",KY11 8EX,Fife,56.079057,-3.396297,ok,READY_TO_IMPORT,nominatim,official_club_page
gb_3cb5fa9ecd,Bannatyne Durham Health Club,Bannatyne,"Bannatyne Health Club & Spa, Eden Terrace, Belmont, Durham, DH1 2HJ",DH1 2HJ,Durham,54.784394,-1.535311,ok,READY_TO_IMPORT,nominatim,official_club_page
gb_30ce523edf,Bannatyne Eastbourne Health Club,Bannatyne,"Bannatyne Health Club, 7 Edward Rd, Eastbourne , East Sussex, BN23 8AS",BN23 8AS,East Sussex,50.799917,0.28989,ok,READY_TO_IMPORT,nominatim,official_club_page
gb_d6a326af67,Bannatyne Edinburgh - City Centre Health Club,Bannatyne,"Bannatyne Health Club & Spa, 43 Queen Street, Edinburgh, EH2 3NH",EH2 3NH,Edinburgh,55.954103,-3.201961,ok,READY_TO_IMPORT,nominatim,official_club_page
gb_729d03f98b,Bannatyne Edinburgh - Newcraighall Rd Health Club,Bannatyne,"Bannatyne Health Club & Spa, 89 Newcraighall Road, Musselburgh, Edinburgh, EH21 8RX",EH21 8RX,Edinburgh,55.935117,-3.095786,ok,READY_TO_IMPORT,nominatim,official_club_page
gb_afa0832568,Bannatyne Fairfield Health Club,Bannatyne,"Bannatyne Health Club and Spa, Kingsley Avenue, Fairfield",SG5 4JJ,Hitchin,,,failed,NEEDS_COORDINATES,,official_club_page
gb_91c7f422f1,Bannatyne Falkirk Health Club,Bannatyne,"Bannatyne Health Club and Spa, Central Retail Park",FK1 1LW,Falkirk,56.00459,-3.780264,ok,READY_TO_IMPORT,nominatim,official_club_page
gb_6d890b34ff,Bannatyne Folkestone Health Club,Bannatyne,"Bannatyne Health Club, Shearway Business Park, Folkestone, Kent, CT19 4RH",CT19 4RH,Kent,51.094646,1.152133,suspicious,READY_TO_IMPORT,nominatim,official_club_page; soft_postal
gb_e5e1183f05,"Bannatyne Grove Park, London Health Club",Bannatyne,"Bannatyne Health Club, 35 Marvels Lane, Grove Park, London, SE12 9PN",SE12 9PN,London,51.43702,0.025762,suspicious,READY_TO_IMPORT,nominatim,official_club_page; soft_postal
gb_f5ae252c2b,Bannatyne Hastings Health Club,Bannatyne,"Bannatyne Health Club & Spa, Battle Road, Hastings, East Sussex, TN38 8EZ",TN38 8EZ,East Sussex,50.892854,0.541729,ok,READY_TO_IMPORT,nominatim,official_club_page
gb_628953ea05,Bannatyne Humberston - Grimsby Health Club,Bannatyne,"Bannatyne Health Club & Spa, Humberston Avenue, Grimsby, Humberston DN36 4SX",DN36 4SX,Humberston,53.527236,-0.034698,ok,READY_TO_IMPORT,nominatim,official_club_page
gb_d83fab857a,Bannatyne Ingleby Barwick Health Club,Bannatyne,"Bannatyne Health Club, Myton Road, Ingleby Barwick",TS17 0WA,Stockton on Tees,,,failed,NEEDS_COORDINATES,,official_club_page
gb_beb15f0beb,Bannatyne Inverness Health Club,Bannatyne,"Bannatyne Health Club and Spa, The Inshes Retail and Leisure Park, Sir Walter Scott Drive",IV2 3TW,Inverness,,,failed,NEEDS_COORDINATES,,official_club_page
gb_6e9ed208e0,"Bannatyne Leeds, Cardigan Fields Health Club",Bannatyne,"Bannatyne Health Club, Cardigan Fields Development, Kirkstall Road, Leeds, LS4 2DG",LS4 2DG,Leeds,53.804075,-1.58477,ok,READY_TO_IMPORT,nominatim,official_club_page
gb_e864311ee8,Bannatyne Leicester Health Club,Bannatyne,"Bannatyne Health Club and Spa, 58 Welford Road",LE2 7AA,Leicester,,,failed,NEEDS_COORDINATES,,official_club_page
gb_e43a54556f,Bannatyne Livingston - West Lothian Health Club,Bannatyne,"Bannatyne Health Club, Charlesfield Road, Nr Kirkton Campus, Livingston, EH54 9FD",EH54 9FD,Livingston,55.873294,-3.539017,ok,READY_TO_IMPORT,nominatim,official_club_page
gb_b7eee8e4a8,Bannatyne Lowestoft Health Club,Bannatyne,"Bannatyne Health Club, Peto Way, Lowestoft, Suffolk, NR32 2ED",NR32 2ED,Suffolk,52.477413,1.728871,ok,READY_TO_IMPORT,nominatim,official_club_page
gb_0bd28ad587,Bannatyne Luton Health Club,Bannatyne,"Bannatyne Health Club & Spa, 1 Regent Street, Luton, LU1 5FA",LU1 5FA,Luton,51.876686,-0.416947,ok,READY_TO_IMPORT,nominatim,official_club_page
gb_379148e165,"Bannatyne Maida Vale, London Health Club",Bannatyne,"Bannatyne Health Club, 4 Greville Road, Maida Vale, London, NW6 5HZ",NW6 5HZ,London,51.536233,-0.190791,ok,READY_TO_IMPORT,nominatim,official_club_page
gb_55a2d96e3e,Bannatyne Mansfield Health Club,Bannatyne,"Bannatyne Health Club & Spa, Briar Lane, Mansfield, Nottinghamshire, NG18 3HS",NG18 3HS,Nottinghamshire,53.133416,-1.165648,ok,READY_TO_IMPORT,nominatim,official_club_page
gb_f72e14f062,Bannatyne Milton Keynes Health Club,Bannatyne,"Bannatyne Health Club and Spa, 488 Midsummer Boulevard, Central Milton Keynes",MK9 2EA,Central Milton Keynes,52.038819,-0.760647,suspicious,READY_TO_IMPORT,nominatim,official_club_page; soft_postal
gb_8b9e1190d4,Bannatyne Newport Health Club,Bannatyne,"Bannatyne Health Club, Enterprise Way, Newport",NP20 2AQ,Newport,51.57906,-2.985473,ok,READY_TO_IMPORT,nominatim,official_club_page
gb_54dc2d5f09,Bannatyne Norwich West Health Club,Bannatyne,"Bannatyne Health Club, Longwater Business Park, William Frost Way Costessey, Norwich, Norfolk, NR5 0JS",NR5 0JS,Norfolk,52.654254,1.185776,suspicious,READY_TO_IMPORT,nominatim,official_club_page; soft_postal
gb_cb00f775e0,Bannatyne Norwich Health Club,Bannatyne,"Bannatyne Health Club & Spa, Northside Business Park, Thorpe St Andrew, Norwich, NR7 0HT",NR7 0HT,Norwich,52.629743,1.368543,ok,READY_TO_IMPORT,nominatim,official_club_page
gb_4331187710,Bannatyne Orpington Health Club,Bannatyne,"Bannatyne Health Club, Sandy Lane, Orpington, BR5 3HY",BR5 3HY,Orpington,51.408425,0.124202,ok,READY_TO_IMPORT,nominatim,official_club_page
gb_b874eb18f7,Bannatyne Perth Health Club,Bannatyne,"Bannatyne Health Club & Spa, St Catherines Retail Park, Perth, PH1 5RG",PH1 5RG,Perth,56.399808,-3.438758,ok,READY_TO_IMPORT,nominatim,official_club_page
gb_7a3e933eff,Bannatyne Peterborough Health Club,Bannatyne,"Bannatyne Health Club and Spa, Papyrus Road, Werrington",PE4 5HW,Peterborough,52.617407,-0.289455,ok,READY_TO_IMPORT,nominatim,official_club_page
gb_fbe2d5bb9e,Bannatyne Rotherham Health Club,Bannatyne,"Bannatyne Health Club, Moorhead Way, Bramley, Rotherham, S66 1YY",S66 1YY,Rotherham,53.421969,-1.254181,suspicious,READY_TO_IMPORT,nominatim,official_club_page; soft_postal
gb_96152766de,Bannatyne Shrewsbury Health Club,Bannatyne,"Bannatyne Health Club, Meole Brace Golf course, Oteley Road, Meole Brace, Shrewsbury, SY2 6QQ",SY2 6QQ,Shrewsbury,52.69203,-2.749901,ok,READY_TO_IMPORT,nominatim,official_club_page
gb_bc213a8c62,Bannatyne Solihull Health Club,Bannatyne,"Bannatyne Health Club and Spa, Saintbury Drive",B91 3SZ,Solihull,,,failed,NEEDS_COORDINATES,,official_club_page
gb_d09de6ab7c,Bannatyne Stepps Health Club,Bannatyne,"Bannatyne Health Club, Buchanan Business Park, Cumbernauld Road, Stepps, Glasgow, Lanarkshire, G33 6HZ",G33 6HZ,Lanarkshire,55.673843,-3.775744,ok,READY_TO_IMPORT,nominatim,official_club_page
gb_4bec19e470,Bannatyne Sutton Coldfield Health Club,Bannatyne,"Bannatyne Health Club & Spa, Princess Park, Princess Alice Drive, Sutton Coldfield, B73 6RB",B73 6RB,Sutton Coldfield,52.550868,-1.858639,ok,READY_TO_IMPORT,nominatim,official_club_page
gb_abba6e94da,Bannatyne Tamworth Health Club,Bannatyne,"Bannatyne Health Club & Spa, Bonehill Road, Bitterscote, Tamworth, Staffordshire, B78 3HN",B78 3HN,Staffordshire,52.62927,-1.708521,suspicious,READY_TO_IMPORT,nominatim,official_club_page; soft_postal
gb_8ebdf37f41,Bannatyne Wakefield Health Club,Bannatyne,"Bannatyne Health Club and Spa, Paragon Business Village, Snow Hill",WF1 2UF,Wakefield,,,failed,NEEDS_COORDINATES,,official_club_page
gb_23a93b4379,Bannatyne Wellingborough Health Club,Bannatyne,"Bannatyne Health Club, Wallis Close, Park Farm Industrial Estate, Wellingborough",NN8 6AG,Wellingborough,,,failed,NEEDS_COORDINATES,,official_club_page
gb_e57914aba1,Bannatyne Weybridge Health Club,Bannatyne,"Bannatyne Health Club, Walton Lane, Weybridge, Surrey, KT13 8QA",KT13 8QA,Surrey,51.23837,-0.552987,ok,READY_TO_IMPORT,nominatim,official_club_page
gb_78b00b5f65,Bannatyne Worksop Health Club,Bannatyne,"Bannatyne Health Club, Manton Colliery, Retford Road",S80 2QA,Worksop,,,failed,NEEDS_COORDINATES,,official_club_page
gb_90e56e5d45,Bannatyne York Health Club,Bannatyne,"Bannatyne Health Club & Spa, White Rose Close, Unit 1A, York Business Park, Nether Poppleton, York, YO26 6RL",YO26 6RL,York,53.981052,-1.131659,ok,READY_TO_IMPORT,nominatim,official_club_page
gb_fadc90fda2,Buzz Gym Reading,Buzz Gym,100 Kings Road,RG1 3BY,Reading,51.455007,-0.963267,ok,READY_TO_IMPORT,nominatim,official_club_page; additional_chain_phase1; phase2_address_overwrite
gb_756a674ab3,Buzz Gym Reading East Winnersh,Buzz Gym,680 Eskdale Road,RG41 5TS,Reading East Winnersh,51.438292,-0.884204,ok,READY_TO_IMPORT,nominatim,official_club_page; additional_chain_phase1
gb_82cbdbb680,Buzz Gym Slough,Buzz Gym,Herschel Street,SL1 1PG,Slough,51.508079,-0.594801,ok,READY_TO_IMPORT,nominatim,official_club_page; additional_chain_phase1; phase2_address_overwrite
gb_28a7833e69,Buzz Gym Swindon,Buzz Gym,Brunel Plaza,SN1 1LF,Swindon,51.561355,-1.787835,ok,READY_TO_IMPORT,nominatim,official_club_page; additional_chain_phase1; phase2_address_overwrite
gb_b144e31ee3,Buzz Gym Oxford,Buzz Gym,Westgate Shopping Centre,OX1 1TR,Oxford,,,failed,NEEDS_COORDINATES,,official_club_page; additional_chain_phase1; phase2_address_overwrite
gb_8dd359359f,Buzz Gym London Harrow,Buzz Gym,St Ann's Shopping Centre,HA1 1AT,Harrow,,,failed,NEEDS_COORDINATES,,official_club_page; additional_chain_phase1; phase2_address_overwrite
gb_414393eb18,Buzz Gym Wycombe,Buzz Gym,Eden Shopping Centre,HP11 2BZ,High Wycombe,51.630432,-0.755837,ok,READY_TO_IMPORT,nominatim,official_club_page; additional_chain_phase1
gb_77011aeabb,Buzz Gym London Cannon Street,Buzz Gym,"Cannon Green, 1 Suffolk Lane",EC4R 0AN,London,51.510422,-0.089748,suspicious,READY_TO_IMPORT,nominatim,official_club_page; additional_chain_phase1; phase2_address_overwrite; soft_postal
gb_bf1c0ba754,David Lloyd Ashford,David Lloyd,"Arrowhead Rd, Sevington, Ashford",TN24 0FL,Ashford,51.125041,0.900993,ambiguous,READY_TO_IMPORT,official_maps_embed,official_json_ld; phase2_maps_q
gb_f20f31ff08,David Lloyd Acton Park,David Lloyd,"East Acton Lane, West London",W3 7HB,Acton Park,51.509741,-0.256357,ok,READY_TO_IMPORT,nominatim,official_json_ld
gb_a503e19cb3,David Lloyd Beckenham,David Lloyd,"Stanhope Grove, Beckenham, Kent",BR3 3HL,Beckenham,51.3961187,-0.035121,failed,READY_TO_IMPORT,official_maps_embed,official_json_ld; phase2_maps_q
gb_95123039d2,David Lloyd Aberdeen,David Lloyd,"Garthdee Road, Aberdeen",AB10 7AY,Aberdeen,57.1215596,-2.1255835,ok,READY_TO_IMPORT,official_maps_embed,official_json_ld; phase2_maps_q
gb_d9d9ca3119,David Lloyd Beaconsfield,David Lloyd,"Glory Mill Lane, Wooburn Green, High Wycombe, Bucks",HP10 0BY,Beaconsfield,51.5958414,-0.6845378,failed,READY_TO_IMPORT,official_maps_embed,official_json_ld; phase2_maps_q
gb_fdfef195f8,David Lloyd Bicester,David Lloyd,Wendlebury Road,OX25 2BX,Bicester,51.8862864,-1.1674064,ok,READY_TO_IMPORT,official_maps_embed,official_json_ld; phase2_maps_q
gb_20696a837e,David Lloyd Basildon,David Lloyd,"Festival Leisure Park, Pipps Hill Road South, Basildon",SS14 3DG,Basildon,51.5844391,0.4630259,failed,READY_TO_IMPORT,official_maps_embed,official_json_ld; phase2_maps_q
gb_3a12050fc1,David Lloyd Belfast,David Lloyd,"115 Old Dundonald Road, Belfast",BT16 1DL,Belfast,54.5864555,-5.8220317,suspicious,READY_TO_IMPORT,official_maps_embed,official_json_ld; soft_postal; phase2_maps_q
gb_a0651ed419,David Lloyd Birmingham,David Lloyd,"Shady Lane, Great Barr, Birmingham",B44 9ER,Birmingham,52.5520322,-1.8985281,failed,READY_TO_IMPORT,official_maps_embed,official_json_ld; phase2_maps_q
gb_470822fdeb,David Lloyd Bolton,David Lloyd,"Chorley Street, Bolton",BL1 4AL,Bolton,53.5811503,-2.4386939,suspicious,READY_TO_IMPORT,official_maps_embed,official_json_ld; soft_postal; phase2_maps_q
gb_8186990af0,David Lloyd Bromsgrove,David Lloyd,"Slideslow Drive, Bromsgrove",B60 1GJ,Bromsgrove,52.3380733,-2.050701,ok,READY_TO_IMPORT,official_maps_embed,official_json_ld; phase2_maps_q
gb_68e9f163a0,David Lloyd Bristol Emersons Green,David Lloyd,"Willowherb Road, Emersons Green, South Gloucestershire",BS16 7PF,Bristol Emersons Green,51.492225,-2.469336,ok,READY_TO_IMPORT,nominatim,official_json_ld
gb_12e505517f,David Lloyd Brighton,David Lloyd,"Brighton Marina Village, Brighton",BN2 5UF,Brighton,50.812233,-0.107025,suspicious,READY_TO_IMPORT,nominatim,official_json_ld; soft_postal
gb_b5354e0f51,David Lloyd Bristol Long Ashton,David Lloyd,"Ashton Road, Bristol",BS3 2HB,Bristol Long Ashton,51.437633,-2.631234,ok,READY_TO_IMPORT,nominatim,official_json_ld
gb_b93366e676,David Lloyd Bristol Westbury,David Lloyd,"Greystoke Avenue, Westbury-on-Trym, Bristol",BS10 6AZ,Bristol Westbury,51.4985701,-2.6137369,ok,READY_TO_IMPORT,official_maps_embed,official_json_ld; phase2_maps_q
gb_8a18aeb24b,David Lloyd Bishops Cleeve,David Lloyd,"Unit 1, Stoke Road, Bishops Cleeve, Cheltenham, Gloucestershire",GL52 7BQ,Bishops Cleeve,51.9462963,-2.0823202,failed,READY_TO_IMPORT,official_maps_embed,official_json_ld; phase2_maps_q
gb_b3032b20f2,David Lloyd Bury St Edmunds,David Lloyd,"1 Sandlands Drive, Bury St Edmunds",IP32 6JD,Bury St Edmunds,52.268046,0.69585,ambiguous,READY_TO_IMPORT,official_maps_embed,official_json_ld; phase2_maps_q
gb_6df0ac4bd0,David Lloyd Bushey,David Lloyd,"Hartspring Lane, Bushey, Watford",WD23 2DL,Bushey,51.6624944,-0.3638916,failed,READY_TO_IMPORT,official_maps_embed,official_json_ld; phase2_maps_q
gb_56cf0a9fea,David Lloyd Cardiff,David Lloyd,"Ipswich Road, Roath, Cardiff",CF23 9AQ,Cardiff,51.502599,-3.145749,ok,READY_TO_IMPORT,nominatim,official_json_ld
gb_60a6acbeb5,David Lloyd Cambridge,David Lloyd,"Coldham’s Business Park, Coldham’s Lane, Cambridge",CB1 3LH,Cambridge,52.1939336,0.1668678,failed,READY_TO_IMPORT,official_maps_embed,official_json_ld; phase2_maps_q
gb_3ccc877a61,David Lloyd Cheam,David Lloyd,"Ewell Road, Cheam, Sutton",SM3 8DP,Cheam,51.3575183,-0.2197891,failed,READY_TO_IMPORT,official_maps_embed,official_json_ld; phase2_maps_q
gb_1429b2bd39,David Lloyd Cheadle,David Lloyd,"Royal Crescent, Cheadle Royal, Cheadle, Cheshire",SK8 3FL,Cheadle,53.3783262,-2.2198104,failed,READY_TO_IMPORT,official_maps_embed,official_json_ld; phase2_maps_q
gb_3dc4974e40,David Lloyd Chigwell,David Lloyd,"Roding Lane, Buckhurst Hill, Chigwell",IG9 6BJ,Chigwell,51.6272641,0.0547958,failed,READY_TO_IMPORT,official_maps_embed,official_json_ld; phase2_maps_q
gb_3f5c1c37a3,David Lloyd Cheshire Oaks,David Lloyd,"Stanney Lane, Ellesmere Port",CH65 9JN,Cheshire Oaks,53.2639544,-2.8900679,ok,READY_TO_IMPORT,official_maps_embed,official_json_ld; phase2_maps_q
gb_a4918157bb,David Lloyd Chorley,David Lloyd,"Moss Lane, Whittle-le-Woods, Chorley",PR6 8AB,Chorley,53.6769561,-2.6218313,ok,READY_TO_IMPORT,official_maps_embed,official_json_ld; phase2_maps_q
gb_d84e3b27a5,David Lloyd Colliers Wood,David Lloyd,"29 Chapter Way, London",SW19 2RF,Colliers Wood,51.4141068,-0.1804335,ok,READY_TO_IMPORT,official_maps_embed,official_json_ld; phase2_maps_q
gb_9084e89258,David Lloyd Colchester,David Lloyd,"United Way, Mile End, Colchester",CO4 6AT,Colchester,51.922352,0.900435,ok,READY_TO_IMPORT,official_maps_embed,official_json_ld; phase2_maps_q
gb_44e2a8f461,David Lloyd Coventry,David Lloyd,"Abbey Road, Coventry",CV3 4BJ,Coventry,52.3877832,-1.4865966,ok,READY_TO_IMPORT,official_maps_embed,official_json_ld; phase2_maps_q
gb_27546a5021,David Lloyd Dartford,David Lloyd,"Darenth Road, Dartford, Kent",DA1 1NJ,Dartford,51.4390377,0.2250415,ambiguous,READY_TO_IMPORT,official_maps_embed,official_json_ld; phase2_maps_q
gb_4940ad917f,David Lloyd Cricklewood Lane,David Lloyd,"108-110 Cricklewood Lane, London",NW2 2DS,Cricklewood Lane,51.55936149999999,-0.2099867,failed,READY_TO_IMPORT,official_maps_embed,official_json_ld; phase2_maps_q
gb_d1ae6b2905,David Lloyd Dudley,David Lloyd,"Pensnett Road, Brierley Hill, Dudley",DY5 3YP,Dudley,52.4879232,-2.1271986,ok,READY_TO_IMPORT,official_maps_embed,official_json_ld; phase2_maps_q
gb_6ea4be852a,David Lloyd Derby,David Lloyd,"Riverside Road, Pride Park, Derby",DE24 8HY,Derby,52.9166257,-1.4544847,ok,READY_TO_IMPORT,official_maps_embed,official_json_ld; phase2_maps_q
gb_a7ce27ce5c,David Lloyd Dundee,David Lloyd,"Ethiebeaton Park, Monifieth, Dundee",DD5 4HB,Dundee,56.491687,-2.834117,ok,READY_TO_IMPORT,nominatim,official_json_ld
gb_3f1860c0ba,David Lloyd Eastbourne,David Lloyd,"Broadwater Way, Hampden Park, Eastbourne",BN22 9PZ,Eastbourne,50.792616,0.2785466,suspicious,READY_TO_IMPORT,official_maps_embed,official_json_ld; soft_postal; phase2_maps_q
gb_64e6b2a6cf,David Lloyd Edinburgh Newhaven Harbour,David Lloyd,"Newhaven Place, Newhaven, Edinburgh",EH6 4LX,Edinburgh Newhaven Harbour,55.9839855,-3.196418,failed,READY_TO_IMPORT,official_maps_embed,official_json_ld; phase2_maps_q
gb_947fbb24c6,David Lloyd Edinburgh Corstorphine,David Lloyd,"89B Glasgow Road, Edinburgh",EH12 8GZ,Edinburgh Corstorphine,55.93896059999999,-3.3027736,ok,READY_TO_IMPORT,official_maps_embed,official_json_ld; phase2_maps_q
gb_49cb62dde5,David Lloyd Edinburgh Shawfair,David Lloyd,"Old Dalkeith Road, Danderhall, Dalkeith",EH22 1FD,Edinburgh Shawfair,55.9057224,-3.1022704,failed,READY_TO_IMPORT,official_maps_embed,official_json_ld; phase2_maps_q
gb_52e6a83b98,David Lloyd Enfield,David Lloyd,"Carterhatch Lane, Enfield, Middlesex",EN1 4LF,Enfield,51.660224,-0.0610693,failed,READY_TO_IMPORT,official_maps_embed,official_json_ld; phase2_maps_q
gb_856434b8a1,David Lloyd Exeter,David Lloyd,"Sandy Park Way, Exeter",EX2 7NN,Exeter,50.7096202,-3.4683104,ok,READY_TO_IMPORT,official_maps_embed,official_json_ld; phase2_maps_q
gb_1e4b01ef46,David Lloyd Epsom,David Lloyd,"Central Boiler House, Horton Lane, Epsom, Surrey",KT19 8PL,Epsom,51.34521710000001,-0.2883306,failed,READY_TO_IMPORT,official_maps_embed,official_json_ld; phase2_maps_q
gb_8ebc92b5a0,David Lloyd Farnham,David Lloyd,"Monkton Lane, Farnham, Surrey",GU9 9ND,Farnham,51.2264503,-0.7762224,ok,READY_TO_IMPORT,official_maps_embed,official_json_ld; phase2_maps_q
gb_50a0aaee87,David Lloyd Finchley,David Lloyd,"Leisure Way, High Road, Finchley, London",N12 0QZ,Finchley,51.6046188,-0.1749255,ok,READY_TO_IMPORT,official_maps_embed,official_json_ld; phase2_maps_q
gb_bbb2644ab4,David Lloyd Fulham,David Lloyd,"Unit 24, Fulham Broadway Retail Centre, Fulham Road, London",SW6 1BW,Fulham,51.48034029999999,-0.194502,failed,READY_TO_IMPORT,official_maps_embed,official_json_ld; phase2_maps_q
gb_9cb820958d,David Lloyd Gidea Park,David Lloyd,"Squirrels Heath Lane, Gidea Park, Romford, Essex",RM11 2DY,Gidea Park,51.5830686,0.2173299,failed,READY_TO_IMPORT,official_maps_embed,official_json_ld; phase2_maps_q
gb_aaf796f611,David Lloyd Glasgow Renfrew,David Lloyd,"Cockleshill Park, Arkleston Road, Renfrew, Renfrewshire",PA4 0RA,Glasgow Renfrew,55.8619109,-4.407427,failed,READY_TO_IMPORT,official_maps_embed,official_json_ld; phase2_maps_q
gb_918d5a0132,David Lloyd Gillingham,David Lloyd,"Featherby Rd, Gillingham",ME8 6DE,Gillingham,51.3705931,0.5732397,ok,READY_TO_IMPORT,official_maps_q,official_json_ld; phase2_maps_q; postcode_from_osm_at_official_coords; phase2_coord_recovery_official
gb_452f6e2e48,David Lloyd Glasgow Rouken Glen,David Lloyd,"2 Stewarton Road, Glasgow",G46 7UY,Glasgow Rouken Glen,55.799028,-4.323544,ok,READY_TO_IMPORT,nominatim,official_json_ld
gb_4700eaa01b,David Lloyd Glasgow West End,David Lloyd,"242 Netherton Road, Anniesland",G13 1BJ,Glasgow West End,55.8979819,-4.3256711,failed,READY_TO_IMPORT,official_maps_embed,official_json_ld; phase2_maps_q
gb_d1f3d0bab5,David Lloyd Gloucester,David Lloyd,"Delta Way, Gloucester Business Park, Brockworth, Gloucester",GL3 4BJ,Gloucester,51.8475374,-2.1707232,suspicious,READY_TO_IMPORT,official_maps_embed,official_json_ld; soft_postal; phase2_maps_q
gb_b14c0438f1,David Lloyd Hamilton,David Lloyd,"Mote Hill, Hamilton",ML3 6BY,Hamilton,55.7813536,-4.0360084,ambiguous,READY_TO_IMPORT,official_maps_embed,official_json_ld; phase2_maps_q
gb_3608629ea8,David Lloyd Hampton,David Lloyd,"Staines Road, Hampton, Middlesex",TW2 5JD,Hampton,51.438079,-0.3681089,failed,READY_TO_IMPORT,official_maps_embed,official_json_ld; phase2_maps_q
gb_2708978428,David Lloyd Harlow,David Lloyd,"Newhall Way, Harlow Innovation Park, Harlow",CM17 9LX,Harlow,51.774995,0.130918,suspicious,READY_TO_IMPORT,official_maps_embed,official_json_ld; soft_postal; phase2_maps_q
gb_a42bf7016c,David Lloyd Hatfield,David Lloyd,"The Hangar, Hatfield Business Park, Hatfield, Hertfordshire",AL10 9AX,Hatfield,51.7655922,-0.2438239,ok,READY_TO_IMPORT,official_maps_embed,official_json_ld; phase2_maps_q
gb_b9b933ddd5,David Lloyd Harrogate,David Lloyd,"Oakdale Place, Harrogate, North Yorkshire",HG1 2LA,Harrogate,54.0010777,-1.5533496,ok,READY_TO_IMPORT,official_maps_embed,official_json_ld; phase2_maps_q
gb_236b6e869d,David Lloyd Herne Bay,David Lloyd,"The Boulevard, Altira Park, Herne Bay",CT6 6GZ,Herne Bay,51.36243415193306,1.148139230037393,failed,READY_TO_IMPORT,official_maps_embed,official_json_ld; phase2_maps_q
gb_df1f790857,David Lloyd Heston,David Lloyd,"Southall Lane, Hounslow, Middlesex",TW5 9PE,Heston,51.4936493,-0.4019602,failed,READY_TO_IMPORT,official_maps_embed,official_json_ld; phase2_maps_q
gb_f167c40eab,David Lloyd Hull,David Lloyd,"Raich Carter Way, Kingston Upon Hull, East Yorkshire",HU7 3DB,Hull,53.792817,-0.357588,ok,READY_TO_IMPORT,nominatim,official_json_ld
gb_28abde5b30,David Lloyd Ipswich,David Lloyd,"Ransomes Europark, The Havens, Ipswich",IP3 9SJ,Ipswich,52.027322,1.213527,ok,READY_TO_IMPORT,nominatim,official_json_ld
gb_3e435e42b5,David Lloyd Kensington,David Lloyd,"Point West, 116 Cromwell Road, London",SW7 4XR,Kensington,51.495194,-0.187218,ok,READY_TO_IMPORT,nominatim,official_json_ld
gb_b40b853432,David Lloyd Kettering,David Lloyd,"Hanwood Park Avenue, Kettering, Northamptonshire",NN15 6FQ,Kettering,52.37803428945886,-0.6808141423278535,ambiguous,READY_TO_IMPORT,official_maps_embed,official_json_ld; phase2_maps_q
gb_a9ca3c51ca,David Lloyd Kings Hill,David Lloyd,"21 Kings Hill Avenue, West Malling, Kent",ME19 4UA,Kings Hill,51.2763534,0.3925844,failed,READY_TO_IMPORT,official_maps_embed,official_json_ld; phase2_maps_q
gb_39ffa2f075,David Lloyd Kidbrooke Village,David Lloyd,"Kidbrooke Park Road, Corner of Weigall Road, London",SE12 8HG,Kidbrooke Village,51.45874,0.026309,failed,READY_TO_IMPORT,official_maps_embed,official_json_ld; phase2_maps_q
gb_5a9e507a10,David Lloyd Kingston,David Lloyd,"2nd Floor The Rotunda, Clarence Street, Kingston upon Thames, Surrey",KT1 1QJ,Kingston,51.41163170000001,-0.2992154,failed,READY_TO_IMPORT,official_maps_embed,official_json_ld; phase2_maps_q
gb_0de750ae11,David Lloyd Leeds,David Lloyd,"Tongue Lane, Moortown, Leeds, West Yorkshire",LS6 4QW,Leeds,53.84288,-1.555642,ok,READY_TO_IMPORT,nominatim,official_json_ld
gb_866290536e,David Lloyd Leicester Meridian,David Lloyd,"Meridian Leisure Park, Lubbesthorpe Way, Leicester",LE19 1JZ,Leicester Meridian,52.612469,-1.188546,ok,READY_TO_IMPORT,nominatim,official_json_ld
gb_d9f676c9c1,David Lloyd Leicester Narborough,David Lloyd,"Carlton Park, Narborough, Leicester, Leicestershire",LE19 0LF,Leicester Narborough,52.5804295,-1.2073013,failed,READY_TO_IMPORT,official_maps_embed,official_json_ld; phase2_maps_q
gb_a314262b7c,David Lloyd Lichfield,David Lloyd,"Wall Island, Birmingham Road, Shenstone, Lichfield",WS14 0QP,Lichfield,52.652641,-1.8348122,failed,READY_TO_IMPORT,official_maps_embed,official_json_ld; phase2_maps_q
gb_e4abc7c3b8,David Lloyd Lincoln,David Lloyd,"Burton Waters, Woodcock Lane, Lincoln, Lincolnshire",LN1 2BE,Lincoln,53.252317,-0.602579,suspicious,READY_TO_IMPORT,nominatim,official_json_ld; soft_postal
gb_daeb28608e,David Lloyd Liverpool Knowsley,David Lloyd,"Arbour Lane, Liverpool",L33 7ET,Liverpool Knowsley,53.477239,-2.869655,ok,READY_TO_IMPORT,nominatim,official_json_ld
gb_45600a3360,David Lloyd Liverpool Speke,David Lloyd,"6 The Aerodrome, Liverpool, Merseyside",L24 8QD,Liverpool Speke,53.34826690000001,-2.8831286,failed,READY_TO_IMPORT,official_maps_embed,official_json_ld; phase2_maps_q
gb_1701dfa970,David Lloyd Maidenhead,David Lloyd,"Grenfell Island, Grenfell Place, Maidenhead, Berkshire",SL6 1HJ,Maidenhead,51.520174,-0.7230624,failed,READY_TO_IMPORT,official_maps_embed,official_json_ld; phase2_maps_q
gb_a541a05cd6,David Lloyd Manchester North,David Lloyd,"Heywood Old Road, Manchester",M24 4TH,Manchester North,53.5558148,-2.2366228,failed,READY_TO_IMPORT,official_maps_embed,official_json_ld; phase2_maps_q
gb_3e54b85868,David Lloyd Luton,David Lloyd,"910 Capability Green, Luton, Bedfordshire",LU1 3LU,Luton,51.8675434,-0.40948,failed,READY_TO_IMPORT,official_maps_embed,official_json_ld; phase2_maps_q
gb_76fb02db0f,David Lloyd Manchester Trafford City,David Lloyd,"Barton Embankment, Trafford City, Manchester",M17 8RH,Manchester Trafford City,53.4702067,-2.3586689,failed,READY_TO_IMPORT,official_maps_embed,official_json_ld; phase2_maps_q
gb_c0d86b1b73,David Lloyd Milton Keynes,David Lloyd,"Livingstone Drive, Newlands, Milton Keynes, Buckinghamshire",MK15 0DL,Milton Keynes,52.052786,-0.733436,ok,READY_TO_IMPORT,nominatim,official_json_ld
gb_1191647232,David Lloyd Newbury,David Lloyd,"Monks Lane, Newbury",RG14 7RW,Newbury,51.3826649,-1.335662,ambiguous,READY_TO_IMPORT,official_maps_embed,official_json_ld; phase2_maps_q
gb_9b954606a4,David Lloyd Newcastle,David Lloyd,"Castle Farm Road, South Gosforth, Newcastle",NE3 1SN,Newcastle,55.001345,-1.599185,ok,READY_TO_IMPORT,nominatim,official_json_ld
gb_f4e57a2590,David Lloyd Northwood,David Lloyd,"Ducks Hill Road, Northwood, London",HA6 2DR,Northwood,,,failed,NEEDS_COORDINATES,,official_json_ld
gb_dc6eaff75b,David Lloyd Nottingham West Bridgford,David Lloyd,"Rugby Rd, West Bridgford, Nottingham, Nottinghamshire",NG2 7HX,Nottingham West Bridgford,52.925679,-1.143595,ok,READY_TO_IMPORT,nominatim,official_json_ld
gb_9aff5be701,David Lloyd Nottingham,David Lloyd,"Aspley Lane, Nottingham, Nottinghamshire",NG8 5AR,Nottingham,52.966555,-1.188891,ok,READY_TO_IMPORT,nominatim,official_json_ld
gb_f204b9d15e,David Lloyd Notting Hill,David Lloyd,"1 Alfred Road, London",W2 5EU,Notting Hill,51.5208435,-0.1940686,ok,READY_TO_IMPORT,official_maps_embed,official_json_ld; phase2_maps_q
gb_2fb4f690eb,David Lloyd Oxford,David Lloyd,"Oxford Business Park North, Garsington Rd, Cowley, Oxford",OX4 2JY,Oxford,51.7314386,-1.2038068,failed,READY_TO_IMPORT,official_maps_embed,official_json_ld; phase2_maps_q
gb_f12f754df2,David Lloyd Norwich,David Lloyd,"Drayton High Road, Drayton, Norwich",NR6 5DU,Norwich,52.65195139999999,1.2617284,failed,READY_TO_IMPORT,official_maps_embed,official_json_ld; phase2_maps_q
gb_7c01022111,David Lloyd Peterborough,David Lloyd,"Thorpe Wood, Peterborough",PE3 6SB,Peterborough,52.5688667,-0.3012051,suspicious,READY_TO_IMPORT,official_maps_embed,official_json_ld; soft_postal; phase2_maps_q
gb_81a6bd53f6,David Lloyd Poole,David Lloyd,"24 Cabot Lane, Poole",BH17 7BX,Poole,50.7443883,-1.9905006,ambiguous,READY_TO_IMPORT,official_maps_embed,official_json_ld; phase2_maps_q
gb_9577ee7faa,David Lloyd Port Solent,David Lloyd,"The Boardwalk, Port Solent, Portsmouth",PO6 4TP,Port Solent,50.840528,-1.097929,ok,READY_TO_IMPORT,official_maps_embed,official_json_ld; phase2_maps_q
gb_8ff4a00f2e,David Lloyd Raynes Park,David Lloyd,"Bushey Road, Raynes Park, London",SW20 8TE,Raynes Park,51.4059884,-0.2225384,ok,READY_TO_IMPORT,official_maps_embed,official_json_ld; phase2_maps_q
gb_57699b2c0a,David Lloyd Reading,David Lloyd,"1 Thames Valley Park Drive, Thames Valley Business Park, Reading, Berkshire",RG6 1PT,Reading,51.462227,-0.932145,ok,READY_TO_IMPORT,nominatim,official_json_ld
gb_35e62cd4cc,David Lloyd Royal Berkshire,David Lloyd,"Nine Mile Ride, Bracknell",RG12 7PB,Royal Berkshire,51.389224,-0.742002,suspicious,READY_TO_IMPORT,nominatim,official_json_ld; soft_postal
gb_1eac1f68ce,David Lloyd Purley,David Lloyd,"Hannibal Way, Croydon, Surrey",CR0 4RW,Purley,51.3577884,-0.124404,failed,READY_TO_IMPORT,official_maps_embed,official_json_ld; phase2_maps_q
gb_c17c1a70f6,David Lloyd Ringwood,David Lloyd,"242 Christchurch Road, Ringwood",BH24 3AS,Ringwood,50.8373503,-1.784347,ok,READY_TO_IMPORT,official_maps_embed,official_json_ld; phase2_maps_q
gb_99da19ae04,David Lloyd Rugby,David Lloyd,"Crick Road, Rugby",CV23 0AB,Rugby,52.3554199,-1.1826812,ambiguous,READY_TO_IMPORT,official_maps_embed,official_json_ld; phase2_maps_q
gb_1b6881be9b,David Lloyd Shrewsbury,David Lloyd,"David Lloyd Club Shrewsbury, Sundorne Road, Shrewsbury",SY1 4RG,Shrewsbury,52.727484,-2.710987,ok,READY_TO_IMPORT,official_maps_embed,official_json_ld; phase2_maps_q
gb_e41a77526d,David Lloyd Sidcup,David Lloyd,"Baugh Road, Rectory Lane, Sidcup, Kent",DA14 5ED,Sidcup,51.42225,0.115954,ok,READY_TO_IMPORT,nominatim,official_json_ld
gb_ae2b6e5b3f,David Lloyd Southampton West End,David Lloyd,"Botley Road, West End",SO30 3XA,Southampton West End,50.9228506,-1.3031547,failed,READY_TO_IMPORT,official_maps_embed,official_json_ld; phase2_maps_q
gb_0def0cc3ea,David Lloyd Solihull Cranmore,David Lloyd,"247 Cranmore Boulevard, Shirley, Solihull, West Midlands",B90 4ZL,Solihull Cranmore,52.39560729999999,-1.8094884,failed,READY_TO_IMPORT,official_maps_embed,official_json_ld; phase2_maps_q
gb_d3f3e2b3c6,David Lloyd Southampton,David Lloyd,"Off Browhill Way, Frogmore Lane, Southampton, Hampshire",SO16 0XS,Southampton,50.9344269,-1.4637602,failed,READY_TO_IMPORT,official_maps_embed,official_json_ld; phase2_maps_q
gb_2eada767c3,David Lloyd Stevenage,David Lloyd,"Stevenage Leisure Park, Kingsway, Stevenage, Hertfordshire",SG1 2UA,Stevenage,51.899391,-0.209338,ok,READY_TO_IMPORT,nominatim,official_json_ld
gb_c9632fbc58,David Lloyd St Neots,David Lloyd,"Nuffield Road, St Neots",PE19 0AA,St Neots,52.223805,-0.24826,ok,READY_TO_IMPORT,official_maps_embed,official_json_ld; phase2_maps_q
gb_f1475e88dd,David Lloyd Southend,David Lloyd,"Snakes Lane, Southend on Sea, Essex",SS2 6XT,Southend,51.5645325,0.6678264,ambiguous,READY_TO_IMPORT,official_maps_embed,official_json_ld; phase2_maps_q
gb_ceced00d7d,David Lloyd Sudbury Hill,David Lloyd,"Greenford Road, Greenford, Middlesex",UB6 0HX,Sudbury Hill,51.5567517,-0.3359298,suspicious,READY_TO_IMPORT,official_maps_embed,official_json_ld; soft_postal; phase2_maps_q
gb_a0bd234af5,David Lloyd Sunderland,David Lloyd,"3 Camberwell Way, Doxford Park, Sunderland, Tyne & Wear",SR3 3XN,Sunderland,54.861743,-1.432615,ok,READY_TO_IMPORT,nominatim,official_json_ld
gb_85436c63ee,David Lloyd Swindon,David Lloyd,"Latham Road, Blunsdon, Swindon",SN25 4DL,Swindon,51.604042,-1.783859,ok,READY_TO_IMPORT,nominatim,official_json_ld
gb_6fe2f4d78b,David Lloyd Teesside,David Lloyd,"Tees Barrage Way, Thornaby, Stockton-on-Tees, Cleveland",TS17 6QA,Teesside,54.5649823,-1.2867864,failed,READY_TO_IMPORT,official_maps_embed,official_json_ld; phase2_maps_q
gb_57103ee865,David Lloyd Weybridge Brooklands,David Lloyd,"Brooklands Road, Weybridge, Surrey",KT13 0BD,Weybridge Brooklands,51.3468063,-0.4626134,failed,READY_TO_IMPORT,official_maps_embed,official_json_ld; phase2_maps_q
gb_b3581c93eb,David Lloyd Wickwoods,David Lloyd,"Shaves Wood Lane, Albourne, Nr Hassocks, West Sussex",BN6 9DY,Wickwoods,50.9193499,-0.2230678,failed,READY_TO_IMPORT,official_maps_embed,official_json_ld; phase2_maps_q
gb_66b5e6bce8,David Lloyd Swansea,David Lloyd,"Llandarcy, Neath",SA10 6GZ,Swansea,51.6476959,-3.8500589,failed,READY_TO_IMPORT,official_maps_embed,official_json_ld; phase2_maps_q
gb_397cfd22d0,David Lloyd Warrington,David Lloyd,"Cromwell Avenue South, Great Sankey, Warrington, Cheshire",WA5 1HH,Warrington,53.3870105,-2.6248428,failed,READY_TO_IMPORT,official_maps_embed,official_json_ld; phase2_maps_q
gb_8d43736220,David Lloyd Woking,David Lloyd,"Westfield Avenue, Old Woking, Woking",GU22 9PF,Woking,51.3048743,-0.5603824,ambiguous,READY_TO_IMPORT,official_maps_embed,official_json_ld; phase2_maps_q
gb_35e95bdcf4,David Lloyd Worcester,David Lloyd,"Warriors Way, Hindlip, Worcester",WR3 8ZE,Worcester,52.2169853,-2.1617421,failed,READY_TO_IMPORT,official_maps_embed,official_json_ld; phase2_maps_q
gb_b37f9f7b99,David Lloyd York,David Lloyd,"St John's Playing Field, Hull Road, York",YO10 3LG,York,53.9538099,-1.0441468,failed,READY_TO_IMPORT,official_maps_embed,official_json_ld; phase2_maps_q
gb_f1756501f4,David Lloyd Worthing,David Lloyd,"Romany Road, Worthing",BN13 3DL,Worthing,50.8266719,-0.4294783,ambiguous,READY_TO_IMPORT,official_maps_embed,official_json_ld; phase2_maps_q
gb_dd409c9271,David Lloyd Yeovil,David Lloyd,"Bunford Park, Yeovil, Somerset",BA20 2HT,Yeovil,50.9345868,-2.6674064,failed,READY_TO_IMPORT,official_maps_embed,official_json_ld; phase2_maps_q
gb_95b1c58b9f,Energie Fitness Ashford,Energie Fitness,40-42 Church Rd,TW15 2UY,Ashford,51.433408,-0.46318,ok,READY_TO_IMPORT,nominatim,official_json_ld; ireland_and_reformer_filtered
gb_817388d759,Energie Fitness Bedford,Energie Fitness,Horne Lane Harpur Centre,MK40 1TS,Bedford,,,failed,NEEDS_COORDINATES,,official_json_ld; ireland_and_reformer_filtered
gb_819269a482,Energie Fitness Archway,Energie Fitness,646 Holloway Road,N19 3NU,Archway,51.562452,-0.125928,suspicious,READY_TO_IMPORT,nominatim,official_json_ld; ireland_and_reformer_filtered; soft_postal
gb_0a58466361,Energie Fitness Acton,Energie Fitness,Joyce Court Bollo Bridge Rd,W3 8DR,Acton,51.501794,-0.272236,suspicious,READY_TO_IMPORT,nominatim,official_json_ld; ireland_and_reformer_filtered; soft_postal
gb_099a422460,Energie Fitness Borough,Energie Fitness,"Moonraker Point, 1 Pocock Street",SE1 0FN,London,51.502485,-0.099983,suspicious,READY_TO_IMPORT,nominatim,official_json_ld; ireland_and_reformer_filtered; soft_postal
gb_8b2e56a031,Energie Fitness Brighton,Energie Fitness,61-62 Western Rd,BN1 2HA,Brighton,50.824123,-0.148893,ok,READY_TO_IMPORT,nominatim,official_json_ld; ireland_and_reformer_filtered
gb_ee30cfcef4,Energie Fitness Brooklands,Energie Fitness,10 The Square Brooklands Road,MK10 7NF,Brooklands,,,failed,NEEDS_COORDINATES,,official_json_ld; ireland_and_reformer_filtered
gb_5757d438db,Energie Fitness Bridgend,Energie Fitness,21 Brackla Street Centre Brackla Street,CF31 1DD,Bridgend,,,failed,NEEDS_COORDINATES,,official_json_ld; ireland_and_reformer_filtered
gb_a231b8d010,Energie Fitness Brentford,Energie Fitness,"Westgate House Great West Quarter, Ealing Road",,Brentford,,,failed,NEEDS_REVIEW,,official_json_ld; ireland_and_reformer_filtered; truncated_official_postcode:TW8 0G
gb_097f1beb59,Energie Fitness Cardiff St Mellons,Energie Fitness,Building One Eastern Business Park Suite 3-8 Wern Fawr Lane,CF3 5EA,Cardiff,,,failed,NEEDS_COORDINATES,,official_json_ld; ireland_and_reformer_filtered
gb_4e29c6dbf5,Energie Fitness Chelmsford,Energie Fitness,Victoria Rd South,CM1 1LN,Chelmsford,51.735481,0.469512,ok,READY_TO_IMPORT,nominatim,official_json_ld; ireland_and_reformer_filtered
gb_885b773a8e,Energie Fitness Chingford,Energie Fitness,83 Chingford Mount Road,E4 8LU,Chingford,51.611174,-0.018227,suspicious,READY_TO_IMPORT,nominatim,official_json_ld; ireland_and_reformer_filtered; soft_postal
gb_638e792cf4,Energie Fitness Colchester,Energie Fitness,4 Stanway Retail Park Peartree Road,CO3 0LX,Colchester,,,failed,NEEDS_COORDINATES,,official_json_ld; ireland_and_reformer_filtered
gb_2cd6888fd2,Energie Fitness Cricklewood,Energie Fitness,23 Cricklewood Broadway,NW2 3JX,Cricklewood,,,failed,NEEDS_COORDINATES,,official_json_ld; ireland_and_reformer_filtered
gb_7582180ea0,Energie Fitness Deeside,Energie Fitness,Deeside Retail Park,CH5 1JJ,Deeside,53.209429,-3.029582,ok,READY_TO_IMPORT,nominatim,official_json_ld; ireland_and_reformer_filtered
gb_428ce17744,Energie Fitness Dumbarton,Energie Fitness,32 High St,G82 1LL,Dumbarton,55.943221,-4.569407,ok,READY_TO_IMPORT,nominatim,official_json_ld; ireland_and_reformer_filtered
gb_2906c0c04c,Energie Fitness East Grinstead,Energie Fitness,115 London Rd,RH19 1EQ,East Grinstead,51.126414,-0.010276,ok,READY_TO_IMPORT,nominatim,official_json_ld; ireland_and_reformer_filtered
gb_f43c92ddac,Energie Fitness Eltham,Energie Fitness,99 Well Hall Road,SE9 6SU,Eltham,51.459987,0.04919,suspicious,READY_TO_IMPORT,nominatim,official_json_ld; ireland_and_reformer_filtered; soft_postal
gb_61eda20def,Energie Fitness Hampton Hill,Energie Fitness,94-102 High St,TW12 1NY,Hampton Hill,51.427631,-0.354723,ok,READY_TO_IMPORT,nominatim,official_json_ld; ireland_and_reformer_filtered
gb_59728c6752,Energie Fitness Erith,Energie Fitness,98 Erith High St,DA8 1TA,Erith,51.480099,0.181114,suspicious,READY_TO_IMPORT,nominatim,official_json_ld; ireland_and_reformer_filtered; soft_postal
gb_908bf8b6fc,Energie Fitness Highbury,Energie Fitness,555 Liverpool Road,N7 8NP,Highbury,51.5504,-0.110585,ok,READY_TO_IMPORT,nominatim,official_json_ld; ireland_and_reformer_filtered
gb_e9890b0ea3,Energie Fitness Hayes,Energie Fitness,20 Blyth Rd,UB3 1BY,Hayes,51.503466,-0.421087,suspicious,READY_TO_IMPORT,nominatim,official_json_ld; ireland_and_reformer_filtered; soft_postal
gb_87923cb45b,Energie Fitness High Wycombe,Energie Fitness,"6 Cliveden Office Village Lancaster Road, Cressex Business Park",HP12 3YZ,High Wycombe,51.621597,-0.774459,ok,READY_TO_IMPORT,nominatim,official_json_ld; ireland_and_reformer_filtered
gb_72cdd8842c,Energie Fitness Inverurie,Energie Fitness,Burghmuir Pl,AB51 4FW,Inverurie,57.286689,-2.398348,ok,READY_TO_IMPORT,nominatim,official_json_ld; ireland_and_reformer_filtered
gb_efdeb5176b,Energie Fitness Hyde,Energie Fitness,Market St,SK14 1HE,Hyde,53.446624,-2.073293,ok,READY_TO_IMPORT,nominatim,official_json_ld; ireland_and_reformer_filtered
gb_9c648d580c,Energie Fitness Hoddesdon,Energie Fitness,110-114 High St,EN11 8HD,Hoddesdon,51.760897,-0.011156,ok,READY_TO_IMPORT,nominatim,official_json_ld; ireland_and_reformer_filtered
gb_70c29a7580,Energie Fitness Homerton,Energie Fitness,68-82 Digby Rd,E9 6HX,London,51.547531,-0.043954,ok,READY_TO_IMPORT,nominatim,official_json_ld; ireland_and_reformer_filtered
gb_dd34d15796,Energie Fitness Kettering,Energie Fitness,Tanners Gate Retail Park Northall Street,NN16 8AQ,Kettering,,,failed,NEEDS_COORDINATES,,official_json_ld; ireland_and_reformer_filtered
gb_feecbce288,Energie Fitness Leighton Buzzard,Energie Fitness,2 Leighton Rd,LU7 1LA,Leighton Buzzard,51.916601,-0.670902,suspicious,READY_TO_IMPORT,nominatim,official_json_ld; ireland_and_reformer_filtered; soft_postal
gb_cc5aa6f225,Energie Fitness Kilburn,Energie Fitness,34a-36 Kilburn High Rd,NW6 5UA,Kilburn,51.536956,-0.191837,ok,READY_TO_IMPORT,nominatim,official_json_ld; ireland_and_reformer_filtered
gb_7cf822ea88,Energie Fitness Lichfield,Energie Fitness,Three Spires Shopping Lichfield 6a Gresley Row,WS13 6JF,Lichfield,52.682768,-1.82407,ok,READY_TO_IMPORT,nominatim,official_json_ld; ireland_and_reformer_filtered
gb_c879353b0d,Energie Fitness Letchworth,Energie Fitness,42-48 Eastcheap,SG6 3DD,Letchworth,51.977756,-0.228281,ok,READY_TO_IMPORT,nominatim,official_json_ld; ireland_and_reformer_filtered
gb_fb392636ea,Energie Fitness Lincoln,Energie Fitness,Flavian Rd,LN2 4GR,Lincoln,53.252332,-0.517662,ok,READY_TO_IMPORT,nominatim,official_json_ld; ireland_and_reformer_filtered
gb_806e2108b8,Energie Fitness Palmers Green,Energie Fitness,Broomfield Lane,N13 4EY,Palmers Green,,,failed,NEEDS_COORDINATES,,official_json_ld; ireland_and_reformer_filtered
gb_09d4bd1640,Energie Fitness Old Street,Energie Fitness,60-63 Bunhill Row Old Street,EC1Y 8QD,London,51.524622,-0.090346,ok,READY_TO_IMPORT,nominatim,official_json_ld; ireland_and_reformer_filtered
gb_131b76ffa6,Energie Fitness Sandhurst,Energie Fitness,392 Yorktown Road,GU47 0PU,Sandhurst,,,failed,NEEDS_COORDINATES,,official_json_ld; ireland_and_reformer_filtered
gb_705ca5557a,Energie Fitness Putney,Energie Fitness,85 Upper Richmond Rd,SW15 2FU,Putney,51.459825,-0.212366,ok,READY_TO_IMPORT,nominatim,official_json_ld; ireland_and_reformer_filtered
gb_53244c3e41,Energie Fitness Scunthorpe,Energie Fitness,Mannaberg Way,DN15 8XF,Scunthorpe,53.604195,-0.647596,ok,READY_TO_IMPORT,nominatim,official_json_ld; ireland_and_reformer_filtered
gb_e4801e4899,Energie Fitness Pontypridd,Energie Fitness,79 Taff St,CF37 4SU,Pontypridd,51.602238,-3.340257,ok,READY_TO_IMPORT,nominatim,official_json_ld; ireland_and_reformer_filtered
gb_7d945eaa7b,Energie Fitness Thornton Heath,Energie Fitness,Brigstock Rd,CR7 7JG,Thornton Heath,51.398579,-0.099196,ok,READY_TO_IMPORT,nominatim,official_json_ld; ireland_and_reformer_filtered
gb_3853c15e51,Energie Fitness Warrington,Energie Fitness,Maybrook Pl,WA4 1JR,Warrington,53.37945,-2.562398,ok,READY_TO_IMPORT,nominatim,official_json_ld; ireland_and_reformer_filtered
gb_8bc37fcb63,Energie Fitness Tunbridge Wells,Energie Fitness,5 N Farm Road,TN2 3DR,Tunbridge Wells,,,failed,NEEDS_COORDINATES,,official_json_ld; ireland_and_reformer_filtered
gb_8094c60770,Energie Fitness Tooting,Energie Fitness,15 Seacole Walk,SW17 0ZH,Tooting,51.437502,-0.17145,ok,READY_TO_IMPORT,nominatim,official_json_ld; ireland_and_reformer_filtered
gb_79386958d0,Energie Fitness Wokingham,Energie Fitness,Denmark St,RG40 2LD,Wokingham,51.409271,-0.835087,suspicious,READY_TO_IMPORT,nominatim,official_json_ld; ireland_and_reformer_filtered; soft_postal
gb_6f3dfebbca,Energie Fitness Tunstall,Energie Fitness,Scotia Rd,ST6 4HG,Tunstall,53.054803,-2.202011,suspicious,READY_TO_IMPORT,nominatim,official_json_ld; ireland_and_reformer_filtered; soft_postal
gb_de84973c62,Energie Fitness Winchester,Energie Fitness,Middle Brook Street,SO23 8QY,Winchester,,,failed,NEEDS_COORDINATES,,official_json_ld; ireland_and_reformer_filtered
gb_359f8a8609,Energie Fitness Wolverhampton,Energie Fitness,Unit 3 Mitre Retail Park Eagle Street,WV2 2AQ,Wolverhampton,,,failed,NEEDS_COORDINATES,,official_json_ld; ireland_and_reformer_filtered
gb_a61d8eaaca,Everlast Gyms Aintree,Everlast Gyms,101 Ormskirk Road,L9 5AE,Aintree,53.483811,-2.951411,ok,READY_TO_IMPORT,nominatim,"official_member_selector_name_only; everlastgyms.com_timed_out; official_search_snippet: 101 Ormskirk Road, Liverpool, Merseyside, L9 5AE"
gb_d984af4807,Everlast Gyms Bangor NI,Everlast Gyms,"Unit 5, Bloomfield Retail Park",BT19 7HB,Bangor NI,54.645941,-5.656184,ok,READY_TO_IMPORT,nominatim,"official_member_selector_name_only; everlastgyms.com_timed_out; official_search_snippet: Unit 5, Bloomfield Retail Park, County Down, BT19 7HB; official page now /gyms/bangor/; Northern Ireland UK"
gb_f8d25b9152,Everlast Gyms Barnsley,Everlast Gyms,The Peel Centre,S71 1JE,Barnsley,,,failed,NEEDS_COORDINATES,,"official_member_selector_name_only; everlastgyms.com_timed_out; official_search_snippet: The Peel Centre, Barnsley, S71 1JE"
gb_9ff73cbfc9,Everlast Gyms Barrow,Everlast Gyms,"Unit B, Cornmill Park, Hindpool Road",LA14 2GN,Barrow,54.111701,-3.232418,ok,READY_TO_IMPORT,nominatim,"official_member_selector_name_only; everlastgyms.com_timed_out; official_search_snippet: Unit B Cornmill Park, Hindpool Road, Barrow in Furness, LA14 2GN"
gb_0bf81d083d,Everlast Gyms Birstall - Leeds,Everlast Gyms,Gelderd Road,WF17 9TD,Birstall - Leeds,53.742148,-1.645286,ok,READY_TO_IMPORT,nominatim,"official_member_selector_name_only; everlastgyms.com_timed_out; official_search_snippet: Gelderd Road, Birstall, Batley, West Yorkshire, WF17 9TD; refurbished elevated gym / HYROX Performance Center; official page now /gyms/birstall/"
gb_d768b0e0cb,Everlast Gyms Blackburn,Everlast Gyms,"Haslingden Road, Guide",BB1 2EE,Blackburn,53.730585,-2.452909,ok,READY_TO_IMPORT,nominatim,"official_member_selector_name_only; everlastgyms.com_timed_out; official_search_snippet: Haslingden Road, Guide, Blackburn, BB1 2EE"
gb_7cf5bcbc22,Everlast Gyms Bristol Filton,Everlast Gyms,"Unit 3, Foxden Road, East Filton",BS34 8SP,Bristol Filton,51.506615,-2.551507,ok,READY_TO_IMPORT,nominatim,"official_member_selector_name_only; everlastgyms.com_timed_out; official_search_snippet: Unit 3, Foxden Road, East Filton, Bristol, BS34 8SP"
gb_ed1be4dc5b,Everlast Gyms Bristol Imperial,Everlast Gyms,Imperial Retail Park,BS13 7TJ,Bristol Imperial,,,ambiguous,NEEDS_COORDINATES,,"official_member_selector_name_only; everlastgyms.com_timed_out; official_search_snippet: Imperial Retail Park, Bristol, BS13 7TJ"
gb_e774442b08,Everlast Gyms Bromborough,Everlast Gyms,"23 Welton Road, Croft Retail Park",CH62 3PN,Bromborough,53.340863,-2.976725,ok,READY_TO_IMPORT,nominatim,"official_member_selector_name_only; everlastgyms.com_timed_out; official_search_snippet: 23 Welton Road, Croft Retail Park, Bromborough, Birkenhead CH62 3PN"
gb_2de1847fb3,Everlast Gyms Burton Upon Trent,Everlast Gyms,"Unit 11, Middleway Retail Park, Guild Street",DE14 1NA,Burton Upon Trent,,,failed,NEEDS_COORDINATES,,"official_member_selector_name_only; everlastgyms.com_timed_out; official_search_snippet: Unit 11, Middleway Retail Park Guild Street, Burton upon Trent, DE14 1NA"
gb_8ce5a04943,Everlast Gyms Cambridge,Everlast Gyms,"Beehive Centre, Coldhams Lane",CB1 3ER,Cambridge,52.204458,0.142955,ok,READY_TO_IMPORT,nominatim,"official_member_selector_name_only; everlastgyms.com_timed_out; official_search_snippet: Beehive Centre, Coldhams Lane, Cambridge, CB1 3ER"
gb_3ec683d50a,Everlast Gyms Canterbury,Everlast Gyms,"Units 1-2, Maybrook Retail Park, Vauxhall Road",CT1 1ZG,Canterbury,51.293144,1.103377,ok,READY_TO_IMPORT,nominatim,"official_member_selector_name_only; everlastgyms.com_timed_out; official_search_snippet: Units 1 & 2, Maybrook Retail Park, Vauxhall Road, Canterbury, CT1 1ZG"
gb_8daaaf952e,Everlast Gyms Cardiff Leckwith,Everlast Gyms,Capital Retail Park,CF11 8EG,Cardiff Leckwith,51.470166,-3.203489,ok,READY_TO_IMPORT,nominatim,"official_member_selector_name_only; everlastgyms.com_timed_out; official_search_snippet: Cardiff Leckwith, Capital Retail Park, Cardiff, CF11 8EG; official page now /gyms/cardiff/"
gb_0f222cf980,Everlast Gyms Carlisle,Everlast Gyms,Currock Road,CA2 4AX,Carlisle,54.884646,-2.932858,ok,READY_TO_IMPORT,nominatim,"official_member_selector_name_only; everlastgyms.com_timed_out; official_search_snippet: Currock Road, Carlisle, CA2 4AX"
gb_f00a6599dd,Everlast Gyms Cheltenham HC,Everlast Gyms,"16 The Brewery Quarter, Henrietta Street",GL50 4FA,Cheltenham HC,51.902917,-2.076243,ok,READY_TO_IMPORT,nominatim,"official_member_selector_name_only; everlastgyms.com_timed_out; official_search_snippet: 16 The Brewery Quarter, Henrietta Street, Cheltenham, GL50 4FA"
gb_d515091006,Everlast Gyms Chiswick,Everlast Gyms,"Chiswick Sports Ground, Hartington Road",W4 3UH,Chiswick,,,failed,NEEDS_COORDINATES,,"official_member_selector_name_only; everlastgyms.com_timed_out; official_search_snippet: Chiswick Sports Ground, Hartington Road, Chiswick, London, W4 3UH; page says NOW OPEN"
gb_754a242aa6,Everlast Gyms Colchester,Everlast Gyms,"North Station, Clarendon Way",CO1 1XF,Colchester,,,failed,NEEDS_COORDINATES,,"official_member_selector_name_only; everlastgyms.com_timed_out; official_search_snippet: North Station, Clarendon Way, Colchester, Essex, C01 1XF (normalized CO1 1XF)"
gb_997fd2761b,Everlast Gyms Denton,Everlast Gyms,"Unit 6E, Crown Point North Retail Park",M34 3JP,Denton,,,failed,NEEDS_COORDINATES,,"official_member_selector_name_only; everlastgyms.com_timed_out; official_search_snippet: Unit 6E, Crown Point North Retail Park, Denton, M34 3JP"
gb_c23278cfec,Everlast Gyms Derby,Everlast Gyms,"Unit 3A & 3B, Derwent Parade, Pride Park",DE24 8BW,Derby,52.916246,-1.44492,ok,READY_TO_IMPORT,nominatim,"official_member_selector_name_only; everlastgyms.com_timed_out; official_search_snippet: Unit 3A & 3B, Derwent Parade, Pride Park, Derby, DE24 8BW"
gb_659eb4a698,Everlast Gyms Dunstable,Everlast Gyms,"Unit 7, White Lion Retail Park, Boscombe Road",LU5 4WL,Dunstable,51.890872,-0.512605,ok,READY_TO_IMPORT,nominatim,"official_member_selector_name_only; everlastgyms.com_timed_out; official_search_snippet: Unit 7, White Lion Retail Park, Boscombe Road, Dunstable, LU5 4WL"
gb_18fd76e930,Everlast Gyms East Kilbride,Everlast Gyms,1 Law Place,G74 4QL,East Kilbride,55.77866,-4.174803,ok,READY_TO_IMPORT,nominatim,"official_member_selector_name_only; everlastgyms.com_timed_out; official_search_snippet: 1 Law Place, East-Kilbride, G74 4QL"
gb_cf30c7b6eb,Everlast Gyms Ewell,Everlast Gyms,Banstead Road,KT17 3HG,Ewell,,,failed,NEEDS_COORDINATES,,"official_member_selector_name_only; everlastgyms.com_timed_out; official_search_snippet: Banstead Road, Ewell, KT17 3HG; refurbished elevated gym"
gb_76de77b1d0,Everlast Gyms Gateshead,Everlast Gyms,"Level 5 Multi-Story Red Zone, Metrocentre, St Michaels Way",NE11 9YG,Gateshead,,,failed,NEEDS_COORDINATES,,"official_member_selector_name_only; everlastgyms.com_timed_out; official_search_snippet: Level 5 Multi-Story Red Zone, Metrocentre, St. Michaels Way, Metrocentre, Gateshead, NE11 9YG"
gb_8507eab47a,Everlast Gyms Gillingham,Everlast Gyms,"Will Adams Way, Watling Street",ME8 6BY,Gillingham,,,failed,NEEDS_COORDINATES,,"official_member_selector_name_only; everlastgyms.com_timed_out; official_search_snippet: Will Adams Way, Watling Street, Gillingham, Kent, ME8 6BY"
gb_64f132bf18,Everlast Gyms Glasgow Fort,Everlast Gyms,30 Auchinlea Way,G34 9JJ,Glasgow Fort,55.867869,-4.129472,ok,READY_TO_IMPORT,nominatim,"official_member_selector_name_only; everlastgyms.com_timed_out; official_search_snippet: 30 Auchinlea Way, Glasgow, G34 9JJ"
gb_1785f1de9b,Everlast Gyms Gloucester,Everlast Gyms,"Unit 2, St Oswalds Road",GL1 2UE,Gloucester,,,failed,NEEDS_COORDINATES,,"official_member_selector_name_only; everlastgyms.com_timed_out; official_search_snippet: Unit 2, St Oswalds Road, Gloucester, Gl1 2UE (normalized GL1 2UE)"
gb_1b46d46340,Everlast Gyms Halifax,Everlast Gyms,"1st Floor, Unit A, Charlestown Road",HX3 6AB,Halifax,,,failed,NEEDS_COORDINATES,,"official_member_selector_name_only; everlastgyms.com_timed_out; official_search_snippet: 1st Floor, Unit A Charlestown Road, Halifax, HX3 6AB; refurbished / HYROX Performance Center"
gb_a79275e28a,Everlast Gyms Hull,Everlast Gyms,"Craven Street, North Mount Pleasant, Holderness Road",HU9 2AP,Hull,,,failed,NEEDS_COORDINATES,,"official_member_selector_name_only; everlastgyms.com_timed_out; official_search_snippet: Craven Street, North Mount Pleasant, Holderness Rd, HU9 2AP"
gb_241c43f964,Everlast Gyms Keighley,Everlast Gyms,"Unit 2, Cavendish Retail Park",BD21 3RB,Keighley,53.867212,-1.90575,suspicious,READY_TO_IMPORT,nominatim,"official_member_selector_name_only; everlastgyms.com_timed_out; official_search_snippet: Unit 2 Cavendish Retail Park, Keighley, West Yorkshire, BD21 3RB; soft_postal"
gb_8b38bcab85,Everlast Gyms Kettering,Everlast Gyms,"Orion Way, Pytchley Road",NN15 6NL,Kettering,52.377364,-0.719681,ok,READY_TO_IMPORT,nominatim,"official_member_selector_name_only; everlastgyms.com_timed_out; official_search_snippet: Orion Way, Pytchley Road, Kettering, Northamptonshire, NN15 6NL"
gb_931ad81c49,Everlast Gyms Kings Lynn,Everlast Gyms,Hamburg Way,PE30 2ND,Kings Lynn,52.771775,0.418577,ok,READY_TO_IMPORT,nominatim,"official_member_selector_name_only; everlastgyms.com_timed_out; official_search_snippet: Hamburg Way, Kings Lynn, Norfolk, PE30 2ND"
gb_36b480271b,Everlast Gyms Leicester,Everlast Gyms,6 Halford Street,LE1 1JB,Leicester,52.634553,-1.130874,suspicious,READY_TO_IMPORT,nominatim,"official_member_selector_name_only; everlastgyms.com_timed_out; official_search_snippet: 6 Halford Street, LE1 1JB; soft_postal"
gb_cc4187a131,Everlast Gyms Leigh,Everlast Gyms,Parsonage Retail Park,WN7 5SJ,Leigh,53.499612,-2.52765,suspicious,READY_TO_IMPORT,nominatim,"official_member_selector_name_only; everlastgyms.com_timed_out; official_search_snippet: Parsonage Retail Park, Leigh, WN7 5SJ; soft_postal"
gb_2e737356c8,Everlast Gyms Lincoln,Everlast Gyms,Tritton Road,LN6 7QY,Lincoln,53.211246,-0.571204,suspicious,READY_TO_IMPORT,nominatim,"official_member_selector_name_only; everlastgyms.com_timed_out; official_search_snippet: Tritton Road, Lincoln, LN6 7QY; soft_postal"
gb_7f1f4deb7c,Everlast Gyms Liverpool Central,Everlast Gyms,"Level 2 of Sports Direct, Church Street",L1 1DF,Liverpool Central,,,failed,NEEDS_COORDINATES,,"official_member_selector_name_only; everlastgyms.com_timed_out; official_search_snippet: Level 2 of Sports Direct - Church Street, Liverpool, L1 1DF; official page now /gyms/liverpool/; Gyms+ flagship"
gb_0b9522a9fb,Everlast Gyms Liverpool Rose Lane,Everlast Gyms,88 Rose Lane,L18 8AG,Liverpool Rose Lane,53.37855,-2.915441,ok,READY_TO_IMPORT,nominatim,"official_member_selector_name_only; everlastgyms.com_timed_out; official_search_snippet: 88 Rose Lane, Liverpool, L18 8AG"
gb_275abe20ab,Everlast Gyms Llanelli,Everlast Gyms,"Unit 8D, Parc Trostre Retail Park",SA14 9UY,Llanelli,51.675124,-4.140625,ok,READY_TO_IMPORT,nominatim,"official_member_selector_name_only; everlastgyms.com_timed_out; official_search_snippet: Unit 8D, Llanelli, SA14 9UY; retail park name Parc Trostre confirmed against official unit/postcode"
gb_3f31d23e52,Everlast Gyms Londonderry,Everlast Gyms,"Crescent Link Retail Park, Crescent Link",BT47 5FR,Londonderry,54.997456,-7.273636,suspicious,READY_TO_IMPORT,nominatim,"official_member_selector_name_only; everlastgyms.com_timed_out; official_search_snippet: Crescent Link Retail Park, Crescent Link, Londonderry, BT47 5FR; Northern Ireland UK; soft_postal"
gb_e23e362b3f,Everlast Gyms Macclesfield,Everlast Gyms,Pickford Street,SK11 6JD,Macclesfield,53.258105,-2.123929,suspicious,READY_TO_IMPORT,nominatim,"official_member_selector_name_only; everlastgyms.com_timed_out; official_search_snippet: Pickford Street, Macclesfield, SK11 6JD; soft_postal"
gb_2c1cdd751b,Everlast Gyms Manchester Trafford,Everlast Gyms,Trafford Palazzo,M17 8AS,Manchester Trafford,,,ambiguous,NEEDS_COORDINATES,,"official_member_selector_name_only; everlastgyms.com_timed_out; labelled_opening; official_search_snippet: Trafford Palazzo, Manchester, M17 8AS; selector labelled Manchester Trafford - Now Open (phase1 was COMING_SOON)"
gb_dfbfcfda57,Everlast Gyms Merthyr Tydfil,Everlast Gyms,"Unit 1, Cyfarthfa Retail Park, Swansea Road",CF48 1HY,Merthyr Tydfil,51.749069,-3.391872,ok,READY_TO_IMPORT,nominatim,"official_member_selector_name_only; everlastgyms.com_timed_out; official_search_snippet: Unit 1, Cyfarthfa Retail Park, Swansea Road, Merthyr Tydfil, CF48 1HY"
gb_1f96982ef8,Everlast Gyms Newport,Everlast Gyms,"Unit 7, East Retail Park, Maesglas",NP20 2NW,Newport,51.568923,-2.998665,ok,READY_TO_IMPORT,nominatim,"official_member_selector_name_only; everlastgyms.com_timed_out; official_search_snippet: Unit 7, East Retail Park, Maesglas, Newport, NP20 2NW"
gb_b1a900cadb,Everlast Gyms Nottingham,Everlast Gyms,"Victoria Park, Victoria Park Way",NG4 2PA,Nottingham,52.961791,-1.067978,suspicious,READY_TO_IMPORT,nominatim,"official_member_selector_name_only; everlastgyms.com_timed_out; official_search_snippet: Victoria Park, Victoria Park Way, Netherfield, NG4 2PA; soft_postal"
gb_c8431483f7,Everlast Gyms Nottingham - West Bridgford,Everlast Gyms,Wilford Lane,NG2 7RN,Nottingham - West Bridgford,52.925308,-1.151614,ok,READY_TO_IMPORT,nominatim,"official_member_selector_name_only; everlastgyms.com_timed_out; official_search_snippet: Wilford Lane, West Bridgford, Nottingham, NG2 7RN; newly elevated / refurbished Gyms+; official page now /gyms/west-bridgford/"
gb_9e47d7a9b5,Everlast Gyms Oldham,Everlast Gyms,"Elk Mill Shopping Park, Oldham Road, Royton",OL2 5HX,Oldham,53.558216,-2.137526,ok,READY_TO_IMPORT,nominatim,"official_member_selector_name_only; everlastgyms.com_timed_out; official_search_snippet: Elk Mill Shopping Park, Oldham Road, Royton, Oldham, OL2 5HX"
gb_cba10bbf4a,Everlast Gyms Poole,Everlast Gyms,"Unit D, Commerce Centre, Cromer Road",BH12 1DN,Poole,,,failed,NEEDS_COORDINATES,,"official_member_selector_name_only; everlastgyms.com_timed_out; official_search_snippet: Unit D, Commerce Centre, Cromer Road, Dorset, BH12 1DN"
gb_cb52c8029e,Everlast Gyms Preston,Everlast Gyms,"Deepdale Retail Park, Blackpool Road",PR1 6QY,Preston,53.773601,-2.677524,suspicious,READY_TO_IMPORT,nominatim,"official_member_selector_name_only; everlastgyms.com_timed_out; official_search_snippet: Deepdale Retail Park, Blackpool Rd, Preston, PR1 6QY; soft_postal"
gb_ac93729c54,Everlast Gyms Rotherham,Everlast Gyms,"Stadium Way, Parkgate",S60 1TG,Rotherham,53.445441,-1.342318,ok,READY_TO_IMPORT,nominatim,"official_member_selector_name_only; everlastgyms.com_timed_out; official_search_snippet: Stadium Way, Parkgate, Rotherham, S60 1TG"
gb_c9ce615803,Everlast Gyms Rugby,Everlast Gyms,Webb Ellis Road,CV22 7AU,Rugby,52.36876,-1.275115,suspicious,READY_TO_IMPORT,nominatim,"official_member_selector_name_only; everlastgyms.com_timed_out; official_search_snippet: Webb Ellis Road, Rugby, Warwickshire, CV22 7AU; soft_postal"
gb_998325f1b0,Everlast Gyms Sale - Greater Manchester,Everlast Gyms,20-22 Washway Road,M33 7QY,Sale - Greater Manchester,53.425037,-2.3259,ok,READY_TO_IMPORT,nominatim,"official_member_selector_name_only; everlastgyms.com_timed_out; official_search_snippet: 20-22 Washway Road, Sale, M33 7QY; official page now /gyms/sale/"
gb_57bf6c80b7,Everlast Gyms Sheffield,Everlast Gyms,"Unit 4, 2 Flora Street",S6 2BF,Sheffield,53.394764,-1.487405,ok,READY_TO_IMPORT,nominatim,"official_member_selector_name_only; everlastgyms.com_timed_out; official_search_snippet: Unit 4, 2 Flora Street, Sheffield S6 2BF"
gb_a9f26a06c7,Everlast Gyms Shirebrook,Everlast Gyms,"Brook Park, Meadow Lane",NG20 8RY,Shirebrook,53.196532,-1.205806,ok,READY_TO_IMPORT,nominatim,"official_member_selector_name_only; everlastgyms.com_timed_out; official_search_snippet: Brook Park, Meadow Lane, Shirebrook, NG20 8RY"
gb_6f249a4be2,Everlast Gyms Southport Ocean Plaza,Everlast Gyms,"Ocean Plaza, Marine Drive",PR8 1SQ,Southport Ocean Plaza,53.651568,-3.014523,ok,READY_TO_IMPORT,nominatim,"official_member_selector_name_only; everlastgyms.com_timed_out; official_search_snippet: Ocean Plaza, Marine Drive, Southport, PR8 1SQ"
gb_180148bb29,Everlast Gyms Southport Tulketh Street,Everlast Gyms,34-36 Tulketh Street,PR8 1AQ,Southport Tulketh Street,53.645703,-3.003121,ok,READY_TO_IMPORT,nominatim,"official_member_selector_name_only; everlastgyms.com_timed_out; official_search_snippet: 34-36 Tulketh Street, Southport, PR8 1AQ; official page now /gyms/southport/"
gb_5719a4589d,Everlast Gyms St Helens,Everlast Gyms,15-17 King Street,WA10 2JZ,St Helens,53.454424,-2.740718,ok,READY_TO_IMPORT,nominatim,"official_member_selector_name_only; everlastgyms.com_timed_out; official_search_snippet: 15-17 King St, Saint Helens WA10 2JZ"
gb_e2f0941153,Everlast Gyms St Helens Milverny,Everlast Gyms,Ravenhead Retail Park,WA9 5EE,St Helens Milverny,53.444078,-2.733385,suspicious,READY_TO_IMPORT,nominatim,"official_member_selector_name_only; everlastgyms.com_timed_out; official_search_snippet: Ravenhead Retail Park, St Helens, WA9 5EE; soft_postal"
gb_a2cc1d75fb,Everlast Gyms Sunderland,Everlast Gyms,"Timber Beach Road, Hylton Riverside Retail Park",SR5 3XG,Sunderland,54.91797,-1.431477,ok,READY_TO_IMPORT,nominatim,"official_member_selector_name_only; everlastgyms.com_timed_out; official_search_snippet: Timber Beach Road, Hylton Riverside Retail Park, Sunderland, SR5 3XG"
gb_95448e7cd1,Everlast Gyms Swindon,Everlast Gyms,"Unit 3 and 4b, Orbital Shopping Park, Thamesdown Drive",SN25 4BG,Swindon,51.597064,-1.806867,suspicious,READY_TO_IMPORT,nominatim,"official_member_selector_name_only; everlastgyms.com_timed_out; official_search_snippet: Unit 3 and 4b, Orbital Shopping Park, Thamesdown Drive, Swindon, SN25 4BG; soft_postal"
gb_526c1f45e1,Everlast Gyms Thurrock,Everlast Gyms,"Unit 12, The Junction, Thurrock Shopping Park, Weston Avenue",RM20 3LP,Thurrock,,,failed,NEEDS_COORDINATES,,"official_member_selector_name_only; everlastgyms.com_timed_out; official_search_snippet: Unit 12, The Junction, Thurrock Shopping Park, Weston Avenue, Thurrock, Essex, RM20 3LP"
gb_55a0ff2878,Everlast Gyms Tunstall-Stoke,Everlast Gyms,"Unit 1, Alexandra Park, Scotia Road",ST6 6AT,Tunstall-Stoke,,,failed,NEEDS_COORDINATES,,"official_member_selector_name_only; everlastgyms.com_timed_out; official_search_snippet: Unit 1, Alexandra Park, Scotia Road, Tunstall, ST6 6AT"
gb_11bf1f7e0c,Everlast Gyms York,Everlast Gyms,Stirling Road,YO30 4TU,York,53.994555,-1.094143,ok,READY_TO_IMPORT,nominatim,"official_member_selector_name_only; everlastgyms.com_timed_out; official_search_snippet: Stirling Road, York, YO30 4TU; TEMPORARILY CLOSED FOR ELEVATION (refurb) so still current club"
gb_f4d70aead1,Fitness First Bedford,Fitness First,"Aspects Leisure Park,Newnham Avenue",MK41 9LW,Bedford,52.132922,-0.44482,failed,READY_TO_IMPORT,official_json_ld,official_club_page; phase2_json_ld_geo
gb_08e12e16ce,Fitness First London Bridge Cottons,Fitness First,"Cottons Building,Tooley Street",SE1 2QN,London Bridge Cottons,51.505806,-0.08486,failed,READY_TO_IMPORT,official_json_ld,official_club_page; phase2_json_ld_geo
gb_9c9ac8eea6,Fitness First Bangor,Fitness First,"St Davids Retail Park,Caernarfon Road",LL57 4TJ,Bangor,53.217461,-4.142834,failed,READY_TO_IMPORT,official_json_ld,official_club_page; phase2_json_ld_geo
gb_b74d422631,Fitness First Bath,Fitness First,"The Basement,5-10 James Street West",BA1 2BX,Bath,51.380766,-2.364919,failed,READY_TO_IMPORT,official_json_ld,official_club_page; phase2_json_ld_geo
gb_60871847d2,Fitness First London Baker Street,Fitness First,"55 Baker Street,Marylebone",W1U 8EW,London Baker Street,51.518667,-0.156172,failed,READY_TO_IMPORT,official_json_ld,official_club_page; phase2_json_ld_geo
gb_bc940cc9a0,Fitness First London Bishopsgate,Fitness First,47 Bishopsgate,EC2N 4AJ,London Bishopsgate,51.51538,-0.08302,failed,READY_TO_IMPORT,official_json_ld,official_club_page; phase2_json_ld_geo
gb_d6c0b18ec6,Fitness First London Balham,Fitness First,279-291 Balham High Road,SW17 7BA,London Balham,51.436271,-0.158173,failed,READY_TO_IMPORT,official_json_ld,official_club_page; phase2_json_ld_geo
gb_db8e09b2a4,Fitness First London Brixton,Fitness First,"Blue Star House,234-244 Stockwell Road",SW9 9SP,London Brixton,51.464446,-0.115304,failed,READY_TO_IMPORT,official_json_ld,official_club_page; phase2_json_ld_geo
gb_f0953ad493,Fitness First London Hammersmith,Fitness First,26-28 Hammersmith Grove,W6 7HA,London Hammersmith,51.494762,-0.226053,failed,READY_TO_IMPORT,official_json_ld,official_club_page; phase2_json_ld_geo
gb_231f719acb,Fitness First London Clapham Junction,Fitness First,"34 St John's Hill,Clapham Junction Station",SW11 1SA,London Clapham Junction,51.463457,-0.169502,failed,READY_TO_IMPORT,official_json_ld,official_club_page; phase2_json_ld_geo
gb_68137aab4a,Fitness First London Highbury,Fitness First,"Unit A East Stand,Avenell Road",N5 1FE,London Highbury,51.558303,-0.102354,failed,READY_TO_IMPORT,official_json_ld,official_club_page; phase2_json_ld_geo
gb_2bb38c5d41,Fitness First London Oxford Circus,Fitness First,15 Great Marlborough Street,W1F 7HR,London Oxford Circus,51.514498,-0.138829,failed,READY_TO_IMPORT,official_json_ld,official_club_page; phase2_json_ld_geo
gb_0cee30bd5a,Fitness First London Marylebone,Fitness First,"Fitness First Marylebone,Cavendish Mews North",W1W 6LA,London Marylebone,51.520312,-0.143793,failed,READY_TO_IMPORT,official_json_ld,official_club_page; phase2_json_ld_geo
gb_42d17f4295,Fitness First London Liverpool Street,Fitness First,"Platform 17-18, Liverpool Street Station",EC2M 7PY,London,51.512714,-0.078871,ok,READY_TO_IMPORT,nominatim,official_club_page; phase2_address_overwrite
gb_757d4eaffa,Fitness First London Queen Victoria Street,Fitness First,95 Queen Victoria Street,EC4V 4HN,London Queen Victoria Street,51.511786,-0.097111,failed,READY_TO_IMPORT,official_json_ld,official_club_page; phase2_json_ld_geo
gb_d5add08102,Fitness First London Queens Park,Fitness First,"105-109 Salusbury Road,Kilburn",NW6 6RG,London Queens Park,51.537052,-0.206167,failed,READY_TO_IMPORT,official_json_ld,official_club_page; phase2_json_ld_geo
gb_bedb81b6c5,Fitness First London Streatham,Fitness First,7 Streatham High Road,SW16 1EH,London Streatham,51.436926,-0.127136,failed,READY_TO_IMPORT,official_json_ld,official_club_page; phase2_json_ld_geo
gb_81fa91909f,Fitness First London The Strand,Fitness First,"6 Bedford Street,Covent Garden",WC2E 9HD,London The Strand,51.510041,-0.123857,failed,READY_TO_IMPORT,official_json_ld,official_club_page; phase2_json_ld_geo
gb_428b72d56f,Fitness First Wigan,Fitness First,Stadium Way,WN5 0UN,Wigan,53.54937,-2.657451,failed,READY_TO_IMPORT,official_json_ld,official_club_page; phase2_json_ld_geo
gb_5e87dabd11,Fitness First St Albans,Fitness First,"Unit 17, Christopher Place Shopping Centre, Upper Dagnall Street",AL3 5DQ,St Albans,51.751708,-0.340715,failed,READY_TO_IMPORT,official_json_ld,official_club_page; phase2_json_ld_geo
gb_24e00418ca,Fitness First Milton Keynes,Fitness First,"Unit B Stadium MK,Stadium Way West",MK1 1ST,Milton Keynes,52.007607,-0.73488,failed,READY_TO_IMPORT,official_json_ld,official_club_page; phase2_json_ld_geo
gb_47f42c18bc,Fitness First Solihull,Fitness First,Ulleries Road,B92 8DS,Solihull,52.444702,-1.786202,failed,READY_TO_IMPORT,official_json_ld,official_club_page; phase2_json_ld_geo
gb_1c3d388a6c,Fitness First London Thomas More Square Wapping,Fitness First,15 Thomas More Street,E1W 1YW,London Thomas More Square Wapping,51.507848,-0.067559,failed,READY_TO_IMPORT,official_json_ld,official_club_page; phase2_json_ld_geo
gb_6a4c26f97e,JD Gyms Aintree,JD Gyms,"Switch Island Leisure Park, 9 Dunnings Bridge Road, Aintree",L30 6TQ,Liverpool,,,failed,NEEDS_COORDINATES,,official_club_page; demoted_outward_mismatch:L30 6TQ->L25 2XE
gb_08ccb02877,JD Gyms Ballymena,JD Gyms,"Larne Road Retail Park, 23 Pennybridge Industrial Estate",BT42 3HB,Ballymena,,,failed,NEEDS_COORDINATES,,official_club_page
gb_b99ff00cb3,JD Gyms Barnsley,JD Gyms,Twibell St,S71 1DL,Barnsley,53.559091,-1.470836,suspicious,READY_TO_IMPORT,nominatim,official_club_page; soft_postal
gb_5b8e7b4cc4,JD Gyms Basingstoke,JD Gyms,"The Crescent, Viables Business Park, Jays Close",RG22 4BS,Basingstoke,,,failed,NEEDS_COORDINATES,,official_club_page
gb_bb66a24d17,JD Gyms Batley,JD Gyms,260 Bradford Rd,WF17 6HU,Batley,53.71392,-1.779192,ok,READY_TO_IMPORT,nominatim,official_club_page
gb_1ec276b009,JD Gyms Belfast,JD Gyms,"Hillview Retail Park, Crumlin Rd",BT14 7DU,Belfast,54.612647,-5.955601,suspicious,READY_TO_IMPORT,nominatim,official_club_page; soft_postal
gb_f4c8fdfb6c,JD Gyms Birmingham,JD Gyms,"Allesley Street, Newtown Middleway",B6 4NF,Birmingham,52.492746,-1.892705,suspicious,READY_TO_IMPORT,nominatim,official_club_page; soft_postal
gb_5ba12a6760,JD Gyms Blackburn,JD Gyms,Whitebirk Dr,BB1 3HT,Blackburn,53.757155,-2.44535,ok,READY_TO_IMPORT,nominatim,official_club_page
gb_9f77c65d86,JD Gyms Blackpool,JD Gyms,Vicarage Ln,FY4 4XL,Blackpool,53.794475,-3.018162,suspicious,READY_TO_IMPORT,nominatim,official_club_page; soft_postal
gb_73d2c9bde3,JD Gyms Bolton,JD Gyms,"Unit 1, Morston Point, Manchester Road",BL2 1HA,Bolton,,,failed,NEEDS_COORDINATES,,official_club_page
gb_7a4ad11d68,JD Gyms Bournemouth Central,JD Gyms,"Richmond Gardens Shopping Centre, Old Christchurch Rd",BH1 1EN,Bournemouth,50.72199,-1.875808,ok,READY_TO_IMPORT,nominatim,official_club_page
gb_6ff87da921,JD Gyms Bradford,JD Gyms,"Manningham Lane Retail Park, Manningham Lane",BD1 3AH,Bradford,53.798888,-1.75879,ok,READY_TO_IMPORT,nominatim,official_club_page
gb_4695b080f9,JD Gyms Brierley Hill,JD Gyms,17-23 High Street,DY5 3EU,Brierley Hill,52.479758,-2.123236,suspicious,READY_TO_IMPORT,nominatim,official_club_page; soft_postal
gb_51133d0332,JD Gyms Bristol,JD Gyms,2 Channons Hill,BS16 2EA,Bristol,51.479015,-2.534031,suspicious,READY_TO_IMPORT,nominatim,official_club_page; soft_postal
gb_a50457129f,JD Gyms Bromborough,JD Gyms,"the A41, The Old Candy Building, Candy Park, Bromborough",CH62 3PE,Wirral,,,failed,NEEDS_COORDINATES,,official_club_page
gb_14cca232b1,JD Gyms Burnley,JD Gyms,Prestige Retail Park,BB11 1BS,Burnley,53.794218,-2.24248,ok,READY_TO_IMPORT,nominatim,official_club_page
gb_977b7f4351,JD Gyms Bury,JD Gyms,"Angouleme Way Retail Park, George St, Bury , BL9 0BZ",BL9 7AZ,Bury,53.5934,-2.290163,ok,READY_TO_IMPORT,nominatim,official_club_page
gb_b6105c420e,JD Gyms Cardiff Llanishen,JD Gyms,Llanishen Retail Park,CF14 5DU,Cardiff,51.526192,-3.193837,ok,READY_TO_IMPORT,nominatim,official_club_page
gb_4115f9205b,JD Gyms Cardiff,JD Gyms,Queen St,CF10 2BH,Cardiff,51.48259,-3.173529,ok,READY_TO_IMPORT,nominatim,official_club_page
gb_6e07efa929,JD Gyms Carlisle,JD Gyms,Currock Rd,CA2 4AS,Carlisle,54.885066,-2.931181,ok,READY_TO_IMPORT,nominatim,official_club_page
gb_bf45c0754e,JD Gyms Castleford,JD Gyms,Colorado Way,WF10 4TA,Castleford,53.709114,-1.341274,ok,READY_TO_IMPORT,nominatim,official_club_page
gb_19f120cfa5,JD Gyms Chatham,JD Gyms,"Horsted Retail Park, Maidstone Road",ME5 9SQ,Chatham,51.351169,0.507214,ok,READY_TO_IMPORT,nominatim,official_club_page
gb_74f918f405,JD Gyms Cheltenham,JD Gyms,"The Roundhouse, 19 Gloucester Rd",GL51 8NE,Cheltenham,51.905066,-2.088944,ok,READY_TO_IMPORT,nominatim,official_club_page
gb_8850febfaf,JD Gyms Chester,JD Gyms,"Unit 6, Greyhound Retail Park, Sealand Road",CH1 4QG,Chester,53.198854,-2.915967,ok,READY_TO_IMPORT,nominatim,official_club_page
gb_66e0991fab,JD Gyms Chesterfield,JD Gyms,"Spire Walk Business Park, Derby Road",S40 2WG,Chesterfield,53.230795,-1.426797,ok,READY_TO_IMPORT,nominatim,official_club_page
gb_2d97f4b1bc,JD Gyms Coatbridge,JD Gyms,Coatbank St,ML5 3SP,Coatbridge,55.858598,-4.020198,ok,READY_TO_IMPORT,nominatim,official_club_page
gb_a3de76582f,JD Gyms Coventry,JD Gyms,"Belgrade Plaza, Upper Well St",CV1 4AJ,Coventry,52.410441,-1.514435,suspicious,READY_TO_IMPORT,nominatim,official_club_page; soft_postal
gb_9a714e613a,JD Gyms Cumbernauld,JD Gyms,"Cumbernauld Shopping Centre, Central Way, Cumbernauld",G67 1BT,Glasgow,,,failed,NEEDS_COORDINATES,,official_club_page
gb_350f61e018,JD Gyms Cwmbran,JD Gyms,17-18 Gwent Square,NP44 1PW,Cwmbran,51.653773,-3.020868,suspicious,READY_TO_IMPORT,nominatim,official_club_page; soft_postal
gb_589b514468,JD Gyms Darlington,JD Gyms,John St,DL1 1LG,Darlington,54.532775,-1.550412,suspicious,READY_TO_IMPORT,nominatim,official_club_page; soft_postal
gb_685196aeaa,JD Gyms Derby,JD Gyms,"709 Osmaston Rd, Allenton",DE24 8NG,Derby,52.893723,-1.45315,ok,READY_TO_IMPORT,nominatim,official_club_page
gb_24069a926e,JD Gyms Doncaster,JD Gyms,"Shaw Lane Industrial Estate, Ogden Road",DN2 4SQ,Doncaster,,,failed,NEEDS_COORDINATES,,official_club_page
gb_6ba362c45c,JD Gyms Droylsden,JD Gyms,"Greenside Retail Park, Greenside Lane, Droylsden",M43 7YY,Manchester,,,ambiguous,NEEDS_COORDINATES,,official_club_page
gb_ce887bd6aa,JD Gyms Dundee,JD Gyms,"Wellgate Shopping Centre, Victoria Road",DD1 2DB,Dundee,56.464682,-2.969586,ok,READY_TO_IMPORT,nominatim,official_club_page
gb_29565ccca7,JD Gyms East Kilbride,JD Gyms,"1 The Boardwalk, Stroud Road, East Kilbride",G75 0YW,Glasgow,,,ambiguous,NEEDS_COORDINATES,,official_club_page
gb_ac0e9a1a10,JD Gyms Edinburgh West,JD Gyms,"Shopping Centre, West Side Plaza, Wester Hailes Rd",EH14 2SW,Edinburgh,55.915118,-3.283889,ok,READY_TO_IMPORT,nominatim,official_club_page
gb_d8e6a7b2b3,JD Gyms Enfield,JD Gyms,"De Mandeville Gate Retail Park, Southbury Road",EN1 1TW,Enfield,,,failed,NEEDS_COORDINATES,,official_club_page
gb_8f6be0f073,JD Gyms Farnborough,JD Gyms,"Farnborough Gate, Blackwater Shopping Centre",GU14 8BL,Farnborough,51.308,-0.748266,ok,READY_TO_IMPORT,nominatim,official_club_page
gb_7c0c14bdf2,JD Gyms Glasgow North,JD Gyms,"Off Craigmont Dr, Maryhill Rd",G20 9BS,Glasgow,55.889018,-4.285,ok,READY_TO_IMPORT,nominatim,official_club_page
gb_c29f1e34a1,JD Gyms Glasgow South,JD Gyms,"Crown Street Retail Park, Crown Street",G5 0US,Glasgow,,,ambiguous,NEEDS_COORDINATES,,official_club_page
gb_64d5894f9e,JD Gyms Gloucester,JD Gyms,108 Eastern Avenue Retail Park,GL4 4LP,Gloucester,51.855286,-2.221664,ok,READY_TO_IMPORT,nominatim,official_club_page
gb_c8d32b18ec,JD Gyms Gorseinon,JD Gyms,"Victoria Road, Gorseinon, Swansea",SA4 3BE,Gorseinon,,,failed,NEEDS_COORDINATES,,official_club_page
gb_289651cf66,JD Gyms Greenock,JD Gyms,"Waterfront Retail Park, Custom House Way",PA15 1EG,Greenock,55.949908,-4.755926,ok,READY_TO_IMPORT,nominatim,official_club_page
gb_0027c3bc8b,JD Gyms Halifax,JD Gyms,"Victoria Retail Park, Shroggs Road",HX3 5HZ,Halifax,,,failed,NEEDS_COORDINATES,,official_club_page; demoted_outward_mismatch:HX3 5HZ->S6 1JY
gb_e6d61a4241,JD Gyms Harlow,JD Gyms,"Harvey Centre, Broad Walk",CM20 1XR,Harlow,51.768932,0.093042,suspicious,READY_TO_IMPORT,nominatim,official_club_page; soft_postal
gb_298fee2bf4,JD Gyms Hartlepool,JD Gyms,"Middleton Grange Shopping Centre, 140A Stockton St",TS24 7RZ,Hartlepool,54.68423,-1.211924,ok,READY_TO_IMPORT,nominatim,official_club_page
gb_dc18c2cc62,JD Gyms Hempstead Valley,JD Gyms,"Hempstead Valley Shopping Centre, Hempstead Valley Drive, Hempstead",ME7 3PD,Gillingham,51.340905,0.572584,ok,READY_TO_IMPORT,nominatim,official_club_page
gb_6905329db3,JD Gyms Huddersfield,JD Gyms,"Folly Hall Mills, St Thomas and #039; Road",HD1 3LT,Huddersfield,,,failed,NEEDS_COORDINATES,,official_club_page
gb_9f6ab32920,JD Gyms Hull,JD Gyms,Clough Rd,HU5 1SR,Hull,53.767173,-0.347044,ok,READY_TO_IMPORT,nominatim,official_club_page
gb_015cd24173,JD Gyms Ipswich,JD Gyms,"Suffolk Retail Park, London Rd",IP1 2EJ,Ipswich,52.060267,1.135801,ok,READY_TO_IMPORT,nominatim,official_club_page
gb_8929bf150b,JD Gyms Leeds Kirkstall Road,JD Gyms,"1 Kirkstall Rd, Burley",LS4 2AZ,Leeds,53.805027,-1.578212,suspicious,READY_TO_IMPORT,nominatim,official_club_page; soft_postal
gb_1d6e287c67,JD Gyms Leeds North,JD Gyms,"Limewood Approach, Seacroft",LS14 1NH,Leeds,,,failed,NEEDS_COORDINATES,,official_club_page
gb_96c2f544c7,JD Gyms Leeds South,JD Gyms,"Millshaw Park Industrial Estate, Millshaw Park Ave",LS11 0LW,Leeds,53.767002,-1.57711,suspicious,READY_TO_IMPORT,nominatim,official_club_page; soft_postal
gb_7984065a9c,JD Gyms Liverpool Belle Vale,JD Gyms,"Belle Vale Shopping Centre, Childwall Valley Rd",L25 2RF,Liverpool,53.390672,-2.860125,ok,READY_TO_IMPORT,nominatim,official_club_page
gb_3a113f42fb,JD Gyms Liverpool South,JD Gyms,"Triumph Way, Hunt&#039;s Cross",L24 9GQ,Liverpool,53.356618,-2.86805,suspicious,READY_TO_IMPORT,nominatim,official_club_page; soft_postal
gb_cf682d6fc1,JD Gyms Liverpool,JD Gyms,14 Dale St,L2 4TH,Liverpool,53.406896,-2.989807,ok,READY_TO_IMPORT,nominatim,official_club_page
gb_1a33b1ca8a,JD Gyms Livingston,JD Gyms,"New Logic House, Kirkton South Road, Livingston Village",EH54 7DE,Livingston,55.881998,-3.531969,ok,READY_TO_IMPORT,nominatim,official_club_page
gb_318db36a2b,JD Gyms Llansamlet,JD Gyms,"Unit 2, St Davids Industrial Estate, Llansamlet",SA6 8RX,Swansea,,,failed,NEEDS_COORDINATES,,official_club_page
gb_1b114c1f3d,JD Gyms London Charlton,JD Gyms,"Unit B, Stone Lake Retail Park, Woolwich Road",SE7 8LU,London,,,failed,NEEDS_COORDINATES,,official_club_page; demoted_outward_mismatch:SE7 8LU->IP1 2EJ
gb_01fb9a7b69,JD Gyms Luton,JD Gyms,"Hatters Way Retail Park, Chaul End Lane, Maidenhall",LU4 8FD,Luton,51.889153,-0.45586,ok,READY_TO_IMPORT,nominatim,official_club_page
gb_96145a3337,JD Gyms Manchester,JD Gyms,"Bridgewater House, 58-60 Whitworth St",M1 6LT,Manchester,53.475078,-2.2403,ok,READY_TO_IMPORT,nominatim,official_club_page
gb_3bba1dc72f,JD Gyms Mansfield,JD Gyms,"Old Mill Ln, Mansfield Woodhouse",NG19 9BG,Mansfield,53.15712,-1.185346,ok,READY_TO_IMPORT,nominatim,official_club_page
gb_ae6f6fd595,JD Gyms Middlesbrough,JD Gyms,Newport South Business Park,TS1 5QN,Middlesbrough,,,failed,NEEDS_COORDINATES,,official_club_page
gb_d4d29621fd,JD Gyms Middleton,JD Gyms,"Middleton Shopping Centre, Limetrees Road, Middleton",M24 4EL,Manchester,53.548698,-2.201339,ok,READY_TO_IMPORT,nominatim,official_club_page
gb_af81dd3ec1,JD Gyms Milton Keynes,JD Gyms,"Winterhill House, Snowdon Drive",MK6 1AP,Milton Keynes,,,failed,NEEDS_COORDINATES,,official_club_page
gb_1ba19d6790,JD Gyms Newcastle Benton,JD Gyms,"North Tyne Retail Park, Whitley Rd",NE12 9SR,Newcastle upon Tyne,55.016514,-1.547573,ok,READY_TO_IMPORT,nominatim,official_club_page
gb_2164159f09,JD Gyms Newcastle Kingston,JD Gyms,"Belvedere Retail Park, 1 Belvedere Parkway",NE3 2PA,Newcastle upon Tyne,,,failed,NEEDS_COORDINATES,,official_club_page
gb_e94d2eb78b,JD Gyms Newcastle Under Lyme,JD Gyms,"Former Bus Depot, Liverpool Rd, Newcastle-under-Lyme",ST5 2LE,Newcastle,53.016672,-2.22955,ok,READY_TO_IMPORT,nominatim,official_club_page
gb_63b7a6b57a,JD Gyms Newcastle,JD Gyms,"Northumberland Retail Park, Shiremoor, West Allotment",NE27 0FS,Newcastle upon Tyne,55.030666,-1.523262,ok,READY_TO_IMPORT,nominatim,official_club_page
gb_9cd25c978e,JD Gyms Newport,JD Gyms,"Newport Retail Park Spytty Road, Leisure Park, 3 Seven Stiles Ave",NP19 4QQ,Newport,51.575066,-2.942361,ok,READY_TO_IMPORT,nominatim,official_club_page
gb_41c9ce01df,JD Gyms North Shields,JD Gyms,"Royal Quays, Coble Dene",NE29 6DE,North Shields,54.996384,-1.464861,ok,READY_TO_IMPORT,nominatim,official_club_page
gb_59c68634e6,JD Gyms Nottingham,JD Gyms,"Chettles Trade Park, Midland Way",NG7 3AG,Nottingham,52.957858,-1.184018,ok,READY_TO_IMPORT,nominatim,official_club_page
gb_aa51551391,JD Gyms Peterborough,JD Gyms,Maskew Avenue Retail Park,PE1 2BT,Peterborough,52.593029,-0.260125,ok,READY_TO_IMPORT,nominatim,official_club_page
gb_875bf6a705,JD Gyms Plymouth,JD Gyms,Transit Way,PL5 3TW,Plymouth,50.411442,-4.150791,ok,READY_TO_IMPORT,nominatim,official_club_page
gb_ffa753591c,JD Gyms Preston,JD Gyms,"Tustin Court, Port Wy., Ashton-on-Ribble",PR2 2YQ,Preston,53.760259,-2.728629,suspicious,READY_TO_IMPORT,nominatim,official_club_page; soft_postal
gb_383901ffd5,JD Gyms Reading,JD Gyms,"Reading Link Retail Park, Rose Kiln Lane",RG2 0SN,Reading,,,failed,NEEDS_COORDINATES,,official_club_page
gb_f3f096efe5,JD Gyms Renfrew,JD Gyms,Renfrew Retail Park,PA4 9EN,Renfrew,,,failed,NEEDS_COORDINATES,,official_club_page
gb_3e866a8658,JD Gyms Rochdale,JD Gyms,Exchange Shopping Centre,OL16 1YL,Rochdale,53.618017,-2.159478,suspicious,READY_TO_IMPORT,nominatim,official_club_page; soft_postal
gb_7eb2793c5c,JD Gyms Rotherham,JD Gyms,Greasbrough St,S60 1LD,Rotherham,53.434157,-1.363359,ok,READY_TO_IMPORT,nominatim,official_club_page
gb_826cdeecbd,JD Gyms Rugby,JD Gyms,90 Newbold Road,CV21 2YX,Rugby,52.380237,-1.263779,suspicious,READY_TO_IMPORT,nominatim,official_club_page; soft_postal
gb_48b0044650,JD Gyms Salford,JD Gyms,"Retail Park, Regent Road",M5 3TP,Salford,53.478035,-2.267285,ok,READY_TO_IMPORT,nominatim,official_club_page
gb_b4a5289934,JD Gyms Sheffield North,JD Gyms,"Units 10-10A, Retail Park, Kilner Way, Wadsley Bridge",S6 1NN,Sheffield,,,failed,NEEDS_COORDINATES,,official_club_page; demoted_outward_mismatch:S6 1NN->B69 2BD
gb_7b81f31926,JD Gyms Sheffield South,JD Gyms,"17 Guernsey Rd, Lowfield",S2 4HG,Sheffield,53.363718,-1.47153,suspicious,READY_TO_IMPORT,nominatim,official_club_page; soft_postal
gb_9c7eeff3db,JD Gyms Shrewsbury,JD Gyms,"Sundorne Retail Park, Unit 1C, Arlington Way",SY1 4YA,Shrewsbury,52.738228,-2.717054,suspicious,READY_TO_IMPORT,nominatim,official_club_page; soft_postal
gb_721a4632bc,JD Gyms Southampton Bitterne,JD Gyms,"W End Rd, Bitterne Village",SO18 6TG,Southampton,50.915247,-1.36046,ok,READY_TO_IMPORT,nominatim,official_club_page
gb_c0bb6ed741,JD Gyms Southend,JD Gyms,"Purdeys Way, Rochford",SS4 1NE,Southend,,,failed,NEEDS_COORDINATES,,official_club_page
gb_d7026a8d7d,JD Gyms St Helens,JD Gyms,Boundary Rd,WA10 2PX,St Helens,53.451371,-2.752099,ok,READY_TO_IMPORT,nominatim,official_club_page
gb_a34f742ec9,JD Gyms Stockton North,JD Gyms,"Tesco Extra, 1 Durham Road",TS21 3LU,Stockton-on-Tees,54.656832,-1.451149,suspicious,READY_TO_IMPORT,nominatim,official_club_page; soft_postal
gb_7b4476d0de,JD Gyms Stockton South,JD Gyms,Yarm Rd,TS18 3SF,Stockton-on-Tees,54.545695,-1.335773,ok,READY_TO_IMPORT,nominatim,official_club_page
gb_e6606e99cc,JD Gyms Stoke,JD Gyms,"China St, Fenton",ST4 3NJ,Stoke-on-Trent,52.996023,-2.153453,suspicious,READY_TO_IMPORT,nominatim,official_club_page; soft_postal
gb_2e7768b982,JD Gyms Sunderland,JD Gyms,Trimdon Street Retail Park,SR4 6DW,Sunderland,,,failed,NEEDS_COORDINATES,,official_club_page
gb_644128ca3a,JD Gyms Swansea,JD Gyms,"Parc Tawe (North) Retail Park, Swansea",SA1 2AL,Glamorgan,51.623354,-3.878941,ok,READY_TO_IMPORT,nominatim,official_club_page
gb_38fc56a5f4,JD Gyms Swindon,JD Gyms,Unit 2 Ocotal Way,SN1 2EQ,Swindon,51.567846,-1.774761,ok,READY_TO_IMPORT,nominatim,official_club_page
gb_6e7e8083e8,JD Gyms Thornton Cleveleys,JD Gyms,"North Promenade, Cleveleys",FY5 1DW,Thornton-Cleveleys,53.883642,-3.047128,suspicious,READY_TO_IMPORT,nominatim,official_club_page; soft_postal
gb_c61edf4e2e,JD Gyms Uxbridge,JD Gyms,70 High Street,UB8 1JR,Uxbridge,,,failed,NEEDS_COORDINATES,,official_club_page
gb_fb490c20dc,JD Gyms Warrington,JD Gyms,"The Cockhedge Centre, Brick",WA1 2QQ,Warrington,53.391079,-2.589556,ok,READY_TO_IMPORT,nominatim,official_club_page
gb_78c56f615d,JD Gyms Washington,JD Gyms,"1, Peel Retail Park",NE37 2PA,Washington,54.906529,-1.502509,ok,READY_TO_IMPORT,nominatim,official_club_page
gb_9ac18791ec,JD Gyms West Bromwich,JD Gyms,The Farley Centre,B70 7QU,West Bromwich,52.516352,-1.991069,ok,READY_TO_IMPORT,nominatim,official_club_page
gb_722ce43192,JD Gyms Widnes,JD Gyms,"Widnes Shopping Park, Unit 3 Widnes Road",WA8 7TN,Widnes,53.366244,-2.725359,ok,READY_TO_IMPORT,nominatim,official_club_page
gb_b9c21e9a06,JD Gyms Wigan,JD Gyms,10 Anjou Blvd,WN5 0UJ,Wigan,53.546719,-2.657183,ok,READY_TO_IMPORT,nominatim,official_club_page
gb_da1848f91e,JD Gyms Wolverhampton,JD Gyms,"Phoenix Retail Park, Stafford St",WV1 1NT,Wolverhampton,52.594343,-2.125858,suspicious,READY_TO_IMPORT,nominatim,official_club_page; soft_postal
gb_ab975ab98e,JD Gyms Wythenshawe,JD Gyms,"Southmoor Rd, Wythenshawe",M23 9DS,Manchester,53.396025,-2.29253,ok,READY_TO_IMPORT,nominatim,official_club_page
gb_0e9b7a4182,JD Gyms York,JD Gyms,"Unit 4, Clifton Moor Retail Park, Rawcliffe",YO30 4XU,York,53.990389,-1.110393,ok,READY_TO_IMPORT,nominatim,official_club_page
gb_4121e557b9,Nuffield Health Birmingham Central,Nuffield Health,Broadway Plaza,B16 8LP,Birmingham,52.474002,-1.921301,suspicious,READY_TO_IMPORT,nominatim,official_json_ld; soft_postal
gb_456971c29f,Nuffield Health Bridgend,Nuffield Health,Waterton Retail Park,CF31 3YW,Bridgend,51.499068,-3.54131,suspicious,READY_TO_IMPORT,nominatim,official_json_ld; soft_postal
gb_c2386e4880,Nuffield Health Bristol North,Nuffield Health,Hunts Ground Road,BS34 8HN,Bristol,51.516709,-2.533034,ok,READY_TO_IMPORT,nominatim,official_json_ld
gb_dd2c9ef81f,Nuffield Health Cheam,Nuffield Health,Peaches Close,SM2 7BJ,Cheam,51.353719,-0.21813,ok,READY_TO_IMPORT,nominatim,official_json_ld
gb_746a9297c3,Nuffield Health Chester,Nuffield Health,Wrexham Road,CH4 7QP,Chester,53.176308,-2.89669,ok,READY_TO_IMPORT,nominatim,official_json_ld
gb_c12ea4e98e,Nuffield Health Chesterfield,Nuffield Health,Alma Leisure Park,S40 2EZ,Chesterfield,53.229285,-1.42322,ok,READY_TO_IMPORT,nominatim,official_json_ld
gb_df1b8dd038,Nuffield Health Chichester,Nuffield Health,Chichester Gate,PO19 8EL,Chichester,50.830246,-0.784568,ok,READY_TO_IMPORT,nominatim,official_json_ld
gb_baa28452ee,Nuffield Health Crawley,Nuffield Health,Crabbet Park,RH10 4ST,Crawley,51.119163,-0.135761,suspicious,READY_TO_IMPORT,nominatim,official_json_ld; soft_postal
gb_0faa279ba9,Nuffield Health Croydon,Nuffield Health,619 Purley Way,CR0 4RJ,Croydon,51.356701,-0.114906,suspicious,READY_TO_IMPORT,nominatim,official_json_ld; soft_postal
gb_142b0ea357,Nuffield Health Cwmbran,Nuffield Health,Wilcrick Place,NP44 1TX,Cwmbran,51.661709,-3.018911,suspicious,READY_TO_IMPORT,nominatim,official_json_ld; soft_postal
gb_5bec09fbb2,Nuffield Health East Kilbride,Nuffield Health,4 The Boardwalk,G75 0YW,East Kilbride,55.751496,-4.161423,ok,READY_TO_IMPORT,nominatim,official_json_ld
gb_20aa477063,Nuffield Health Edinburgh Fountain Park,Nuffield Health,"Fountain Park, 65-95 Dundee Street",EH11 1AF,Edinburgh,55.9416,-3.217822,suspicious,READY_TO_IMPORT,nominatim,official_json_ld; soft_postal
gb_23137b48fa,Nuffield Health Fulham,Nuffield Health,Stevenage Road,SW6 6PF,Fulham,51.477006,-0.22187,ok,READY_TO_IMPORT,nominatim,official_json_ld
gb_fceed498e2,Nuffield Health Glasgow Central,Nuffield Health,"141, Finnieston Street",G3 8HB,Glasgow,55.860253,-4.281035,ok,READY_TO_IMPORT,nominatim,official_json_ld
gb_478785b377,Nuffield Health Glasgow Giffnock,Nuffield Health,"82, Braidholm Road",G46 6ED,Glasgow,55.808551,-4.283028,ok,READY_TO_IMPORT,nominatim,official_json_ld
gb_4d198f9467,Nuffield Health Guiseley,Nuffield Health,Otley Road,LS20 8LY,Leeds,53.877491,-1.7238,ok,READY_TO_IMPORT,nominatim,official_json_ld
gb_6aac05c903,Nuffield Health Kents Hill Park,Nuffield Health,Timbold Drive,MK7 6BZ,Milton Keynes,52.029353,-0.703385,suspicious,READY_TO_IMPORT,nominatim,official_json_ld; soft_postal
gb_8e920b9bc2,Nuffield Health Letchworth Garden City,Nuffield Health,Letchworth Lane,SG6 3NP,Letchworth Garden City,51.963755,-0.229149,ok,READY_TO_IMPORT,official_json_ld,official_json_ld; phase2_coord_recovery_official
gb_e99e797fc2,Nuffield Health Liverpool,Nuffield Health,1 Riverside Drive,L3 4EN,Liverpool,53.379611,-2.970229,ok,READY_TO_IMPORT,nominatim,official_json_ld
gb_cbe84ce8eb,Nuffield Health Milngavie,Nuffield Health,Strathblane Road,G62 8HJ,Glasgow,55.949402,-4.297008,ok,READY_TO_IMPORT,nominatim,official_json_ld
gb_4695a8c72e,Nuffield Health Nuneaton,Nuffield Health,Bermuda Leisure Park,CV10 7SG,Nuneaton,52.496963,-1.478489,suspicious,READY_TO_IMPORT,nominatim,official_json_ld; soft_postal
gb_747acc6eba,Nuffield Health Plymouth,Nuffield Health,Barbican Leisure Park,PL4 0LG,Plymouth,50.366912,-4.12503,ok,READY_TO_IMPORT,nominatim,official_json_ld
gb_1b6c701c73,Nuffield Health Surbiton,Nuffield Health,Simpson Way,KT6 4ER,Surbiton,51.39200944802498,-0.3161841630935669,ok,READY_TO_IMPORT,official_json_ld,official_json_ld; phase2_coord_recovery_official
gb_9db0bbd11e,Nuffield Health Tunbridge Wells,Nuffield Health,Knightspark Leisure Park,TN2 3UW,Tunbridge Wells,51.15247253217354,0.29639482498168945,ok,READY_TO_IMPORT,official_json_ld,official_json_ld; phase2_coord_recovery_official
gb_c0104c3a0d,Nuffield Health Wakefield,Nuffield Health,Calder Island Way,WF2 7AW,Wakefield,53.663414,-1.503683,ok,READY_TO_IMPORT,nominatim,official_json_ld
gb_4721989fe8,Nuffield Health Wandsworth,Nuffield Health,King George&#x27;s Park,SW18 4SQ,Wandsworth,51.456351,-0.194723,suspicious,READY_TO_IMPORT,nominatim,official_json_ld; soft_postal
gb_994db3bbac,Nuffield Health Wandsworth Southside,Nuffield Health,Southside Shopping Centre,SW18 4TQ,London,51.455565,-0.194316,ok,READY_TO_IMPORT,nominatim,official_json_ld
gb_f8c8bfaa9a,Nuffield Health Wokingham,Nuffield Health,"1, The Plaza",RG40 2LD,Wokingham,51.409331,-0.835945,suspicious,READY_TO_IMPORT,nominatim,official_json_ld; soft_postal
gb_d3fe569fe5,Nuffield Health Wolverhampton,Nuffield Health,Wolverhampton Business Park,WV10 6TA,Wolverhampton,52.636838,-2.123946,ok,READY_TO_IMPORT,nominatim,official_json_ld
gb_879277fbc7,Snap Fitness Aberystwyth,Snap Fitness,Parc Y Llyn Retail Park,SY23 3TL,Aberystwyth,,,failed,NEEDS_COORDINATES,,official_json_ld
gb_eda35b19b0,Snap Fitness Basildon,Snap Fitness,Times Square,SS14 1DJ,Basildon,51.568261,0.45386,ok,READY_TO_IMPORT,nominatim,official_json_ld
gb_6d8429591b,Snap Fitness Addlestone,Snap Fitness,120-124 Station Road,KT15 2BQ,Addlestone,51.37157,-0.487009,ok,READY_TO_IMPORT,nominatim,official_json_ld
gb_fff26d8367,Snap Fitness Ashford,Snap Fitness,"Unit 8, Elwick Place",TN23 1DY,Ashford,51.146422,0.869518,suspicious,READY_TO_IMPORT,nominatim,official_json_ld; soft_postal
gb_09422e8402,Snap Fitness Andover,Snap Fitness,"Unit 4, 4 Monros Corner, New Street",SP10 1DS,Andover,,,failed,NEEDS_COORDINATES,,official_json_ld
gb_d07fe05984,"Snap Fitness North Dock, Barry",Snap Fitness,"Units C and D, The Pumphouse",CF62 5QN,"North Dock, Barry",51.400001,-3.278205,ok,READY_TO_IMPORT,nominatim,official_json_ld
gb_9c02a36ce2,Snap Fitness Aberdeen,Snap Fitness,132 West North Street,AB24 5AR,Aberdeen,57.153635,-2.098017,ok,READY_TO_IMPORT,nominatim,official_json_ld
gb_74b1239211,Snap Fitness Bagshot,Snap Fitness,2b London Rd,GU19 5HN,Bagshot,51.367701,-0.688209,ok,READY_TO_IMPORT,nominatim,official_json_ld
gb_00fcd424e5,Snap Fitness Bishop's Stortford,Snap Fitness,"3 Adderley Road, Jackson Square",CM23 3AE,Bishop's Stortford,51.86937,0.161685,suspicious,READY_TO_IMPORT,nominatim,official_json_ld; soft_postal
gb_1477139779,Snap Fitness London,Snap Fitness,"Ground Floor, Claygate Court, 11 Blackbird Hill",NW9 8RR,London,,,failed,NEEDS_COORDINATES,,official_json_ld
gb_bdbf29f6f4,Snap Fitness Belvedere,Snap Fitness,2 Clydesdale Way,DA17 6FD,Belvedere,51.497335,0.154889,ok,READY_TO_IMPORT,nominatim,official_json_ld
gb_188d9d2367,Snap Fitness Beccles,Snap Fitness,"Snap Fitness Beccles, Saltgate, Saltgate",NR34 9AP,Beccles,52.459064,1.563102,suspicious,READY_TO_IMPORT,nominatim,official_json_ld; soft_postal
gb_490e3aa1e6,Snap Fitness Bolsover,Snap Fitness,Unit 1/2 Sykes Field Retail Park,S44 6DJ,Bolsover,53.230987,-1.291879,ok,READY_TO_IMPORT,nominatim,official_json_ld
gb_13dfb02c34,Snap Fitness Bradford,Snap Fitness,1060a Manchester Road,BD5 8NN,Bradford,53.768594,-1.763049,ok,READY_TO_IMPORT,nominatim,official_json_ld
gb_0683fe996d,Snap Fitness Bodmin,Snap Fitness,"Unit 2, Bodmin Retail Park, Launceston Road",PL31 2GA,Bodmin,50.471179,-4.703852,ok,READY_TO_IMPORT,nominatim,official_json_ld
gb_4e16314de4,Snap Fitness Blackwood,Snap Fitness,"Unit 25, Market Place shopping Centre",NP12 1AU,Blackwood,,,failed,NEEDS_COORDINATES,,official_json_ld; demoted_outward_mismatch:NP12 1AU->OX11 7LQ
gb_c76f077deb,Snap Fitness Bridgend,Snap Fitness,The Rhiw,CF31 3BL,Bridgend,51.505065,-3.577772,suspicious,READY_TO_IMPORT,nominatim,official_json_ld; soft_postal
gb_4e15fcf55f,Snap Fitness Bristol,Snap Fitness,"Sainsburys Supermarket, Winter Stoke Road",BS3 2NS,Bristol,,,failed,NEEDS_COORDINATES,,official_json_ld
gb_60d2b47e40,Snap Fitness Bristol,Snap Fitness,"Whiteladies Road, Clifton Down Shopping Centre",BS8 2PH,Bristol,51.464617,-2.610382,suspicious,READY_TO_IMPORT,nominatim,official_json_ld; soft_postal
gb_22b78780ca,"Snap Fitness Staple Hill, Bristol",Snap Fitness,46 Broad St,BS16 5NS,"Staple Hill, Bristol",51.480741,-2.504561,ok,READY_TO_IMPORT,nominatim,official_json_ld
gb_102f18e8e4,Snap Fitness Bristol,Snap Fitness,"Unit 7C, Abbey Wood Retail Park, Station Road",,Bristol,,,,NEEDS_REVIEW,,official_json_ld
gb_bc7cbe8412,Snap Fitness Carlisle,Snap Fitness,"Unit 8A Englishgate Plaza, Botchergate",CA1 1RP,Carlisle,54.891184,-2.930193,ok,READY_TO_IMPORT,nominatim,official_json_ld
gb_2db09a3ca5,Snap Fitness Burntwood,Snap Fitness,"Unit 1, Former Tesco, Cannock Road",WS7 1JS,Burntwood,,,failed,NEEDS_COORDINATES,,official_json_ld
gb_3b7ebf0e92,Snap Fitness London,Snap Fitness,5 Grays Inn Road,WC1X 8PH,London,51.528133,-0.119072,suspicious,READY_TO_IMPORT,nominatim,official_json_ld; soft_postal
gb_2353eaebae,Snap Fitness Christchurch,Snap Fitness,63a Somerford Road,BH23 3QA,Christchurch,50.737194,-1.755126,suspicious,READY_TO_IMPORT,nominatim,official_json_ld; soft_postal
gb_c228da165c,Snap Fitness Cirencester,Snap Fitness,"Forum House, Southway",GL7 1LJ,Cirencester,51.715367,-1.965979,ok,READY_TO_IMPORT,nominatim,official_json_ld
gb_7747e83bd7,Snap Fitness Crawley,Snap Fitness,"Astral Towers, Betts Way",RH10 9XA,Crawley,51.135184,-0.186907,ok,READY_TO_IMPORT,nominatim,official_json_ld
gb_600e4ad27c,Snap Fitness Wistaston,Snap Fitness,"Unit 1, Huntsbank Business Centre, Crewe Road",CW2 6QT,Wistaston,,,failed,NEEDS_COORDINATES,,official_json_ld
gb_b334df25e4,Snap Fitness Chippenham,Snap Fitness,Audley Road,SN14 0EP,Chippenham,51.462478,-2.123615,suspicious,READY_TO_IMPORT,nominatim,official_json_ld; soft_postal
gb_a700603a03,Snap Fitness Cross Hands,Snap Fitness,"Unit 7c Maes Yr Eithin Retail Park, Llandeilo Road",SA14 6SY,Cross Hands,51.797867,-4.086243,ok,READY_TO_IMPORT,nominatim,official_json_ld
gb_063c8c4a07,Snap Fitness Darlington,Snap Fitness,"Under the Travelodge Hotel, Barrington Way",DL1 4WF,Darlington,,,failed,NEEDS_COORDINATES,,official_json_ld
gb_606c6ea76a,Snap Fitness Dartford,Snap Fitness,"Unit A, Central Road",DA1 5FY,Dartford,51.447983,0.222125,suspicious,READY_TO_IMPORT,nominatim,official_json_ld; soft_postal
gb_85aeaa4275,Snap Fitness Didcot,Snap Fitness,"Unit 4, The Orchard Centre",OX11 7LL,Didcot,51.606698,-1.236999,suspicious,READY_TO_IMPORT,nominatim,official_json_ld; soft_postal
gb_1799841a80,Snap Fitness Devizes,Snap Fitness,40 New Park Street,SN10 1DT,Devizes,51.353558,-1.993958,suspicious,READY_TO_IMPORT,nominatim,official_json_ld; soft_postal
gb_8987cf1946,Snap Fitness Debden,Snap Fitness,10 Torrington Drive,IG10 3SZ,Debden,51.69896,-0.166249,ok,READY_TO_IMPORT,nominatim,official_json_ld
gb_58d2a50bd8,Snap Fitness Dover,Snap Fitness,"Unit H1, Clocktower Lofts, Crabble Hill, Buckland Mill",CT17 0SA,Dover,,,failed,NEEDS_COORDINATES,,official_json_ld
gb_49e041d537,Snap Fitness Eastbourne,Snap Fitness,"Langney Shopping Centre, 64 Kingfisher Drive",BN23 7RT,Eastbourne,50.803226,0.303519,ok,READY_TO_IMPORT,nominatim,official_json_ld
gb_e65d093737,Snap Fitness Ebbsfleet,Snap Fitness,"Eagle Way, Stonebridge Road, Northfleet",DA11 9BJ,Ebbsfleet,,,failed,NEEDS_COORDINATES,,official_json_ld
gb_13365ff673,Snap Fitness Exeter,Snap Fitness,"Unit 3, Ashton Road",EX2 8LN,Exeter,,,failed,NEEDS_COORDINATES,,official_json_ld
gb_a5db5ea52c,"Snap Fitness Elephant and Castle, Southwark",Snap Fitness,130-138 Newington Butts,SE11 4QU,"Elephant and Castle, Southwark",51.491548,-0.103404,ok,READY_TO_IMPORT,nominatim,official_json_ld
gb_5bd9cf46db,Snap Fitness London,Snap Fitness,162-164 Eltham High Street,SE9 1BJ,London,51.450771,0.056688,suspicious,READY_TO_IMPORT,nominatim,official_json_ld; soft_postal
gb_a980e8c552,Snap Fitness Fareham,Snap Fitness,"Unit L3, Market Quay",PO16 0BU,Fareham,,,failed,NEEDS_COORDINATES,,official_json_ld
gb_dfccf4a64a,Snap Fitness Frimley,Snap Fitness,8 The Parade High Street,GU16 7HL,Frimley,54.870698,-1.621447,ok,READY_TO_IMPORT,nominatim,official_json_ld
gb_a828d60308,Snap Fitness Godalming,Snap Fitness,46-56 High St,GU7 1DY,Godalming,51.185961,-0.612336,ok,READY_TO_IMPORT,nominatim,official_json_ld
gb_abe919190d,Snap Fitness High Wycombe,Snap Fitness,"Unit GH4, Gateway House, Wycombe Retail Park",HP11 1FY,High Wycombe,51.619153,-0.721353,ok,READY_TO_IMPORT,nominatim,official_json_ld
gb_34f41ec85f,Snap Fitness London,Snap Fitness,"Unit 1, 2, & 3 The Peltons, Blackwall Lane",SE10 0AN,London,51.486211,0.007023,suspicious,READY_TO_IMPORT,nominatim,official_json_ld; soft_postal
gb_752e37ccfb,Snap Fitness Herne Bay,Snap Fitness,"6 The Boulevard, Altira Business Park",CT6 6GZ,Herne Bay,51.361057,1.152878,ok,READY_TO_IMPORT,nominatim,official_json_ld
gb_00f095769e,Snap Fitness Hereford,Snap Fitness,"Pomona Place, Ground Floor",HR4 0EF,Hereford,,,failed,NEEDS_COORDINATES,,official_json_ld
gb_f0daab549b,Snap Fitness Heswall,Snap Fitness,139 Telegraph Road,CH60 7SE,Heswall,53.328161,-3.099446,ok,READY_TO_IMPORT,nominatim,official_json_ld
gb_93de626cf4,"Snap Fitness Kenton, Harrow",Snap Fitness,"396 Kenton Road., Dunwoody House",HA3 9DH,"Kenton, Harrow",,,failed,NEEDS_COORDINATES,,official_json_ld
gb_9484caf2a5,Snap Fitness Hove,Snap Fitness,84 Denmark Villas,BN3 3TJ,Hove,50.834559,-0.169224,ok,READY_TO_IMPORT,nominatim,official_json_ld
gb_adba969a63,Snap Fitness Hinckley,Snap Fitness,"Rugby Road, The Crescent",LE10 0QD,Hinckley,52.539169,-1.375903,suspicious,READY_TO_IMPORT,nominatim,official_json_ld; soft_postal
gb_4cc37f6f4f,Snap Fitness Lancaster,Snap Fitness,12 Spring Garden Street,LA1 1RQ,Lancaster,54.047069,-2.80118,ok,READY_TO_IMPORT,nominatim,official_json_ld
gb_9476a8076f,Snap Fitness Ilkeston,Snap Fitness,"South Street, Unit 7, Former Co-Op Department Store",DE7 5QE,Ilkeston,52.969792,-1.309619,ok,READY_TO_IMPORT,nominatim,official_json_ld
gb_acd7784565,Snap Fitness Newport,Snap Fitness,"Unit 1, Towngate Retail Park, St James Street",PO30 5HF,Newport,50.701948,-1.296275,ok,READY_TO_IMPORT,nominatim,official_json_ld
gb_b92ffb4702,Snap Fitness King's Lynn,Snap Fitness,"Unit 5, St Nicholas Retail Park",PE30 2HW,King's Lynn,52.761766,0.399745,ok,READY_TO_IMPORT,nominatim,official_json_ld
gb_ad8525c9ba,Snap Fitness Leeds,Snap Fitness,"Retail Unit 6, 100 Wellington Street",LS1 4LT,Leeds,,,failed,NEEDS_COORDINATES,,official_json_ld; demoted_wrong_club_poi_oakwood_not_wellington
gb_489410deae,Snap Fitness March,Snap Fitness,"Unit 1, Meadowlands Retail Park, 1 Meadowlands",PE15 8HA,March,52.559384,0.068144,ok,READY_TO_IMPORT,nominatim,official_json_ld
gb_c7a0201c3c,Snap Fitness Martlesham Heath,Snap Fitness,"Unit B2, Martlesham Heath Retail Park",IP5 3RX,Martlesham Heath,52.063921,1.276352,ok,READY_TO_IMPORT,nominatim,official_json_ld
gb_7dc924b13d,Snap Fitness Milton Keynes,Snap Fitness,"OAKRIDGE PARK LOCAL Centre, STANTONBURY",MK14 6GL,Milton Keynes,52.068616,-0.778636,ok,READY_TO_IMPORT,nominatim,official_json_ld
gb_7f99c59897,Snap Fitness Maidstone,Snap Fitness,"40-46 High Street, Riverside House",ME14 1JH,Maidstone,,,failed,NEEDS_COORDINATES,,official_json_ld
gb_57240f672d,Snap Fitness Melksham,Snap Fitness,"Unit 2, Challeymead Business Park",SN12 8BU,Melksham,,,failed,NEEDS_COORDINATES,,official_json_ld
gb_04a9f3100b,Snap Fitness Market Harborough,Snap Fitness,"Retail Unit 5, Rockingham Road, Three Manors Retail Park",LE16 7QE,Market Harborough,,,failed,NEEDS_COORDINATES,,official_json_ld
gb_1fa71bb025,Snap Fitness Morpeth,Snap Fitness,"5 Owen House, Sanderson Arcade",NE61 1NS,Morpeth,55.168486,-1.689565,suspicious,READY_TO_IMPORT,nominatim,official_json_ld; soft_postal
gb_ebb0f472e6,Snap Fitness Otley,Snap Fitness,"1st Floor, 45 Boroughgate",LS21 1AG,Otley,53.905414,-1.691836,ok,READY_TO_IMPORT,nominatim,official_json_ld
gb_c405f59bdd,Snap Fitness Pontyclun,Snap Fitness,"Unit 1B, Glamorgan Vale Retail Park",CF72 8RP,Pontyclun,51.533318,-3.376712,ok,READY_TO_IMPORT,nominatim,official_json_ld
gb_b485a49a96,Snap Fitness Peterborough,Snap Fitness,"Unit 98, Queensgate Shopping Centre",PE1 1NS,Peterborough,,,failed,NEEDS_COORDINATES,,official_json_ld
gb_39073b7071,Snap Fitness Tyldesley,Snap Fitness,"Unit 3, Parr Bridge Retail Park, Mosley Common Road",M29 8RZ,Tyldesley,53.511398,-2.431311,ok,READY_TO_IMPORT,nominatim,official_json_ld
gb_136a6ab28a,Snap Fitness Queensborough,Snap Fitness,"Neats Court Retail Park, Thomsett Way",ME11 5AR,Queensborough,,,ambiguous,NEEDS_COORDINATES,,official_json_ld
gb_76e2e58265,Snap Fitness Northwich,Snap Fitness,Unit 17 Barons Quay Road,CW9 5FU,Northwich,53.263761,-2.513508,ok,READY_TO_IMPORT,nominatim,official_json_ld
gb_34ebc54a45,Snap Fitness Radstock,Snap Fitness,"Unit 3, Former Charltons Timber Yard, Frome Road",BA3 3PT,Radstock,,,failed,NEEDS_COORDINATES,,official_json_ld
gb_d93f354e6e,Snap Fitness Llanelli,Snap Fitness,Unit 12/13 Eastgate,SA15 1SG,Llanelli,51.682491,-4.157961,suspicious,READY_TO_IMPORT,nominatim,official_json_ld; soft_postal
gb_d75a662a41,Snap Fitness Raynes Park,Snap Fitness,8-10 Coombe Lane,SW20 8ND,Raynes Park,51.4096,-0.229212,ok,READY_TO_IMPORT,nominatim,official_json_ld
gb_72df3ed4b5,Snap Fitness Sale,Snap Fitness,"4 Springfield Road, The Square Shopping Centre",M33 7XS,Sale,53.424213,-2.322866,ok,READY_TO_IMPORT,nominatim,official_json_ld
gb_9792b55293,Snap Fitness Retford,Snap Fitness,"Units 2-3, Northern Tower, Polymer Court",DN22 6DS,Retford,,,failed,NEEDS_COORDINATES,,official_json_ld; demoted_outward_mismatch:DN22 6DS->NR6 5DH
gb_9d08d4c44b,Snap Fitness Sandhurst,Snap Fitness,1 Vulcan Way,GU47 9DB,Sandhurst,51.344521,-0.801128,suspicious,READY_TO_IMPORT,nominatim,official_json_ld; soft_postal
gb_db06283ca9,Snap Fitness Sittingbourne,Snap Fitness,Grid House - St. Michaels Road,ME10 3DN,Sittingbourne,,,failed,NEEDS_COORDINATES,,official_json_ld
gb_acae7fce9b,Snap Fitness Redditch,Snap Fitness,Grove Street,B98 8DX,Redditch,52.305616,-1.937375,ok,READY_TO_IMPORT,nominatim,official_json_ld
gb_80624184f9,Snap Fitness St. Austell,Snap Fitness,"Unit B, White River Place",PL25 5AZ,St. Austell,50.336677,-4.793573,ok,READY_TO_IMPORT,nominatim,official_json_ld
gb_8c856cabdb,Snap Fitness Southampton,Snap Fitness,"Unit 2, Southampton Retail Park, Franconia Drive, Nursling",SO16 0YW,Southampton,50.935745,-1.47564,ok,READY_TO_IMPORT,nominatim,official_json_ld
gb_14f8e881f7,Snap Fitness Sheffield,Snap Fitness,"Fox Valley Way, Unit B13",S36 2JA,Sheffield,,,failed,NEEDS_COORDINATES,,official_json_ld
gb_40dc2a9998,Snap Fitness Spalding,Snap Fitness,"Unit 2, Wardentree Lane Trading Estate",PE11 3UG,Spalding,,,failed,NEEDS_COORDINATES,,official_json_ld
gb_9a785a2d47,Snap Fitness St Neots,Snap Fitness,Priory Lane,PE19 2PU,St Neots,52.228539,-0.271448,ok,READY_TO_IMPORT,nominatim,official_json_ld
gb_9b2441fd07,Snap Fitness Southport,Snap Fitness,"Unit 6, Central Twelve, Derby Road",PR9 0TQ,Southport,,,failed,NEEDS_COORDINATES,,official_json_ld
gb_e1946be293,Snap Fitness Southampton,Snap Fitness,Unit 21-22 Centenary Plaza,SO19 9UL,Southampton,50.894562,-1.383298,suspicious,READY_TO_IMPORT,nominatim,official_json_ld; soft_postal
gb_f1ae2373db,Snap Fitness Stourbridge,Snap Fitness,10c Hagley Road,DY8 1PS,Stourbridge,,,failed,NEEDS_COORDINATES,,official_json_ld
gb_8530f560a9,Snap Fitness Tiverton,Snap Fitness,"Unit 2, Kennedy Court, Kennedy Way",EX16 6FP,Tiverton,50.910019,-3.492089,ok,READY_TO_IMPORT,nominatim,official_json_ld
gb_b7db344368,Snap Fitness London,Snap Fitness,204 Mitcham Road,SW17 9NN,London,51.423157,-0.160743,ok,READY_TO_IMPORT,nominatim,official_json_ld
gb_adb76b90ca,Snap Fitness Swadlincote,Snap Fitness,"Unit 6, The Pipeworks, Coppice Side",DE11 9AA,Swadlincote,52.771,-1.55639,suspicious,READY_TO_IMPORT,nominatim,official_json_ld; soft_postal
gb_12d7363a41,Snap Fitness Taunton,Snap Fitness,40/44 North St,TA1 1LX,Taunton,51.015735,-3.103217,suspicious,READY_TO_IMPORT,nominatim,official_json_ld; soft_postal
gb_7ee30b9de2,Snap Fitness Thetford,Snap Fitness,Thetford Riverside Leisure,IP24 1AD,Thetford,52.413198,0.746252,suspicious,READY_TO_IMPORT,nominatim,official_json_ld; soft_postal
gb_9522f11eb4,Snap Fitness Truro,Snap Fitness,"Part of Unit 1, Oak Lane, Treliske Industrial Estate",TR1 3LP,Truro,50.265874,-5.096631,ok,READY_TO_IMPORT,nominatim,official_json_ld
gb_2e39dceedf,Snap Fitness Trowbridge,Snap Fitness,"Gateway Shopping Park, Bythesea Road, Unit F",BA14 8AT,Trowbridge,51.318834,-2.212142,suspicious,READY_TO_IMPORT,nominatim,official_json_ld; soft_postal
gb_e63d046425,Snap Fitness Tonbridge,Snap Fitness,8 Morley Road,TN9 1RD,Tonbridge,51.455077,-0.310046,ok,READY_TO_IMPORT,nominatim,official_json_ld
gb_d69af8f44e,Snap Fitness Warminster,Snap Fitness,"Unit 4, Castlemore Retail Park",BA12 9FE,Warminster,51.205799,-2.175978,ok,READY_TO_IMPORT,nominatim,official_json_ld
gb_12201919cc,"Snap Fitness Wadebridge, Cornwall",Snap Fitness,"Units 1, 2, 3 and 4, Estuary Retail Park",PL27 7GN,"Wadebridge, Cornwall",,,failed,NEEDS_COORDINATES,,official_json_ld
gb_5f95c8ab2f,Snap Fitness Wisbech,Snap Fitness,"Unit D, Belgrave Retail Park",PE14 0SN,Wisbech,52.652779,0.146871,ok,READY_TO_IMPORT,nominatim,official_json_ld
gb_a37face0ee,Snap Fitness Whitley Bay,Snap Fitness,14 Park Avenue,NE26 1DG,Whitley Bay,55.042577,-1.446506,ok,READY_TO_IMPORT,nominatim,official_json_ld
gb_89232c8f32,Snap Fitness Windsor,Snap Fitness,"12 Minton Place, Victoria Street",SL4 1EG,Windsor,,,failed,NEEDS_COORDINATES,,official_json_ld
gb_84e879703b,Snap Fitness Whitstable,Snap Fitness,"Radio House, John Wilson Business Park, Thanet Way, Chestfield",CT5 3QP,Whitstable,,,failed,NEEDS_COORDINATES,,official_json_ld
gb_5f4dc4d4d4,Snap Fitness Wallington,Snap Fitness,93B Manor Rd,SM6 0AT,Wallington,51.360656,-0.149868,ok,READY_TO_IMPORT,nominatim,official_json_ld
gb_1be6d6bfda,The Gym Group Basildon,The Gym Group,"Miles Gray Road, Unit E3, Pipps Hill Retail Park",SS14 3AF,Basildon,,,failed,NEEDS_COORDINATES,,official_sitemap_url; club_page_http_500; official_url_search_snippet_or_page; phase2_east_anglia; www/kiosk/origin live fetch HTTP 500
gb_d009b178c6,The Gym Group Bedford,The Gym Group,"Unit 2A, Alban Retail Park, Bedford, Bedfordshire",MK42 0NW,Bedford,52.114531,-0.480117,ok,READY_TO_IMPORT,nominatim,official_sitemap_url; club_page_http_500; official_url_search_snippet_or_page; phase2_east_anglia; www/kiosk/origin live fetch HTTP 500
gb_9ceb9a2405,The Gym Group Bury St Edmunds,The Gym Group,"Robert Boby Retail Park, Bury St Edmunds",IP33 3DH,Bury St Edmunds,52.243927,0.70915,ok,READY_TO_IMPORT,nominatim,official_sitemap_url; club_page_http_500; official_url_search_snippet_or_page; phase2_east_anglia; www/kiosk/origin live fetch HTTP 500
gb_d3c8f609ae,The Gym Group Cambridge,The Gym Group,"Cambridge Retail Park, Henley Road, Cambridge, Cambridge",CB5 8JL,Cambridge,52.208229,0.145738,ok,READY_TO_IMPORT,nominatim,official_sitemap_url; club_page_http_500; official_url_search_snippet_or_page; phase2_east_anglia; www/kiosk/origin live fetch HTTP 500
gb_8df698a7fc,The Gym Group Chelmsford,The Gym Group,"35 New London Road, Chelmsford, Essex",CM2 0ND,Chelmsford,51.73183,0.473447,ok,READY_TO_IMPORT,nominatim,official_sitemap_url; club_page_http_500; official_url_search_snippet_or_page; phase2_east_anglia; www/kiosk/origin live fetch HTTP 500
gb_0a7d5d0c62,The Gym Group Colchester,The Gym Group,"20-28 Queen Street, Colchester, Essex",CO1 2PJ,Colchester,51.888386,0.903272,ok,READY_TO_IMPORT,nominatim,official_sitemap_url; club_page_http_500; official_url_search_snippet_or_page; phase2_east_anglia; www/kiosk/origin live fetch HTTP 500
gb_87d825bb9a,The Gym Group Dagenham,The Gym Group,"Dagenham Leisure Park, Cook Road, Dagenham, Greater London",RM9 6UQ,Dagenham,51.532222,0.135887,ok,READY_TO_IMPORT,nominatim,official_sitemap_url; club_page_http_500; official_url_search_snippet_or_page; phase2_east_anglia; www/kiosk/origin live fetch HTTP 500
gb_d76c35498c,The Gym Group Great Yarmouth,The Gym Group,"Unit 2, Pasteur Road, Great Yarmouth",NR31 0DW,Great Yarmouth,52.604365,1.71864,ok,READY_TO_IMPORT,nominatim,official_sitemap_url; club_page_http_500; official_url_search_snippet_or_page; phase2_east_anglia; www/kiosk/origin live fetch HTTP 500
gb_b33d0b0c84,The Gym Group Huntingdon,The Gym Group,"St Peters Rd, Unit 2, Huntingdon Retail Park, Huntingdon, Huntingdon, PE29 7DZ",PE29 7DZ,Huntingdon,52.352765,-0.184387,ok,READY_TO_IMPORT,nominatim,official_sitemap_url; club_page_http_500; official_url_search_snippet_or_page; phase2_east_anglia; www/kiosk/origin live fetch HTTP 500
gb_4d54ba0d1a,The Gym Group Ipswich,The Gym Group,"Ipswich, Grafton Way Cardinal Park",IP1 1AX,Ipswich,,,failed,NEEDS_COORDINATES,,official_sitemap_url; club_page_http_500; official_url_search_snippet_or_page; phase2_east_anglia; www/kiosk/origin live fetch HTTP 500
gb_bf6f77a3bd,The Gym Group Kings Lynn,The Gym Group,"Hardwick Road, Unit 4, Campbells Meadow Retail Park",PE30 4YN,Kings Lynn,,,failed,NEEDS_COORDINATES,,official_sitemap_url; club_page_http_500; official_url_search_snippet_or_page; phase2_east_anglia; www/kiosk/origin live fetch HTTP 500
gb_b0543e2959,The Gym Group Lowestoft,The Gym Group,"Gateway Retail Park, Tower Road",NR33 7NR,Lowestoft,52.445529,1.723297,suspicious,READY_TO_IMPORT,nominatim,official_sitemap_url; club_page_http_500; official_url_search_snippet_or_page; phase2_east_anglia; www/kiosk/origin live fetch HTTP 500; official snippet lists city as London (CMS error); origin snippet postcode NR33 7ND; soft_postal
gb_468a2d514f,The Gym Group Milton Keynes,The Gym Group,"Phoenix House, Elder Gate",MK9 1AW,Milton Keynes,,,failed,NEEDS_COORDINATES,,official_sitemap_url; club_page_http_500; official_url_search_snippet_or_page; phase2_east_anglia; www/kiosk/origin live fetch HTTP 500
gb_fdd5614740,The Gym Group Chadwell Heath,The Gym Group,"Unit 1 High Road, Goodmayes Retail Park, Chadwell Heath, Essex",RM6 4HX,Chadwell Heath,51.567743,0.116709,ok,READY_TO_IMPORT,nominatim,official_sitemap_url; club_page_http_500; official_url_search_snippet_or_page; phase2_east_anglia; www/kiosk/origin live fetch HTTP 500
gb_99a563c4aa,The Gym Group Romford,The Gym Group,"Atlanta Boulevard, Romford",RM1 1TB,Romford,51.57378,0.182166,ok,READY_TO_IMPORT,nominatim,official_sitemap_url; club_page_http_500; official_url_search_snippet_or_page; phase2_east_anglia; www/kiosk/origin live fetch HTTP 500
gb_3afd656d6f,The Gym Group Norwich City,The Gym Group,"6-8 Little London Street, Norwich, Norfolk",NR2 1EA,Norwich City,52.629246,1.294231,ok,READY_TO_IMPORT,nominatim,official_sitemap_url; club_page_http_500; official_url_search_snippet_or_page; phase2_east_anglia; www/kiosk/origin live fetch HTTP 500
gb_d71b8170ae,The Gym Group Norwich Hall Road,The Gym Group,"Harford Place, Hall Road, Norwich, Norfolk",NR4 6DP,Norwich Hall Road,52.606052,1.288492,suspicious,READY_TO_IMPORT,nominatim,official_sitemap_url; club_page_http_500; official_url_search_snippet_or_page; phase2_east_anglia; www/kiosk/origin live fetch HTTP 500; soft_postal
gb_bd92201a56,The Gym Group Norwich Sweet Briar,The Gym Group,"Units 2-3 Sweet Briar Retail Park, Norwich",NR6 5DH,Norwich Sweet Briar,,,failed,NEEDS_COORDINATES,,official_sitemap_url; club_page_http_500; official_url_search_snippet_or_page; phase2_east_anglia; www/kiosk/origin live fetch HTTP 500; demoted_outward_mismatch:NR6 5DH->NR3 2AT
gb_7801cce39c,The Gym Group Peterborough,The Gym Group,"Unit 2 Westfield Leisure Park, Lime Kiln Close Westwood, Peterborough, Cambridgeshire",PE3 9TA,Peterborough,,,failed,NEEDS_COORDINATES,,official_sitemap_url; club_page_http_500; official_url_search_snippet_or_page; phase2_east_anglia; www/kiosk/origin live fetch HTTP 500
gb_26d2e0001e,The Gym Group Southend,The Gym Group,Unit 3 London Road Retail Park,SS1 1PA,Southend,,,failed,NEEDS_COORDINATES,,official_sitemap_url; club_page_http_500; official_url_search_snippet_or_page; phase2_east_anglia; www/kiosk/origin live fetch HTTP 500
gb_51abd29883,Third Space Battersea,Third Space,"Ground Floor, Prospect Way, Battersea Power Station",SW11 8BH,London,51.480301,-0.143496,ok,READY_TO_IMPORT,nominatim,official_club_page; phase2; phase2_address_overwrite
gb_163fb9ed95,Third Space Canary Wharf,Third Space,16-19 Canada Square,E14 5ER,London,51.504599,-0.01632,ok,READY_TO_IMPORT,nominatim,official_club_page; phase2; phase2_address_overwrite
gb_1a4d330172,Third Space Chelsea,Third Space,19 Mallord Street,SW3 6AP,London,51.485566,-0.174609,suspicious,READY_TO_IMPORT,nominatim,official_club_page; phase2; phase2_address_overwrite; soft_postal
gb_13bd7cbe55,Third Space City,Third Space,40 Mark Lane,EC3R 7AT,London,51.510245,-0.080564,suspicious,READY_TO_IMPORT,nominatim,official_club_page; phase2; soft_postal; phase2_address_overwrite
gb_c03f16b6df,Third Space Clapham Junction,Third Space,Lavender Hill,SW11 1LN,London,51.463677,-0.167219,ok,READY_TO_IMPORT,nominatim,official_club_page; phase2; phase2_address_overwrite
gb_7c01a4803b,Third Space Islington,Third Space,15 Esther Anne Place,N1 1UL,London,51.538561,-0.103581,ok,READY_TO_IMPORT,nominatim,official_club_page; phase2; phase2_address_overwrite
gb_9a631ac340,Third Space Marylebone,Third Space,Bulstrode Place,W1U 2HU,London,51.518085,-0.150436,ok,READY_TO_IMPORT,nominatim,official_club_page; phase2; phase2_address_overwrite
gb_e3af73fee8,Third Space Mayfair,Third Space,22 Clarges Street,W1J 5FA,London,51.507468,-0.146023,ok,READY_TO_IMPORT,nominatim,official_club_page; phase2; phase2_address_overwrite
gb_d4241c1fa5,Third Space Moorgate,Third Space,16 South Place,EC2M 2AQ,London,51.518874,-0.086601,suspicious,READY_TO_IMPORT,nominatim,official_club_page; phase2; phase2_address_overwrite; soft_postal
gb_1b93f0f096,Third Space Richmond,Third Space,4 Golden Court,TW9 1EU,Richmond,51.460224,-0.306258,ok,READY_TO_IMPORT,nominatim,official_club_page; phase2; phase2_address_overwrite
gb_503bbc510d,Third Space Soho,Third Space,67 Brewer Street,W1F 9US,London,51.511329,-0.135897,suspicious,READY_TO_IMPORT,nominatim,official_club_page; phase2; phase2_address_overwrite; soft_postal
gb_384d14eae3,Third Space The Whiteley,Third Space,"The Whiteley, Queensway",W2 4YN,London,51.5115,-0.1874,ok,READY_TO_IMPORT,official_json_ld,official_club_page; phase2; phase2_address_overwrite; demoted_outward_mismatch:W2 4YN->PO15 7LB; phase2_coord_recovery_official
gb_4f29bc3b51,Third Space Tower Bridge,Third Space,2b More London Riverside,SE1 2AP,London,51.505235,-0.079741,ok,READY_TO_IMPORT,nominatim,official_club_page; phase2; phase2_address_overwrite
gb_eca9d35527,Third Space Wimbledon,Third Space,4 Queen's Road,SW19 8YE,London,51.420789,-0.205063,suspicious,READY_TO_IMPORT,nominatim,official_club_page; phase2; phase2_address_overwrite; soft_postal
gb_e84cf47085,Third Space Wood Wharf,Third Space,14 Charter Street,E14 5GZ,London,51.50313,-0.012737,ok,READY_TO_IMPORT,nominatim,official_club_page; phase2; phase2_address_overwrite
gb_88a01a6979,Virgin Active Aldersgate,Virgin Active,200 Aldersgate Street,EC1A 4HD,London,51.517855,-0.097464,ok,READY_TO_IMPORT,nominatim,official_club_page; phase2
gb_f7a531c394,Virgin Active Bank,Virgin Active,5 Old Broad Street,EC2N 1DW,London,51.514496,-0.08564,suspicious,READY_TO_IMPORT,nominatim,official_club_page; phase2; soft_postal
gb_4acd94a778,Virgin Active Bromley,Virgin Active,"The Lido, Baths Road",BR2 9RB,Bromley,51.397046,0.038579,ok,READY_TO_IMPORT,nominatim,official_club_page; phase2
gb_4df9d6d6bc,Virgin Active Canary Riverside,Virgin Active,West Ferry Circus Canary Wharf,E14 8RR,London,51.506442,-0.028642,ok,READY_TO_IMPORT,nominatim,official_club_page; phase2
gb_7e3c9e2346,Virgin Active Cannon Street (Walbrook),Virgin Active,,,Cannon,,,,NEEDS_REVIEW,,official_clubs_index; page_fetch_failed; phase2
gb_17f728cfd2,Virgin Active Chelmsford,Virgin Active,New Writtle Street,CM2 0RR,Chelmsford,51.731435,0.466125,ok,READY_TO_IMPORT,nominatim,official_club_page; phase2
gb_83ca48cfcd,Virgin Active Chiswick Park,Virgin Active,"Building 3, 566 Chiswick High Road",W4 5YA,London,51.494837,-0.275695,ok,READY_TO_IMPORT,nominatim,official_club_page; phase2; postcode_corrected_W4_5YA
gb_a83825f911,Virgin Active Chiswick Riverside,Virgin Active,"Riverside Drive, Dukes Meadows",W4 2SX,Chiswick,,,failed,NEEDS_COORDINATES,,official_club_page; phase2
gb_f6c1e90de4,Virgin Active Clapham,Virgin Active,4-20 North Street,SW4 0HG,London,51.466363,-0.141972,ok,READY_TO_IMPORT,nominatim,official_club_page; phase2
gb_919719e8d1,Virgin Active Clearview/Brentwood,Virgin Active,,,Clearview/Brentwood,,,,NEEDS_REVIEW,,official_clubs_index; page_fetch_failed; phase2
gb_c1e573cf05,Virgin Active Crouch End,Virgin Active,"31 Topsfield Parade, Tottenham Lane",N8 8PT,London,51.581342,-0.121463,ok,READY_TO_IMPORT,nominatim,official_club_page; phase2
gb_c3ff5f44ec,Virgin Active Fulham Pools,Virgin Active,"Normand Park, Lillie Road",SW6 7ST,London,51.484405,-0.204897,suspicious,READY_TO_IMPORT,nominatim,official_club_page; phase2; soft_postal
gb_830f3d751b,Virgin Active Islington Angel,Virgin Active,333 Goswell Road,EC1V 7DG,London,51.53069,-0.103829,suspicious,READY_TO_IMPORT,nominatim,official_club_page; phase2; soft_postal
gb_403d2f73e0,Virgin Active Kensington,Virgin Active,17A Old Court Place,W8 4PL,London,51.502586,-0.189685,ok,READY_TO_IMPORT,nominatim,official_club_page; phase2
gb_2e2345a324,Virgin Active Mayfair,Virgin Active,"Hereford House, 64 North Row",W1K 7DA,London,51.513254,-0.157092,suspicious,READY_TO_IMPORT,nominatim,official_club_page; phase2; soft_postal
gb_4e0f73f41a,Virgin Active Mill Hill,Virgin Active,34 Langstone Way,NW7 1GU,London,51.607659,-0.210536,ok,READY_TO_IMPORT,nominatim,official_club_page; phase2
gb_555c5a324e,Virgin Active Moorgate,Virgin Active,33 Bunhill Row,EC1Y 8LP,London,51.522827,-0.089789,ok,READY_TO_IMPORT,nominatim,official_club_page; phase2
gb_8b302de1f2,Virgin Active Northampton Collingtree Park,Virgin Active,91 Windingbrook Lane,NN4 0EB,Northampton,52.198302,-0.89962,ok,READY_TO_IMPORT,nominatim,official_club_page; phase2
gb_4abb81062a,Virgin Active Northampton Riverside Park,Virgin Active,"Riverside Business Park, Ferris Row",NN3 9HX,Northampton,52.241536,-0.834631,ok,READY_TO_IMPORT,nominatim,official_club_page; phase2
gb_b03a81b115,Virgin Active Notting Hill,Virgin Active,119-131 Lancaster Road,W11 1QT,London,51.516082,-0.211646,ok,READY_TO_IMPORT,nominatim,official_club_page; phase2
gb_ac20c58806,Virgin Active Nottingham,Virgin Active,"The Great Northern Close, London Road",NG2 3AE,Nottingham,52.947945,-1.13857,ok,READY_TO_IMPORT,nominatim,official_club_page; phase2
gb_6b196481b1,Virgin Active Repton Park,Virgin Active,"Repton Park, Manor Road",IG8 8GN,Woodford Green,,,failed,NEEDS_COORDINATES,,official_club_page; phase2
gb_97562685b4,Virgin Active Salford Quays,Virgin Active,"The Lowry Outlet Mall, The Quays",M50 3AH,Salford,53.470123,-2.294196,suspicious,READY_TO_IMPORT,nominatim,official_club_page; phase2; soft_postal
gb_034a82b39c,Virgin Active Sheffield Broadfield Park,Virgin Active,"300 Broadfield Park, Broadfield Road",S8 0XQ,Sheffield,53.359112,-1.476886,ok,READY_TO_IMPORT,nominatim,official_club_page; phase2
gb_34c0ad1114,Virgin Active Solihull,Virgin Active,"Blythe Valley Park, Blythe Gate",B90 8AT,Solihull,52.372851,-1.800455,ok,READY_TO_IMPORT,nominatim,official_club_page; phase2
gb_15533a8eda,Virgin Active Strand,Virgin Active,"Shell Mex House, 80 Strand",WC2R 0DT,London,51.509734,-0.121309,suspicious,READY_TO_IMPORT,nominatim,official_club_page; phase2; soft_postal
gb_868b982551,Virgin Active Streatham,Virgin Active,20 Ockley Road,SW16 1UB,London,51.432868,-0.12979,ok,READY_TO_IMPORT,nominatim,official_club_page; phase2
gb_35f1b42824,Virgin Active Swiss Cottage,Virgin Active,"Unit 2, 02 Centre, 255 Finchley Road",NW3 6LU,London,51.548026,-0.181497,ok,READY_TO_IMPORT,nominatim,official_club_page; phase2
gb_bb0ef4a948,Virgin Active Thundersley,Virgin Active,200 Rayleigh Road,SS7 3YN,Benfleet,,,failed,NEEDS_COORDINATES,,official_club_page; phase2
gb_e2cdce96ff,Virgin Active Wandsworth,Virgin Active,"Riverside Business Centre West, Smugglers Way",SW18 1DG,London,51.462299,-0.190349,ok,READY_TO_IMPORT,nominatim,official_club_page; phase2
gb_9d7eaf1f29,Virgin Active Wimbledon Worple Road,Virgin Active,21-33 Worple Road,SW19 4JS,London,51.420984,-0.210165,ok,READY_TO_IMPORT,nominatim,official_club_page; phase2
gb_3a6639fdfd,Fitness4Less Canning Town,Fitness4Less,"30A Barking Road, Canning Town, London",E16 1EQ,London,51.516411,0.009508,suspicious,READY_TO_IMPORT,nominatim,official_locations_or_contact_page; phase2; soft_postal
gb_496eb237e6,Fitness4Less Colchester,Fitness4Less,"Unit 2 Phoenix Square, Wyncolls Road",CO4 9AS,Colchester,,,failed,NEEDS_COORDINATES,,official_locations_or_contact_page; phase2
gb_0086384c26,Fitness4Less London Cambridge Heath,Fitness4Less,"Cambridge Heath Road, London",E2 9BY,London,51.532741,-0.057564,ok,READY_TO_IMPORT,nominatim,official_locations_or_contact_page; phase2
gb_ec8913e6cc,Fitness4Less New Malden,Fitness4Less,"23 Blagdon Road, New Malden, Surrey",KT3 4AH,New Malden,,,failed,NEEDS_COORDINATES,,official_locations_or_contact_page; phase2; demoted_outward_mismatch:KT3 4AH->SE13 7HL
gb_d9ae7df5fb,Fitness4Less Northampton,Fitness4Less,"Sol Central, Mare Fair",NN1 1SR,Northampton,52.237137,-0.90122,ok,READY_TO_IMPORT,nominatim,official_locations_or_contact_page; phase2
gb_27667374b0,Fitness4Less Southwark,Fitness4Less,"23-29 Great Suffolk Street, Southwark, London",SE1 0UE,London,51.504376,-0.101498,ok,READY_TO_IMPORT,nominatim,official_locations_or_contact_page; phase2
gb_5c7b1b5c20,Fitness4Less Watford,Fitness4Less,"Cafe Quarter, 46 The Parade, Watford, Hertfordshire",WD17 1AY,Watford,51.657521,-0.399454,suspicious,READY_TO_IMPORT,nominatim,official_locations_or_contact_page; phase2; soft_postal
gb_7f03c597c1,easyGym Locations,easyGym,"60A Denmark Hill, Camberwell",SE5 8RZ,Locations,51.473443,-0.093118,ok,READY_TO_IMPORT,nominatim,official_location_page; phase2; official_uk_clubs_page; phase2; international_clubs_excluded
gb_f64aa77bab,Total Fitness Wilmslow,Total Fitness,"Wilmslow Wilmslow Way, Wilmslow",SK9 3PE,Wilmslow,,,failed,NEEDS_COORDINATES,,official_clubs_directory; phase2; official_join_directory; phase2
gb_6b82164e59,Gymbox Bank,Gymbox,71 Lombard Street,EC3V 9AY,London,51.512803,-0.087687,suspicious,READY_TO_IMPORT,nominatim,official_club_page; phase2; soft_postal
gb_3f04c8561e,Gymbox Farringdon,Gymbox,12A Leather Lane,EC1N 7SS,London,51.518868,-0.108834,suspicious,READY_TO_IMPORT,nominatim,official_club_page; phase2; soft_postal
gb_463271ab9f,Gymbox Ealing,Gymbox,"Unit 15, Dickens Yard, Longfield Avenue",W5 2TD,London,51.514112,-0.306015,suspicious,READY_TO_IMPORT,nominatim,official_club_page; phase2; soft_postal
gb_0b4d24f963,Gymbox Westfield Stratford,Gymbox,"6A Chestnut Place, Westfield Stratford City",E20 1GL,London,51.542258,-0.007622,suspicious,READY_TO_IMPORT,nominatim,official_club_page; phase2; soft_postal
gb_4c6e5f0e0f,Gymbox Old Street,Gymbox,201A Old Street,EC1V 9NP,London,51.525302,-0.090622,suspicious,READY_TO_IMPORT,nominatim,official_club_page; phase2; soft_postal
gb_db8bf23e35,Gymbox Westfield London,Gymbox,"Westfield Shopping Centre, Ariel Way",W12 7GF,London,51.507473,-0.219897,ok,READY_TO_IMPORT,nominatim,official_club_page; phase2
gb_08165369ba,Gymbox Victoria,Gymbox,"10 Greencoat House, Francis Street",SW1P 1DH,London,51.517835,-0.118954,ok,READY_TO_IMPORT,nominatim,official_club_page; phase2
gb_817dc6ba2b,Gymbox Elephant and Castle,Gymbox,"Unit 7, 38 New Kent Road",SE1 6TJ,London,,,failed,NEEDS_COORDINATES,,official_club_page; phase2; phase2_address_overwrite
gb_b69ec40bf8,Gymbox Finsbury Park,Gymbox,"Unit 4, City North Place",N4 3HN,London,,,failed,NEEDS_COORDINATES,,official_club_page; phase2; phase2_address_overwrite
gb_14056416e6,Total Fitness Altrincham,Total Fitness,Denmark Street,WA14 2DE,Altrincham,53.384805,-2.350616,suspicious,READY_TO_IMPORT,nominatim,official_join_directory; phase2; soft_postal
gb_de1ed10863,Total Fitness Bolton,Total Fitness,Waters Meeting Road,BL1 8TT,Bolton,,,failed,NEEDS_COORDINATES,,official_join_directory; phase2
gb_c7afbd78d8,Total Fitness Chester,Total Fitness,Liverpool Road,CH2 1AQ,Chester,53.201514,-2.895305,suspicious,READY_TO_IMPORT,nominatim,official_join_directory; phase2; soft_postal
gb_7229b17d0c,Total Fitness Hull,Total Fitness,"Willerby Hill Business Park, Beverley Road, Willerby",HU10 6FE,Hull,53.772694,-0.448881,suspicious,READY_TO_IMPORT,nominatim,official_join_directory; phase2; soft_postal
gb_c1e1fd52f7,Total Fitness Lincoln,Total Fitness,"Whisby Road, Lincoln Fields",LN6 3TA,Lincoln,53.202514,-0.6159,ok,READY_TO_IMPORT,nominatim,official_join_directory; phase2
gb_bab9b118f9,Total Fitness Prenton,Total Fitness,"Total Fitness Roundabout, Prenton Way",CH43 3DU,Prenton,,,failed,NEEDS_COORDINATES,,official_join_directory; phase2
gb_8cf9121baf,Total Fitness Preston,Total Fitness,West Strand Road,PR1 8UY,Preston,53.761013,-2.718462,ok,READY_TO_IMPORT,nominatim,official_join_directory; phase2
gb_cfbaa6c1f7,Total Fitness Aintree-Sefton,Total Fitness,"Northern Perimeter Road, off Switch Island, Bootle",L30 7PT,Liverpool,53.491681,-2.955283,suspicious,READY_TO_IMPORT,nominatim,official_join_directory; phase2; soft_postal
gb_0cc5df04ce,Total Fitness Teesside,Total Fitness,"Off the Mandale Triangle, Middlesbrough Road",TS17 7BN,Stockton,54.557939,-1.290733,suspicious,READY_TO_IMPORT,nominatim,official_join_directory; phase2; soft_postal
gb_d7e1113335,Total Fitness Wakefield,Total Fitness,"Silkwood Park, Fryers Way, Ossett",WF5 9TJ,Wakefield,53.682514,-1.546882,ok,READY_TO_IMPORT,nominatim,official_join_directory; phase2
gb_1cf056ced8,Total Fitness Walkden,Total Fitness,4-6 New Ellesmere Approach,M28 3EE,Walkden,,,failed,NEEDS_COORDINATES,,official_join_directory; phase2
gb_9577c40f4d,Total Fitness Whitefield,Total Fitness,"Elm Square, Bury New Road, Whitefield",M45 7TA,Whitefield,53.553712,-2.295889,ok,READY_TO_IMPORT,nominatim,official_join_directory; phase2
gb_f2bd04f15e,Total Fitness Wigan,Total Fitness,"A49/Warrington Road, Goose Green",WN3 6XD,Wigan,53.517261,-2.652341,suspicious,READY_TO_IMPORT,nominatim,official_join_directory; phase2; soft_postal
gb_ebe916469d,Total Fitness Wrexham,Total Fitness,Stansty Road,LL11 2BU,Wrexham,53.053138,-2.999752,suspicious,READY_TO_IMPORT,nominatim,official_join_directory; phase2; soft_postal
gb_2e9fccc605,JD Gyms Liverpool Edge Lane,JD Gyms,"Liverpool Innovation Park, Edge Lane, Fairfield",L7 9NJ,Liverpool,,,,NEEDS_COORDINATES,,official_club_page; restored_after_false_proximity_collapse
gb_d242137e57,JD Gyms Oldbury,JD Gyms,"Birchley Island Retail Park, Wolverhampton Road",B69 4RJ,Oldbury,52.491384,-2.022777,suspicious,READY_TO_IMPORT,nominatim,official_club_page; restored_after_false_proximity_collapse; coords_reassigned_from_sheffield_north_wrong_row
gb_31fe10d540,Gymbox Holborn,Gymbox,100 High Holborn,WC1V 6RD,London,,,,NEEDS_COORDINATES,,official_club_page; phase2; restored_after_false_proximity_collapse
gb_a84a465fdf,Snap Fitness Leeds Oakwood,Snap Fitness,"633 Roundhay Road, Unit 6",LS8 4BA,Leeds,53.825894,-1.50725,ok,READY_TO_IMPORT,nominatim,official_json_ld; restored_after_false_proximity_collapse; coords_reassigned_from_wellington_st_wrong_row
