Chain	Country	Center	Address	Mon-Thu Open	Mon-Thu Staffed	Fri Open	Fri Staffed	Sat Open	Sat Staffed	Sun Open	Sun Staffed	Notes
ARCA	DK	Garagen		05:45-22:00		05:45-22:00		07:45-20:00		07:45-20:00		Standard hours (confirmed from website)
ARCA	DK	Aalborg Midtby		05:45-22:00		05:45-22:00		07:45-20:00		07:45-20:00		Assumed standard hours
ARCA	DK	Aalborg Syd		05:45-22:00		05:45-22:00		07:45-20:00		07:45-20:00		Assumed standard hours
ARCA	DK	Aalborg Vestby		05:45-22:00		05:45-22:00		07:45-20:00		07:45-20:00		Assumed standard hours
ARCA	DK	Brønderslev		05:45-22:00		05:45-22:00		07:45-20:00		07:45-20:00		Assumed standard hours
ARCA	DK	Frederikshavn		05:45-22:00		05:45-22:00		07:45-20:00		07:45-20:00		Assumed standard hours
ARCA	DK	Gistrup		05:45-22:00		05:45-22:00		07:45-20:00		07:45-20:00		Assumed standard hours
ARCA	DK	Hjørring		05:45-22:00		05:45-22:00		07:45-20:00		07:45-20:00		Assumed standard hours
ARCA	DK	Hobro		05:45-22:00		05:45-22:00		07:45-20:00		07:45-20:00		Assumed standard hours
ARCA	DK	Mou		05:45-22:00		05:45-22:00		07:45-20:00		07:45-20:00		Assumed standard hours
ARCA	DK	Nibe		05:45-22:00		05:45-22:00		07:45-20:00		07:45-20:00		Assumed standard hours
ARCA	DK	Nørresundby		05:45-22:00		05:45-22:00		07:45-20:00		07:45-20:00		Assumed standard hours
ARCA	DK	Støvring		05:45-22:00		05:45-22:00		07:45-20:00		07:45-20:00		Assumed standard hours
ARCA	DK	Svenstrup		05:45-22:00		05:45-22:00		07:45-20:00		07:45-20:00		Assumed standard hours
ARCA	DK	Sæby		05:45-22:00		05:45-22:00		07:45-20:00		07:45-20:00		Assumed standard hours
ARCA	DK	Terndrup		05:45-22:00		05:45-22:00		07:45-20:00		07:45-20:00		Assumed standard hours
ARCA	DK	Thisted		05:45-22:00		05:45-22:00		07:45-20:00		07:45-20:00		Assumed standard hours
ARCA	DK	Vestbjerg		05:45-22:00		05:45-22:00		07:45-20:00		07:45-20:00		Assumed standard hours
SHC	DK	Borups Allé		05:00-23:59	06:45-20:30	05:00-23:59	06:45-17:00	05:00-23:59	08:45-13:00	05:00-23:59	08:45-13:00	24h access via face scan
SHC	DK	Gothersgade										COULD NOT RETRIEVE - website returned empty
SHC	DK	Kaktus Towers		00:00-24:00	06:45-20:30	00:00-24:00	06:45-15:00	00:00-24:00	09:00-14:00	00:00-24:00	09:00-13:00	24h access
SHC	DK	Scandinavia		00:00-24:00	06:45-20:30	00:00-24:00	06:45-15:00	00:00-24:00	09:00-14:00	00:00-24:00	09:00-13:00	24h access
SHC	DK	Ørstedsparken		06:00-21:30	06:00-21:30	06:00-19:00	06:00-19:00	08:00-16:00	08:00-16:00	09:00-17:00	09:00-17:00	Fully staffed during open hours - no 24h access
SHC	DK	Østbanegade		05:00-23:59	06:45-20:30	05:00-23:59	06:45-19:00	05:00-23:59	08:45-13:00	05:00-23:59	08:45-17:00	24h access via face scan
SHC	DK	Åboulevarden		05:00-23:59	06:45-20:30	05:00-23:59	06:45-17:00	05:00-23:59	09:00-13:00	05:00-23:59	09:00-13:00	24h access via face scan
LOOP Fitness	DK	Skødstrup		06:00-22:00	Man 09-12, Tir 09-12, Ons 15:30-18:30, Tor 16-19	06:00-22:00	07:30-10:30	06:00-22:00	09:00-11:00	06:00-22:00	09:00-11:00	
LOOP Fitness	DK	Sydhavns Plads		05:00-22:00	Man 08:15-16, Tir 08:30-16, Ons 08:30-16, Tor 13-17	05:00-22:00	08:30-12:00	05:00-22:00	09:00-12:00	05:00-22:00	09:00-12:00	
Fitness X	DK	Ankersgade	Ankersgade, Aarhus C	05:00-23:00	09:00-12:00 & 15:00-19:00	05:00-23:00	09:00-12:00 & 15:00-17:00	06:00-23:00	09:00-12:00	06:00-23:00	09:00-12:00	
Fitness X	DK	Frisko	Aarhus C	05:00-23:00	09:00-12:00 & 15:00-19:00	05:00-23:00	09:00-12:00 & 15:00-17:00	07:00-23:00	09:00-12:00	07:00-23:00	09:00-12:00	
Fitness X	DK	Nørrebrogade	Aarhus C	05:00-23:00	09:00-12:00 & 15:00-19:00	05:00-23:00	09:00-12:00 & 15:00-17:00	07:00-23:00	09:00-12:00	07:00-23:00	09:00-12:00	
Fitness X	DK	Sønder Allé	Sønder Allé 11, 8000 Aarhus C	05:00-22:00	09:00-12:00 & 15:00-19:00	05:00-22:00	09:00-12:00 & 15:00-17:00	07:00-22:00	09:00-12:00	07:00-22:00	09:00-12:00	
Fitness X	DK	Paludan-Müllers Vej	Paludan-Müllers Vej 82, 8200 Aarhus N	05:00-22:00	09:00-12:00 & 15:00-19:00	05:00-22:00	09:00-12:00	07:00-22:00	09:00-12:00	07:00-22:00	Ingen	
Fitness X	DK	Prismet	Viborgvej 3, 8000 Aarhus C	05:00-23:00	09:00-12:00 & 15:00-19:00	05:00-23:00	09:00-12:00 & 15:00-17:00	06:00-23:00	09:00-12:00	06:00-23:00	09:00-12:00	
Fitness X	DK	Brabrand	Edwin Rahrs Vej 32, 8220 Brabrand	05:00-22:00	09:00-12:00 & 15:00-18:30	05:00-22:00	09:00-12:00	07:00-22:00	Ingen	07:00-22:00	Ingen	
Fitness X	DK	Viby	Viby Ringvej 10, 8260 Viby	05:00-22:00	09:00-12:00 & 15:00-18:30	05:00-22:00	09:00-12:00	07:00-22:00	09:00-12:00	07:00-22:00	Ingen	
Fitness X	DK	Ballerup	Hedeparken 9b, 2750 Ballerup	05:00-22:00	Man/Ons: 09:00-12:00 & 15:00-18:30; Tir/Tor: 15:00-18:30	05:00-22:00	09:00-12:00	07:00-22:00	Ingen	07:00-22:00	Ingen	
Fitness X	DK	Esbjerg Jagtvej	Jagtvej 53, 6705 Esbjerg Ø	05:00-22:00	Man/Ons: 09:00-12:00 & 15:00-18:30; Tir/Tor: 15:00-18:30	05:00-22:00	09:00-12:00	07:00-22:00	Ingen	07:00-22:00	Ingen	
Fitness X	DK	Esbjerg Strandbytorv	Strandbygade 20, 6700 Esbjerg	05:00-22:00	09:00-12:00 & 15:00-18:30	05:00-22:00	09:00-12:00	07:00-22:00	Ingen	07:00-22:00	Ingen	
Fitness X	DK	Frederiksberg Fasanvej	Nordre Fasanvej 27, 2000 Frederiksberg	05:00-23:00	09:00-12:00 & 15:00-19:00	05:00-23:00	09:00-12:00 & 15:00-17:00	06:00-23:00	09:00-12:00	06:00-23:00	09:00-12:00	
Fitness X	DK	Hasselager	Kolt Østervej 25, 8361 Hasselager	05:00-22:00	Man/Ons: 09:00-12:00 & 15:00-18:30; Tir/Tor: 15:00-18:30	05:00-22:00	09:00-12:00	07:00-22:00	Ingen	07:00-22:00	Ingen	
Fitness X	DK	Hjørring	Østergade 30, 9800 Hjørring	05:00-22:00	09:00-12:00 & 15:00-18:30	05:00-22:00	09:00-12:00	07:00-22:00	Ingen	07:00-22:00	Ingen	
Fitness X	DK	Holstebro Struervej	Struervej 141, 7500 Holstebro	05:00-22:00	09:00-12:00 & 15:00-18:30	05:00-22:00	09:00-12:00	07:00-22:00	09:00-12:00	07:00-22:00	Ingen	
Fitness X	DK	Holstebro Vestergade	Vestergade 16, 7500 Holstebro	05:00-22:00	Man/Ons: 09:00-12:00 & 16:00-18:30; Tir/Tor: 16:00-18:30	05:00-22:00	09:00-12:00	07:00-22:00	Ingen	07:00-22:00	Ingen	
Fitness X	DK	Horsens Emil Møllers Gade	Emil Møllers Gade 30, 8700 Horsens	05:00-22:00	09:00-12:00 & 15:00-18:30	05:00-22:00	09:00-12:00	07:00-22:00	Ingen	07:00-22:00	Ingen	
Fitness X	DK	Horsens Høegh Guldbergs Gade	Høegh Guldbergs Gade 1, 8700 Horsens	05:00-22:00	09:00-12:00 & 15:00-18:30	05:00-22:00	09:00-12:00	07:00-22:00	Ingen	07:00-22:00	Ingen	
Fitness X	DK	København S Amager Strand	Amager Strandvej 112a, 2300 København S	06:00-22:00	09:00-12:00 & 15:00-18:30	06:00-22:00	09:00-12:00	07:00-22:00	09:00-12:00	07:00-22:00	Ingen	Opens 06:00 (not 05:00) on weekdays
Fitness X	DK	København S Femøren	Engvej 163, 2300 København S	05:00-22:00	09:00-12:00 & 15:00-18:30	05:00-22:00	09:00-12:00	07:00-22:00	09:00-12:00	07:00-22:00	Ingen	
Fitness X	DK	København V Carlsberg Byen	Thorvald Bindesbølls Pl. 1, 1799 København V	05:00-23:00	09:00-12:00 & 15:00-19:00	05:00-23:00	09:00-12:00 & 15:00-17:00	06:00-23:00	09:00-12:00	06:00-23:00	09:00-12:00	
Fitness X	DK	Lyngby	Jernbanepladsen 6, 2800 Lyngby	05:00-22:00	09:00-12:00 & 15:00-18:30	05:00-22:00	09:00-12:00	07:00-22:00	Ingen	07:00-22:00	Ingen	
Fitness X	DK	Randers Haraldsvej	Haraldsvej 60, 8960 Randers SØ	05:00-22:00	09:00-12:00 & 15:00-18:30	05:00-22:00	09:00-12:00	07:00-22:00	Ingen	07:00-22:00	Ingen	
Fitness X	DK	Randers Vestergrave	Vestergrave 2, 8900 Randers C	05:00-22:00	09:00-12:00 & 15:00-18:30	05:00-22:00	09:00-12:00	07:00-22:00	09:00-12:00	07:00-22:00	Ingen	
Fitness X	DK	Roskilde	Holbækvej 7, 4000 Roskilde	05:00-23:00	09:00-12:00 & 15:00-19:00	05:00-23:00	09:00-12:00 & 15:00-17:00	07:00-23:00	09:00-12:00	07:00-23:00	09:00-12:00	
Fitness X	DK	Slagelse Fabrikken	Ndr. Ringgade 59, 4200 Slagelse	05:00-23:00	09:00-12:00 & 15:00-18:30	05:00-23:00	09:00-12:00	07:00-23:00	09:00-12:00	07:00-23:00	Ingen	
Fitness X	DK	Valby Vigerslevvej	Centerparken 34, 2500 Valby	05:00-22:00	09:00-12:00 & 15:00-18:30	05:00-22:00	09:00-12:00	07:00-22:00	09:00-12:00	07:00-22:00	Ingen	
Fitness X	DK	Viborg Tingvej	Tingvej 7, 8800 Viborg	05:00-23:00	09:00-12:00 & 15:00-19:00	05:00-23:00	09:00-12:00 & 15:00-17:00	07:00-23:00	09:00-12:00	07:00-23:00	09:00-12:00	
Fitness X	DK	Virum Virumvej	Virumvej 96, 2830 Virum	06:00-22:00	09:00-12:00 & 15:00-18:30	06:00-22:00	09:00-12:00	07:00-22:00	09:00-12:00	07:00-22:00	Ingen	Opens 06:00 (not 05:00) on weekdays
Fitness X	DK	Valby Grønttorvet	Gammel Køge Landevej 70, 2500 Valby	05:00-22:00	09:00-12:00 & 15:00-18:30	05:00-22:00	09:00-12:00	07:00-22:00	Ingen	07:00-22:00	Ingen	
Fitness X	DK	København Ø Hans Knudsens Plads	Lyngbyvej 62, 2100 København Ø	05:00-23:00	09:00-12:00 & 15:00-19:00	05:00-23:00	09:00-12:00 & 15:00-17:00	06:00-23:00	09:00-12:00	06:00-23:00	09:00-12:00	Opens 06:00 (not 05:00) on weekends
SATS	DK	Gentofte	Gentoftegade 35 1. Sal, 2820 Gentofte	05:00-23:00	Fuldt bemandet	05:00-23:00	Fuldt bemandet	05:00-23:00	Fuldt bemandet	05:00-23:00	Fuldt bemandet	
SATS	DK	Herlev	Herlev Torv 28, 2730 Herlev	05:00-23:00	Fuldt bemandet	05:00-23:00	Fuldt bemandet	05:00-23:00	Fuldt bemandet	05:00-23:00	Fuldt bemandet	
SATS	DK	Parken	Øster Alle 42, 2100 København Ø	05:00-23:00	Fuldt bemandet	05:00-23:00	Fuldt bemandet	05:00-23:00	Fuldt bemandet	05:00-23:00	Fuldt bemandet	
SATS	DK	Roskilde	Ro's Torv 1 1.46, 4000 Roskilde	05:00-23:00	Fuldt bemandet	05:00-23:00	Fuldt bemandet	05:00-23:00	Fuldt bemandet	05:00-23:00	Fuldt bemandet	
SATS	DK	Søborg	Tobaksvejen 4 Bygning E, 2860 Søborg	05:00-23:00	Fuldt bemandet	05:00-23:00	Fuldt bemandet	05:00-23:00	Fuldt bemandet	05:00-23:00	Fuldt bemandet	
SATS	DK	Frederiksberg Falkoner	Falkoner Plads 1, 2000 Frederiksberg	05:00-23:00	Fuldt bemandet	05:00-23:00	Fuldt bemandet	05:00-23:00	Fuldt bemandet	05:00-23:00	Fuldt bemandet	
SATS	DK	Frederiksberg ABC	Frederiksberg Allé 98, 1820 Frederiksberg C	05:00-23:00	Fuldt bemandet	05:00-23:00	Fuldt bemandet	05:00-23:00	Fuldt bemandet	05:00-23:00	Fuldt bemandet	
SATS	DK	KBH Nygårdsvej	Nygårdsvej 5, 2100 København Ø	05:00-23:00	Fuldt bemandet	05:00-23:00	Fuldt bemandet	05:00-23:00	Fuldt bemandet	05:00-23:00	Fuldt bemandet	
PureGym	DK	Odense C Grønløkkevej	Grønløkkevej 9, 5000 Odense C	05:00-00:00	09:00-19:00	05:00-00:00	09:00-17:00	05:00-00:00	08:00-13:00	05:00-00:00	08:00-13:00	
PureGym	DK	Odense C Dannebrogsgade	Dannebrogsgade 2, 5000 Odense C	05:00-00:00	10:00-18:00	05:00-00:00	10:00-16:00	05:00-00:00	09:00-13:00	05:00-00:00	09:00-13:00	
PureGym	DK	Odense S Odensevej	Odensevej 95, 5260 Odense S	05:00-00:00	10:00-18:00	05:00-00:00	10:00-16:00	05:00-00:00	09:00-13:00	05:00-00:00	09:00-13:00	
PureGym	DK	Odense SØ Ejbygade	Ejbygade 4, 5220 Odense SØ	05:00-00:00	10:00-18:00	05:00-00:00	10:00-16:00	05:00-00:00	09:00-13:00	05:00-00:00	09:00-13:00	
PureGym	DK	Odense M Klokkestøbervej	Klokkestøbervej 20, 5230 Odense M	05:00-00:00	10:00-18:00	05:00-00:00	10:00-16:00	05:00-00:00	09:00-13:00	05:00-00:00	09:00-13:00	
PureGym	DK	Odense C Slotscentret	Slotsgade 18, 5000 Odense C	05:00-00:00	10:00-18:00	05:00-00:00	10:00-16:00	05:00-00:00	09:00-13:00	05:00-00:00	09:00-13:00	
PureGym	DK	Højbjerg Stenvej	Stenvej 21B, 8270 Højbjerg	05:00-00:00	10:00-18:00	05:00-00:00	10:00-16:00	05:00-00:00	09:00-13:00	05:00-00:00	09:00-13:00	
PureGym	DK	Odense SV Bondovej	Bondovej 12, 5250 Odense SV	05:00-00:00	10:00-18:00	05:00-00:00	10:00-16:00	05:00-00:00	09:00-13:00	05:00-00:00	09:00-13:00	
PureGym	DK	Odense NV Tarupvej	Tarupvej 71, 5210 Odense NV	05:00-00:00	10:00-18:00	05:00-00:00	10:00-16:00	05:00-00:00	09:00-13:00	05:00-00:00	09:00-13:00	
PureGym	DK	KBH N Esromgade	Esromgade 15, 2200 København N	05:00-00:00	09:00-19:00	05:00-00:00	09:00-17:00	05:00-00:00	08:00-13:00	05:00-00:00	08:00-13:00	
PureGym	DK	KBH S Islands Brygge	Kigkurren 1, 2300 København S	05:00-04:59	09:00-19:00	05:00-04:59	09:00-17:00	05:00-04:59	08:00-13:00	05:00-04:59	08:00-13:00	Åbent 24/7
PureGym	DK	KBH N Farumgade	Farumgade 6, 2200 København N	05:00-00:00	10:00-18:00	05:00-00:00	10:00-16:00	05:00-00:00	09:00-13:00	05:00-00:00	09:00-13:00	
PureGym	DK	KBH N Jagtvej	Jagtvej 113-115, 2200 København N	05:00-00:00	08:00-20:00	05:00-00:00	08:00-17:00	05:00-00:00	08:00-13:00	05:00-00:00	08:00-13:00	Tor bemandet fra 09:00
PureGym	DK	KBH S Englandsvej	Englandsvej 28-30, 2300 København S	05:00-04:59	09:00-19:00	05:00-04:59	09:00-17:00	05:00-04:59	08:00-13:00	05:00-04:59	08:00-13:00	Åbent 24/7
PureGym	DK	KBH V Gasværksvej	Gasværksvej 16, 1656 København V	05:00-00:00	08:00-20:00	05:00-00:00	08:00-17:00	05:00-00:00	08:00-13:00	05:00-00:00	08:00-13:00	Tor bemandet fra 09:00
PureGym	DK	KBH Ø Århusgade	Århusgade 102, 2100 København Ø	05:00-00:00	09:00-19:00	05:00-00:00	09:00-17:00	05:00-00:00	08:00-13:00	05:00-00:00	08:00-13:00	
PureGym	DK	Randers Thors Bakke	Thors Bakke 2, 8900 Randers C	05:00-00:00	10:00-18:00	05:00-00:00	10:00-16:00	05:00-00:00	09:00-13:00	05:00-00:00	09:00-13:00	
PureGym	DK	Roskilde Algade	Algade 49, 4000 Roskilde	05:00-00:00	09:00-19:00	05:00-00:00	09:00-17:00	05:00-00:00	08:00-13:00	05:00-00:00	08:00-13:00	
PureGym	DK	Aalborg Dannebrogsgade	Dannebrogsgade 58, 9000 Aalborg	05:00-00:00	08:00-20:00	05:00-00:00	08:00-17:00	05:00-00:00	08:00-13:00	05:00-00:00	08:00-13:00	Tor bemandet fra 09:00
PureGym	DK	Aalborg Eternitten	Visionsvej 51-53, 9000 Aalborg	05:00-00:00	09:00-19:00	05:00-00:00	09:00-17:00	05:00-00:00	08:00-13:00	05:00-00:00	08:00-13:00	
PureGym	DK	Aalborg Friis	Nytorv 28, 9000 Aalborg	05:00-23:00	10:00-18:00	05:00-23:00	10:00-16:00	05:00-23:00	09:00-13:00	05:00-23:00	09:00-13:00	Lukker kl 23:00
PureGym	DK	Aalborg Gugvej	Gugvej 124, 9210 Aalborg SØ	05:00-00:00	10:00-18:00	05:00-00:00	10:00-16:00	05:00-00:00	09:00-13:00	05:00-00:00	09:00-13:00	
PureGym	DK	Aarhus C Dalgas Avenue	Dalgas Avenue 2A, 8000 Aarhus C	05:00-00:00	10:00-18:00	05:00-00:00	10:00-16:00	05:00-00:00	09:00-13:00	05:00-00:00	09:00-13:00	
PureGym	DK	Aarhus C Nørreport	Knudrisgade 4-6, 8000 Aarhus C	05:00-00:00	10:00-18:00	05:00-00:00	10:00-16:00	05:00-00:00	09:00-13:00	05:00-00:00	09:00-13:00	Man ingen bemanding
PureGym	DK	Aarhus C Scandinavian	Margrethepladsen 4, 8000 Aarhus C	05:00-23:00	09:00-19:00	05:00-23:00	09:00-17:00	07:30-23:00	08:00-13:00	07:30-23:00	08:00-13:00	Lukker 23:00
PureGym	DK	Aarhus N Jens Baggesens Vej	Jens Baggesens Vej 90, 8200 Aarhus N	05:00-00:00	09:00-19:00	05:00-00:00	09:00-17:00	05:00-00:00	08:00-13:00	05:00-00:00	08:00-13:00	
PureGym	DK	Aarhus N Trøjborg	Niels Juels Gade 84, 8200 Aarhus N	05:00-00:00	09:00-19:00	05:00-00:00	09:00-17:00	05:00-00:00	08:00-13:00	05:00-00:00	08:00-13:00	
PureGym	DK	Risskov Vejlby Ringvej	Børglumvej 9-13, 8240 Risskov	05:00-00:00	10:00-18:00	05:00-00:00	10:00-16:00	05:00-00:00	09:00-13:00	05:00-00:00	09:00-13:00	
PureGym	DK	Tilst Blomstervej	Blomstervej 2D, 8381 Tilst	05:00-00:00	10:00-18:00	05:00-00:00	10:00-16:00	05:00-00:00	09:00-13:00	05:00-00:00	09:00-13:00	
PureGym	DK	Viby Lykkesholms Allé	Lykkesholms Allé 106, 8260 Viby J	05:00-00:00	10:00-18:00	05:00-00:00	10:00-16:00	05:00-00:00	09:00-13:00	05:00-00:00	09:00-13:00	
PureGym	DK	Viby Skanderborgvej	Skanderborgvej 106, 8260 Viby J	05:00-00:00	10:00-18:00	05:00-00:00	10:00-16:00	05:00-00:00	09:00-13:00	05:00-00:00	09:00-13:00	
PureGym	DK	Brabrand City Vest	Gudrunsvej 7, 8220 Brabrand	05:00-00:00	10:00-18:00	05:00-00:00	10:00-16:00	05:00-00:00	09:00-13:00	05:00-00:00	09:00-13:00	
PureGym	DK	Risskov Ravnsøvej	Ravnsøvej 58, 8240 Risskov	05:00-00:00	09:00-19:00	05:00-00:00	09:00-17:00	05:00-00:00	08:00-13:00	05:00-00:00	08:00-13:00	
PureGym	DK	Aalborg Kennedy Plads	J.F. Kennedys Plads 1K, 9000 Aalborg	05:00-00:00	10:00-18:00	05:00-00:00	10:00-16:00	05:00-00:00	09:00-13:00	05:00-00:00	09:00-13:00	
PureGym	DK	Aalborg Langagervej	Skjernvej 1, 9220 Aalborg Øst	05:00-00:00	10:00-18:00	05:00-00:00	10:00-16:00	05:00-00:00	09:00-13:00	05:00-00:00	09:00-13:00	
PureGym	DK	Aalborg Porsvej	Porsvej 2, 9000 Aalborg	05:00-00:00	10:00-18:00	05:00-00:00	10:00-16:00	05:00-00:00	09:00-13:00	05:00-00:00	09:00-13:00	
PureGym	DK	Nørresundby Løvbakken	Løvbakken 4, 9400 Nørresundby	05:00-00:00	10:00-18:00	05:00-00:00	10:00-16:00	05:00-00:00	09:00-13:00	05:00-00:00	09:00-13:00	
PureGym	DK	KBH K Køb­magergade	Køb­magergade 48, 1150 København K									COULD NOT RETRIEVE
PureGym	DK	KBH NV Emdrup Station	Emdrupvej 115A, 2400 København NV	05:00-00:00	10:00-18:00	05:00-00:00	10:00-16:00	05:00-00:00	09:00-13:00	05:00-00:00	09:00-13:00	
PureGym	DK	KBH NV Lygten	Rentemestervej 2, 2400 København NV	05:00-00:00	09:00-19:00	05:00-00:00	09:00-17:00	05:00-00:00	08:00-13:00	05:00-00:00	08:00-13:00	
PureGym	DK	KBH NV Tomsgårdsvej	Tomsgårdsvej 15, 2400 København NV	05:00-00:00	10:00-18:00	05:00-00:00	10:00-16:00	05:00-00:00	09:00-13:00	05:00-00:00	09:00-13:00	
PureGym	DK	KBH S Ørestad	Asger Jorns Allé 2, 2300 København S	05:00-04:59	10:00-18:00	05:00-04:59	10:00-16:00	05:00-04:59	09:00-13:00	05:00-04:59	09:00-13:00	Åbent 24/7
PureGym	DK	KBH S Lergravsvej	Lergravsvej 57, 2300 København S									COULD NOT RETRIEVE
PureGym	DK	KBH S Lyongade	Lyongade 23-25, 2300 København S									COULD NOT RETRIEVE
PureGym	DK	KBH S Rued Langgaards Vej	Rued Langgaards Vej 2C, 2300 København S									COULD NOT RETRIEVE
PureGym	DK	KBH SV Ellebjergvej	Ellebjergvej 138, 2450 København SV									COULD NOT RETRIEVE
PureGym	DK	KBH SV Sjælør	Ellebjergvej 40, 2450 København SV	05:00-04:59	10:00-18:00	05:00-04:59	10:00-16:00	05:00-04:59	09:00-13:00	05:00-04:59	09:00-13:00	Åbent 24/7
PureGym	DK	KBH V Vesterbrogade	Matthæusgade 48, 1666 København V	05:00-00:00	09:00-19:00	05:00-00:00	09:00-17:00	05:00-00:00	08:00-13:00	05:00-00:00	08:00-13:00	
PureGym	DK	KBH Ø Oslo Plads	Oslo Plads 2, 2100 København Ø									COULD NOT RETRIEVE
PureGym	DK	KBH Ø Strandvejen	Strandvejen 32F, 2100 København Ø									COULD NOT RETRIEVE
PureGym	DK	KBH Ø Æbeløgade	Æbeløgade 4, 2100 København Ø	05:00-04:59	09:00-19:00	05:00-04:59	09:00-17:00	05:00-04:59	08:00-13:00	05:00-04:59	08:00-13:00	Åbent 24/7
PureGym	DK	Husum Frederikssundsvej	Frederikssundsvej 264, 2700 Brønshøj	05:00-00:00	09:00-19:00	05:00-00:00	09:00-17:00	05:00-00:00	08:00-13:00	05:00-00:00	08:00-13:00	
PureGym	DK	KBH S Bryggen	Kigkurren 1, 2300 København S	05:00-04:59	09:00-19:00	05:00-04:59	09:00-17:00	05:00-04:59	08:00-13:00	05:00-04:59	08:00-13:00	Åbent 24/7
PureGym	DK	Allerød Banetorvet	Banetorvet 3, 3450 Allerød	05:00-00:00	10:00-18:00	05:00-00:00	10:00-16:00	05:00-00:00	09:00-13:00	05:00-00:00	09:00-13:00	
PureGym	DK	Bagsværd	Vadstrupvej 35, 2880 Bagsværd	05:00-00:00	10:00-18:00	05:00-00:00	10:00-16:00	05:00-00:00	09:00-13:00	05:00-00:00	09:00-13:00	
PureGym	DK	Albertslund	Roskildevej 14, 2620 Albertslund	05:00-00:00	10:00-18:00	05:00-00:00	10:00-16:00	05:00-00:00	09:00-13:00	05:00-00:00	09:00-13:00	
PureGym	DK	Ballerup Banegårdspladsen	Banegårdspladsen 3-5, 2750 Ballerup	05:00-22:00	10:00-18:00	05:00-22:00	10:00-16:00	05:00-22:00	09:00-13:00	05:00-22:00	09:00-13:00	Lukker 22:00
PureGym	DK	Brøndby Strand Centrum	Brøndby Strand Centrum 50, 2660 Brøndby Strand	05:00-04:59	10:00-18:00	05:00-04:59	10:00-16:00	05:00-04:59	09:00-13:00	05:00-04:59	09:00-13:00	Åbent 24/7
PureGym	DK	Brøndby Nygårds Plads	Nygårds Plads 25, 2605 Brøndby	05:00-00:00	08:00-20:00	05:00-00:00	08:00-17:00	05:00-00:00	08:00-13:00	05:00-00:00	08:00-13:00	Tors bemandet 09:00-20:00
PureGym	DK	Brøndbyvester Søndre Ringvej	Søndre Ringvej 41-45, 2605 Brøndby	05:00-00:00	10:00-18:00	05:00-00:00	10:00-16:00	05:00-00:00	09:00-13:00	05:00-00:00	09:00-13:00	
PureGym	DK	Esbjerg V Aadalsparken	COULD NOT RETRIEVE									COULD NOT RETRIEVE
PureGym	DK	Esbjerg Broen	COULD NOT RETRIEVE									COULD NOT RETRIEVE
PureGym	DK	Esbjerg Stormgade	Østervangsvej 10-12, 6715 Esbjerg N	05:00-00:00	10:00-18:00	05:00-00:00	10:00-16:00	05:00-00:00	09:00-13:00	05:00-00:00	09:00-13:00	
PureGym	DK	Farum Hvedemarken	Hvedemarken 2, 3520 Farum	05:00-00:00	08:00-20:00	05:00-00:00	08:00-17:00	05:00-00:00	08:00-13:00	05:00-00:00	08:00-13:00	Tors bemandet 09:00-20:00
PureGym	DK	Frederiksberg C.F. Richs Vej	C.F. Richs Vej 107, 2000 Frederiksberg	05:00-04:59	10:00-19:00	05:00-04:59	10:00-16:00	05:00-04:59	09:00-13:00	05:00-04:59	09:00-13:00	Åbent 24/7
PureGym	DK	Frederiksberg Forum	COULD NOT RETRIEVE									COULD NOT RETRIEVE
PureGym	DK	Frederiksberg Svømmehal	Helgesvej 29, 2000 Frederiksberg	06:15-20:55	09:00-19:00	06:15-20:55	09:00-17:00	07:45-18:00	08:00-13:00	07:45-18:00	08:00-13:00	Tor bemandet kun 09:00-10:00
PureGym	DK	Frederiksberg Mariendalsvej	Mariendalsvej 57c, 2000 Frederiksberg	05:00-00:00	10:00-18:00	05:00-00:00	10:00-16:00	05:00-00:00	09:00-13:00	05:00-00:00	09:00-13:00	
PureGym	DK	Fredericia Nørre Voldgade	Nørre Voldgade 12, 7000 Fredericia	05:00-00:00	10:00-18:00	05:00-00:00	10:00-16:00	05:00-00:00	09:00-13:00	05:00-00:00	09:00-13:00	
PureGym	DK	Frederikshavn Hjørringvej	COULD NOT RETRIEVE									COULD NOT RETRIEVE
PureGym	DK	Frederikssund Falkenborggården	Falkenborggården 4, 3600 Frederikssund	05:00-00:00	10:00-18:00	05:00-00:00	10:00-16:00	05:00-00:00	09:00-13:00	05:00-00:00	09:00-13:00	
PureGym	DK	Frederiksværk	Bagerstræde 4, 3300 Frederiksværk	05:00-00:00	10:00-18:00	05:00-00:00	10:00-16:00	05:00-00:00	09:00-13:00	05:00-00:00	09:00-13:00	
PureGym	DK	Gentofte Kildeskovshallen	Adolphsvej 25, 2820 Gentofte	06:00-21:30	09:00-19:00	LUKKET	LUKKET	08:00-15:00	08:00-13:00	08:00-15:00	08:00-13:00	Man/Ons til 21:30; Tir/Tor til 20:00; Fre lukket
PureGym	DK	Gentofte Lyngbyvej	Lyngbyvej 317, 2820 Gentofte	05:00-00:00	08:00-20:00	05:00-00:00	08:00-17:00	05:00-00:00	08:00-13:00	05:00-00:00	08:00-13:00	Tors bemandet 09:00-20:00
PureGym	DK	Glostrup Banegårdsvej	Banegårdsvej 21, 2600 Glostrup	05:00-00:00	10:00-18:00	05:00-00:00	10:00-16:00	05:00-00:00	09:00-13:00	05:00-00:00	09:00-13:00	
PureGym	DK	Greve Håndværkerbyen	Håndværkerbyen 35B, 2670 Greve	05:00-00:00	10:00-18:00	05:00-00:00	10:00-16:00	05:00-00:00	09:00-13:00	05:00-00:00	09:00-13:00	
PureGym	DK	Haderslev Christian X's Vej	Christian X's Vej 9, 6100 Haderslev	05:00-00:00	10:00-18:00	05:00-00:00	10:00-16:00	05:00-00:00	09:00-13:00	05:00-00:00	09:00-13:00	
PureGym	DK	Helsingør Søndre Strandvej	Søndre Strandvej 10, 3000 Helsingør	05:00-00:00	10:00-18:00	05:00-00:00	10:00-16:00	05:00-00:00	09:00-13:00	05:00-00:00	09:00-13:00	
PureGym	DK	Herlev BIG	Herlev Hovedgade 31, 2730 Herlev	05:00-00:00	10:00-18:00	05:00-00:00	10:00-16:00	05:00-00:00	09:00-13:00	05:00-00:00	09:00-13:00	
PureGym	DK	Herlev Stålen	Nørrelundvej 4, 2730 Herlev	05:00-00:00	09:00-19:00	05:00-00:00	10:00-17:00	05:00-00:00	08:00-13:00	05:00-00:00	08:00-13:00	
PureGym	DK	Herning Vestergade	Vestergade 24, 7400 Herning	05:00-00:00	10:00-18:00	05:00-00:00	10:00-16:00	05:00-00:00	09:00-13:00	05:00-00:00	09:00-13:00	
PureGym	DK	Hillerød Frejasvej	Frejasvej 32, 3400 Hillerød	05:00-00:00	10:00-18:00	05:00-00:00	10:00-16:00	05:00-00:00	09:00-13:00	05:00-00:00	09:00-13:00	
PureGym	DK	Hillerød Københavnsvej	Københavnsvej 31, 3400 Hillerød	05:00-00:00	10:00-18:00	05:00-00:00	10:00-16:00	05:00-00:00	09:00-13:00	05:00-00:00	09:00-13:00	
PureGym	DK	Hjørring Frederikshavnsvej	Frederikshavnsvej 79, 9800 Hjørring	05:00-00:00	10:00-18:00	05:00-00:00	10:00-16:00	05:00-00:00	09:00-13:00	05:00-00:00	09:00-13:00	
PureGym	DK	Holte Midtpunkt	Holte Midtpunkt 23, 2840 Holte	05:30-22:00	10:00-18:00	05:30-22:00	10:00-16:00	05:30-22:00	09:00-13:00	05:30-22:00	09:00-13:00	Åbner 05:30; lukker 22:00
PureGym	DK	Horsens Ove Jensens Allé	Ove Jensens Alle 19 D, 8700 Horsens	05:00-00:00	09:00-19:00	05:00-00:00	09:00-17:00	05:00-00:00	09:00-13:00	05:00-00:00	08:00-13:00	Søn bemandet 08:00-13:00
PureGym	DK	Hundige Waves	Over Bølgen 29 St., 2670 Greve	05:00-00:00	09:00-19:00	05:00-00:00	09:00-17:00	05:00-00:00	08:00-13:00	05:00-00:00	08:00-13:00	
PureGym	DK	Hvidovre Bibliotekvej	Bibliotekvej 58, 2650 Hvidovre	05:00-00:00	10:00-18:00	05:00-00:00	10:00-16:00	05:00-00:00	09:00-13:00	05:00-00:00	09:00-13:00	
PureGym	DK	Hvidovre Frihedens Butikscenter	Strandmarksvej 20, 2650 Hvidovre	05:30-22:00	10:00-18:00	05:30-22:00	10:00-16:00	05:30-22:00	09:00-13:00	05:30-22:00	09:00-13:00	Åbner 05:30; lukker 22:00
PureGym	DK	Hvidovre Stationscenter	Laurits Olsensvej 143, 2650 Hvidovre	06:00-22:00	10:00-18:00	06:00-22:00	10:00-16:00	06:00-22:00	09:00-13:00	06:00-22:00	09:00-13:00	Åbner 06:00; lukker 22:00
PureGym	DK	Ishøj Bymidte	Ishøj Store Torv 20, 2635 Ishøj	05:00-23:45	10:00-18:00	05:00-23:45	10:00-16:00	05:00-23:45	09:00-13:00	05:00-23:45	09:00-13:00	Lukker 23:45
PureGym	DK	Kalundborg Jørgensbjerg	Sct Jørgensbjerg 41, 4400 Kalundborg	05:00-00:00	10:00-18:00	05:00-00:00	10:00-16:00	05:00-00:00	09:00-13:00	05:00-00:00	09:00-13:00	
PureGym	DK	Karlslunde Karlslunde Parkvej	Karlslunde Parkvej 13, 2690 Karlslunde	05:00-00:00	10:00-18:00	05:00-00:00	10:00-16:00	05:00-00:00	09:00-13:00	05:00-00:00	09:00-13:00	
PureGym	DK	Kastrup Vestamagercentret	Ugandavej 111-123, 2770 Kastrup	05:00-04:59	10:00-18:00	05:00-04:59	10:00-16:00	05:00-04:59	09:00-13:00	05:00-04:59	09:00-13:00	Åbent 24/7
PureGym	DK	Kokkedal Egevangen	Egevangen 4, 2980 Kokkedal	05:00-00:00	10:00-18:00	05:00-00:00	10:00-16:00	05:00-00:00	09:00-13:00	05:00-00:00	09:00-13:00	
PureGym	DK	Kolding Agtrupvej	Agtrupvej 51, 6000 Kolding	05:00-00:00	10:00-18:00	05:00-00:00	10:00-16:00	05:00-00:00	09:00-13:00	05:00-00:00	09:00-13:00	
PureGym	DK	Kolding Slotssøbadet	Hospitalsgade 16, 6000 Kolding	05:30-21:00	10:00-18:00	05:30-18:00	10:00-16:00	09:00-18:00	09:00-13:00	09:00-18:00	09:00-13:00	Man/Ons 05:30-21:00; Tir/Tor 05:30-22:00; Fre 05:30-18:00; Lør/Søn åbner 09:00
PureGym	DK	Kolding Sydbanegade	COULD NOT RETRIEVE									
PureGym	DK	Køge Tigervej	Tigervej 12-14, 4600 Køge	05:00-04:59	09:00-19:00	05:00-04:59	09:00-17:00	05:00-04:59	08:00-13:00	05:00-04:59	08:00-13:00	Åbent 24/7
PureGym	DK	Lyngby Jernbanepladsen	Jernbanepladsen 10, 2800 Kongens Lyngby	05:00-00:00	09:00-19:00	05:00-00:00	09:00-17:00	05:00-00:00	08:00-13:00	05:00-00:00	08:00-13:00	
PureGym	DK	Lyngby Lundtoftegårdsvej	Lundtoftegårdsvej 12, 2800 Kongens Lyngby	05:00-00:00	10:00-18:00	05:00-00:00	10:00-16:00	05:00-00:00	09:00-13:00	05:00-00:00	09:00-13:00	
PureGym	DK	Måløv Stationsvej	Stationsvej 7, 2760 Måløv	05:00-00:00	10:00-18:00	05:00-00:00	10:00-16:00	05:00-00:00	09:00-13:00	05:00-00:00	09:00-13:00	
PureGym	DK	Næstved Grønvej	Grønvej 3, 4700 Næstved	05:00-04:59	10:00-18:00	05:00-04:59	10:00-16:00	05:00-04:59	09:00-13:00	05:00-04:59	09:00-13:00	Åbent 24/7
PureGym	DK	Næstved Sct. Jørgens Park	Sct. Jørgens Park 92, 4700 Næstved	05:00-00:00	08:00-20:00	05:00-00:00	08:00-17:00	05:00-00:00	08:00-13:00	05:00-00:00	08:00-13:00	Tor bemandet 09:00-20:00
PureGym	DK	Odder Banegårdsgade	Banegårdsgade 18, 8300 Odder	05:00-00:00	10:00-18:00	05:00-00:00	10:00-16:00	05:00-00:00	09:00-13:00	05:00-00:00	09:00-13:00	
PureGym	DK	Randers Århusvej	Århusvej 105, 8960 Randers SØ	05:00-00:00	10:00-18:00	05:00-00:00	10:00-16:00	05:00-00:00	09:00-13:00	05:00-00:00	09:00-13:00	
PureGym	DK	Randers Gl. Hobrovej	Gl. Hobrovej 38, 8920 Randers NV	05:00-00:00	10:00-18:00	05:00-00:00	10:00-16:00	05:00-00:00	09:00-13:00	05:00-00:00	09:00-13:00	
PureGym	DK	Rødovre Rødovre Centrum	COULD NOT RETRIEVE									
PureGym	DK	Silkeborg Papirfabrikken	Papirfabrikken 22, 8600 Silkeborg	05:00-00:00	09:00-19:00	05:00-00:00	09:00-17:00	05:00-00:00	08:00-13:00	05:00-00:00	08:00-13:00	
PureGym	DK	Silkeborg Stagehøjvej	Stagehøjvej 27, 8600 Silkeborg	05:00-00:00	10:00-18:00	05:00-00:00	10:00-16:00	05:00-00:00	09:00-13:00	05:00-00:00	09:00-13:00	
PureGym	DK	Skanderborg Adelgade	Sygehusvej 26, 8660 Skanderborg	05:00-00:00	10:00-18:00	05:00-00:00	10:00-16:00	05:00-00:00	09:00-13:00	05:00-00:00	09:00-13:00	
PureGym	DK	Slagelse Bornholmsvej	Bornholmsvej 1, 4200 Slagelse	05:00-00:00	10:00-18:00	05:00-00:00	10:00-16:00	05:00-00:00	09:00-13:00	05:00-00:00	09:00-13:00	
PureGym	DK	Slagelse City 3	COULD NOT RETRIEVE									
PureGym	DK	Slangerup Idrætsvej	Idrætsvej 5, 3550 Slangerup	05:00-00:00	10:00-18:00	05:00-00:00	10:00-16:00	05:00-00:00	09:00-13:00	05:00-00:00	09:00-13:00	
PureGym	DK	Solrød Center	Solrød Center 110, 2680 Solrød Strand	05:00-00:00	10:00-18:00	05:00-00:00	10:00-16:00	05:00-00:00	09:00-13:00	05:00-00:00	09:00-13:00	
PureGym	DK	Stenløse Centertorvet	Rådhustorvet 25, 3660 Stenløse	05:00-00:00	10:00-18:00	05:00-00:00	10:00-16:00	05:00-00:00	09:00-13:00	05:00-00:00	09:00-13:00	
PureGym	DK	Søborg Søborg Hovedgade	Søborg Hovedgade 27, 2870 Dyssegård	05:00-00:00	09:00-19:00	05:00-00:00	09:00-17:00	05:00-00:00	08:00-13:00	05:00-00:00	08:00-13:00	
PureGym	DK	Søborg Telefonvej	COULD NOT RETRIEVE									
PureGym	DK	Sønderborg Centerpassagen	COULD NOT RETRIEVE									
PureGym	DK	Taastrup Torv	Taastrup Torv 2, 2630 Taastrup	05:00-00:00	09:00-19:00	05:00-00:00	09:00-17:00	05:00-00:00	08:00-13:00	05:00-00:00	08:00-13:00	
PureGym	DK	Valby Mosedalvej	COULD NOT RETRIEVE									
PureGym	DK	Vallensbæk Stationstorv	Vallensbæk Stationstorv 65, 2665 Vallensbæk Strand	05:00-00:00	10:00-18:00	05:00-00:00	10:00-16:00	05:00-00:00	09:00-13:00	05:00-00:00	09:00-13:00	
PureGym	DK	Vanløse Skalbakken	Skalbakken 10, 2720 Vanløse	05:00-00:00	10:00-18:00	05:00-00:00	10:00-16:00	05:00-00:00	09:00-13:00	05:00-00:00	09:00-13:00	
PureGym	DK	Vanløse Torv	Apollovej 33, 2720 Vanløse	05:00-00:00	10:00-18:00	05:00-00:00	10:00-16:00	05:00-00:00	09:00-13:00	05:00-00:00	09:00-13:00	
PureGym	DK	Vejle Bredballe	Bredballe Center 24, 7120 Vejle Øst	05:00-00:00	10:00-18:00	05:00-00:00	10:00-16:00	05:00-00:00	09:00-13:00	05:00-00:00	09:00-13:00	
PureGym	DK	Vejle Damhaven	Damhaven 1, 7100 Vejle	05:00-00:00	10:00-18:00	05:00-00:00	10:00-16:00	05:00-00:00	09:00-13:00	05:00-00:00	09:00-13:00	
PureGym	DK	Viborg Slagterivej	Slagterivej 2, 8800 Viborg	05:00-00:00	10:00-18:00	05:00-00:00	10:00-16:00	05:00-00:00	09:00-13:00	05:00-00:00	09:00-13:00	
PureGym	DK	Værløse Kirke Værløsevej	Kirke Værløsevej 32, 3500 Værløse	05:00-00:00	09:00-19:00	05:00-00:00	09:00-17:00	05:00-00:00	08:00-13:00	05:00-00:00	08:00-13:00	
LOOP Fitness	DK	Aarhus C	Søren Frichs Vej 44, 8230 Åbyhøj	05:00-22:00	07:30-12:00 & 15:00-19:00	05:00-22:00	07:30-12:00 & 14:00-18:00	05:00-22:00	08:00-12:00	05:00-22:00	08:00-12:00	
LOOP Fitness	DK	Skovlunde	Bybjergvej 6D, 2740 Skovlunde	05:00-22:00	Se noter	05:00-22:00	09:00-12:00	05:00-22:00	Ikke bemandet	05:00-22:00	12:00-14:00	Bem. Man/Ons 15-18; Tir/Tor/Fre 09-12; Lør ikke bemandet; Søn 12-14
LOOP Fitness	DK	Tønder	Nørremarksvej 31, 6270 Tønder	05:00-23:00	Se noter	05:00-23:00	08:00-11:00	05:00-23:00	09:00-11:00	05:00-23:00	09:00-11:00	Bem. Man/Ons/Fre 08-11; Tir 16-19; Tor 16-18; Lør/Søn 09-11
LOOP Fitness	DK	Flintholm	Stig Lommers Plads 1, 2000 Frederiksberg	05:00-22:00	Se noter	05:00-22:00	09:00-14:00	05:00-22:00	09:00-12:00	05:00-22:00	09:00-12:00	Bem. Man 09-13:45; Tir/Ons 09-14 & 16-19; Tor/Fre 09-14
LOOP Fitness	DK	Frederiksberg	Nordre Fasanvej 43, 2000 Frederiksberg	05:00-22:00	Se noter	05:00-22:00	09:00-14:00	05:00-22:00	09:00-12:00	05:00-22:00	09:00-12:00	Bem. Man 12:15-19; Tir 09-13; Ons 09-14 & 15-18; Tor 09-14 & 16-19; Fre 09-14
LOOP Fitness	DK	Østerbro	Teglværksgade 37, 2100 København Ø	05:00-22:00	Se noter	05:00-22:00	08:30-13:00	05:00-22:00	09:00-12:00	05:00-22:00	09:00-12:00	Bem. Man/Tor 08:30-16; Tir 08:30-13:30 & 15-18; Ons 08:30-12:45 & 16-19; Fre 08:30-13
LOOP Fitness	DK	Peter Bangs Vej	Peter Bangs Vej 39a, 2000 Frederiksberg	05:00-22:00	Se noter	05:00-22:00	09:00-13:00	05:00-22:00	09:00-12:00	05:00-22:00	09:00-12:00	Bem. Man 09-13 & 15-18; Tir 15-18; Ons 09-13; Tor 09-12; Fre 09-13
LOOP Fitness	DK	Sydhavns Plads	Sydhavns Plads 12, 2450 København SV	05:00-22:00	Se noter	05:00-22:00	08:30-12:00	05:00-22:00	09:00-12:00	05:00-22:00	09:00-12:00	Bem. Man 08:15-16; Tir/Ons 08:30-16; Tor 13-17; Fre 08:30-12
LOOP Fitness	DK	Valby	Toftegårds Allé 9A, 2500 Valby	05:00-22:00	Se noter	05:00-22:00	09:00-12:00	05:00-22:00	09:00-12:00	05:00-22:00	09:00-12:00	Bem. Man 08-14 & 16-19; Tir/Tor 09-14; Ons 09-13 & 15:45-19; Fre 09-12
LOOP Fitness	DK	Kastrup	Amager Landevej 233, 2770 Kastrup	05:00-24:00	Se noter	05:00-24:00	08:00-12:00	05:00-24:00	09:00-12:00	05:00-24:00	09:00-12:00	Bem. Man/Ons 08-14; Tir/Tor 08-12 & 16-19; Fre 08-12
LOOP Fitness	DK	Amager Strandlodsvej	Strandlodsvej 9 R, 2300 København S	05:00-24:00	Se noter	05:00-24:00	09:00-12:00	05:00-24:00	09:00-12:00	05:00-24:00	09:00-12:00	Bem. Man 15-18; Tir 09-12; Ons 09-12 & 15-18; Tor 09-12 & 14-18; Fre 09-12
LOOP Fitness	DK	Dragør	A.P. Møllers Allé 13, 2791 Dragør	05:00-22:00	Se noter	05:00-22:00	Ikke bemandet	05:00-22:00	09:00-12:00	05:00-22:00	09:00-12:00	Bem. Man 08-12 & 16-18; Tir 08-12; Ons 08-12 & 16-19; Tor 08-12 & 17-20; Fre ikke bemandet
LOOP Fitness	DK	Vanløse	Jernbane Allé 42A, 2720 Vanløse	05:00-22:00	Se noter	05:00-22:00	09:00-13:00	05:00-22:00	09:00-12:00	05:00-22:00	09:00-12:00	Bem. Man 08-13 & 16-19; Tir 08-19; Ons 09-14 & 16-19; Tor 09-14; Fre 09-13
LOOP Fitness	DK	Rødovre	Rødovre Centrum, Højnæsvej 73, 2610 Rødovre	05:00-22:00	Se noter	05:00-22:00	09:00-12:00	05:00-22:00	09:00-12:00	05:00-22:00	09:00-12:00	Bem. Man 08-14 & 15-18; Tir 08-09:30 & 11-14 & 15-18; Ons 08-14; Tor 12-18; Fre 09-12
LOOP Fitness	DK	Hvidovre	Arnold Nielsens Boulevard 144, 2650 Hvidovre	05:00-22:00	Se noter	05:00-22:00	08:30-12:30 & 14-18	05:00-22:00	09:00-12:00	05:00-22:00	08:00-11:00	Bem. Man 08-13:30 & 16-19; Tir 09-14; Ons 08-12:30 & 15-18; Tor 14-17; Fre 08:30-12:30 & 14-18; Søn 08-11
LOOP Fitness	DK	Søborg	Tobaksvejen 20, 2860 Søborg	05:00-22:00	Se noter	05:00-22:00	09:00-14:00	05:00-22:00	09:00-12:00	05:00-22:00	09:00-12:00	Bem. Man 09-18; Tir 09-14 & 15-18; Ons 09-19; Tor 09-14 & 16-19; Fre 09-14
LOOP Fitness	DK	Bagsværd	Vadstrupvej 41, 2880 Bagsværd	05:00-22:00	Se noter	05:00-22:00	09:00-12:00	05:00-22:00	09:00-12:00	05:00-22:00	09:00-12:00	Bem. Man 09-12 & 15:30-18:30; Tir-Fre 09-12; Lør/Søn 09-12
LOOP Fitness	DK	Hellerup	Strandvejen 209, 2900 Hellerup	05:00-22:00	Se noter	05:00-22:00	09:00-14:00	05:00-22:00	12:30-13:30	05:00-22:00	12:15-14:00	Bem. Man 09-18; Tir/Ons 09-15; Tor 15-18; Fre 09-14; Lør 12:30-13:30; Søn 12:15-14
LOOP Fitness	DK	Brønshøj	Frederikssundsvej 266, 2700 Brønshøj	05:00-22:00	Se noter	05:00-22:00	09:00-14:00	05:00-22:00	09:00-12:00	05:00-22:00	09:00-12:00	Bem. Man/Ons 09-12 & 14-19; Tir/Tor 09-16; Fre 09-14
LOOP Fitness	DK	Herlev	Herlev Hovedgade 201B 1. sal, 2730 Herlev	05:00-22:00	Se noter	05:00-22:00	08:00-14:00	05:00-22:00	09:00-12:00	05:00-22:00	09:00-12:00	Bem. Man 08-16; Tir/Ons/Fre 08-14; Tor 12-19
LOOP Fitness	DK	Tranbjerg J	Børupvej 3, 8310 Tranbjerg J	05:00-23:00	Se noter	05:00-23:00	08:00-11:00	05:00-23:00	09:00-11:00	05:00-23:00	09:00-11:00	Bem. Man 08-12 & 16-18; Tir 12:30-16:30; Ons/Fre 08-11; Tor 13:30-16:30; Lør/Søn 09-11
LOOP Fitness	DK	Vordingborg	Rådhustorvet 4D, 4760 Vordingborg	05:00-24:00	Se noter	05:00-24:00	08:00-11:00	05:00-24:00	09:00-12:00	05:00-24:00	09:00-12:00	Bem. Man/Ons/Fre 08-11; Tir 15-18; Tor 16-19
LOOP Fitness	DK	Asnæs	Nygade 1, 4550 Asnæs	05:00-22:00	Se noter	05:00-22:00	08:00-11:00	05:00-22:00	10:00-12:00	05:00-22:00	10:00-12:00	Bem. Man/Ons 08-11 & 15-18; Tir/Fre 08-11; Tor ikke bemandet; Lør/Søn 10-12
LOOP Fitness	DK	Assens	Søndre Ringvej 12, 5610 Assens	05:00-22:00	09:00-12:00	05:00-22:00	09:00-12:00	05:00-22:00	09:00-11:00	05:00-22:00	09:00-11:00	
LOOP Fitness	DK	Odense SØ	Unsbjergvej 4, 5220 Odense SØ	05:00-24:00	Se noter	05:00-24:00	08:00-13:00 & 16-19	05:00-24:00	09:00-12:00	05:00-24:00	09:00-12:00	Bem. Man/Tor 09-13 & 16-19; Tir/Ons/Fre 08-13 & 16-19
LOOP Fitness	DK	Risskov	Ravnsøvej 15, 1. sal, 8240 Risskov	05:00-22:00	08:00-11:30 & 15:00-18:00	05:00-22:00	08:00-11:30 & 14:00-17:00	05:00-22:00	08:00-11:30	05:00-22:00	08:00-11:30	Bem. Man-Tor 08-11:30 & 15-18; Fre 08-11:30 & 14-17
LOOP Fitness	DK	Frederikshavn	Grønlandsvej 12, 9900 Frederikshavn	05:00-22:00	08:00-12:00 & 15:00-18:00	05:00-22:00	08:00-12:00 & 15:00-18:00	05:00-22:00	09:00-11:00	05:00-22:00	10:00-12:00	Søn 10-12
LOOP Fitness	DK	Søndersø	Vesterled 16, 5471 Søndersø	05:00-22:00	09:00-12:00	05:00-22:00	09:00-12:00	05:00-22:00	09:00-11:00	05:00-22:00	09:00-11:00	
LOOP Fitness	DK	Odense V	Middelfartvej 131, 5200 Odense V	05:00-22:00	Se noter	05:00-22:00	09:00-10:00	05:00-22:00	09:00-12:00	05:00-22:00	09:00-12:00	Bem. Man/Tir 09-12 & 16-18; Ons 09-11; Tor 08-11; Fre 09-10
LOOP Fitness	DK	Skødstrup	Rosenbakken 1, 8541 Skødstrup	06:00-22:00	Se noter	06:00-22:00	07:30-10:30	06:00-22:00	09:00-11:00	06:00-22:00	09:00-11:00	Bem. Man/Tir 09-12; Ons 15:30-18:30; Tor 16-19; Fre 07:30-10:30
LOOP Fitness	DK	Odense C Vesterbro	Vesterbro 39, 5000 Odense C	05:00-22:00	Se noter	05:00-22:00	09:00-10:30	05:00-22:00	09:00-10:00	05:00-22:00	09:00-10:00	Bem. Man/Tir 09-12; Ons 11-12; Tor/Fre 09-10:30; Lør/Søn 09-10
LOOP Fitness	DK	Odder	Rådhusgade 96, 8300 Odder	05:00-22:00	Se noter	05:00-22:00	09:00-12:00	05:00-22:00	10:00-12:00	05:00-22:00	10:00-12:00	Bem. Man/Ons 15-18; Tir/Tor/Fre 09-12; Lør/Søn 10-12
LOOP Fitness	DK	Viborg	Falkevej 19, 8800 Viborg	05:00-24:00	Se noter	05:00-24:00	07:00-14:00	05:00-24:00	09:00-12:00	05:00-24:00	09:00-12:00	Bem. Man 07-19; Tir/Tor 07-13 & 15:30-19; Ons 07-18; Fre 07-14; Lør/Søn 09-12
LOOP Fitness	DK	Randers	Mariagervej 67, 8920 Randers NV	05:00-24:00	Se noter	05:00-24:00	08:00-13:00	05:00-24:00	08:00-11:00	05:00-24:00	08:00-11:00	Bem. Man/Ons/Tor 07:30-13 & 15-19; Tir 07:30-13 & 15-18; Fre 08-13; Lør/Søn 08-11
LOOP Fitness	DK	Randers SV	Gamle Stationsvej 3, 8940 Randers SV	05:00-24:00	08:00-11:00	05:00-24:00	08:00-11:00	05:00-24:00	08:00-10:00	05:00-24:00	08:00-10:00	
LOOP Fitness	DK	Skive	Ågade 1A, 7800 Skive	05:00-24:00	Se noter	05:00-24:00	07:00-11:00	05:00-24:00	09:00-11:00	05:00-24:00	09:00-11:00	Bem. Man 07-11; Tir 15-18; Ons/Tor 07-12; Fre 07-11; Lør/Søn 09-11
LOOP Fitness	DK	Hørning	Rådhuspladsen 2A, st, 8362 Hørning	05:00-24:00	Se noter	05:00-24:00	08:00-11:00	05:00-24:00	09:00-11:00	05:00-24:00	09:00-11:00	Bem. Man 08-11:30; Tir-Fre 08-11; Lør/Søn 09-11
LOOP Fitness	DK	Hornslet	Tingvej 41, 8543 Hornslet	05:00-22:00	Se noter	05:00-22:00	08:00-11:00	05:00-22:00	09:00-11:00	05:00-22:00	09:00-11:00	Bem. Man 08-11 & 16-18; Tir/Tor/Fre 08-11; Ons 08-11 & 15-17; Lør/Søn 09-11
LOOP Fitness	DK	Aalborg SØ	Gugvej 217, 9210 Aalborg SØ	05:00-22:00	Se noter	05:00-22:00	07:00-12:00	05:00-22:00	08:00-12:00	05:00-22:00	08:00-12:00	Bem. Man 08-12 & 15-18; Tir-Tor 08-12; Fre 07-12; Lør/Søn 08-12
LOOP Fitness	DK	Hobro	Adelgade 40E, 9500 Hobro	05:00-22:00	Se noter	05:00-22:00	12:00-14:00	05:00-22:00	09:00-11:00	05:00-22:00	Ikke bemandet	Bem. Man/Ons 09-12; Tir/Tor 15-18; Fre 12-14; Lør 09-11; Søn ikke bemandet
LOOP Fitness	DK	Holstebro	Magnus Kjærs Gade 4, 7500 Holstebro	05:00-24:00	Se noter	05:00-24:00	07:00-11:00	05:00-24:00	09:00-11:00	05:00-24:00	09:00-11:00	Bem. Man 07-12; Tir 07-11 & 15-18; Ons 08-12; Tor 08-11 & 15-18; Fre 07-11; Lør/Søn 09-11
LOOP Fitness	DK	Herning	Merkurvej 163, 7400 Herning	05:00-24:00	Se noter	05:00-24:00	08:30-11:30	05:00-24:00	09:00-12:00	05:00-24:00	09:00-12:00	Bem. Man 08-13:30 & 16-19; Tir 08:30-13 & 16-19; Ons/Tor 08:30-11:30 & 16-19; Fre 08:30-11:30; Lør/Søn 09-12
LOOP Fitness	DK	Nørresundby	Skrågade 10, 9400 Nørresundby	05:00-23:00	Se noter	05:00-23:00	08:00-11:00	05:00-23:00	08:00-11:00	05:00-23:00	08:00-11:00	Bem. Man/Ons 08-11 & 16-19; Tir/Tor 08-12; Fre/Lør/Søn 08-11
LOOP Fitness	DK	Horsens	Høegh Guldbergsgade 36, 8700 Horsens	05:00-24:00	Se noter	05:00-24:00	07:00-12:00	05:00-24:00	09:00-12:00	05:00-24:00	09:00-12:00	Bem. Man/Ons/Fre 07-12 (+ Man/Ons 15-19); Tir/Tor 08-12 & 15-19; Fre 07-12; Lør/Søn 09-12
LOOP Fitness	DK	Silkeborg	Nørrevænget 5D, 8600 Silkeborg	05:00-24:00	Se noter	05:00-24:00	08:00-12:00	05:00-24:00	08:00-11:00	05:00-24:00	08:00-11:00	Bem. Man-Tor 08-12 & 15:30-19 (Tir til 19:30); Fre 08-12; Lør/Søn 08-11
LOOP Fitness	DK	Vejle	Horsensvej 72C, 7100 Vejle	05:00-24:00	Se noter	05:00-24:00	07:00-13:00	05:00-24:00	Ikke bemandet	05:00-24:00	08:00-11:00	Bem. Man 07-13 & 16-19; Tir 12-18; Ons-Fre 07-13; Lør ikke bemandet; Søn 08-11
LOOP Fitness	DK	Kolding	Albuen 5, 6000 Kolding	05:00-24:00	Se noter	05:00-24:00	07:00-11:00	05:00-24:00	08:00-11:00	05:00-24:00	08:00-11:00	Bem. Man/Tor 08-12 & 15-18; Tir 08-11 & 15-18; Ons/Fre 07-11 (+ Ons 15-18); Lør/Søn 08-11
LOOP Fitness	DK	Svendborg	Ørbækvej 3, 5700 Svendborg	05:00-22:00	08:30-11:30	05:00-22:00	Ikke bemandet	05:00-22:00	08:30-11:30	05:00-22:00	08:30-11:30	Fre ikke bemandet
LOOP Fitness	DK	Næstved	Merkurvej 6, 4700 Næstved	04:00-24:00	Se noter	04:00-24:00	07:00-12:00	04:00-24:00	08:00-13:00	04:00-24:00	08:00-13:00	Bem. Man/Ons 07-20; Tir/Tor 07-12 & 16-20; Fre 07-12; Lør/Søn 08-13
LOOP Fitness	DK	Ringsted	Huginsvej 2, 4100 Ringsted	05:00-24:00	Se noter	05:00-24:00	07:00-12:00 & 15:30-18:00	05:00-24:00	09:00-12:00	05:00-24:00	09:00-12:00	Bem. Man/Ons 07-19; Tir/Tor 07-12 & 15-19; Fre 07-12 & 15:30-18; Lør/Søn 09-12
LOOP Fitness	DK	Esbjerg	Tordenskjoldsgade 9, 6700 Esbjerg	05:00-22:00	Se noter	05:00-22:00	07:30-12:00	05:00-22:00	Ikke bemandet	05:00-22:00	09:00-11:00	Bem. Man 10-14:30; Tir/Ons 07:30-14; Tor 11-17; Fre 07:30-12; Lør ikke bemandet; Søn 09-11
LOOP Fitness	DK	Slagelse	Kongstedsvej 2, 4200 Slagelse	05:00-24:00	07:00-12:00 & 16:00-19:00	05:00-24:00	07:00-12:00	05:00-24:00	09:00-12:00	05:00-24:00	09:00-12:00	
LOOP Fitness	DK	Kalundborg	Nytorv 6, 4400 Kalundborg	05:00-24:00	07:00-19:00	05:00-24:00	07:00-16:00	05:00-24:00	09:00-12:00	05:00-24:00	09:00-12:00	
LOOP Fitness	DK	Frederiksberg	Nordre Fasanvej 43, 2000 Frederiksberg	05:00-22:00	Se noter	05:00-22:00	09:00-14:00	05:00-22:00	09:00-12:00	05:00-22:00	09:00-12:00	Bem. Man 12:15-19; Tir 09-13; Ons 09-14 & 15-18; Tor 09-14 & 16-19; Fre 09-14; Lør/Søn 09-12
LOOP Fitness	DK	Frederiksværk	Havtornvej 6, 3300 Frederiksværk	05:00-22:00	Se noter	05:00-22:00	09:00-12:00	05:00-22:00	10:00-12:00	05:00-22:00	09:00-12:00	Bem. Man 09-13 & 16-20; Tir/Tor 16-19; Ons/Fre 09-12; Lør 10-12; Søn 09-12
LOOP Fitness	DK	Hillerød	Vølundsvej 9, 3400 Hillerød	05:00-22:00	Se noter	05:00-22:00	09:00-12:00	05:00-22:00	09:00-12:00	05:00-22:00	09:00-12:00	Bem. Man/Ons 09-12 & 15-18; Tir/Tor/Fre/Lør/Søn 09-12
LOOP Fitness	DK	Brønderslev	Håndværkervej 1, 9700 Brønderslev	05:00-22:00	Se noter	05:00-22:00	08:00-12:00	05:00-22:00	09:00-12:00	05:00-22:00	09:00-11:00	Bem. Man 08-12 & 16-18; Tir-Tor 08-12 & 15-18; Fre 08-12; Lør 09-12; Søn 09-11
LOOP Fitness	DK	Skanderborg	Godthåbsvej 29, 8660 Skanderborg	05:00-22:00	Se noter	05:00-22:00	07:00-13:00	05:00-22:00	08:00-12:00	05:00-22:00	08:00-12:00	Bem. Man/Ons 07-12 & 16-18:30; Tir/Tor 08-12 & 16-18:30; Fre 07-13; Lør/Søn 08-12
LOOP Fitness	DK	Vanløse	Jernbane Allé 42A, 2720 Vanløse	05:00-22:00	Se noter	05:00-22:00	09:00-13:00	05:00-22:00	09:00-12:00	05:00-22:00	09:00-12:00	Bem. Man 08-13 & 16-19; Tir 08-19; Ons 09-14 & 16-19; Tor 09-14; Fre 09-13; Lør/Søn 09-12
LOOP Fitness	DK	Østerbro	Teglværksgade 37, 2100 København Ø	05:00-22:00	Se noter	05:00-22:00	08:30-13:00	05:00-22:00	09:00-12:00	05:00-22:00	09:00-12:00	Bem. Man/Tor 08:30-16; Tir 08:30-13:30 & 15-18; Ons 08:30-12:45 & 16-19; Fre 08:30-13; Lør/Søn 09-12
LOOP Fitness	DK	Dalum	Dalumvej 43, 5250 Odense SV	05:00-22:00	Se noter	05:00-22:00	09:00-12:00	05:00-22:00	09:00-12:00	05:00-22:00	10:30-12:00	Bem. Man 09-14:30 & 16-18; Tir 09-14; Ons 09-13; Tor 08:30-11; Fre/Lør 09-12; Søn 10:30-12
LOOP Fitness	DK	Værløse	Kirke Værløsevej 14, 3500 Værløse	05:00-22:00	Se noter	05:00-22:00	08:00-12:00	05:00-22:00	09:00-11:00	05:00-22:00	12:00-14:00	Bem. Man 14-18; Tir ikke bemandet; Ons 13:30-17:30; Tor 09:30-13:30; Fre 08-12; Lør 09-11; Søn 12-14
LOOP Fitness	DK	Køge	Marksvinget 19, 4600 Køge	05:00-24:00	Se noter	05:00-24:00	08:00-13:00	05:00-24:00	Ikke bemandet	05:00-24:00	09:00-12:00	Bem. Man/Ons 08-14; Tir 08-14 & 16-19; Tor 09-12; Fre 08-13; Lør ikke bemandet; Søn 09-12
LOOP Fitness	DK	Glostrup	Hermods Alle 6, 2600 Glostrup	05:00-22:00	Se noter	05:00-22:00	09:00-12:00	05:00-22:00	09:00-12:00	05:00-22:00	Ikke bemandet	Bem. Man 09-14; Tir/Tor 13-17; Ons 09-12 & 13-17; Fre/Lør 09-12; Søn ikke bemandet
LOOP Fitness	DK	Brønshøj	Frederikssundsvej 266, 2700 Brønshøj	05:00-22:00	Se noter	05:00-22:00	09:00-14:00	05:00-22:00	09:00-12:00	05:00-22:00	09:00-12:00	Bem. Man/Ons 09-12 & 14-19; Tir/Tor 09-16; Fre 09-14; Lør/Søn 09-12
LOOP Fitness	DK	Ringkøbing	Vellingvej 49, 6950 Ringkøbing	05:00-24:00	Se noter	05:00-24:00	08:00-11:00	05:00-24:00	09:00-11:00	05:00-24:00	09:00-11:00	Bem. Man/Tir/Tor 08-11 & 15-18; Ons/Fre 08-11; Lør/Søn 09-11
LOOP Fitness	DK	Nykøbing Mors	Grønnegade 29, 7900 Nykøbing M	05:00-24:00	08:00-12:00	05:00-24:00	08:00-12:00	05:00-24:00	09:00-11:00	05:00-24:00	09:00-11:00	
LOOP Fitness	DK	Hinnerup	Storegade 11, 8382 Hinnerup	05:00-22:00	Se noter	05:00-22:00	12:00-15:00	05:00-22:00	09:00-11:00	05:00-22:00	Ikke bemandet	Bem. Man/Tir 14-17; Ons 09-12; Tor 08-11; Fre 12-15; Lør 09-11; Søn ikke bemandet
LOOP Fitness	DK	Snekkersten	Snekkersten Stationsvej 25, 3070 Snekkersten	05:00-22:00	Se noter	05:00-22:00	09:00-12:00	05:00-22:00	09:00-12:00	05:00-22:00	09:00-12:00	Bem. Man 09-14; Tir ikke bemandet; Ons 09-12; Tor 09-14 & 16-18; Fre/Lør/Søn 09-12
LOOP Fitness	DK	Hvidovre	Arnold Nielsens Boulevard 144, 2650 Hvidovre	05:00-22:00	Se noter	05:00-22:00	08:30-12:30	05:00-22:00	09:00-12:00	05:00-22:00	08:00-11:00	Bem. Man 08-13:30 & 16-19; Tir 09-14; Ons 08-12:30 & 15-18; Tor 14-17; Fre 08:30-12:30 & 14-18; Lør 09-12; Søn 08-11
LOOP Fitness	DK	Roskilde	Byleddet 1, 4000 Roskilde	05:00-24:00	Se noter	05:00-24:00	08:30-14:30	05:00-24:00	09:00-12:00	05:00-24:00	08:00-13:30	Bem. Man 09-13; Tir 09-12 & 17-20; Ons/Tor 09-15; Fre 08:30-14:30; Lør 09-12; Søn 08-13:30
LOOP Fitness	DK	Greve	Håndværkerbyen 36, 2670 Greve	05:00-22:00	Se noter	05:00-22:00	08:00-11:00	05:00-22:00	09:00-13:00	05:00-22:00	09:00-13:00	Bem. Man 09-19; Tir 09-13 & 14-18; Ons 09-14 & 16-19; Tor 09-12; Fre 08-11; Lør/Søn 09-13
LOOP Fitness	DK	Rødovre	Rødovre Centrum, Højnæsvej 73, 2610 Rødovre	05:00-22:00	Se noter	05:00-22:00	09:00-12:00	05:00-22:00	09:00-12:00	05:00-22:00	09:00-12:00	Bem. Man 08-14 & 15-18; Tir 08-09:30 & 11-14 & 15-18; Ons 08-14; Tor 12-18; Fre/Lør/Søn 09-12
LOOP Fitness	DK	Aarhus V	Bredskiftevej 20A, 8210 Aarhus V	05:00-24:00	Se noter	05:00-24:00	07:00-12:00	05:00-24:00	Ikke bemandet	05:00-24:00	08:00-11:00	Bem. Man 07-11:30; Tir/Fre 07-12; Ons 07-11; Tor 07-13; Lør ikke bemandet; Søn 08-11
LOOP Fitness	DK	Viby	Skanderborgvej 224B, 8260 Viby J	05:00-22:00	Se noter	05:00-22:00	08:00-11:00	05:00-22:00	09:00-11:00	05:00-22:00	09:00-11:00	Bem. Man/Ons/Tor/Fre 08-11; Tir 08-12 & 16-18; Lør/Søn 09-11
LOOP Fitness	DK	Sæby	Sophus Falcksvej 1, 9300 Sæby	05:00-22:00	Se noter	05:00-22:00	07:00-11:00	05:00-22:00	08:00-10:00	05:00-22:00	08:00-10:00	Bem. Man/Ons 07-11 & 16-18; Tir 08-11 & 16-18; Tor 08-11; Fre 07-11; Lør/Søn 08-10
LOOP Fitness	DK	Nykøbing Falster	Nygade 25, 4800 Nykøbing F	05:00-22:00	Se noter	05:00-22:00	08:30-13:30	05:00-22:00	08:30-11:00	05:00-22:00	Ikke bemandet	Bem. Man 08:30-18; Tir/Fre 08:30-13:30; Ons 08:30-14; Tor 08:30-11:30 & 12:30-17:30; Lør 08:30-11; Søn ikke bemandet
LOOP Fitness	DK	Holstebro	Magnus Kjærs Gade 4, 7500 Holstebro	05:00-24:00	Se noter	05:00-24:00	07:00-11:00	05:00-24:00	09:00-11:00	05:00-24:00	09:00-11:00	Bem. Man 07-12; Tir/Tor 07-11 & 15-18; Ons 08-12; Fre 07-11; Lør/Søn 09-11
LOOP Fitness	DK	Odense V	Middelfartvej 131, 5200 Odense	05:00-22:00	Se noter	05:00-22:00	09:00-10:00	05:00-22:00	09:00-12:00	05:00-22:00	09:00-12:00	Bem. Man/Tir 09-12 & 16-18; Ons 09-11; Tor 08-11; Fre 09-10; Lør/Søn 09-12
LOOP Fitness	DK	Nyborg	Dronningensvej 5, 5800 Nyborg	05:00-24:00	Se noter	05:00-24:00	09:00-12:00	05:00-24:00	09:00-12:00	05:00-24:00	09:00-12:00	Bem. Man/Ons 09-12 & 16-19; Tir/Tor 16-19; Fre/Lør/Søn 09-12
LOOP Fitness	DK	Støvring	Elme Allé 1 A, 9530 Støvring	05:00-22:00	Se noter	05:00-22:00	Ikke bemandet	05:00-22:00	07:00-10:00	05:00-22:00	08:00-11:00	Bem. Man/Ons 16-19; Tir 07-10; Tor 06-10; Fre ikke bemandet; Lør 07-10; Søn 08-11
LOOP Fitness	DK	Thisted	Nørretorv 6B, 7700 Thisted	05:00-24:00	08:00-12:00	05:00-24:00	08:00-12:00	05:00-24:00	09:00-11:00	05:00-24:00	08:00-11:00	
LOOP Fitness	DK	Haslev	Grønlandsgade 1-3, 4690 Haslev	05:00-24:00	09:00-12:00 & 16:00-19:00	05:00-24:00	09:00-12:00	05:00-24:00	09:00-12:00	05:00-24:00	09:00-12:00	
LOOP Fitness	DK	Odense C Østerbro	Østerbro 20, 5000 Odense C	05:00-22:00	Se noter	05:00-22:00	11:00-12:00	05:00-22:00	11:00-12:00	05:00-22:00	11:00-12:00	Bem. Man/Tir 09-12; Ons 09-10:30; Tor 11-13; Fre/Lør/Søn 11-12
LOOP Fitness	DK	Aalborg C	Sjællandsgade 16-22, 9000 Aalborg	05:00-22:00	Se noter	05:00-22:00	08:00-12:00	05:00-22:00	08:00-11:00	05:00-22:00	08:00-11:00	Bem. Man 08-11 & 15-18; Tir/Tor 15-18; Ons 06:30-09:30 & 15-18; Fre 08-12; Lør/Søn 08-11
LOOP Fitness	DK	Hadsten	Gammel Sellingvej 1, 8370 Hadsten	05:00-24:00	Se noter	05:00-24:00	09:00-12:00	05:00-24:00	09:30-11:30	05:00-24:00	09:00-11:00	Bem. Man/Ons 16-19; Tir/Fre 09-12; Tor 15-18; Lør 09:30-11:30; Søn 09-11
LOOP Fitness	DK	Aalborg SØ	Gugvej 217, 9210 Aalborg SØ	05:00-22:00	Se noter	05:00-22:00	07:00-12:00	05:00-22:00	08:00-12:00	05:00-22:00	08:00-12:00	Bem. Man 08-12 & 15-18; Tir/Ons/Tor/Lør/Søn 08-12; Fre 07-12
LOOP Fitness	DK	Nørresundby	Skrågade 10, 9400 Nørresundby	05:00-23:00	Se noter	05:00-23:00	08:00-12:00	05:00-23:00	08:00-11:00	05:00-23:00	08:00-11:00	Bem. Man/Ons 08-11 & 16-19; Tir/Tor 08-12; Fre/Lør/Søn 08-11
LOOP Fitness	DK	Herlev	Herlev Hovedgade 201B, 2730 Herlev	05:00-22:00	Se noter	05:00-22:00	08:00-14:00	05:00-22:00	09:00-12:00	05:00-22:00	09:00-12:00	Bem. Man 08-16; Tir/Ons/Fre 08-14; Tor 12-19; Lør/Søn 09-12
LOOP Fitness	DK	Fredericia	Sanddal Bakke 21, 7000 Fredericia	05:00-24:00	Se noter	05:00-24:00	07:30-12:30	05:00-24:00	09:00-11:00	05:00-24:00	09:00-11:00	Bem. Man/Tir/Fre 07:30-12:30; Ons 07-12; Tor 14-19; Lør/Søn 09-11
LOOP Fitness	DK	Søborg	Tobaksvejen 20, 2860 Søborg	05:00-22:00	Se noter	05:00-22:00	09:00-14:00	05:00-22:00	09:00-12:00	05:00-22:00	09:00-12:00	Bem. Man 09-18; Tir 09-14 & 15-18; Ons 09-19; Tor 09-14 & 16-19; Fre 09-14; Lør/Søn 09-12
LOOP Fitness	DK	Valby	Toftegårds Allé 9A, 2500 Valby	05:00-22:00	Se noter	05:00-22:00	09:00-12:00	05:00-22:00	09:00-12:00	05:00-22:00	09:00-12:00	Bem. Man 08-14 & 16-19; Tir/Tor 09-14; Ons 09-13 & 15:45-19; Fre/Lør/Søn 09-12
LOOP Fitness	DK	Holbæk	Tåstrup Møllevej 5, 4300 Holbæk	05:00-24:00	Se noter	05:00-24:00	07:00-12:00	05:00-24:00	09:00-12:00	05:00-24:00	09:00-12:00	Bem. Man/Ons 07-13; Tir/Tor 07-13 & 16:30-19:30; Fre 07-12; Lør/Søn 09-12
LOOP Fitness	DK	Odense SØ	Unsbjergvej 4, 5220 Odense SØ	05:00-24:00	Se noter	05:00-24:00	08:00-13:00 & 16:00-19:00	05:00-24:00	09:00-12:00	05:00-24:00	09:00-12:00	Bem. Man/Tor 09-13 & 16-19; Tir/Ons/Fre 08-13 & 16-19; Lør/Søn 09-12
LOOP Fitness	DK	Skødstrup	Rosenbakken 1, 8541 Skødstrup	06:00-22:00	Se noter	06:00-22:00	07:30-10:30	06:00-22:00	09:00-11:00	06:00-22:00	09:00-11:00	Bem. Man/Tir 09-12; Ons 15:30-18:30; Tor 16-19; Fre 07:30-10:30; Lør/Søn 09-11
LOOP Fitness	DK	Esbjerg	Tordenskjoldsgade 9, 6700 Esbjerg	05:00-22:00	Se noter	05:00-22:00	07:30-12:00	05:00-22:00	Ikke bemandet	05:00-22:00	09:00-11:00	Bem. Man 10-14:30; Tir/Ons 07:30-14; Tor 11-17; Fre 07:30-12; Søn 09-11
LOOP Fitness	DK	Horsens	Høegh Guldbergsgade 36, 8700 Horsens	05:00-24:00	Se noter	05:00-24:00	07:00-12:00	05:00-24:00	09:00-12:00	05:00-24:00	09:00-12:00	Bem. Man/Ons 07-12 & 15-19; Tir/Tor 08-12 & 15-19; Fre 07-12; Lør/Søn 09-12
LOOP Fitness	DK	Silkeborg	Nørrevænget 5D, 8600 Silkeborg	05:00-24:00	Se noter	05:00-24:00	08:00-12:00	05:00-24:00	08:00-11:00	05:00-24:00	08:00-11:00	Bem. Man/Ons/Tor 08-12 & 15:30-19; Tir 08-12 & 15:30-19:30; Fre 08-12; Lør/Søn 08-11
LOOP Fitness	DK	Vejle	Horsensvej 72C, 7100 Vejle	05:00-24:00	Se noter	05:00-24:00	07:00-13:00	05:00-24:00	Ikke bemandet	05:00-24:00	08:00-11:00	Bem. Man 07-13 & 16-19; Tir 12-18; Ons/Tor/Fre 07-13; Søn 08-11
LOOP Fitness	DK	Kolding	Albuen 5, 6000 Kolding	05:00-24:00	Se noter	05:00-24:00	07:00-11:00	05:00-24:00	08:00-11:00	05:00-24:00	08:00-11:00	Bem. Man/Tor 08-12 & 15-18; Tir 08-11 & 15-18; Ons 07-11 & 15-18; Fre 07-11; Lør/Søn 08-11
LOOP Fitness	DK	Herning	Herning Centret, Merkurvej 163, 7400 Herning	05:00-24:00	Se noter	05:00-24:00	08:30-11:30	05:00-24:00	09:00-12:00	05:00-24:00	09:00-12:00	Bem. Man 08-13:30 & 16-19; Tir 08:30-13 & 16-19; Ons/Tor 08:30-11:30 & 16-19; Fre 08:30-11:30; Lør/Søn 09-12
LOOP Fitness	DK	Slagelse	Kongstedsvej 2, 4200 Slagelse	05:00-24:00	Se noter	05:00-24:00	07:00-12:00	05:00-24:00	09:00-12:00	05:00-24:00	09:00-12:00	Bem. Man-Tor 07-12 & 16-19; Fre 07-12; Lør/Søn 09-12
LOOP Fitness	DK	Ballerup	Ballerup Centret, Banetoften 30, 2750 Ballerup	05:00-22:00	Se noter	05:00-22:00	09:00-12:00	05:00-22:00	12:00-14:00	05:00-22:00	09:00-11:00	Bem. Man/Ons 15-18; Tir/Tor/Fre 09-12; Lør 12-14; Søn 09-11
LOOP Fitness	DK	Hillerød	Vølundsvej 9.1, 3400 Hillerød	05:00-22:00	Se noter	05:00-22:00	09:00-12:00	05:00-22:00	09:00-12:00	05:00-22:00	09:00-12:00	Bem. Man/Ons 09-12 & 15-18; Tir/Tor/Fre/Lør/Søn 09-12
LOOP Fitness	DK	Sønderborg	Grundtvigs Allé 198, 6400 Sønderborg	05:00-24:00	07:00-11:00 & 16:00-19:00	05:00-24:00	07:00-11:00	05:00-24:00	08:00-12:00	05:00-24:00	08:00-12:00	
LOOP Fitness	DK	Faaborg	Herregårdscentret 15A, 5600 Faaborg	05:00-22:00	Se noter	05:00-22:00	09:00-12:00	05:00-22:00	09:00-11:00	05:00-22:00	Ikke bemandet	Bem. Man 09-12 & 16-18; Tir/Fre 09-12; Ons 16-18; Tor ikke bemandet; Søn ikke bemandet
LOOP Fitness	DK	Hedehusene	Hovedgaden 451b, 2640 Hedehusene	05:00-24:00	09:00-13:00 & 16:00-19:00	05:00-24:00	08:30-12:30	05:00-24:00	09:00-12:00	05:00-24:00	09:00-12:00	
LOOP Fitness	DK	Frederikshavn	Grønlandsvej 12, 9900 Frederikshavn	05:00-22:00	08:00-12:00 & 15:00-18:00	05:00-22:00	08:00-12:00 & 15:00-18:00	05:00-22:00	09:00-11:00	05:00-22:00	10:00-12:00	
LOOP Fitness	DK	Aabenraa	Møllemærsk 24, 6200 Aabenraa	05:00-22:00	Se noter	05:00-22:00	08:00-13:00	05:00-22:00	08:30-11:30	05:00-22:00	08:30-11:30	Bem. Man 14-19; Tir 07-10; Ons 14-18; Tor/Fre 08-13; Lør/Søn 08:30-11:30
LOOP Fitness	DK	Frederikssund	Østergade 1R, 3600 Frederikssund	05:00-22:00	Se noter	05:00-22:00	09:00-14:00	05:00-22:00	Ikke bemandet	05:00-22:00	09:30-13:30	Bem. Man/Fre 09-14; Tir 09-14 & 16-19; Ons/Søn 09:30-13:30; Tor 09:30-13:30 & 16-19; Lør ikke bemandet
LOOP Fitness	DK	Ikast C	Saturnvej 4, 7430 Ikast	05:00-24:00	Se noter	05:00-24:00	07:00-13:00	05:00-24:00	09:00-12:00	05:00-24:00	09:00-12:00	Bem. Man 07-13:30 & 16-19; Tir 07-12:30 & 16-19; Ons 07-14 & 16-19; Tor 07-12 & 16-19; Fre 07-13; Lør/Søn 09-12
LOOP Fitness	DK	Grenaa	Rugvænget 2C, 8500 Grenaa	05:00-24:00	Se noter	05:00-24:00	08:00-13:00	05:00-24:00	08:00-11:00	05:00-24:00	08:00-11:00	Bem. Man/Ons/Fre 08-13; Tir/Tor 13-18; Lør/Søn 08-11
LOOP Fitness	DK	Struer	Ved Fjorden 6B, 7600 Struer	05:00-24:00	09:00-12:00	05:00-24:00	09:00-12:00	05:00-24:00	09:00-12:00	05:00-24:00	09:00-12:00	
LOOP Fitness	DK	Korsør	Algade 29, 4220 Korsør	05:00-22:00	Se noter	05:00-22:00	08:00-11:30	05:00-22:00	09:00-12:00	05:00-22:00	09:00-12:00	Bem. Man/Tor 08-12 & 15-18; Tir ikke bemandet; Ons 08-12; Fre 08-11:30; Lør/Søn 09-12
LOOP Fitness	DK	Hørsholm	Usserød Kongevej 99, 2970 Hørsholm	05:00-22:00	Se noter	05:00-22:00	09:00-14:00	05:00-22:00	09:00-11:00	05:00-22:00	09:00-11:00	Bem. Man 08:30-13:30 & 15-18; Tir 09-18; Ons/Tor/Fre 09-14; Lør/Søn 09-11
LOOP Fitness	DK	Birkerød	Hovedgaden 38, 3460 Birkerød	05:00-22:00	Se noter	05:00-22:00	08:00-14:00	05:00-22:00	09:00-12:00	05:00-22:00	09:00-12:00	Bem. Man 08-15:30; Tir 08-15; Ons 09-12; Tor 08-13:30 & 14:30-19; Fre 08-14; Lør/Søn 09-12
LOOP Fitness	DK	Farum	Frederiksborgvej 17, 3520 Farum	05:00-22:00	Se noter	05:00-22:00	09:00-14:00	05:00-22:00	09:00-12:00	05:00-22:00	09:00-12:00	Bem. Man/Fre 09-14; Tir 09-12; Ons 09-13 & 16-19; Tor 09-12 & 16-19; Lør/Søn 09-12
LOOP Fitness	DK	Allerød	Rørmosevej 2B, 3450 Allerød	05:00-22:00	Se noter	05:00-22:00	09:00-12:00	05:00-22:00	08:30-11:30	05:00-22:00	Ikke bemandet	Bem. Man 09-13 & 14-17; Tir 09-12; Ons 09-12 & 13-17; Tor 09-14; Fre 09-12; Lør 08:30-11:30; Søn ikke bemandet
LOOP Fitness	DK	Måløv	Måløv Stationsplads 7, 2760 Måløv	05:00-22:00	Se noter	05:00-22:00	07:00-13:00	05:00-22:00	Ikke bemandet	05:00-22:00	09:00-11:00	Bem. Man/Ons 13-19; Tir/Tor/Fre 07-13; Lør ikke bemandet; Søn 09-11
LOOP Fitness	DK	Hedensted	Vesterbrogade 5, 8722 Hedensted	05:00-22:00	Se noter	05:00-22:00	09:00-12:00	05:00-22:00	10:00-12:00	05:00-22:00	10:00-12:00	Bem. Man/Ons/Fre 09-12; Tir 17-19; Tor 15-17; Lør/Søn 10-12
LOOP Fitness	DK	Hammel	TEMA Centret, Østergade 8A, 8450 Hammel	05:00-22:00	Se noter	05:00-22:00	08:00-11:00	05:00-22:00	Ikke bemandet	05:00-22:00	09:00-11:00	Bem. Man 08:30-11:30; Tir 15:30-18:30; Ons 08:30-11; Tor 16-19; Fre 08-11; Lør ikke bemandet; Søn 09-11
LOOP Fitness	DK	Bjerringbro	Brogade 49, 8850 Bjerringbro	05:00-24:00	Se noter	05:00-24:00	08:00-11:00	05:00-24:00	09:00-11:00	05:00-24:00	09:00-11:00	Bem. Man/Ons/Fre 08-11; Tir/Tor 16-19; Lør/Søn 09-11
LOOP Fitness	DK	Hjørring	Hvidevold 2A, 9800 Hjørring	05:00-22:00	07:00-18:30	05:00-22:00	07:00-17:00	05:00-22:00	08:00-11:00	05:00-22:00	08:00-11:00	
LOOP Fitness	DK	Ølstykke	Ørnebjergvej 1, 3650 Ølstykke	05:00-22:00	Se noter	05:00-22:00	09:00-12:00	05:00-22:00	09:00-11:00	05:00-22:00	09:00-11:00	Bem. Man/Ons 15-18; Tir/Tor/Fre 09-12; Lør/Søn 09-11
LOOP Fitness	DK	Stenløse	Damgårdsvej 15, 3660 Stenløse	05:00-22:00	Se noter	05:00-22:00	09:00-12:00	05:00-22:00	09:00-11:00	05:00-22:00	09:00-11:00	Bem. Man/Ons 15-18; Tir/Tor/Fre 09-12; Lør/Søn 09-11
LOOP Fitness	DK	Nykøbing Sjælland	Siriusvej 6, 4500 Nykøbing Sj	05:00-24:00	Se noter	05:00-24:00	08:00-11:00	05:00-24:00	09:00-12:00	05:00-24:00	09:00-12:00	Bem. Man/Tir/Ons 08-12 & 15-18; Tor 08-11 & 15-18; Fre 08-11; Lør/Søn 09-12
LOOP Fitness	DK	Maribo	Ved Åen 1, 4930 Maribo	05:00-24:00	Se noter	05:00-24:00	09:00-12:00	05:00-24:00	09:00-12:00	05:00-24:00	09:00-12:00	Bem. Man/Tor 14-17; Tir/Fre 09-12; Ons 15-18; Lør/Søn 09-12
Fitness X	DK	Aarhus C - Ankersgade	Ankersgade 12, 8000 Aarhus C	05:00-23:00	09:00-12:00 & 15:00-19:00	05:00-23:00	09:00-12:00 & 15:00-17:00	06:00-23:00	09:00-12:00	06:00-23:00	09:00-12:00	
Fitness X	DK	Aarhus C - Frisko	Daugbjergvej 26C, 8000 Aarhus C	05:00-23:00	09:00-12:00 & 15:00-19:00	05:00-23:00	09:00-12:00 & 15:00-17:00	07:00-23:00	09:00-12:00	07:00-23:00	09:00-12:00	
Fitness X	DK	Aarhus C - Nørrebrogade	Nørrebrogade 28, 8000 Aarhus C	05:00-23:00	09:00-12:00 & 15:00-19:00	05:00-23:00	09:00-12:00 & 15:00-17:00	07:00-23:00	09:00-12:00	07:00-23:00	09:00-12:00	
Fitness X	DK	Aarhus C - Sønder Allé	Sønder Allé 11, 8000 Aarhus C	05:00-22:00	09:00-12:00 & 15:00-19:00	05:00-22:00	09:00-12:00 & 15:00-17:00	07:00-22:00	09:00-12:00	07:00-22:00	09:00-12:00	
Fitness X	DK	Aarhus N - Paludan-Müllers Vej	Paludan-Müllers Vej 82, 8200 Aarhus N	05:00-22:00	09:00-12:00 & 15:00-19:00	05:00-22:00	09:00-12:00	07:00-22:00	09:00-12:00	07:00-22:00	Ikke bemandet	
Fitness X	DK	København S - Femøren	Engvej 163, 2300 København S	05:00-22:00	09:00-12:00 & 15:00-18:30	05:00-22:00	09:00-12:00	07:00-22:00	09:00-12:00	07:00-22:00	Ikke bemandet	
Fitness X	DK	København V - Carlsberg Byen	Thorvald Bindesbølls Pl. 1, 1799 København V	05:00-23:00	09:00-12:00 & 15:00-19:00	05:00-23:00	09:00-12:00 & 15:00-17:00	06:00-23:00	09:00-12:00	06:00-23:00	09:00-12:00	
Fitness X	DK	Aarhus C - Prismet	Viborgvej 3, 8000 Aarhus C	05:00-23:00	09:00-12:00 & 15:00-19:00	05:00-23:00	09:00-12:00 & 15:00-17:00	06:00-23:00	09:00-12:00	06:00-23:00	09:00-12:00	
Fitness X	DK	Aarhus V - Brabrand	Edwin Rahrs Vej 32, 8220 Brabrand	05:00-22:00	09:00-12:00 & 15:00-18:30	05:00-22:00	09:00-12:00	07:00-22:00	Ikke bemandet	07:00-22:00	Ikke bemandet	
Fitness X	DK	Aarhus - Viby	Viby Ringvej 10, 8260 Viby	05:00-22:00	09:00-12:00 & 15:00-18:30	05:00-22:00	09:00-12:00	07:00-22:00	09:00-12:00	07:00-22:00	Ikke bemandet	
Fitness X	DK	Ballerup	Hedeparken 9b, 2750 Ballerup	05:00-22:00	Man/Ons: 09:00-12:00 & 15:00-18:30; Tir/Tor: 15:00-18:30	05:00-22:00	09:00-12:00	07:00-22:00	Ikke bemandet	07:00-22:00	Ikke bemandet	
Fitness X	DK	Esbjerg - Jagtvej	Jagtvej 53, 6705 Esbjerg Ø	05:00-22:00	Man/Ons: 09:00-12:00 & 15:00-18:30; Tir/Tor: 15:00-18:30	05:00-22:00	09:00-12:00	07:00-22:00	Ikke bemandet	07:00-22:00	Ikke bemandet	
Fitness X	DK	Esbjerg - Strandbytorv	Strandbygade 20, 6700 Esbjerg	05:00-22:00	09:00-12:00 & 15:00-18:30	05:00-22:00	09:00-12:00	07:00-22:00	Ikke bemandet	07:00-22:00	Ikke bemandet	
Fitness X	DK	Frederiksberg - Fasanvej	Nordre Fasanvej 27, 2000 Frederiksberg	05:00-23:00	09:00-12:00 & 15:00-19:00	05:00-23:00	09:00-12:00 & 15:00-17:00	06:00-23:00	09:00-12:00	06:00-23:00	09:00-12:00	
Fitness X	DK	Aarhus - Hasselager	Kolt Østervej 25, 8361 Hasselager	05:00-22:00	Man/Ons: 09:00-12:00 & 15:00-18:30; Tir/Tor: 15:00-18:30	05:00-22:00	09:00-12:00	07:00-22:00	Ikke bemandet	07:00-22:00	Ikke bemandet	
Fitness X	DK	Hjørring	Østergade 30, 9800 Hjørring	05:00-22:00	09:00-12:00 & 15:00-18:30	05:00-22:00	09:00-12:00	07:00-22:00	Ikke bemandet	07:00-22:00	Ikke bemandet	
Fitness X	DK	Holstebro - Struervej	Struervej 141, 7500 Holstebro	05:00-22:00	09:00-12:00 & 15:00-18:30	05:00-22:00	09:00-12:00	07:00-22:00	09:00-12:00	07:00-22:00	Ikke bemandet	
Fitness X	DK	Holstebro - Vestergade	Vestergade 16, 7500 Holstebro	05:00-22:00	Man/Ons: 09:00-12:00 & 16:00-18:30; Tir/Tor: 16:00-18:30	05:00-22:00	09:00-12:00	07:00-22:00	Ikke bemandet	07:00-22:00	Ikke bemandet	
Fitness X	DK	Horsens - Emil Møllers Gade	Emil Møllers Gade 30, 8700 Horsens	05:00-22:00	09:00-12:00 & 15:00-18:30	05:00-22:00	09:00-12:00	07:00-22:00	Ikke bemandet	07:00-22:00	Ikke bemandet	
Fitness X	DK	Horsens - Høegh Guldbergs Gade	Høegh Guldbergs Gade 1, 8700 Horsens	05:00-22:00	09:00-12:00 & 15:00-18:30	05:00-22:00	09:00-12:00	07:00-22:00	Ikke bemandet	07:00-22:00	Ikke bemandet	
Fitness X	DK	København S - Amager Strand	Amager Strandvej 112a, 2300 København S	06:00-22:00	09:00-12:00 & 15:00-18:30	06:00-22:00	09:00-12:00	07:00-22:00	09:00-12:00	07:00-22:00	Ikke bemandet	
Fitness X	DK	Lyngby	Jernbanepladsen 6, 2800 Lyngby	05:00-22:00	09:00-12:00 & 15:00-18:30	05:00-22:00	09:00-12:00	07:00-22:00	Ikke bemandet	07:00-22:00	Ikke bemandet	
Fitness X	DK	Randers SØ - Haraldsvej	Haraldsvej 60, 8960 Randers SØ	05:00-22:00	09:00-12:00 & 15:00-18:30	05:00-22:00	09:00-12:00	07:00-22:00	Ikke bemandet	07:00-22:00	Ikke bemandet	
Fitness X	DK	Randers C - Vestergrave	Vestergrave 2, 8900 Randers C	05:00-22:00	09:00-12:00 & 15:00-18:30	05:00-22:00	09:00-12:00	07:00-22:00	09:00-12:00	07:00-22:00	Ikke bemandet	
Fitness X	DK	Roskilde - Holbækvej	Holbækvej 7, 4000 Roskilde	05:00-23:00	09:00-12:00 & 15:00-19:00	05:00-23:00	09:00-12:00 & 15:00-17:00	07:00-23:00	09:00-12:00	07:00-23:00	09:00-12:00	
Fitness X	DK	Slagelse - Fabrikken	Ndr. Ringgade 59, 4200 Slagelse	05:00-23:00	09:00-12:00 & 15:00-18:30	05:00-23:00	09:00-12:00	07:00-23:00	09:00-12:00	07:00-23:00	Ikke bemandet	
Fitness X	DK	Valby - Vigerslevvej	Centerparken 34, 2500 Valby	05:00-22:00	09:00-12:00 & 15:00-18:30	05:00-22:00	09:00-12:00	07:00-22:00	09:00-12:00	07:00-22:00	Ikke bemandet	
Fitness X	DK	Viborg - Tingvej	Tingvej 7, 8800 Viborg	05:00-23:00	09:00-12:00 & 15:00-19:00	05:00-23:00	09:00-12:00 & 15:00-17:00	07:00-23:00	09:00-12:00	07:00-23:00	09:00-12:00	
Fitness X	DK	Virum - Virumvej	Virumvej 96, 2830 Virum	06:00-22:00	09:00-12:00 & 15:00-18:30	06:00-22:00	09:00-12:00	07:00-22:00	09:00-12:00	07:00-22:00	Ikke bemandet	
Fitness X	DK	Valby - Grønttorvet	Gammel Køge Landevej 70, 2500 Valby	05:00-22:00	09:00-12:00 & 15:00-18:30	05:00-22:00	09:00-12:00	07:00-22:00	Ikke bemandet	07:00-22:00	Ikke bemandet	
Fitness X	DK	København Ø - Hans Knudsens Plads	Lyngbyvej 62, 2100 København Ø	05:00-23:00	09:00-12:00 & 15:00-19:00	05:00-23:00	09:00-12:00 & 15:00-17:00	06:00-23:00	09:00-12:00	06:00-23:00	09:00-12:00	
SHC	DK	Åboulevarden	Åboulevarden 58, 2200 København N	05:00-23:59	06:45-20:30	05:00-23:59	06:45-17:00	05:00-23:59	09:00-13:00	05:00-23:59	09:00-13:00	
SHC	DK	Borups Allé	Borups Allé 45, 2200 København N	05:00-23:59	06:45-20:30	05:00-23:59	06:45-17:00	05:00-23:59	08:45-13:00	05:00-23:59	08:45-13:00	
SHC	DK	Kaktus Towers	Dybbølsbro 1, 1560 København V	24 timer	06:45-20:30	24 timer	06:45-15:00	24 timer	09:00-14:00	24 timer	09:00-13:00	
SHC	DK	Scandinavia	Amager Boulevard 70 4 sal, 2300 København S	24 timer	06:45-20:30	24 timer	06:45-15:00	24 timer	09:00-14:00	24 timer	09:00-13:00	
SHC	DK	Ørstedsparken	Nørre Farimagsgade 43, 1364 København K	06:00-21:30	06:00-21:30	06:00-19:00	06:00-19:00	08:00-16:00	08:00-16:00	09:00-17:00	09:00-17:00	Bemandet i hele åbningstiden
SHC	DK	Østbanegade	Østbanegade 121, 2100 København Ø	05:00-23:59	06:45-20:30	05:00-23:59	06:45-19:00	05:00-23:59	08:45-13:00	05:00-23:59	08:45-17:00	
SATS	DK	Adelgade	Adelgade 5-7, 1304 København K	05:00-23:00	05:00-23:00	05:00-23:00	05:00-23:00	05:00-23:00	05:00-23:00	05:00-23:00	05:00-23:00	
SATS	DK	Amager Strand	Amager Strandvej 108, 2300 København S	05:00-23:00	05:00-23:00	05:00-23:00	05:00-23:00	05:00-23:00	05:00-23:00	05:00-23:00	05:00-23:00	
SATS	DK	Birkerød	Bistrupvej 1, 3460 Birkerød	05:00-23:00	05:00-23:00	05:00-23:00	05:00-23:00	05:00-23:00	05:00-23:00	05:00-23:00	05:00-23:00	
SATS	DK	Field's	Arne Jacobsens Allé 12, 2300 København S	05:00-23:00	05:00-23:00	05:00-23:00	05:00-23:00	05:00-23:00	05:00-23:00	05:00-23:00	05:00-23:00	
SATS	DK	Fisketorvet	Kalvebod Brygge 59, 1560 København V	05:00-23:00	05:00-23:00	05:00-23:00	05:00-23:00	05:00-23:00	05:00-23:00	05:00-23:00	05:00-23:00	
SATS	DK	FRB - ABC	Frederiksberg Allé 98, 1820 Frederiksberg C	05:00-23:00	05:00-23:00	05:00-23:00	05:00-23:00	05:00-23:00	05:00-23:00	05:00-23:00	05:00-23:00	
SATS	DK	FRB - Falkoner	Falkoner Plads 1, 2000 Frederiksberg	05:00-23:00	05:00-23:00	05:00-23:00	05:00-23:00	05:00-23:00	05:00-23:00	05:00-23:00	05:00-23:00	
SHC	DK	Gothersgade	Gothersgade 14, 1123 København K	06:00-22:00	06:00-22:00	06:00-19:00	06:00-19:00	08:00-18:00	08:00-18:00	08:00-18:00	08:00-18:00	Fuldt bemandet i åbningstiden
SHC	DK	Fight Gym	Amager Boulevard 70, 4 sal, 2300 København S	24 timer	06:45-20:30	24 timer	06:45-15:00	24 timer	09:00-14:00	24 timer	09:00-13:00	Muay thai/kampsport
SATS	DK	Frederikssund	Nygade 1, 3600 Frederikssund	06:00-22:00	06:00-22:00	06:00-22:00	06:00-22:00	06:00-22:00	06:00-22:00	07:00-21:00	07:00-21:00	
SATS	DK	Gentofte	Gentoftegade 35, 2820 Gentofte	05:00-23:00	05:00-23:00	05:00-23:00	05:00-23:00	05:00-23:00	05:00-23:00	05:00-23:00	05:00-23:00	
SATS	DK	Helsingør	Rønnebær Allé 110, 3000 Helsingør	05:00-23:00	05:00-23:00	05:00-23:00	05:00-23:00	05:00-23:00	05:00-23:00	05:00-23:00	05:00-23:00	
SATS	DK	Herlev	Herlev Torv 28, 2730 Herlev	05:00-23:00	05:00-23:00	05:00-23:00	05:00-23:00	05:00-23:00	05:00-23:00	05:00-23:00	05:00-23:00	
SATS	DK	Hørsholm	Kammerrådensvej 2, 2970 Hørsholm	05:00-23:00	05:00-23:00	05:00-23:00	05:00-23:00	05:00-23:00	05:00-23:00	05:00-23:00	05:00-23:00	
SATS	DK	Nørrebro	Frederikssundsvej 5, 2400 København NV	05:00-23:00	05:00-23:00	05:00-23:00	05:00-23:00	05:00-23:00	05:00-23:00	05:00-23:00	05:00-23:00	
SATS	DK	Parken	Øster Alle 42, 2100 København Ø	05:00-23:00	05:00-23:00	05:00-23:00	05:00-23:00	05:00-23:00	05:00-23:00	05:00-23:00	05:00-23:00	
SATS	DK	Lyngby Kanalvej	Kanalvej 1, 2800 Kongens Lyngby	05:00-23:00	05:00-23:00	05:00-23:00	05:00-23:00	05:00-23:00	05:00-23:00	05:00-23:00	05:00-23:00	
SATS	DK	Nærum	Rundforbivej 186-188, 2850 Nærum	05:00-23:00	05:00-23:00	05:00-23:00	05:00-23:00	05:00-23:00	05:00-23:00	05:00-23:00	05:00-23:00	
SATS	DK	Roskilde	Ro's Torv 1, 4000 Roskilde	05:00-23:00	05:00-23:00	05:00-23:00	05:00-23:00	05:00-23:00	05:00-23:00	05:00-23:00	05:00-23:00	
SATS	DK	Sluseholmen	Sluseholmen 15 D, 2450 København SV	05:00-23:00	05:00-23:00	05:00-23:00	05:00-23:00	05:00-23:00	05:00-23:00	05:00-23:00	05:00-23:00	
SATS	DK	Sydhavn	Scandiagade 15, 2450 København SV	05:00-23:00	05:00-23:00	05:00-23:00	05:00-23:00	05:00-23:00	05:00-23:00	05:00-23:00	05:00-23:00	
SATS	DK	Søborg	Tobaksvejen 4, Bygning E, 2860 Søborg	05:00-23:00	05:00-23:00	05:00-23:00	05:00-23:00	05:00-23:00	05:00-23:00	05:00-23:00	05:00-23:00	
SATS	DK	Taastrup	Cityringen 24, City 2, 2630 Taastrup	05:00-23:00	05:00-23:00	05:00-23:00	05:00-23:00	05:00-23:00	05:00-23:00	05:00-23:00	05:00-23:00	
SATS	DK	Valby	Torvegade 17, 2500 Valby	05:00-23:00	05:00-23:00	05:00-23:00	05:00-23:00	05:00-23:00	05:00-23:00	05:00-23:00	05:00-23:00	
SATS	DK	Vallensbæk	Stationstorvet 76, 2665 Vallensbæk Strand	05:00-23:00	05:00-23:00	05:00-23:00	05:00-23:00	05:00-23:00	05:00-23:00	05:00-23:00	05:00-23:00	Bemandet i hele åbningstiden
SATS	DK	Vesterport	Ved Vesterport 1, 1612 København V	05:00-23:00	05:00-23:00	05:00-23:00	05:00-23:00	05:00-23:00	05:00-23:00	05:00-23:00	05:00-23:00	
SATS	DK	Køge - Den hvide by	Galoche Allé 11, 4600 Køge	05:00-23:00	05:00-23:00	05:00-23:00	05:00-23:00	05:00-23:00	05:00-23:00	05:00-23:00	05:00-23:00	
SATS	DK	Køge - Strædet	Strædet Rådhusstræde 7G, 4600 Køge	05:00-23:00	05:00-23:00	05:00-23:00	05:00-23:00	05:00-23:00	05:00-23:00	05:00-23:00	05:00-23:00	Bemandet i hele åbningstiden
SATS	DK	Nygårdsvej	Nygårdsvej 5, 2100 København Ø	05:00-23:00	05:00-23:00	05:00-23:00	05:00-23:00	05:00-23:00	05:00-23:00	05:00-23:00	05:00-23:00	Personale i hele åbningstiden
SATS	DK	BLOX	Christians Brygge 25, 1219 København K	05:00-23:00	05:00-23:00	05:00-23:00	05:00-23:00	05:00-23:00	05:00-23:00	05:00-23:00	05:00-23:00	
ARCA	DK	Garagen	Adelgade 11, 1304 København K	05:45-22:00	05:45-22:00	05:45-22:00	05:45-22:00	07:45-20:00	07:45-20:00	07:45-20:00	07:45-20:00	
ARCA	DK	Kirken	Griffenfeldsgade 7A, 2200 København N	05:45-22:00	05:45-22:00	05:45-22:00	05:45-22:00	07:45-20:00	07:45-20:00	07:45-20:00	07:45-20:00	
ARCA	DK	Lageret	Glentevej 47, 2400 København NV	05:45-22:00	05:45-22:00	05:45-22:00	05:45-22:00	07:45-20:00	07:45-20:00	07:45-20:00	07:45-20:00	
ARCA	DK	Trykkeriet	Rentemestervej 56, 2400 København NV	05:45-22:00	05:45-22:00	05:45-22:00	05:45-22:00	07:45-20:00	07:45-20:00	07:45-20:00	07:45-20:00	
ARCA	DK	Boxen	Portugalsgade 13, 2300 København S	05:45-22:00	05:45-22:00	05:45-22:00	05:45-22:00	07:45-20:00	07:45-20:00	07:45-20:00	07:45-20:00	
ARCA	DK	Omstillingen	Norgesgade 10, 2300 København S	05:45-22:00	05:45-22:00	05:45-22:00	05:45-22:00	07:45-20:00	07:45-20:00	07:45-20:00	07:45-20:00	
ARCA	DK	Klubben	Jagtvej 217, 2100 København Ø	05:45-22:00	05:45-22:00	05:45-22:00	05:45-22:00	07:45-20:00	07:45-20:00	07:45-20:00	07:45-20:00	
ARCA	DK	Centralen	Dannebrogsgade 5-9, 1660 København V	05:45-22:00	05:45-22:00	05:45-22:00	05:45-22:00	07:45-20:00	07:45-20:00	07:45-20:00	07:45-20:00	
ARCA	DK	Kogeriet	Finsensvej 14, 2000 Frederiksberg	05:45-22:00	05:45-22:00	05:45-22:00	05:45-22:00	07:45-20:00	07:45-20:00	07:45-20:00	07:45-20:00	
ARCA	DK	Bazaren	Høffdingsvej 32, 2500 Valby	05:45-22:00	05:45-22:00	05:45-22:00	05:45-22:00	07:45-20:00	07:45-20:00	07:45-20:00	07:45-20:00	
ARCA	DK	Værkstedet	Kastanie Allé 20, 2720 Vanløse	05:45-22:00	05:45-22:00	05:45-22:00	05:45-22:00	07:45-20:00	07:45-20:00	07:45-20:00	07:45-20:00	
ARCA	DK	Krydsfeltet	Rosenvængets Allé 9, 2100 København Ø	05:45-22:00	05:45-22:00	05:45-22:00	05:45-22:00	07:45-20:00	07:45-20:00	07:45-20:00	07:45-20:00	
ARCA	DK	Højen	Tuxensvej 1, 2700 Brønshøj	05:45-22:00	05:45-22:00	05:45-22:00	05:45-22:00	07:45-20:00	07:45-20:00	07:45-20:00	07:45-20:00	
ARCA	DK	Posthuset	Brogårdsvej 12, 2820 Gentofte	05:45-22:00	05:45-22:00	05:45-22:00	05:45-22:00	06:00-20:00	06:00-20:00	06:00-20:00	06:00-20:00	Weekend åbner 06:00 (OpenGym 07:45)
ARCA	DK	Spartan Mentality	Søren Frichs Vej 34C, 8230 Aabyhøj	05:45-23:00	05:45-23:00	05:45-23:00	05:45-23:00	05:45-23:00	05:45-23:00	05:45-23:00	05:45-23:00	Alle dage 05:45-23:00
ARCA	DK	Fundamentet	Helsingforsgade 23, 8200 Aarhus N	05:45-23:00	05:45-23:00	05:45-23:00	05:45-23:00	05:45-23:00	05:45-23:00	05:45-23:00	05:45-23:00	Alle dage 05:45-23:00
ARCA	DK	Gøglerskolen	Klosterport 4N, 8000 Aarhus	05:45-23:00	05:45-23:00	05:45-23:00	05:45-23:00	05:45-23:00	05:45-23:00	05:45-23:00	05:45-23:00	Alle dage 05:45-23:00
ARCA	DK	Laboratoriet	Kochsgade 23b, 5000 Odense C	05:45-22:00	05:45-22:00	05:45-22:00	05:45-22:00	05:45-20:00	05:45-20:00	05:45-20:00	05:45-20:00	
SATS	SE	Alvik	Gustavslundsvägen 159, 16751 BROMMA	06:00-22:00	06:00-22:00	06:00-20:00	06:00-20:00	08:00-18:00	08:00-18:00	09:00-20:00	09:00-20:00	
SATS	SE	Arninge	Saluvägen 10, 18769 TÄBY	06:00-22:00	06:00-22:00	06:00-21:00	06:00-21:00	08:00-18:00	08:00-18:00	08:00-20:00	08:00-20:00	
SATS	SE	Askim	Ekonomivägen 6, 43633 ASKIM	06:00-21:00	06:00-21:00	06:00-20:00	06:00-20:00	08:00-17:00	08:00-17:00	09:00-19:00	09:00-19:00	
SATS	SE	Balance City	Lästmakargatan 10, 11144 STOCKHOLM	06:15-22:00	06:15-22:00	06:15-21:00	06:15-21:00	09:00-18:00	09:00-18:00	09:00-18:00	09:00-18:00	
SATS	SE	Bromma Blocks	Köpsvängen 28, 16867 BROMMA	05:30-22:00	05:30-22:00	05:30-21:00	05:30-21:00	07:00-18:00	07:00-18:00	07:00-20:00	07:00-20:00	
SATS	SE	Brommaplan	Brommaplan 403, 16876 BROMMA	06:00-22:00	06:00-22:00	06:00-19:30	06:00-19:30	08:30-16:00	08:30-16:00	09:00-19:00	09:00-19:00	
SATS	SE	Kompassen	Kyrkogatan 35, 41108 GÖTEBORG	06:00-22:00	06:00-22:00	06:00-21:00	06:00-21:00	08:00-20:00	08:00-20:00	08:00-20:00	08:00-20:00	
SATS	SE	Malmö City	Studentgatan 4, 21138 MALMÖ	06:00-22:00	06:00-22:00	06:00-21:00	06:00-21:00	08:00-19:00	08:00-19:00	08:00-19:00	08:00-19:00	
SATS	SE	Stockholm City	Mäster Samuelsgatan 60, 11121 STOCKHOLM	06:00-21:00	06:00-21:00	06:00-20:00	06:00-20:00	10:00-18:00	10:00-18:00	10:00-18:00	10:00-18:00	
STC	SE	Almedal		00:00-24:00	Se stc.se	00:00-24:00	Se stc.se	00:00-24:00	Se stc.se	00:00-24:00	Se stc.se	
STC	SE	Alvesta Kyrkogatan		04:00-24:00	Se stc.se	04:00-24:00	Se stc.se	04:00-24:00	Se stc.se	04:00-24:00	Se stc.se	
STC	SE	Arboga Glasbruksgatan		05:00-23:00	Se stc.se	05:00-23:00	Se stc.se	05:00-23:00	Se stc.se	05:00-23:00	Se stc.se	
STC	SE	Asarum		04:00-24:00	Se stc.se	04:00-24:00	Se stc.se	04:00-24:00	Se stc.se	04:00-24:00	Se stc.se	
STC	SE	Backa Entré	Backavägen 3, 41730 GÖTEBORG	04:00-24:00	Se stc.se	04:00-24:00	Se stc.se	04:00-24:00	Se stc.se	04:00-24:00	Se stc.se	
STC	SE	Bandhagen Grycksbovägen		05:00-23:00		05:00-23:00		05:00-23:00		05:00-23:00		
STC	SE	Barkarbystaden Gripengatan		05:00-23:00	Se stc.se	05:00-23:00	Se stc.se	05:00-23:00	Se stc.se	05:00-23:00	Se stc.se	
STC	SE	Billdal Kungsporten		07:00-22:00	Se stc.se	07:00-22:00	Se stc.se	07:00-22:00	Se stc.se	07:00-22:00	Se stc.se	
STC	SE	Bjurslätt Vallfrögatan	Vallfrögatan 26, 41716 GÖTEBORG	05:00-23:00		05:00-23:00		05:00-23:00		05:00-23:00		
STC	SE	Björkekärr		00:00-24:00		00:00-24:00		00:00-24:00		00:00-24:00		
STC	SE	Björkhagen Halmstadsvägen		05:00-23:00		05:00-23:00		05:00-23:00		05:00-23:00		
STC	SE	Borås Allégatan		00:00-24:00	Se stc.se	00:00-24:00	Se stc.se	00:00-24:00	Se stc.se	00:00-24:00	Se stc.se	
STC	SE	Borås Brämhult		00:00-24:00	Se stc.se	00:00-24:00	Se stc.se	00:00-24:00	Se stc.se	00:00-24:00	Se stc.se	
STC	SE	Borås Katrinedal		00:00-24:00	Se stc.se	00:00-24:00	Se stc.se	00:00-24:00	Se stc.se	00:00-24:00	Se stc.se	
STC	SE	Borås Knalleland		04:00-24:00		04:00-24:00		04:00-24:00		04:00-24:00		
STC	SE	Borås Knalleporten		00:00-24:00	Se stc.se	00:00-24:00	Se stc.se	00:00-24:00	Se stc.se	00:00-24:00	Se stc.se	
STC	SE	Bro Centrum		05:00-23:00		05:00-23:00		05:00-23:00		05:00-23:00		
STC	SE	Bromma Annedalsvägen		05:00-23:00		05:00-23:00		05:00-23:00		05:00-23:00		
STC	SE	Bromma Beckomberga		05:00-23:00		05:00-23:00		05:00-23:00		05:00-23:00		
STC	SE	Bromma Blackeberg		05:00-23:00		05:00-23:00		05:00-23:00		05:00-23:00		
STC	SE	Bromma Mariehällstorget		05:00-23:00		05:00-23:00		05:00-23:00		05:00-23:00		
STC	SE	Bräkne Hoby		04:00-24:00		04:00-24:00		04:00-24:00		04:00-24:00		
STC	SE	Brålanda		00:00-24:00		00:00-24:00		00:00-24:00		00:00-24:00		
STC	SE	Danderyd Enebytorg		05:00-23:00	Se stc.se	05:00-23:00	Se stc.se	05:00-23:00	Se stc.se	05:00-23:00	Se stc.se	
STC	SE	Danderyd Nora		05:00-23:00		05:00-23:00		05:00-23:00		05:00-23:00		
STC	SE	Djursholm Vendevägen		05:00-23:00		05:00-23:00		05:00-23:00		05:00-23:00		
STC	SE	Duved		05:00-24:00		05:00-24:00		05:00-24:00		05:00-24:00		
STC	SE	Ekerö Stenhamra		05:00-23:00		05:00-23:00		05:00-23:00		05:00-23:00		
STC	SE	Ekerö Träkvista		05:00-23:00	Se stc.se	05:00-23:00	Se stc.se	05:00-23:00	Se stc.se	05:00-23:00	Se stc.se	
STC	SE	Ekerö Träkvista Torg		05:00-23:00		05:00-23:00		05:00-23:00		05:00-23:00		
STC	SE	Elisedal		05:00-23:00		05:00-23:00		05:00-23:00		05:00-23:00		
STC	SE	Enskede Gubbängen		05:00-23:00	Se stc.se	05:00-23:00	Se stc.se	05:00-23:00	Se stc.se	05:00-23:00	Se stc.se	
STC	SE	Enskede Sandsborg		05:00-23:00		05:00-23:00		05:00-23:00		05:00-23:00		
STC	SE	Enskede Tallkrogen		05:00-23:00		05:00-23:00		05:00-23:00		05:00-23:00		
STC	SE	Enskede Viloparken		05:00-23:00		05:00-23:00		05:00-23:00		05:00-23:00		
STC	SE	Eslöv City		04:00-24:00	Se stc.se	04:00-24:00	Se stc.se	04:00-24:00	Se stc.se	04:00-24:00	Se stc.se	
STC	SE	Eslöv Flygstaden		00:00-24:00	Se stc.se	00:00-24:00	Se stc.se	00:00-24:00	Se stc.se	00:00-24:00	Se stc.se	
STC	SE	Falköping		00:00-24:00	Se stc.se	00:00-24:00	Se stc.se	00:00-24:00	Se stc.se	00:00-24:00	Se stc.se	
STC	SE	Farsta Åbrovägen		05:00-23:00		05:00-23:00		05:00-23:00		05:00-23:00		
STC	SE	Farsta Ågesta Broväg		05:00-23:00		05:00-23:00		05:00-23:00		05:00-23:00		
STC	SE	Färgelanda		00:00-24:00		00:00-24:00		00:00-24:00		00:00-24:00		
STC	SE	Färjestaden		04:00-24:00	Se stc.se	04:00-24:00	Se stc.se	04:00-24:00	Se stc.se	04:00-24:00	Se stc.se	
STC	SE	Gröndals Centrum		05:00-23:00		05:00-23:00		05:00-23:00		05:00-23:00		
STC	SE	Gärdet Värtavägen		05:00-23:00		05:00-23:00		05:00-23:00		05:00-23:00		
STC	SE	Göteborg Eriksberg		05:00-23:00		05:00-23:00		05:00-23:00		05:00-23:00		
STC	SE	Göteborg Högsbohöjd		05:00-23:00		05:00-23:00		05:00-23:00		05:00-23:00		
STC	SE	Göteborg Kungsgatan		05:00-23:00		05:00-23:00		05:00-23:00		05:00-23:00		
STC	SE	Göteborg Majorna		05:00-23:00		05:00-23:00		05:00-23:00		05:00-23:00		
STC	SE	Göteborg Munkebäck		05:00-23:00		05:00-23:00		05:00-23:00		05:00-23:00		
STC	SE	Götene		04:00-24:00	Se stc.se	04:00-24:00	Se stc.se	04:00-24:00	Se stc.se	04:00-24:00	Se stc.se	
STC	SE	Habo		00:00-24:00	Se stc.se	00:00-24:00	Se stc.se	00:00-24:00	Se stc.se	00:00-24:00	Se stc.se	
STC	SE	Hagastaden		00:00-24:00	Se stc.se	00:00-24:00	Se stc.se	00:00-24:00	Se stc.se	00:00-24:00	Se stc.se	
STC	SE	Hagsätra Torg		05:00-23:00		05:00-23:00		05:00-23:00		05:00-23:00		
STC	SE	Hammarby Sjöstad Allé		05:00-23:00		05:00-23:00		05:00-23:00		05:00-23:00		
STC	SE	Hammarby Sjöstad Henriksdalshamnen		05:00-23:00		05:00-23:00		05:00-23:00		05:00-23:00		
STC	SE	Hammarby Sjöstad Luma		05:00-23:00		05:00-23:00		05:00-23:00		05:00-23:00		
STC	SE	Hammarö		00:00-24:00	Se stc.se	00:00-24:00	Se stc.se	00:00-24:00	Se stc.se	00:00-24:00	Se stc.se	
STC	SE	Haninge Arkens Väg		05:00-23:00		05:00-23:00		05:00-23:00		05:00-23:00		
STC	SE	Haninge Brandbergen		05:00-23:00		05:00-23:00		05:00-23:00		05:00-23:00		
STC	SE	Haninge Poseidons Gränd		05:00-23:00		05:00-23:00		05:00-23:00		05:00-23:00		
STC	SE	Haninge Vega		05:00-23:00		05:00-23:00		05:00-23:00		05:00-23:00		
STC	SE	Heden Bohusgatan		05:00-23:00		05:00-23:00		05:00-23:00		05:00-23:00		
STC	SE	Heden Södra Vägen		05:00-23:00		05:00-23:00		05:00-23:00		05:00-23:00		
STC	SE	Helsingborg Hästmöllegränden		05:00-23:00		05:00-23:00		05:00-23:00		05:00-23:00		
STC	SE	Helsingborg Mariastaden		05:00-23:00		05:00-23:00		05:00-23:00		05:00-23:00		
STC	SE	Helsingborg Olympia		00:00-24:00	Se stc.se	00:00-24:00	Se stc.se	00:00-24:00	Se stc.se	00:00-24:00	Se stc.se	
STC	SE	Henån		04:00-24:00		04:00-24:00		04:00-24:00		04:00-24:00		
STC	SE	Herrestad Almåsvägen		00:00-24:00	Se stc.se	00:00-24:00	Se stc.se	00:00-24:00	Se stc.se	00:00-24:00	Se stc.se	
STC	SE	Hjo		00:00-24:00	Se stc.se	00:00-24:00	Se stc.se	00:00-24:00	Se stc.se	00:00-24:00	Se stc.se	
STC	SE	Hjärup		00:00-24:00	Se stc.se	00:00-24:00	Se stc.se	00:00-24:00	Se stc.se	00:00-24:00	Se stc.se	
STC	SE	Huddinge Sjödalsvägen		05:00-23:00		05:00-23:00		05:00-23:00		05:00-23:00		
STC	SE	Hägersten Fruängen		05:00-23:00		05:00-23:00		05:00-23:00		05:00-23:00		
STC	SE	Hägersten Hägerstensåsen		05:00-23:00		05:00-23:00		05:00-23:00		05:00-23:00		
STC	SE	Hägersten Telefonplan		05:00-23:00		05:00-23:00		05:00-23:00		05:00-23:00		
STC	SE	Hägersten Västberga		05:00-23:00	Se stc.se	05:00-23:00	Se stc.se	05:00-23:00	Se stc.se	05:00-23:00	Se stc.se	
STC	SE	Hägersten Örnsberg		05:00-23:00		05:00-23:00		05:00-23:00		05:00-23:00		
STC	SE	Härnösand		00:00-24:00	Se stc.se	00:00-24:00	Se stc.se	00:00-24:00	Se stc.se	00:00-24:00	Se stc.se	
STC	SE	Hässelby Johannelund		05:00-23:00		05:00-23:00		05:00-23:00		05:00-23:00		
STC	SE	Hässelby Strand		05:00-23:00		05:00-23:00		05:00-23:00		05:00-23:00		
STC	SE	Hässelby Åkermyntan		05:00-23:00		05:00-23:00		05:00-23:00		05:00-23:00		
STC	SE	Höganäs		00:00-24:00	Se stc.se	00:00-24:00	Se stc.se	00:00-24:00	Se stc.se	00:00-24:00	Se stc.se	
STC	SE	Hörby Medicingatan		00:00-24:00	Se stc.se	00:00-24:00	Se stc.se	00:00-24:00	Se stc.se	00:00-24:00	Se stc.se	
STC	SE	Hötorget	Kungsgatan 47 C, 11156 STOCKHOLM	05:00-23:00	Se stc.se	05:00-23:00	Se stc.se	05:00-23:00	Se stc.se	05:00-23:00	Se stc.se	
STC	SE	Höör		00:00-24:00	Se stc.se	00:00-24:00	Se stc.se	00:00-24:00	Se stc.se	00:00-24:00	Se stc.se	
STC	SE	Johanneberg Frida Hjertbergs Gata		06:00-23:00		06:00-23:00		06:00-23:00		06:00-23:00		
STC	SE	Johanneshov Hammarbyhöjden		05:00-23:00	Se stc.se	05:00-23:00	Se stc.se	05:00-23:00	Se stc.se	05:00-23:00	Se stc.se	
STC	SE	Jämjö		04:00-24:00		04:00-24:00		04:00-24:00		04:00-24:00		
STC	SE	Järfälla Nettovägen		05:00-23:00		05:00-23:00		05:00-23:00		05:00-23:00		
STC	SE	Järfälla Snapphanevägen		05:00-23:00		05:00-23:00		05:00-23:00		05:00-23:00		
STC	SE	Järfälla Viksjö Centrum		05:00-23:00		05:00-23:00		05:00-23:00		05:00-23:00		
STC	SE	Jönköping Herkulesvägen		04:00-23:00	Se stc.se	04:00-23:00	Se stc.se	04:00-23:00	Se stc.se	04:00-23:00	Se stc.se	
STC	SE	Jönköping Kunskapsfabriken		00:00-24:00	Se stc.se	00:00-24:00	Se stc.se	00:00-24:00	Se stc.se	00:00-24:00	Se stc.se	
STC	SE	Jönköping Munksjötornet		05:00-23:00		05:00-23:00		05:00-23:00		05:00-23:00		
STC	SE	Kallinge		04:00-24:00		04:00-24:00		04:00-24:00		04:00-24:00		
STC	SE	Kalmar Arenan		04:00-24:00		04:00-24:00		04:00-24:00		04:00-24:00		
STC	SE	Kalmar Kaggensgatan		04:00-24:00	Se stc.se	04:00-24:00	Se stc.se	04:00-24:00	Se stc.se	04:00-24:00	Se stc.se	
STC	SE	Karlastaden	Kuskens Gata 1, 41756 GÖTEBORG	00:00-24:00	Se stc.se	00:00-24:00	Se stc.se	00:00-24:00	Se stc.se	00:00-24:00	Se stc.se	
STC	SE	Karlsborg		04:00-24:00	Se stc.se	04:00-24:00	Se stc.se	04:00-24:00	Se stc.se	04:00-24:00	Se stc.se	
STC	SE	Karlshamn Drottninggatan		04:00-24:00		04:00-24:00		04:00-24:00		04:00-24:00		
STC	SE	Karlshamn Riggen		04:00-24:00	Se stc.se	04:00-24:00	Se stc.se	04:00-24:00	Se stc.se	04:00-24:00	Se stc.se	
STC	SE	Karlskrona Amiralitetstorget		05:30-23:00		05:30-23:00		05:30-23:00		05:30-23:00		
STC	SE	Karlskrona Landbrogatan		05:00-23:00	Se stc.se	05:00-23:00	Se stc.se	05:00-23:00	Se stc.se	05:00-23:00	Se stc.se	
STC	SE	Karlstad Bryggudden	Tynäsgatan 2, 65224 KARLSTAD	04:00-24:00	Se stc.se	04:00-24:00	Se stc.se	04:00-24:00	Se stc.se	04:00-24:00	Se stc.se	
STC	SE	Karlstad Kasernhöjden	Kasernhöjden 14, 65339 KARLSTAD	00:00-24:00	Se stc.se	00:00-24:00	Se stc.se	00:00-24:00	Se stc.se	00:00-24:00	Se stc.se	
STC	SE	Karlstad Kronoparken	Signalhornsgatan 3, 65634 KARLSTAD	00:00-24:00		00:00-24:00		00:00-24:00		00:00-24:00		
STC	SE	Karlstad Västra Torggatan	Västra Torggatan 4, 65225 KARLSTAD	05:00-23:00	Se stc.se	05:00-23:00	Se stc.se	05:00-23:00	Se stc.se	05:00-23:00	Se stc.se	
STC	SE	Katrineholm		04:00-23:00	Se stc.se	04:00-23:00	Se stc.se	04:00-23:00	Se stc.se	04:00-23:00	Se stc.se	
STC	SE	Katrineholm Lövåsen		00:00-24:00	Se stc.se	00:00-24:00	Se stc.se	00:00-24:00	Se stc.se	00:00-24:00	Se stc.se	
STC	SE	Kil		00:00-24:00	Se stc.se	00:00-24:00	Se stc.se	00:00-24:00	Se stc.se	00:00-24:00	Se stc.se	
STC	SE	Knivsta Alsike		05:00-23:00		05:00-23:00		05:00-23:00		05:00-23:00		
STC	SE	Knivsta Centrum		05:00-23:00	Se stc.se	05:00-23:00	Se stc.se	05:00-23:00	Se stc.se	05:00-23:00	Se stc.se	
STC	SE	Kristianstad Sävvägen		04:00-24:00	Se stc.se	04:00-24:00	Se stc.se	04:00-24:00	Se stc.se	04:00-24:00	Se stc.se	
STC	SE	Kristianstad Östra Storgatan		04:00-24:00	Se stc.se	04:00-24:00	Se stc.se	04:00-24:00	Se stc.se	04:00-24:00	Se stc.se	
STC	SE	Kristinehamn		00:00-24:00	Se stc.se	00:00-24:00	Se stc.se	00:00-24:00	Se stc.se	00:00-24:00	Se stc.se	
STC	SE	Kungsbacka Gymnasiegatan		05:00-23:00		05:00-23:00		05:00-23:00		05:00-23:00		
STC	SE	Kungsbacka Månstensvägen		05:00-23:00	Se stc.se	05:00-23:00	Se stc.se	05:00-23:00	Se stc.se	05:00-23:00	Se stc.se	
STC	SE	Kungsholmen Hornsberg Strand		05:00-23:00		05:00-23:00		05:00-23:00		05:00-23:00		
STC	SE	Kungsholmen Kungsbroplan	Fleminggatan 3, 11226 STOCKHOLM	05:00-23:00		05:00-23:00		05:00-23:00		05:00-23:00		
STC	SE	Kungsholmen Lilla Essingen		05:00-23:00		05:00-23:00		05:00-23:00		05:00-23:00		
STC	SE	Kungsholmen Rålambshov		05:00-23:00		05:00-23:00		05:00-23:00		05:00-23:00		
STC	SE	Kungsängen Centrum		05:00-23:00		05:00-23:00		05:00-23:00		05:00-23:00		
STC	SE	Kungälv Kongahälla		00:00-24:00		00:00-24:00		00:00-24:00		00:00-24:00		
STC	SE	Kungälv Rollsbo		00:00-24:00	Se stc.se	00:00-24:00	Se stc.se	00:00-24:00	Se stc.se	00:00-24:00	Se stc.se	
STC	SE	Kungälv Västra gatan		00:00-24:00	Se stc.se	00:00-24:00	Se stc.se	00:00-24:00	Se stc.se	00:00-24:00	Se stc.se	
STC	SE	Kållered		00:00-24:00	Se stc.se	00:00-24:00	Se stc.se	00:00-24:00	Se stc.se	00:00-24:00	Se stc.se	
STC	SE	Landskrona		00:00-24:00	Se stc.se	00:00-24:00	Se stc.se	00:00-24:00	Se stc.se	00:00-24:00	Se stc.se	
STC	SE	Lerum Centrum		00:00-24:00	Se stc.se	00:00-24:00	Se stc.se	00:00-24:00	Se stc.se	00:00-24:00	Se stc.se	
STC	SE	Lidingö Centrum		05:00-23:00	Se stc.se	05:00-23:00	Se stc.se	05:00-23:00	Se stc.se	05:00-23:00	Se stc.se	
STC	SE	Lidköping		00:00-24:00	Se stc.se	00:00-24:00	Se stc.se	00:00-24:00	Se stc.se	00:00-24:00	Se stc.se	
STC	SE	Lidköping Rådamossevägen		00:00-24:00		00:00-24:00		00:00-24:00		00:00-24:00		
STC	SE	Lidköping Rörstrand		04:00-24:00	Se stc.se	04:00-24:00	Se stc.se	04:00-24:00	Se stc.se	04:00-24:00	Se stc.se	
STC	SE	Lilla Edet Centrum		05:00-23:00		05:00-23:00		05:00-23:00		05:00-23:00		
STC	SE	Linköping Vasastaden		05:00-23:00		05:00-23:00		05:00-23:00		05:00-23:00		
STC	SE	Ljungskile		00:00-24:00	Se stc.se	00:00-24:00	Se stc.se	00:00-24:00	Se stc.se	00:00-24:00	Se stc.se	
STC	SE	Lyckeby		04:00-24:00	Se stc.se	04:00-24:00	Se stc.se	04:00-24:00	Se stc.se	04:00-24:00	Se stc.se	
STC	SE	Långedrag		04:00-24:00	Se stc.se	04:00-24:00	Se stc.se	04:00-24:00	Se stc.se	04:00-24:00	Se stc.se	
STC	SE	Majorna Guldkällegatan		05:00-23:00		05:00-23:00		05:00-23:00		05:00-23:00		
STC	SE	Malmö Hyllie		05:00-23:00		05:00-23:00		05:00-23:00		05:00-23:00		
STC	SE	Malmö Limhamn		05:00-23:00		05:00-23:00		05:00-23:00		05:00-23:00		
STC	SE	Malmö Sorgenfri		05:00-23:00	Se stc.se	05:00-23:00	Se stc.se	05:00-23:00	Se stc.se	05:00-23:00	Se stc.se	
STC	SE	Mariestad		00:00-24:00	Se stc.se	00:00-24:00	Se stc.se	00:00-24:00	Se stc.se	00:00-24:00	Se stc.se	
STC	SE	Masthugget Bangatan		05:00-23:00		05:00-23:00		05:00-23:00		05:00-23:00		
STC	SE	Munkedal		00:00-24:00		00:00-24:00		00:00-24:00		00:00-24:00		
STC	SE	Mölndal Flöjelbergsgatan		00:00-24:00	Se stc.se	00:00-24:00	Se stc.se	00:00-24:00	Se stc.se	00:00-24:00	Se stc.se	
STC	SE	Mölnlycke		00:00-24:00		00:00-24:00		00:00-24:00		00:00-24:00		
STC	SE	Mörrum		04:00-24:00		04:00-24:00		04:00-24:00		04:00-24:00		
STC	SE	Nacka Finnboda		05:00-23:00		05:00-23:00		05:00-23:00		05:00-23:00		
STC	SE	Nacka Finntorp		05:00-23:00		05:00-23:00		05:00-23:00		05:00-23:00		
STC	SE	Nacka Forum		05:00-23:00		05:00-23:00		05:00-23:00		05:00-23:00		
STC	SE	Nacka Granithöjden		05:00-23:00		05:00-23:00		05:00-23:00		05:00-23:00		
STC	SE	Nacka Kvarnholmen		05:00-23:00		05:00-23:00		05:00-23:00		05:00-23:00		
STC	SE	Nacka Tollare		05:00-23:00		05:00-23:00		05:00-23:00		05:00-23:00		
STC	SE	Nacka Tre Kronors Väg		05:00-23:00		05:00-23:00		05:00-23:00		05:00-23:00		
STC	SE	Nol		04:00-24:00	Se stc.se	04:00-24:00	Se stc.se	04:00-24:00	Se stc.se	04:00-24:00	Se stc.se	
STC	SE	Norra Djurgårdsstaden Bobergsgatan		05:00-23:00	Se stc.se	05:00-23:00	Se stc.se	05:00-23:00	Se stc.se	05:00-23:00	Se stc.se	
STC	SE	Norra Djurgårdsstaden Storängstorget		05:00-23:00		05:00-23:00		05:00-23:00		05:00-23:00		
STC	SE	Norrköping Kungsgatan		05:00-23:00		05:00-23:00		05:00-23:00		05:00-23:00		
STC	SE	Norrköping Prästgatan		00:00-24:00	Se stc.se	00:00-24:00	Se stc.se	00:00-24:00	Se stc.se	00:00-24:00	Se stc.se	
STC	SE	Nynäshamn		05:00-23:00	Se stc.se	05:00-23:00	Se stc.se	05:00-23:00	Se stc.se	05:00-23:00	Se stc.se	
STC	SE	Nättraby		04:00-24:00		04:00-24:00		04:00-24:00		04:00-24:00		
STC	SE	Nödinge		04:00-24:00	Se stc.se	04:00-24:00	Se stc.se	04:00-24:00	Se stc.se	04:00-24:00	Se stc.se	
STC	SE	Olofström Östra Storgatan		00:00-24:00	Se stc.se	00:00-24:00	Se stc.se	00:00-24:00	Se stc.se	00:00-24:00	Se stc.se	
STC	SE	Olskroken Kobbarnas väg		05:00-23:00		05:00-23:00		05:00-23:00		05:00-23:00		
STC	SE	Oskarshamn Dammgatan		04:00-02:00	Se stc.se	04:00-02:00	Se stc.se	04:00-02:00	Se stc.se	04:00-02:00	Se stc.se	
STC	SE	Oskarshamn Kolberga		05:00-23:00		05:00-23:00		05:00-23:00		05:00-23:00		
STC	SE	Oxie		05:00-23:00	Se stc.se	05:00-23:00	Se stc.se	05:00-23:00	Se stc.se	05:00-23:00	Se stc.se	
STC	SE	Partille Port		05:00-23:00	Se stc.se	05:00-23:00	Se stc.se	05:00-23:00	Se stc.se	05:00-23:00	Se stc.se	
STC	SE	Platinan		00:00-24:00		00:00-24:00		00:00-24:00		00:00-24:00		
STC	SE	Rimbo Centrum		05:00-23:00		05:00-23:00		05:00-23:00		05:00-23:00		
STC	SE	Ronneby Metallgatan		04:00-24:00	Se stc.se	04:00-24:00	Se stc.se	04:00-24:00	Se stc.se	04:00-24:00	Se stc.se	
STC	SE	Rosenlundsparken		05:00-23:00		05:00-23:00		05:00-23:00		05:00-23:00		
STC	SE	Rågsved		05:00-23:00		05:00-23:00		05:00-23:00		05:00-23:00		
STC	SE	Rödeby		04:00-24:00		04:00-24:00		04:00-24:00		04:00-24:00		
STC	SE	Saltsjöbaden Solsidan		05:00-23:00		05:00-23:00		05:00-23:00		05:00-23:00		
STC	SE	Selma		00:00-24:00	Se stc.se	00:00-24:00	Se stc.se	00:00-24:00	Se stc.se	00:00-24:00	Se stc.se	
STC	SE	Skara		00:00-24:00	Se stc.se	00:00-24:00	Se stc.se	00:00-24:00	Se stc.se	00:00-24:00	Se stc.se	
STC	SE	Skene		00:00-24:00	Se stc.se	00:00-24:00	Se stc.se	00:00-24:00	Se stc.se	00:00-24:00	Se stc.se	
STC	SE	Skurup Norra		00:00-24:00	Se stc.se	00:00-24:00	Se stc.se	00:00-24:00	Se stc.se	00:00-24:00	Se stc.se	
STC	SE	Skurup handelsområde		00:00-24:00	Se stc.se	00:00-24:00	Se stc.se	00:00-24:00	Se stc.se	00:00-24:00	Se stc.se	
STC	SE	Skövde Elins Esplanad		00:00-24:00	Se stc.se	00:00-24:00	Se stc.se	00:00-24:00	Se stc.se	00:00-24:00	Se stc.se	
STC	SE	Skövde Norra Ryd		00:00-24:00	Se stc.se	00:00-24:00	Se stc.se	00:00-24:00	Se stc.se	00:00-24:00	Se stc.se	
STC	SE	Skövde Staketgatan		04:00-24:00	Se stc.se	04:00-24:00	Se stc.se	04:00-24:00	Se stc.se	04:00-24:00	Se stc.se	
STC	SE	Slagsta Strand		05:00-23:00		05:00-23:00		05:00-23:00		05:00-23:00		
STC	SE	Sollentuna Edsberg Centrum		05:00-23:00		05:00-23:00		05:00-23:00		05:00-23:00		
STC	SE	Sollentuna Edsvikens Torg		05:00-23:00		05:00-23:00		05:00-23:00		05:00-23:00		
STC	SE	Sollentuna Silverdals Torg		05:00-23:00		05:00-23:00		05:00-23:00		05:00-23:00		
STC	SE	Sollentuna Tureberg		05:00-23:00		05:00-23:00		05:00-23:00		05:00-23:00		
STC	SE	Solna Brotorp		05:00-23:00		05:00-23:00		05:00-23:00		05:00-23:00		
STC	SE	Solna Filmstaden		05:00-23:00		05:00-23:00		05:00-23:00		05:00-23:00		
STC	SE	Solna Fridensborgsvägen		05:00-23:00		05:00-23:00		05:00-23:00		05:00-23:00		
STC	SE	Solna Frösunda Park		05:00-23:00	Se stc.se	05:00-23:00	Se stc.se	05:00-23:00	Se stc.se	05:00-23:00	Se stc.se	
STC	SE	Solna Ingenting		05:00-23:00		05:00-23:00		05:00-23:00		05:00-23:00		
STC	SE	Solna Järva Skjutbaneväg		05:00-23:00		05:00-23:00		05:00-23:00		05:00-23:00		
STC	SE	Solna Råsunda		05:00-23:00		05:00-23:00		05:00-23:00		05:00-23:00		
STC	SE	Spånga Centrum		05:00-23:00		05:00-23:00		05:00-23:00		05:00-23:00		
STC	SE	Staffanstorp		00:00-24:00	Se stc.se	00:00-24:00	Se stc.se	00:00-24:00	Se stc.se	00:00-24:00	Se stc.se	
STC	SE	Stenungsund Arena		06:30-22:00	Se stc.se	06:30-22:00	Se stc.se	06:30-22:00	Se stc.se	06:30-22:00	Se stc.se	
STC	SE	Stenungsund Strandvägen		04:00-24:00	Se stc.se	04:00-24:00	Se stc.se	04:00-24:00	Se stc.se	04:00-24:00	Se stc.se	
STC	SE	Stora höga		00:00-24:00		00:00-24:00		00:00-24:00		00:00-24:00		
STC	SE	Sturegatan Park	Sturegatan 18, 11436 STOCKHOLM	05:00-22:00	Se stc.se	05:00-22:00	Se stc.se	05:00-22:00	Se stc.se	05:00-22:00	Se stc.se	
STC	SE	Sundbyberg Rissne		05:00-23:00		05:00-23:00		05:00-23:00		05:00-23:00		
STC	SE	Sundbyberg Station		05:00-23:00		05:00-23:00		05:00-23:00		05:00-23:00		
STC	SE	Sundbyberg Ursvik		05:00-23:00		05:00-23:00		05:00-23:00		05:00-23:00		
STC	SE	Sundbyberg Ursviks Allé		05:00-23:00		05:00-23:00		05:00-23:00		05:00-23:00		
STC	SE	Sundsvall Bosvedjan		00:00-24:00		00:00-24:00		00:00-24:00		00:00-24:00		
STC	SE	Sundsvall City		00:00-24:00	Se stc.se	00:00-24:00	Se stc.se	00:00-24:00	Se stc.se	00:00-24:00	Se stc.se	
STC	SE	Sundsvall Metropol		00:00-24:00		00:00-24:00		00:00-24:00		00:00-24:00		
STC	SE	Sundsvall Norra Kajen		05:00-24:00	Se stc.se	05:00-24:00	Se stc.se	05:00-24:00	Se stc.se	05:00-24:00	Se stc.se	
STC	SE	Sundsvall Sidsjön		00:00-24:00		00:00-24:00		00:00-24:00		00:00-24:00		
STC	SE	Sundsvall Skönsberg		00:00-24:00		00:00-24:00		00:00-24:00		00:00-24:00		
STC	SE	Sundsvall Skönsmon		00:00-24:00		00:00-24:00		00:00-24:00		00:00-24:00		
STC	SE	Surte Göteborgsvägen		05:00-23:00		05:00-23:00		05:00-23:00		05:00-23:00		
STC	SE	Sävedalen		00:00-24:00	Se stc.se	00:00-24:00	Se stc.se	00:00-24:00	Se stc.se	00:00-24:00	Se stc.se	
STC	SE	Södermalm Ersta		05:00-23:00		05:00-23:00		05:00-23:00		05:00-23:00		
STC	SE	Södermalm Hammarbyhamnen		05:00-23:00		05:00-23:00		05:00-23:00		05:00-23:00		
STC	SE	Södermalm Timmermansgatan		05:00-23:00		05:00-23:00		05:00-23:00		05:00-23:00		
STC	SE	Södermalm Vintertullstorget		05:00-23:00		05:00-23:00		05:00-23:00		05:00-23:00		
STC	SE	Sölvesborg Stortorget		04:00-24:00	Se stc.se	04:00-24:00	Se stc.se	04:00-24:00	Se stc.se	04:00-24:00	Se stc.se	
STC	SE	Tibro Norra Rydsgatan		00:00-24:00	Se stc.se	00:00-24:00	Se stc.se	00:00-24:00	Se stc.se	00:00-24:00	Se stc.se	
STC	SE	Tibro Storgatan		04:00-24:00		04:00-24:00		04:00-24:00		04:00-24:00		
STC	SE	Tierp		00:00-24:00	Se stc.se	00:00-24:00	Se stc.se	00:00-24:00	Se stc.se	00:00-24:00	Se stc.se	
STC	SE	Tingsryd		04:00-24:00	Se stc.se	04:00-24:00	Se stc.se	04:00-24:00	Se stc.se	04:00-24:00	Se stc.se	
STC	SE	Tingstorget		05:00-22:00		05:00-22:00		05:00-22:00		05:00-22:00		
STC	SE	Tjörn		00:00-24:00	Se stc.se	00:00-24:00	Se stc.se	00:00-24:00	Se stc.se	00:00-24:00	Se stc.se	
STC	SE	Torsås		04:00-24:00	Se stc.se	04:00-24:00	Se stc.se	04:00-24:00	Se stc.se	04:00-24:00	Se stc.se	
STC	SE	Torsgatan	Torsgatan 18, 11123 STOCKHOLM	05:00-23:00		05:00-23:00		05:00-23:00		05:00-23:00		
STC	SE	Trelleborg		00:00-24:00	Se stc.se	00:00-24:00	Se stc.se	00:00-24:00	Se stc.se	00:00-24:00	Se stc.se	
STC	SE	Trollhättan Kardanvägen		00:00-24:00	Se stc.se	00:00-24:00	Se stc.se	00:00-24:00	Se stc.se	00:00-24:00	Se stc.se	
STC	SE	Trollhättan Kungsgatan		04:00-24:00	Se stc.se	04:00-24:00	Se stc.se	04:00-24:00	Se stc.se	04:00-24:00	Se stc.se	
STC	SE	Tuve Gunnestorpsvägen		05:00-23:00		05:00-23:00		05:00-23:00		05:00-23:00		
STC	SE	Tyresö Centrum		06:00-22:00		06:00-22:00		06:00-22:00		06:00-22:00		
STC	SE	Täby Gribbylunds Torg		05:00-23:00	Se stc.se	05:00-23:00	Se stc.se	05:00-23:00	Se stc.se	05:00-23:00	Se stc.se	
STC	SE	Täby Kyrkby Midgårdsvägen		05:00-23:00		05:00-23:00		05:00-23:00		05:00-23:00		
STC	SE	Uddevalla		00:00-24:00	Se stc.se	00:00-24:00	Se stc.se	00:00-24:00	Se stc.se	00:00-24:00	Se stc.se	
STC	SE	Upplands Väsby Eds Allé		05:00-23:00		05:00-23:00		05:00-23:00		05:00-23:00		
STC	SE	Upplands Väsby Kyrkvägen		05:00-23:00		05:00-23:00		05:00-23:00		05:00-23:00		
STC	SE	Upplands Väsby Optimusvägen		05:00-23:00		05:00-23:00		05:00-23:00		05:00-23:00		
STC	SE	Uppsala Eddagatan		05:00-23:00		05:00-23:00		05:00-23:00		05:00-23:00		
STC	SE	Uppsala Gröna Gränby		05:00-23:00		05:00-23:00		05:00-23:00		05:00-23:00		
STC	SE	Uppsala Kungsängen		05:00-23:00		05:00-23:00		05:00-23:00		05:00-23:00		
STC	SE	Uppsala Kvarngärdet		05:00-23:00		05:00-23:00		05:00-23:00		05:00-23:00		
STC	SE	Uppsala Rosendal		05:00-23:00		05:00-23:00		05:00-23:00		05:00-23:00		
STC	SE	Uppsala Tullgarnsparken		05:00-23:00		05:00-23:00		05:00-23:00		05:00-23:00		
STC	SE	Uppsala Årsta		05:00-23:00		05:00-23:00		05:00-23:00		05:00-23:00		
STC	SE	Vara		00:00-24:00	Se stc.se	00:00-24:00	Se stc.se	00:00-24:00	Se stc.se	00:00-24:00	Se stc.se	
STC	SE	Varekil		00:00-24:00	Se stc.se	00:00-24:00	Se stc.se	00:00-24:00	Se stc.se	00:00-24:00	Se stc.se	
STC	SE	Vasastan Birger Jarlsgatan		05:00-23:00		05:00-23:00		05:00-23:00		05:00-23:00		
STC	SE	Vislanda		04:00-24:00	Se stc.se	04:00-24:00	Se stc.se	04:00-24:00	Se stc.se	04:00-24:00	Se stc.se	
STC	SE	Vällingby Råcksta		05:00-23:00		05:00-23:00		05:00-23:00		05:00-23:00		
STC	SE	Vänersborg		00:00-24:00	Se stc.se	00:00-24:00	Se stc.se	00:00-24:00	Se stc.se	00:00-24:00	Se stc.se	
STC	SE	Växjö Bäckgatan		05:00-23:00	Se stc.se	05:00-23:00	Se stc.se	05:00-23:00	Se stc.se	05:00-23:00	Se stc.se	
STC	SE	Växjö Station		05:00-23:00		05:00-23:00		05:00-23:00		05:00-23:00		
STC	SE	Växjö Teleborg		05:00-23:00	Se stc.se	05:00-23:00	Se stc.se	05:00-23:00	Se stc.se	05:00-23:00	Se stc.se	
STC	SE	Wieselgrensplatsen	Wieselgrensplatsen 31, 41747 GÖTEBORG	05:00-23:00		05:00-23:00		05:00-23:00		05:00-23:00		
STC	SE	Ystad		00:00-24:00	Se stc.se	00:00-24:00	Se stc.se	00:00-24:00	Se stc.se	00:00-24:00	Se stc.se	
STC	SE	Ytterby Hollandsgatan		00:00-24:00	Se stc.se	00:00-24:00	Se stc.se	00:00-24:00	Se stc.se	00:00-24:00	Se stc.se	
STC	SE	Åby		00:00-24:00	Se stc.se	00:00-24:00	Se stc.se	00:00-24:00	Se stc.se	00:00-24:00	Se stc.se	
STC	SE	Åbybadet		06:00-21:45		06:00-21:45		06:00-21:45		06:00-21:45		
STC	SE	Åhus		04:00-24:00	Se stc.se	04:00-24:00	Se stc.se	04:00-24:00	Se stc.se	04:00-24:00	Se stc.se	
STC	SE	Åre Kurortsvägen		00:00-24:00	Se stc.se	00:00-24:00	Se stc.se	00:00-24:00	Se stc.se	00:00-24:00	Se stc.se	
STC	SE	Årstadal Förmansvägen		05:00-23:00		05:00-23:00		05:00-23:00		05:00-23:00		
STC	SE	Årstadal Sjöviksvägen		05:00-23:00		05:00-23:00		05:00-23:00		05:00-23:00		
STC	SE	Åsa		00:00-24:00	Se stc.se	00:00-24:00	Se stc.se	00:00-24:00	Se stc.se	00:00-24:00	Se stc.se	
STC	SE	Årsta Torg		05:00-23:00	Se stc.se	05:00-23:00	Se stc.se	05:00-23:00	Se stc.se	05:00-23:00	Se stc.se	
STC	SE	Årsta Årstastråket		05:00-23:00		05:00-23:00		05:00-23:00		05:00-23:00		
STC	SE	Årstaberg Station		05:00-23:00		05:00-23:00		05:00-23:00		05:00-23:00		
STC	SE	Älmhult		04:00-24:00	Se stc.se	04:00-24:00	Se stc.se	04:00-24:00	Se stc.se	04:00-24:00	Se stc.se	
STC	SE	Älvsjö Johan Skyttes Väg		05:00-23:00		05:00-23:00		05:00-23:00		05:00-23:00		
STC	SE	Älvsjö Solberga		05:00-23:00		05:00-23:00		05:00-23:00		05:00-23:00		
STC	SE	Älvsjö Station		05:00-23:00		05:00-23:00		05:00-23:00		05:00-23:00		
STC	SE	Älvsjö Örby		05:00-23:00		05:00-23:00		05:00-23:00		05:00-23:00		
STC	SE	Älvängen		00:00-24:00	Se stc.se	00:00-24:00	Se stc.se	00:00-24:00	Se stc.se	00:00-24:00	Se stc.se	
STC	SE	Önneredsvägen		05:00-23:00		05:00-23:00		05:00-23:00		05:00-23:00		
STC	SE	Örebro Rynningeåsen		05:00-23:00		05:00-23:00		05:00-23:00		05:00-23:00		
STC	SE	Örebro Sörby		05:00-23:00		05:00-23:00		05:00-23:00		05:00-23:00		
STC	SE	Östermalm Linnégatan		05:00-23:00		05:00-23:00		05:00-23:00		05:00-23:00		
STC	SE	Östersund Campus		00:00-24:00		00:00-24:00		00:00-24:00		00:00-24:00		
STC	SE	Östersund City		05:00-22:00	Se stc.se	05:00-22:00	Se stc.se	05:00-22:00	Se stc.se	05:00-22:00	Se stc.se	
STC	SE	Östersund Frösön		00:00-24:00		00:00-24:00		00:00-24:00		00:00-24:00		
STC	SE	Östersund Frösön Lövsta		00:00-24:00		00:00-24:00		00:00-24:00		00:00-24:00		
STC	SE	Östersund Fyrvalla		00:00-24:00		00:00-24:00		00:00-24:00		00:00-24:00		
STC	SE	Östersund Krokom		00:00-24:00		00:00-24:00		00:00-24:00		00:00-24:00		
STC	SE	Östersund Odenhallen		00:00-24:00	Se stc.se	00:00-24:00	Se stc.se	00:00-24:00	Se stc.se	00:00-24:00	Se stc.se	
STC	SE	Östersund Odenskog		00:00-24:00		00:00-24:00		00:00-24:00		00:00-24:00		
STC	SE	Östersund Stadsdel norr		00:00-24:00		00:00-24:00		00:00-24:00		00:00-24:00		
STC	SE	Östersund Storsjöbadet		06:00-21:00	Se stc.se	06:00-21:00	Se stc.se	06:00-21:00	Se stc.se	06:00-21:00	Se stc.se	
STC	SE	Östersund Storsjöstrand		05:00-24:00	Se stc.se	05:00-24:00	Se stc.se	05:00-24:00	Se stc.se	05:00-24:00	Se stc.se	
SATS	SE	Bålsta	Kalmarsandsvägen 2D, 74631 BÅLSTA	06:00-22:00	06:00-22:00	06:00-20:00	06:00-20:00	08:00-18:00	08:00-18:00	08:00-19:00	08:00-19:00	
SATS	SE	Dalénum	Agavägen 58, 18155 LIDINGÖ	06:00-22:00	06:00-22:00	06:00-21:00	06:00-21:00	08:00-20:00	08:00-20:00	08:00-21:00	08:00-21:00	
SATS	SE	Danderyd	Karlsrovägen 2D, 18253 DANDERYD	06:00-22:00	06:00-22:00	06:00-20:00	06:00-20:00	08:00-20:00	08:00-20:00	08:00-20:00	08:00-20:00	
SATS	SE	DN-Skrapan	Rålambsvägen 17, 11260 STOCKHOLM	06:00-22:00	06:00-22:00	06:00-21:00	06:00-21:00	08:00-19:00	08:00-19:00	09:00-20:00	09:00-20:00	
SATS	SE	Edsberg	Hovslagarevägen 2, 19254 SOLLENTUNA	05:00-22:00	09:00-22:00	05:00-21:00	09:00-21:00	05:00-20:00	09:00-20:00	05:00-21:00	09:00-21:00	
SATS	SE	Ella Gård	Stockholmsvägen 116, 18730 TÄBY	05:00-22:00	09:00-22:00	05:00-22:00	09:00-19:00	05:00-21:00	10:00-18:00	05:00-21:00	10:00-18:00	
SATS	SE	Eriksberg	Kolhamnsgatan 3, 41761 GÖTEBORG	06:00-22:00	06:00-22:00	06:00-20:00	06:00-20:00	08:00-19:00	08:00-19:00	08:00-19:00	08:00-19:00	
SATS	SE	Farsta	Storforsplan 32, 12347 FARSTA	06:00-22:00	06:00-22:00	06:00-21:00	06:00-21:00	08:00-19:00	08:00-19:00	08:00-20:00	08:00-20:00	
SATS	SE	Fatburen	Magnus Ladulåsgatan 65, 11827 STOCKHOLM	06:00-22:00	06:00-22:00	06:00-21:00	06:00-21:00	08:00-18:00	08:00-18:00	09:00-20:00	09:00-20:00	
SATS	SE	Fridhemsplan	St Eriksgatan 32, 11234 STOCKHOLM	06:00-22:00	06:00-22:00	06:00-20:00	06:00-20:00	08:00-18:00	08:00-18:00	08:00-19:00	08:00-19:00	
SATS	SE	Gamlestaden	Gamlestads Torg 7, 41512 GÖTEBORG	05:00-23:00	10:00-21:00	05:00-23:00	10:00-21:00	05:00-23:00	10:00-16:00	05:00-23:00	10:00-16:00	
SATS	SE	Globen	Arenavägen 43, 12177 JOHANNESHOV	06:00-22:00	06:00-22:00	06:00-20:00	06:00-20:00	08:00-18:00	08:00-18:00	08:00-19:00	08:00-19:00	
SATS	SE	Gåshaga	Värdshusvägen 11, 18163 LIDINGÖ	06:30-22:00	06:30-22:00	06:30-19:00	06:30-19:00	09:00-18:00	09:00-18:00	09:00-18:00	09:00-18:00	
SATS	SE	Gärdet	Sehlstedtsgatan 8, 11528 STOCKHOLM	06:00-22:00	06:00-22:00	06:00-21:00	06:00-21:00	08:00-18:00	08:00-18:00	09:00-19:00	09:00-19:00	
SATS	SE	Haga Norra	Torfredsplatsen 2, 16975 SOLNA	06:00-22:00	06:00-22:00	06:00-20:00	06:00-20:00	08:00-18:00	08:00-18:00	08:00-20:00	08:00-20:00	
SATS	SE	Hamnen	Odelbergsväg 19, 13440 GUSTAVSBERG	05:00-23:00	06:00-22:00	05:00-23:00	06:00-19:00	05:00-23:00	08:00-18:00	05:00-23:00	09:00-20:00	
SATS	SE	Haninge	Vendelsövägen 1, 13644 HANDEN	05:00-22:00	05:00-22:00	05:00-21:00	05:00-21:00	08:00-18:00	08:00-18:00	08:00-20:00	08:00-20:00	
SATS	SE	Helsingborg	Hälsovägen 47, 25442 HELSINGBORG	06:00-22:00	06:00-22:00	06:00-21:00	06:00-21:00	08:00-18:00	08:00-18:00	09:00-19:00	09:00-19:00	
SATS	SE	Hornsbergs Strand	Warfvinges Väg 47, 11251 STOCKHOLM	06:00-22:00	06:00-22:00	06:00-21:00	06:00-21:00	08:00-18:00	08:00-18:00	08:00-20:00	08:00-20:00	
SATS	SE	Hornstull	Bergsunds Strand 47, 11738 STOCKHOLM	06:00-22:00	06:00-22:00	06:00-21:00	06:00-21:00	08:00-18:00	08:00-18:00	08:00-20:00	08:00-20:00	
SATS	SE	Hovås	Björklundabacken 2, 43657 HOVÅS	06:00-22:00	06:00-22:00	06:00-21:00	06:00-21:00	08:00-20:00	08:00-20:00	08:00-20:00	08:00-20:00	
SATS	SE	Huddinge	Sjödalstorget 3, 14147 HUDDINGE	06:00-22:00	06:00-22:00	06:00-21:00	06:00-21:00	08:00-18:00	08:00-18:00	08:00-20:00	08:00-20:00	
SATS	SE	Hyllie	Hyllie Boulevard 8D, 21532 MALMÖ	06:00-22:00	06:00-22:00	06:00-21:00	06:00-21:00	08:00-20:00	08:00-20:00	08:00-20:00	08:00-20:00	
SATS	SE	Hyllie Corner	Hyllie Boulevard 42, 21535 MALMÖ	04:00-23:00	09:00-13:00+16:00-20:00	04:00-23:00	09:00-13:00+16:00-20:00	04:00-23:00	10:00-14:00	04:00-23:00	10:00-14:00	Gym alltid öppet; bemannade tider delas
SATS	SE	Häggvik	Bagarbyvägen 61, 19162 SOLLENTUNA	06:00-22:00	06:00-22:00	06:00-22:00	06:00-22:00	08:00-20:00	08:00-20:00	08:00-22:00	08:00-22:00	
SATS	SE	Hötorget	Sveavägen 20, 11157 STOCKHOLM	05:00-22:00	05:00-22:00	05:00-21:00	05:00-21:00	09:00-18:00	09:00-18:00	09:00-19:00	09:00-19:00	
SATS	SE	Karlaplan	Karlavägen 96, 11526 STOCKHOLM	06:00-22:00	06:00-22:00	06:00-21:00	06:00-21:00	08:00-18:00	08:00-18:00	09:00-19:00	09:00-19:00	
SATS	SE	Kista	Färögatan 30, 16440 KISTA	06:00-22:00	06:00-22:00	06:00-21:00	06:00-21:00	08:00-21:00	08:00-21:00	08:00-21:00	08:00-21:00	
SATS	SE	Kungens Kurva	Dialoggatan 2, 14175 KUNGENS KURVA	06:30-22:00	06:30-22:00	06:30-21:00	06:30-21:00	08:00-18:00	08:00-18:00	08:00-19:00	08:00-19:00	
SATS	SE	Landala	Kapellplatsen 4, 41131 GÖTEBORG	05:30-22:00	05:30-22:00	05:30-21:00	05:30-21:00	08:00-18:00	08:00-18:00	08:00-19:00	08:00-19:00	
SATS	SE	Liljeholmstorget	Liljeholmstorget 7, 11763 STOCKHOLM	06:00-22:00	06:00-22:00	06:00-20:00	06:00-20:00	08:00-18:00	08:00-18:00	09:00-20:00	09:00-20:00	
SATS	SE	Limhamn	Glasblåsaregatan 19, 21644 LIMHAMN	06:00-22:00	06:00-22:00	06:00-21:00	06:00-21:00	08:00-19:00	08:00-19:00	08:00-19:00	08:00-19:00	
SATS	SE	Mall of Scandinavia	Stjärntorget 2, 16956 SOLNA	06:00-22:00	06:00-22:00	06:00-22:00	06:00-22:00	08:00-21:00	08:00-21:00	09:00-21:00	09:00-21:00	
SATS	SE	Marievik	Årstaängsvägen 21, 11743 STOCKHOLM	06:00-22:00	06:00-22:00	06:00-21:00	06:00-21:00	08:00-18:00	08:00-18:00	08:00-20:00	08:00-20:00	
SATS	SE	Masthugget	Andra Långgatan 44, 41327 GÖTEBORG	06:00-22:00	06:00-22:00	06:00-20:00	06:00-20:00	08:00-18:00	08:00-18:00	08:00-19:00	08:00-19:00	
SATS	SE	Mobilia	Per Albin Hanssons V.34f, 21432 MALMÖ	06:30-22:00	06:30-22:00	06:30-21:00	06:30-21:00	09:00-20:00	09:00-20:00	09:00-20:00	09:00-20:00	
SATS	SE	Märsta	Tingvallavägen 1, 19530 MÄRSTA	05:00-22:00	05:00-22:00	05:00-20:00	05:00-20:00	08:00-19:00	08:00-19:00	09:00-20:00	09:00-20:00	
SATS	SE	Mölndal	Mölndals Bro 7, 43130 MÖLNDAL	06:00-22:00	06:00-22:00	06:00-20:00	06:00-20:00	08:00-20:00	08:00-20:00	08:00-20:00	08:00-20:00	
SATS	SE	Mölnlycke	Hönekullavägen 13, 43544 MÖLNLYCKE	06:00-22:00	06:00-22:00	06:00-21:00	06:00-21:00	08:00-18:00	08:00-18:00	09:00-19:00	09:00-19:00	
SATS	SE	Nacka Forum	Forumvägen 14, 13153 NACKA	06:15-22:00	06:15-22:00	06:15-21:00	06:15-21:00	08:00-20:00	08:00-20:00	08:00-20:00	08:00-20:00	
SATS	SE	Nacka Strand	Cylindervägen 18, 13127 NACKA STRAND	06:00-22:00	06:00-22:00	06:00-20:00	06:00-20:00	08:00-18:00	08:00-18:00	08:00-18:00	08:00-18:00	
SATS	SE	NK	Regeringsgatan 47, 11156 STOCKHOLM	06:00-21:00	06:00-21:00	06:00-20:00	06:00-20:00	09:00-18:00	09:00-18:00	10:00-18:00	10:00-18:00	
SATS	SE	Näsby Park	Eskadervägen 2-4, 18354 TÄBY	05:30-22:00	09:30-13:00+16:00-19:00	05:30-22:00	08:30-11:30+13:30-15:00	05:30-22:00	10:00-14:00	05:30-22:00	10:00-14:00	Bemannade varierar: Mån 09:30-13+16-19; Tis 11-13+16-19; Ons 10-12+15-19; Tor 09:30-12+15-17:30
SATS	SE	Näsby Slott	Näsby Slottsallé 7, 18352 TÄBY	04:30-22:30	06:00-22:30	04:30-21:00	06:00-21:00	04:30-21:00	08:00-21:00	04:30-22:30	08:00-22:30	
SATS	SE	Odenplan	Odengatan 65, 11322 STOCKHOLM	06:00-23:00	06:00-23:00	06:00-22:00	06:00-22:00	06:00-21:00	06:00-21:00	07:00-22:00	07:00-22:00	
SATS	SE	Scheelegatan	Fleminggatan 16, 11234 STOCKHOLM	06:00-22:00	06:00-22:00	06:00-21:00	06:00-21:00	08:00-19:00	08:00-19:00	08:00-20:00	08:00-20:00	
SATS	SE	Sickla	Siroccogatan 2, 13134 NACKA	06:00-22:00	06:00-22:00	06:00-21:00	06:00-21:00	08:00-18:00	08:00-18:00	08:00-20:00	08:00-20:00	
SATS	SE	Signalfabriken	Sundbybergs Torg 1G, 17267 SUNDBYBERG	06:00-22:00	06:00-22:00	06:00-21:00	06:00-21:00	08:00-18:00	08:00-18:00	09:00-20:00	09:00-20:00	
SATS	SE	S:t Eriksbron	S:t Eriksgatan 58-60, 11234 STOCKHOLM	06:00-22:00	06:00-22:00	06:00-21:00	06:00-21:00	08:00-20:00	08:00-20:00	08:00-20:00	08:00-20:00	
SATS	SE	Sjöstaden	Lumaparksvägen 5, 12031 STOCKHOLM	06:00-22:00	06:00-22:00	06:00-21:00	06:00-21:00	08:00-18:00	08:00-18:00	08:00-20:00	08:00-20:00	
SATS	SE	Spårvagnshallarna	Birger Jarlsgatan 57D, 11356 STOCKHOLM	06:00-22:00	06:00-22:00	06:00-21:00	06:00-21:00	08:00-18:00	08:00-18:00	10:00-20:00	10:00-20:00	
SATS	SE	Sveavägen	Sveavägen 51, 11230 STOCKHOLM	06:00-22:00	06:00-22:00	06:00-20:00	06:00-20:00	09:00-18:00	09:00-18:00	09:00-19:00	09:00-19:00	
SATS	SE	Tule	Tulegatan 45, 11353 STOCKHOLM	06:30-22:00	06:30-22:00	06:30-20:00	06:30-20:00	09:00-18:00	09:00-18:00	10:00-19:00	10:00-19:00	
SATS	SE	Tuletorget	Tulegatan 13, 17278 SUNDBYBERG	06:00-22:00	06:00-22:00	06:00-20:00	06:00-20:00	09:00-18:00	09:00-18:00	09:00-19:00	09:00-19:00	
SATS	SE	Vasastan	Gävlegatan 12, 11330 STOCKHOLM	06:00-22:00	06:00-22:00	06:00-21:00	06:00-21:00	08:00-19:00	08:00-19:00	08:00-19:00	08:00-19:00	
SATS	SE	SoFo	Kocksgatan 12, 11624 STOCKHOLM	06:00-23:00	06:00-23:00	06:00-21:00	06:00-21:00	08:00-20:00	08:00-20:00	08:00-21:00	08:00-21:00	
SATS	SE	Slakthuset	Rökerigatan 8, 12126 STOCKHOLM-GLOBEN	06:00-22:00	06:00-22:00	06:00-21:00	06:00-21:00	08:00-18:00	08:00-18:00	08:00-20:00	08:00-20:00	
SATS	SE	Torsplan	Solnavägen 1F, 11531 STOCKHOLM	06:00-22:00	06:00-22:00	06:00-20:00	06:00-20:00	08:00-18:00	08:00-18:00	08:00-19:00	08:00-19:00	
SATS	SE	Södra Station	Rosenlundsgatan 50, 11863 STOCKHOLM	06:00-22:00	06:00-22:00	06:00-20:00	06:00-20:00	09:00-18:00	09:00-18:00	09:00-19:00	09:00-19:00	
SATS	SE	Stureplan	Birger Jarlsgatan 6c, 11434 STOCKHOLM	06:00-22:00	06:00-22:00	06:00-20:00	06:00-20:00	08:00-18:00	08:00-18:00	10:00-19:00	10:00-19:00	
SATS	SE	Telefonplan	Dialoggatan 3, 12637 HÄGERSTEN	06:00-22:00	06:00-22:00	06:00-20:00	06:00-20:00	08:00-19:00	08:00-19:00	08:00-20:00	08:00-20:00	
SATS	SE	Älvsjö	Götalandsvägen 216-218, 12544 ÄLVSJÖ	06:00-22:00	06:00-22:00	06:00-21:00	06:00-21:00	08:00-18:00	08:00-18:00	09:00-20:00	09:00-20:00	
SATS	SE	Sollentuna	Sollentunavägen 163, 19147 SOLLENTUNA	06:00-22:00	06:00-22:00	06:00-21:00	06:00-21:00	08:00-18:00	08:00-18:00	09:00-19:00	09:00-19:00	
SATS	SE	Stadion	Valhallavägen 117, 11531 STOCKHOLM	06:00-22:00	06:00-22:00	06:00-21:00	06:00-21:00	08:00-18:00	08:00-18:00	08:00-19:00	08:00-19:00	
SATS	SE	Sågvägen	Sågvägen 12, 18440 ÅKERSBERGA	04:00-23:59	04:00-23:59	04:00-23:59	04:00-23:59	04:00-23:59	04:00-23:59	04:00-23:59	04:00-23:59	
SATS	SE	Tyresö	Radiovägen 5, 13548 TYRESÖ	05:00-22:00	05:00-22:00	05:00-21:00	05:00-21:00	07:00-18:00	07:00-18:00	08:00-20:00	08:00-20:00	
SATS	SE	Täby C	Täby Torg 2, 18334 TÄBY	06:00-22:00	06:00-22:00	06:00-21:00	06:00-21:00	09:00-18:00	09:00-18:00	09:00-20:00	09:00-20:00	
SATS	SE	Ursvik	Rissneleden 110, 17457 SUNDBYBERG	06:00-22:00	06:00-22:00	06:00-21:00	06:00-21:00	08:00-18:00	08:00-18:00	08:00-20:00	08:00-20:00	
SATS	SE	Viggbyholm	Bergtorpsvägen 43 A-B, 18364 TÄBY	06:00-22:00	06:00-22:00	06:00-21:00	06:00-21:00	08:00-20:00	08:00-20:00	08:00-20:00	08:00-20:00	
SATS	SE	Vinsta	Skattegårdsvägen 93, 16250 VÄLLINGBY	06:00-22:00	06:00-22:00	06:00-21:00	06:00-21:00	08:00-18:00	08:00-18:00	08:00-20:00	08:00-20:00	
SATS	SE	Vällingby	Pajalagatan 42, 16265 VÄLLINGBY	06:00-22:00	06:00-22:00	06:00-21:00	06:00-21:00	08:00-19:00	08:00-19:00	08:00-20:00	08:00-20:00	
SATS	SE	Värmdö	Orions Väg 1, 13444 GUSTAVSBERG	06:00-22:00	06:00-22:00	06:00-20:00	06:00-20:00	08:00-18:00	08:00-18:00	09:00-20:00	09:00-20:00	
SATS	SE	Väsby	Kanalvägen 1 B, 19461 UPPLANDS VÄSBY	05:30-22:00	05:30-22:00	05:30-21:00	05:30-21:00	08:00-20:00	08:00-20:00	08:00-21:00	08:00-21:00	
SATS	SE	Yoga Åkersberga	Stationsvägen 27, 18430 ÅKERSBERGA	07:00-14:00+16:00-21:00	07:00-14:00+16:00-21:00	07:00-19:00	07:00-19:00	08:00-14:00	08:00-14:00	10:00-18:00	10:00-18:00	
SATS	SE	Åkersberga Centrum	Stationsvägen 23, 18430 ÅKERSBERGA	04:00-22:00	07:00-21:00	04:00-22:00	07:00-20:00	04:00-22:00	08:00-19:00	04:00-22:00	08:00-19:00	
SATS	SE	Jakobsberg	Ynglingavägen 1-3 Plan 2, 17757 JÄRFÄLLA	N/A	N/A	N/A	N/A	N/A	N/A	N/A	N/A	Page not available
SATS	SE	Saltsjöbaden	Saltsjötorg 2-28, 13331 SALTSJÖBADEN	06:15-22:00	06:15-22:00	06:15-20:00	06:15-20:00	08:00-18:00	08:00-18:00	08:00-20:00	08:00-20:00	
SATS	SE	Sigtuna	Stora Gatan 31, 19330 SIGTUNA	05:00-22:30	05:00-22:30	05:00-20:00	05:00-20:00	05:00-20:00	05:00-20:00	05:00-20:00	05:00-20:00	
SATS	SE	Kungsmässan	Kungsmässan, 43438 KUNGSBACKA	05:00-23:00	10:00-20:00	05:00-23:00	10:00-20:00	05:00-23:00	10:00-18:00	05:00-23:00	10:00-18:00	
SATS	SE	Sisjön	Sisjövägen 49, 43633 ASKIM	06:00-22:00	06:00-22:00	06:00-21:00	06:00-21:00	08:00-19:00	08:00-19:00	08:00-20:00	08:00-20:00	
SATS	SE	Torpavallen	Torpavallsgatan 4B, 41673 GÖTEBORG	06:00-22:00	06:00-22:00	06:00-20:00	06:00-20:00	08:00-18:00	08:00-18:00	08:00-19:00	08:00-19:00	
SATS	SE	Triangeln	Sankt Johannesgatan 1, 21146 MALMÖ	04:00-23:00	10:00-23:00	04:00-23:00	10:00-23:00	04:00-23:00	10:00-23:00	04:00-23:00	10:00-23:00	
SATS	SE	Västra Hamnen	Östra Varvsgatan 6B, 21119 MALMÖ	06:00-22:00	06:00-22:00	06:00-20:00	06:00-20:00	07:00-18:00	07:00-18:00	08:00-19:00	08:00-19:00	
SATS	SE	Åre	Årestrand 4, 83013 ÅRE	06:00-23:59	06:00-23:59	06:00-23:59	06:00-23:59	06:00-23:59	06:00-23:59	06:00-23:59	06:00-23:59	
Actic	SE	Arboga Ekbacksbadet	Vinbäcksleden 7, 73249 ARBOGA	06:30-21:00	08:00-19:00	06:30-20:00	06:30-14:00	10:00-16:00	Obemannat	10:00-16:00	Obemannat	Ons öppnar 10:00
Actic	SE	Avesta	Kungsgatan 2, 77430 AVESTA	05:00-24:00	09:00-19:00	05:00-24:00	09:00-15:00	05:00-24:00	09:00-12:00	05:00-24:00	15:00-19:00	
Actic	SE	Borlänge Maserhallen	Masergatan 22, 78440 BORLÄNGE	06:30-21:00	06:30-21:00	06:30-20:00	06:30-20:00	08:00-17:00	08:00-17:00	08:00-17:00	08:00-17:00	
Actic	SE	Emmaboda	Fritidsvägen, 36133 EMMABODA	05:00-23:00	06:00-19:30	05:00-23:00	07:00-18:30	05:00-23:00	08:00-15:00	05:00-23:00	12:00-17:00	Tis/Tor bemannat från 08:00
Actic	SE	Eskilstuna Kungsgatan	Kungsgatan 70, 63221 ESKILSTUNA	04:00-23:00	08:00-20:00	04:00-23:00	08:00-16:00	04:00-23:00	09:00-13:00	04:00-23:00	11:00-16:00	
Actic	SE	Eskilstuna Munktell	Holger Lindmarks Plats 2, 63342 ESKILSTUNA	06:00-21:00	09:00-21:00	06:00-21:00	09:00-16:00	09:00-18:00	Obemannat	09:00-18:00	09:00-13:00	Tor öppnar 09:00
Actic	SE	Eslöv Karlsrobadet	Västergatan 54, ESLÖV	04:30-22:00	08:00-20:00	04:30-22:00	08:00-15:00	04:30-22:00	09:00-13:00	04:30-22:00	09:00-13:00	Mån/Tor bemannat split 08:00-13:00+15:00-20:00
Actic	SE	Falköping Mösseberg	Göteborgsvägen 12, 52130 FALKÖPING	04:00-24:00	10:00-19:00	04:00-24:00	10:00-16:00	04:00-24:00	10:00-13:00	04:00-24:00	15:00-18:00	Tor bemannat 10:00-18:00
Actic	SE	Falköping Odenbadet	Götavägen 30, 52144 FALKÖPING	06:15-20:00	11:00-19:00	06:15-20:00	11:00-14:00	09:00-17:00	Obemannat	09:00-19:00	15:00-19:00	
Actic	SE	Falun Britsarvet	Norra Järnvägsgatan 25, 79135 FALUN	05:00-23:00	08:00-13:00+15:00-20:00	05:00-23:00	09:00-13:00+15:00-18:00	05:00-23:00	09:00-13:00	05:00-23:00	14:00-18:00	
Actic	SE	Falun City	Gruvgatan 7, 79162 FALUN	05:00-24:00	09:00-20:00	05:00-24:00	09:00-17:00	05:00-24:00	09:00-13:00	05:00-24:00	15:00-19:00	Ons/Tor bemannat 10:00-19:00
Actic	SE	Falun Korsnäs	Hälsingbergsvägen 1, 79144 FALUN	05:00-24:00	08:00-19:00	05:00-24:00	11:00-17:00	05:00-24:00	09:00-12:00	05:00-24:00	Obemannat	
Actic	SE	Falun Lugnet	Lugnetvägen 5, 78131 FALUN	06:00-22:00	08:00-20:00	06:00-22:00	08:00-15:30	06:00-20:30	09:00-13:00	06:00-22:00	14:00-19:00	
Actic	SE	Flen Simhall	Hammarvallen 1-9, 64237 FLEN	08:00-21:00	12:00-19:00	06:30-19:30	08:00-15:00	09:00-16:00	10:00-14:00	09:00-16:00	Obemannat	Tis öppnar 06:30
Actic	SE	Gävle City	Nygatan 33, 80311 GÄVLE	05:00-24:00	08:00-19:30	05:00-24:00	08:00-13:00	05:00-24:00	09:00-11:30	05:00-24:00	09:00-12:00	
Actic	SE	Gävle Hemsta	Hasselgatan 9, 80262 GÄVLE	05:00-24:00	08:00-19:30	05:00-24:00	08:00-13:00	05:00-24:00	09:00-12:00	05:00-24:00	09:00-12:00	
Actic	SE	Hallstahammar Sporthallen	Skantzgatan 1, 73440 HALLSTAHAMMAR	05:00-23:00	10:00-18:00	05:00-23:00	10:00-17:00	05:00-23:00	Obemannat	05:00-23:00	Obemannat	Tor bemannat 10:00-16:00; simhall stängd
Actic	SE	Halmstad Flygstaden	Kristinebergsvägen 24, 30241 HALMSTAD	05:00-24:00	08:00-19:00	05:00-24:00	08:00-18:00	05:00-24:00	09:00-13:00	05:00-24:00	14:00-18:00	
Actic	SE	Halmstad Arena	Växjövägen 11, 30244 HALMSTAD	06:30-21:00	06:30-21:00	06:30-20:00	06:30-20:00	07:30-16:00	09:00-16:00	07:30-17:00	10:00-17:00	
Actic	SE	Finspång Grosvad	Grosvadsvägen 5, 61241 FINSPÅNG	04:00-22:00	04:00-22:00	04:00-20:00	04:00-20:00	04:00-19:00	04:00-19:00	04:00-19:00	04:00-19:00	Obemannad entré 04:00-06:00 alla dagar
Actic	SE	Halmstad Simhallsbadet	Karlsbergsvägen 2A, 30232 HALMSTAD	06:15-21:00	06:15-21:00	06:15-19:00	06:15-19:00	08:00-15:00	08:00-15:00	12:00-19:00	12:00-19:00	Bad stängt för renovering t.o.m. 30/6; bemannade tider ej visade
Actic	SE	Hedemora	Nygatan 3B, 77630 HEDEMORA	05:00-23:00	09:30-19:00	05:00-23:00	09:30-14:00	05:00-23:00	Obemannat	05:00-23:00	14:00-17:00	Bemannat varierar per dag; split-tider Tis/Ons/Tor
Actic	SE	Helsingborg Simhallsbadet	Södergatan 60, 25225 HELSINGBORG	06:30-21:00	06:30-21:00	06:30-20:00	06:30-20:00	08:00-16:00	08:00-16:00	10:00-18:00	10:00-18:00	Bemannade tider ej visade separat
Actic	SE	Karlshamn Väggabadet	Saltsjöbadsvägen 6, 37430 KARLSHAMN	06:15-20:30	06:15-19:00	06:15-19:30	06:15-19:00	07:30-17:30	10:00-15:30	07:00-18:00	07:00-15:30	Kassan-tider varierar (Mån 19:00; Tis/Tor 20:00; Ons 18:45)
Actic	SE	Karlstad Hammarö Nolgård	Bivägen 11, HAMMARÖ	05:00-23:00	14:00-19:00	05:00-23:00	10:00-13:00	05:00-23:00	Obemannat	05:00-23:00	10:00-13:00	Tis bemannat 16:00-19:00; Tor bemannat 10:00-13:00
Actic	SE	Karlstad City	Norra Strandgatan 17, KARLSTAD	05:00-23:00	11:00-19:00	05:00-23:00	10:00-16:00	05:00-23:00	10:00-14:00	05:00-23:00	10:00-14:00	Ons/Tor bemannat 11:00-18:00
Actic	SE	Karlstad Färjestad	Norra Infarten 79, 65465 KARLSTAD	05:00-23:00	09:00-20:00	05:00-23:00	09:00-18:00	05:00-23:00	09:00-13:00	05:00-23:00	09:00-13:00	
Actic	SE	Karlstad Lamberget	Tjärngatan 18, KARLSTAD	05:00-00:00	10:00-19:00	05:00-00:00	10:00-16:00	05:00-00:00	09:00-13:00	05:00-00:00	09:00-13:00	Ons/Tor bemannat 10:00-18:00
Actic	SE	Karlstad Sundstabadet	Drottning Kristinas Väg 3, 65463 KARLSTAD	06:30-20:45	07:00-20:00	06:30-20:00	07:00-20:00	09:00-16:00	09:00-16:00	09:00-16:00	09:00-16:00	Mån öppnar 08:30; obemannat 06:30-07:00 tis-fre & lunch 12-13
Actic	SE	Katrineholm Duveholmshallen	Västgötagatan 31, 64136 KATRINEHOLM	07:00-22:00	08:00-19:00	07:00-21:00	08:00-19:00	08:00-16:30	11:00-13:00	08:00-20:00	Obemannat	Tis/Tor öppnar 06:15; Mån bemannat 08:00-16:00
Actic	SE	Kiruna Sporthallen	Adolf Hedinsvägen 37, 98133 KIRUNA	10:00-16:00	10:00-16:00	10:00-16:00	10:00-16:00	09:00-16:00	09:00-16:00	09:00-16:00	09:00-16:00	Tis/Tor öppnar 13:00 stänger 19:00
Actic	SE	Kristianstad	Sjöcronas Gata 3, KRISTIANSTAD	N/A	11:00-18:00	N/A	08:00-15:00	N/A	09:00-13:00	N/A	Obemannat	Gymöppettider ej visade; Ons bemannat 08:00-15:00; renovering pågår
Actic	SE	Köping Kristinelundsbadet	Badvägen 3, 73150 KÖPING	05:00-23:00	08:00-19:00	05:00-23:00	08:00-16:00	05:00-23:00	09:00-14:00	05:00-23:00	11:00-16:00	
Actic	SE	Leksand Tegera Arena	Arenatorget 2, 79331 LEKSAND	04:00-24:00	08:00-19:00	04:00-24:00	08:00-16:00	04:00-24:00	09:00-13:00	04:00-24:00	15:00-18:00	
Actic	SE	Lerum Vattenpalatset	Häradsvägen 3, 44331 LERUM	06:00-22:00	06:00-22:00	06:00-20:00	06:00-20:00	06:00-18:00	06:00-18:00	06:00-22:00	06:00-22:00	Bad stängt renovering t.o.m. 2027; bemannade tider ej visade
Actic	SE	Lindesberg Energikällan	Kungsgatan 39, 71130 LINDESBERG	05:00-23:00	05:00-23:00	05:00-23:00	05:00-23:00	05:00-23:00	05:00-23:00	05:00-23:00	05:00-23:00	Bemannade tider ej visade
Actic	SE	Linköping Storgatan	Storgatan 7, 58223 LINKÖPING	05:00-23:00	08:00-19:00	05:00-23:00	08:00-17:00	05:00-23:00	10:00-14:00	05:00-23:00	14:00-18:00	
Actic	SE	Linköping Tornet	Tornbyvägen 1, 58273 LINKÖPING	04:00-22:00	14:00-18:00	04:00-22:00	08:00-12:00	04:00-22:00	Obemannat	04:00-22:00	Obemannat	
Actic	SE	Ljusdal Färila	Skolvägen 3, 82760 FÄRILA	05:00-23:00	05:00-23:00	05:00-23:00	05:00-23:00	05:00-23:00	05:00-23:00	05:00-23:00	05:00-23:00	Bemannade tider ej visade
Actic	SE	Ludvika Sporthallen	Tingshusgatan 18, 77182 LUDVIKA	05:00-22:30	07:00-19:00	05:00-22:30	07:00-16:00	05:00-22:30	Obemannat	05:00-22:30	Obemannat	Mån bemannat 07:00-15:30; Tor bemannat 07:00-18:00
Actic	SE	Luleå Pontusbadet	Bastugatan 6, 97241 LULEÅ	05:00-22:00	09:00-18:00	05:00-20:00	09:00-16:00	08:00-20:00	Obemannat	08:00-20:00	09:00-13:00	Ons bemannat 09:00-17:00; Lör obemannat sommar (13/6-24/8)
Actic	SE	Lund Genarp	Norra Fäladsvägen 5, GENARP	05:15-21:00	Varierar	05:15-21:00	Varierar	05:15-18:00	Varierar	05:15-21:00	Varierar	Bemannade tider varierar veckovis; vecka 27: Tor 16:30-18:00 Sön 11:00-13:30 övriga dagar Endast mejl
Actic	SE	Lund Högevallsbadet	Högevallsgatan 1, LUND	N/A	07:40-18:30	N/A	07:40-18:30	N/A	09:40-18:00	N/A	09:40-18:00	Gym öppettider ej visade separat; endast bemanning visas
Actic	SE	Lund Olympen	Tunavägen 39 H, LUND	05:00-23:00	08:00-20:00	05:00-23:00	08:00-18:00	05:00-23:00	08:00-14:00	05:00-23:00	10:00-16:00	
Actic	SE	Lund Skryllegården	Hardeberga 161, 24791 SÖDRA SANDBY	N/A	10:00-16:00	N/A	10:00-16:00	N/A	10:00-16:00	N/A	10:00-16:00	Gym förstört i brand; utomhusträning i grupp; reception 10:00-16:00 alla dagar
Actic	SE	Lund Veberöd	Södra Järnvägsgatan 9C, VEBERÖD	04:00-24:00	08:00-18:00	04:00-24:00	08:00-13:00	04:00-24:00	09:00-13:00	04:00-24:00	09:00-13:00	
Actic	SE	Mariestad	Nya Torget 3, MARIESTAD	05:00-23:00	08:00-19:00	05:00-23:00	08:00-14:00	05:00-23:00	09:00-13:00	05:00-23:00	15:00-19:00	Ons bemannat 08:00-18:00
Actic	SE	Mora	Kyrkogatan 18, 79230 MORA	04:00-24:00	08:00-16:00	04:00-24:00	08:00-13:00	04:00-24:00	Obemannat	04:00-24:00	09:00-13:00	Bemannat varierar: Mån 08:00-16:00 Tis 10:00-16:00 Ons 08:00-19:00 Tor 10:00-16:00
Actic	SE	Motala City	Prästgatan 4, 59130 MOTALA	05:00-22:00	10:00-19:00	05:00-22:00	09:00-18:00	05:00-20:00	09:00-13:00	05:00-20:00	15:00-19:00	
Actic	SE	Motala Simhall	Östermalmsgatan 40, 59135 MOTALA	08:00-12:00+16:00-20:00	08:00-20:30	08:00-12:00	09:00-14:00	Stängt	Stängt	09:30-14:30	12:30-16:30	Gym åpent i to blokke mån-tor; Tis bemannat 12:00-20:30 Tor 12:00-20:30
Actic	SE	Norrtälje Roslagen	Stockholmsvägen 53, 76143 NORRTÄLJE	04:15-22:30	09:00-17:00	04:15-22:30	09:00-15:00	04:15-22:30	09:00-14:00	04:15-22:30	Stängt	Tis/Tor bemannat 12:00-20:00; Sön obemannat
Actic	SE	Nybro Simhall	Storgatan 42, NYBRO	04:00-23:00	13:00-17:00	04:00-23:00	Stängt	04:00-23:00	Stängt	04:00-23:00	10:00-13:00	Bemannat: Mån 13-17 Tis 11-15 Ons 06-10 Tor 11-15 Fre/Lör stängt Sön 10-13
Actic	SE	Ockelbo Sim & Friskvårdscenter	Torggatan 9, 81630 OCKELBO	05:00-23:00	05:00-23:00	05:00-23:00	05:00-23:00	05:00-23:00	05:00-23:00	05:00-23:00	05:00-23:00	Inga separata bemannade tider visas
Actic	SE	Oskarshamn Arena	Döderhultsvägen 5, OSKARSHAMN	05:00-23:00	10:00-18:00	05:00-23:00	09:00-15:00	05:00-23:00	09:00-13:00	05:00-23:00	10:00-15:00	
Actic	SE	Piteå Öjebyns Simhall	N. Björklundavägen 2, 94331 ÖJEBYN	05:00-24:00	16:00-20:00	05:00-21:00	08:00-12:00	07:00-17:00	Stängt	07:00-24:00	Stängt	Reception varierar per dag; Onsdagar stängt 13-15 Söndagar stängt 14-16
Actic	SE	Sala Lärkans Sportcenter	Sportfältsgatan 4, 73336 SALA	06:00-22:00	Stängt	06:00-20:30	06:00-08:00+09:30-11:00+12:00-20:30	09:00-18:00	11:00-15:00	09:00-18:00	11:00-15:00	Gym: Mån/Ons 06-22 Tis/Tor 07-22; Reception stängt mån
Actic	SE	Sandviken City	Hyttgatan 37B, 81131 SANDVIKEN	05:00-24:00	08:00-20:00	05:00-24:00	08:00-18:00	05:00-24:00	09:00-13:00	05:00-24:00	Stängt	
Actic	SE	Skövde Arena	Egnells Väg 1, 54142 SKÖVDE	06:00-22:00	08:00-19:00	06:00-22:00	09:00-17:00	07:00-21:00	09:00-13:00	07:00-21:00	15:00-19:00	
Actic	SE	Stockholm Hagsätra	Ormkärrsvägen 78, 12459 BANDHAGEN	05:00-23:00	09:00-20:00	05:00-23:00	09:00-15:00	05:00-23:00	09:00-13:00	05:00-23:00	09:00-13:00	
Actic	SE	Stockholm Haninge Torvalla	Dalarövägen 66, 13645 HANDEN	06:30-22:00	10:00-18:00	06:30-21:00	09:00-16:30	07:30-18:00	Obemannat	07:30-18:00	Obemannat	Mån gym 07:00-22:00; Bemannat varierar: Mån 10-18 Tis/Ons 09-20 Tor 12-20
Actic	SE	Stockholm Hägersten	Västertorpvägen 131, 12944 HÄGERSTEN	05:00-23:00	08:00-20:00	05:00-23:00	08:00-16:00	05:00-23:00	09:00-15:00	05:00-23:00	10:00-18:00	
Actic	SE	Stockholm Mörbybadet	Vendevägen 94B, 18232 DANDERYD	N/A	N/A	N/A	N/A	N/A	N/A	N/A	N/A	Simhall utan gym; endast motionssim och simskola
Actic	SE	Stockholm Salem	Säby Torg 19, 14430 RÖNNINGE	05:00-23:00	09:00-19:00	05:00-23:00	09:00-18:00	05:00-23:00	10:00-15:00	05:00-23:00	14:00-19:00	Bemannat varierar: Tis 09:00-21:00 Ons/Tor 09:00-20:00
Actic	SE	Stockholm Ulriksdal	Drottning Kristinas Esplanad 12, 17067 SOLNA	05:00-23:00	10:00-18:00	05:00-23:00	10:00-18:00	05:00-23:00	10:00-14:00	05:00-23:00	11:00-15:00	
Actic	SE	Stockholm Uttran	Elsa Beskows Torg 4, 14760 UTTRAN	05:00-22:00	14:00-19:00	05:00-22:00	12:00-16:00	05:00-22:00	10:00-14:00	05:00-22:00	10:00-14:00	Bemannat varierar: Mån/Tis 14-19 Ons/Tor 13-18
Actic	SE	Stockholm Tullinge	Nyängsvägen 3A, TULLINGE	05:00-23:00	10:00-20:00	05:00-23:00	10:00-14:00	05:00-23:00	12:00-16:00	05:00-23:00	12:00-18:00	Mån bemannat 11:00-20:00
Actic	SE	Stockholm Tumba	Bryggarvägen 5-7, TUMBA	05:00-21:00	10:00-21:00	05:00-21:00	10:00-21:00	05:00-20:00	12:00-20:00	05:00-20:00	12:00-20:00	
Actic	SE	Stockholm Vendelsö	Torfastleden 3, VENDELSÖ	05:00-23:00	11:30-18:30	05:00-23:00	08:00-15:00	05:00-23:00	09:00-13:00	05:00-23:00	09:00-13:00	Bemannat varierar: Mån/Ons 11:30-18:30 Tis 08-13 Tor 08-11
Actic	SE	Stockholm Årsta	Årstavägen 53, 12054 ÅRSTA	06:00-22:00	06:00-22:00	06:00-20:00	06:00-20:00	08:00-18:00	08:00-18:00	08:00-20:00	08:00-20:00	Inga separata bemannade tider visas
Actic	SE	Säter	Järnvägsgatan 26, 78330 SÄTER	05:00-24:00	08:30-19:00	05:00-24:00	08:30-15:00	05:00-24:00	Obemannat	05:00-24:00	Obemannat	Bemannat varierar: Mån 08:30-19:00 Tis 12:00-16:00 Ons 08:30-15:00 Tor 14:00-19:00
Actic	SE	Södertälje Sydpoolen	Östra Kanalgatan 2, SÖDERTÄLJE	06:00-20:45	06:00-20:45	06:00-20:45	06:00-20:45	09:00-17:45	09:00-17:45	09:00-17:45	09:00-17:45	Inga separata bemannade tider; äventyrsbad & simhall
Actic	SE	Södertälje Park	Järnagatan 12, SÖDERTÄLJE	05:00-23:00	08:00-19:00	05:00-21:00	08:00-16:00	05:00-20:00	09:00-13:00	05:00-20:00	11:00-15:00	
Actic	SE	Södertälje Storgatan	Storgatan 6, SÖDERTÄLJE	05:00-22:00	08:00-20:00	05:00-22:00	08:00-16:00	05:00-22:00	10:00-16:00	05:00-22:00	10:00-16:00	
Actic	SE	Tranås Simhall	Frejavägen 2, 57336 TRANÅS	04:00-23:00	15:00-19:00	04:00-23:00	15:00-19:00	04:00-23:00	Obemannat	04:00-23:00	Obemannat	
Actic	SE	Uppsala Centralbadet	S:t Persgatan 4, 75320 UPPSALA	06:20-20:00	06:20-20:00	06:20-19:00	06:20-19:00	11:00-17:00	11:00-17:00	11:00-17:00	11:00-17:00	Inga separata bemannade tider; gym+bad open=staffed
Actic	SE	Uppsala Gränbystaden	Marknadsgatan 1, UPPSALA	05:00-23:00	09:00-19:00	05:00-23:00	09:00-18:00	05:00-23:00	09:00-14:00	05:00-23:00	09:00-14:00	
Actic	SE	Uppsala Kraftkällan	Björkgatan 79B, 75323 UPPSALA	05:00-23:00	08:00-20:00	05:00-23:00	08:00-18:00	05:00-23:00	09:00-15:00	05:00-23:00	09:00-15:00	
Actic	SE	Uppsala Svandammen	Sjukhusvägen 2, UPPSALA	05:00-23:00	09:00-19:00	05:00-21:30	09:00-18:00	05:00-21:30	09:00-14:00	05:00-23:00	09:00-14:00	
Actic	SE	Uppsala Kapellgärdet	Vattholmavägen 10, UPPSALA	05:00-23:00	Obemannat	05:00-23:00	Obemannat	05:00-23:00	Obemannat	05:00-23:00	Obemannat	Obemannat gym öppnat feb 2026
Actic	SE	Varberg Friskvågen	Strandgatan 5, 43244 VARBERG	06:30-21:00	06:30-21:00	06:30-19:00	06:30-19:00	08:00-13:00	08:00-13:00	14:00-19:00	14:00-19:00	Pool/varmbadhus; öppet=bemannat; sön öppnar 14:00
Actic	SE	Vingåker	Storgatan 23, 64330 VINGÅKER	05:00-22:00	08:00-19:00	05:00-22:00	08:00-14:00	05:00-22:00	Obemannat	05:00-22:00	Obemannat	Ons bemannat 08:00-12:00+15:00-19:00; Tor 08:00-17:00
Actic	SE	Örebro Brickebacken	Björkrisvägen 18, 70234 ÖREBRO	07:00-21:00	07:00-21:00	07:00-21:00	07:00-21:00	09:00-17:00	09:00-17:00	09:00-17:00	Stängt	Sommar v26-33: Mån/Tor 14-20 Tis/Fre 08-14 Ons 08-14 Lör 09-14 Sön stängt
Actic	SE	Örebro Eyrabadet	Eyragatan 3, 70227 ÖREBRO	06:15-21:00	06:15-21:00	06:15-21:00	06:15-19:00	08:15-15:45	08:15-15:45	09:00-15:45	09:00-15:45	Tor 06:15-20:00; Fre 06:15-19:00; Sommartider v26-33: Mån-Tor 06:15-18:45 Fre 06:15-15:00
Actic	SE	Örebro Hagabadet	Vaktelvägen 2, 70348 ÖREBRO	06:00-21:00	06:00-21:00	06:00-21:00	06:00-20:30	08:30-17:30	08:30-17:30	09:00-17:30	09:00-17:30	Tor 08:00-21:00; Fre 06:00-20:30; Sommartider v26-33 kortare tider
Actic	SE	Örebro Slottsgatan	Slottsgatan 17A, 70361 ÖREBRO	05:00-23:00	10:00-19:00	05:00-23:00	10:00-16:00	05:00-23:00	Obemannat	05:00-23:00	15:00-19:00	Sommarbemannat v27-32: Mån/Ons 10-19 Tis/Tor 15-19 Fre 10-16 Lör obemannat
Actic	SE	Uppsala Stationsgatan	Stationsgatan 32C, 75340 Uppsala	05:00-23:00	10:00-19:00	05:00-23:00	10:00-17:00	05:00-23:00	10:00-14:00	05:00-23:00	11:00-15:00	
Actic	SE	Uppsala Stenhagen	Murstensvägen 8, 75267 UPPSALA	05:00-22:00	09:00-19:00	05:00-22:00	10:00-18:00	05:00-22:00	09:00-14:00	05:00-22:00	09:00-14:00	
Actic	SE	Vara Badhus	Allégatan 45, VARA	05:00-22:00	09:00-19:00	05:00-22:00	09:00-13:00	05:00-22:00	Obemannat	05:00-22:00	Obemannat	
Actic	SE	Varberg Hajen	Monarkvägen 4A, 43240 VARBERG	04:00-24:00	08:00-18:00	04:00-24:00	08:00-16:00	04:00-24:00	08:00-13:00	04:00-24:00	Obemannat	Tis/Tor bemannat 12:00-18:00 (ej 08:00)
Actic	SE	Västervik Bökensved	Idrottsgatan 4, VÄSTERVIK	05:00-22:00	09:00-20:00	05:00-22:00	08:00-15:30	05:00-22:00	Stängt	05:00-22:00	Stängt	Tis bemannat 10-18; Ons 09-19; Tor 09-15
Actic	SE	Västerås Kristiansborgsbadet	Vallgatan 8, 72220 VÄSTERÅS	06:00-21:00	06:00-21:00	06:00-19:00	06:00-19:00	08:30-15:00	08:30-15:00	12:00-19:00	12:00-19:00	Tis/Tor öppnar 08:00; pool/simhall öppet=bemannat
Actic	SE	Växjö Simhall	Kampastigen 2, VÄXJÖ	06:00-20:00	06:00-20:00	06:00-20:00	06:00-20:00	09:00-17:00	09:00-17:00	09:00-17:00	09:00-17:00	Mån öppnar 10:00 (ej 06:00); pool/simhall öppet=bemannat
Nordic Wellness	SE	Alingsås E-lux	Lärkvägen 4, 441 40 Alingsås	05:00-23:00	08:00-22:00	05:00-23:00	08:00-20:00	05:00-23:00	09:00-18:00	05:00-23:00	09:00-20:00	
Nordic Wellness	SE	Alingsås Hälsostudion	Kolavägen 2A, 441 55 Alingsås	05:00-23:00	08:00-21:30	05:00-23:00	08:00-20:00	05:00-23:00	09:00-17:00	05:00-23:00	10:00-20:00	
Nordic Wellness	SE	Alingsås Kungsgatan	Kungsgatan 38, 441 30 Alingsås	04:00-24:00	16:00-20:00	04:00-24:00	16:00-19:00	04:00-24:00	Obemannat	04:00-24:00	Obemannat	Mon staffed 12:00-20:00
Nordic Wellness	SE	Angered Centrum	Angereds Torg 1, 424 65 Angered	05:00-21:00	Obemannat	05:00-21:00	Obemannat	05:00-18:00	Obemannat	05:00-18:00	Obemannat	
Nordic Wellness	SE	Bankeryd Sjöåkravägen	Sjöåkravägen 25, 564 31 Bankeryd	05:00-23:00	10:00-13:00+16:00-20:00	05:00-23:00	10:00-13:00+16:00-19:00	05:00-23:00	09:00-13:00	05:00-23:00	15:00-19:00	
Nordic Wellness	SE	Barkarby Gate	Barkarbyvägen 35, 177 44 Järfälla	05:00-22:00	09:00-22:00	05:00-22:00	09:00-20:00	05:00-22:00	09:00-18:00	05:00-22:00	09:00-18:00	
Nordic Wellness	SE	Billdal Skintebo	Lilla Skintebovägen 4, 42734 Billdal	05:00-23:00	09:00-20:00	05:00-23:00	09:00-19:00	05:00-23:00	10:00-16:00	05:00-23:00	11:00-19:00	
Nordic Wellness	SE	Bjärred Centrum	Vikingavägen 1, 237 31 Bjärred	05:00-23:00	09:00-21:00	05:00-23:00	09:00-19:00	05:00-23:00	09:00-13:00	05:00-23:00	15:00-19:00	
Nordic Wellness	SE	Boden Arena	Komponentvägen 2, 961 43 Boden	00:00-24:00	10:00-18:45	00:00-24:00	10:00-17:00	00:00-24:00	09:00-13:00	00:00-24:00	15:00-19:00	Dygnet runt; Tue staffed 10:00-18:00; Wed staffed 10:00-19:00
Nordic Wellness	SE	Boden Winternet	Intendenturvägen 11, 961 36 Boden	00:00-24:00	Obemannat	00:00-24:00	Obemannat	00:00-24:00	Obemannat	00:00-24:00	Obemannat	Dygnet runt
Nordic Wellness	SE	Bollebygd Centrum	Ballebovägen 1, 517 36 Bollebygd	00:00-24:00	16:00-20:00	00:00-24:00	Obemannat	00:00-24:00	Obemannat	00:00-24:00	Obemannat	Dygnet runt
Nordic Wellness	SE	Borås Brämhult	Källbäcksrydsgatan 2, 507 42 Borås	05:00-23:00	16:00-20:00	05:00-23:00	16:00-19:00	05:00-23:00	10:00-13:00	05:00-23:00	16:00-19:00	
Nordic Wellness	SE	Borås City	Österlånggatan 74, 503 37 Borås	04:00-24:00	09:00-20:00	04:00-21:00	10:00-18:00	04:00-21:00	10:00-16:00	04:00-21:00	11:00-18:00	
Nordic Wellness	SE	Borås Knalleland	Skaraborgsvägen 64, 506 30 Borås	STÄNGT	STÄNGT	STÄNGT	STÄNGT	STÄNGT	STÄNGT	STÄNGT	STÄNGT	Closed for renovation from 1 July 2026; reopening ~December 2026
Nordic Wellness	SE	Borås Viared	Viaredsvägen 4A, 504 64 Borås	00:00-24:00	11:00-20:00	00:00-24:00	11:00-19:00	00:00-24:00	09:00-13:00	00:00-24:00	Obemannat	Dygnet runt
Nordic Wellness	SE	Borås Åhaga	Trandögatan 24, 504 33 Borås	05:00-23:00	16:00-20:00	05:00-23:00	Obemannat	05:00-23:00	Obemannat	05:00-23:00	Obemannat	
Nordic Wellness	SE	Burlöv Center	Kronetorpsvägen 2, 232 37 Arlöv	05:00-22:00	09:00-21:00	05:00-22:00	09:00-19:00	05:00-22:00	09:00-15:00	05:00-22:00	10:00-18:00	
Nordic Wellness	SE	Båstad City	Köpmansgatan 70, 269 31 Båstad	05:00-23:00	16:00-19:00	05:00-23:00	16:00-19:00	05:00-23:00	Obemannat	05:00-23:00	Obemannat	Mon/Wed/Fri staffed 16:00-19:00; Tue/Thu Obemannat
Nordic Wellness	SE	Båstad Station	Stationstorget 5, 269 43 Båstad	04:00-23:00	11:00-21:00	04:00-23:00	11:00-19:00	04:00-23:00	10:00-14:00	04:00-23:00	14:00-18:00	
Nordic Wellness	SE	Danderyd Mörby Centrum	Golfvägen 8 Plan 4, 182 31 Danderyd	05:00-23:00	09:00-21:00	05:00-23:00	09:00-19:00	05:00-23:00	10:00-16:00	05:00-23:00	11:00-19:00	
Nordic Wellness	SE	Ekerö Centrum	Tegelbruksvägen 1a, 178 30, Ekerö	05:00-22:00	12:00-18:00	05:00-22:00	12:00-18:00	05:00-22:00	Obemannat	05:00-22:00	Obemannat	Expanding; reopening 1 Sep 2026 with group training
Nordic Wellness	SE	Enköping Centrum	Eriksgatan 21, 749 35, Enköping	04:00-23:00	11:00-20:00	04:00-23:00	11:00-17:00	04:00-23:00	Obemannat	04:00-23:00	15:00-19:00	
Nordic Wellness	SE	Eskilstuna Tuna Park	Gunborg Nymans väg 1, 632 22, Eskilstuna	04:00-23:00	10:00-21:00	04:00-23:00	10:00-20:00	04:00-23:00	10:00-16:00	04:00-23:00	12:00-18:00	
Nordic Wellness	SE	Avesta Bryggaregatan	Bryggaregatan 2, 774 30, Avesta	04:00-23:00	09:00-21:00	04:00-23:00	09:00-19:00	04:00-23:00	10:00-16:00	04:00-23:00	12:00-18:00	Expanded to 1250m2; reopened 26 May 2026
Nordic Wellness	SE	Borås Armbåga Padel	Armbågavägen 3, 506 30, Borås	05:00-23:00	09:00-21:00	05:00-23:00	09:00-19:00	05:00-23:00	10:00-16:00	05:00-23:00	11:00-19:00	Has gym + padel
Nordic Wellness	SE	Endorfin Alingsås	Hemvägen 19, 441 39, Alingsås	06:00-22:00	06:00-22:00	06:00-20:00	06:00-20:00	08:00-17:00	08:00-17:00	08:00-21:00	08:00-21:00	Fully staffed during open hours; Endorfin brand
Nordic Wellness	SE	Endorfin Crossfit Alingsås	Hemvägen 20 C, 441 40, Alingsås	05:00-23:00	Obemannat	05:00-21:00	Obemannat	05:00-21:00	Obemannat	05:00-21:00	Obemannat	CrossFit box; Mon-Thu 05-23; Fri-Sun 05-21; unmanned
Nordic Wellness	SE	Endorfin Livsstilscenter Alingsås	Hemvägen 19, 441 39, Alingsås	06:00-21:00	06:00-21:00	06:00-20:00	06:00-20:00	08:00-17:00	08:00-17:00	08:00-21:00	08:00-21:00	Lifestyle center; special membership; fully staffed
Nordic Wellness	SE	Endorfin Mjörnvallen Alingsås	Mjörnstrandsvägen, 441 44, Alingsås	00:00-24:00	Obemannat	00:00-24:00	Obemannat	00:00-24:00	Obemannat	00:00-24:00	Obemannat	Open 24h dygnet runt; fully unmanned
Nordic Wellness	SE	Endorfin Stadsskogen Alingsås	Stadsskogsgatan 49, 441 46, Alingsås	06:00-22:00	Obemannat	06:00-22:00	Obemannat	06:00-22:00	Obemannat	06:00-22:00	Obemannat	Small kvartersgym; all days 06-22; unmanned
Nordic Wellness	SE	Endorfin Vårgårda	Kungsgatan 21, 447 33, Vårgårda	04:00-23:00	08:00-20:00	04:00-23:00	08:00-18:00	04:00-23:00	08:00-13:00	04:00-23:00	08:00-13:00	
Nordic Wellness	SE	Eskilstuna Rondellen	Gårdskälsgatan, 633 54, Eskilstuna	05:00-23:00	09:00-21:00	05:00-23:00	09:00-20:00	05:00-23:00	10:00-18:00	05:00-23:00	10:00-18:00	Summer v25-33: staffed 10:00-21:00 Mon-Thu
Nordic Wellness	SE	Eskilstuna Skjulstagatan	Skjulstagatan 3, 632 29, Eskilstuna	05:00-23:00	16:00-20:00	05:00-23:00	16:00-19:00	05:00-23:00	Obemannat	05:00-23:00	Obemannat	Studio club
Nordic Wellness	SE	Falkenberg City	Storgatan 35, 311 31, Falkenberg	05:00-23:00	16:00-20:00	05:00-23:00	16:00-19:00	05:00-23:00	10:00-14:00	05:00-23:00	Obemannat	Studio club
Nordic Wellness	SE	Falkenberg Tånga Handelsplats	Dalkullevägen 20, 311 39, Falkenberg	05:00-23:00	09:00-21:00	05:00-23:00	09:00-19:00	05:00-23:00	10:00-15:00	05:00-23:00	12:00-18:00	
Nordic Wellness	SE	Falköping Sankt Olofsgatan	S:t Olofsgatan 46, 521 35, Falköping	16:00-20:00	16:00-20:00	16:00-19:00	16:00-19:00	09:00-13:00	09:00-13:00	15:00-19:00	15:00-19:00	Staffed hours only; Mon+Thu also 09:00-13:00; open only when staffed
Nordic Wellness	SE	Farsta Centrum	Karlandaplan 10, 123 47, Farsta	05:00-23:00	12:00-20:00	05:00-23:00	12:00-18:00	05:00-23:00	10:00-13:00	05:00-23:00	15:00-18:00	Studio club
Nordic Wellness	SE	Fagersta	Kristiansbergsvägen 2, 737 30, Fagersta	00:00-24:00	16:00-18:30	00:00-24:00	07:00-12:00	00:00-24:00	STÄNGT	00:00-24:00	15:30-18:00	Mon/Tue/Thu staffed 16:00-18:30; Wed staffed 07:00-12:00
Nordic Wellness	SE	Gävle Brynäs	Atlasgatan 40-42, Gävle	05:00-23:00	09:00-21:00	05:00-23:00	09:00-18:00	05:00-23:00	10:00-16:00	05:00-23:00	12:00-18:00	
Nordic Wellness	SE	Gävle City	Nygatan 41, Gävle	05:00-23:00	14:00-20:00	05:00-23:00	14:00-18:00	05:00-23:00	10:00-14:00	05:00-23:00	STÄNGT	
Nordic Wellness	SE	Gävle Gallerian Nian	Drottninggatan 9, 803 20, Gävle	05:00-23:00	09:00-21:00	05:00-23:00	09:00-19:00	05:00-23:00	10:00-18:00	05:00-23:00	11:00-16:00	
Nordic Wellness	SE	Gävle Valbo	Valbovägen 318B, 818 32, Valbo	05:00-23:00	09:00-21:00	05:00-23:00	09:00-18:00	05:00-23:00	09:00-17:00	05:00-23:00	10:00-18:00	
Nordic Wellness	SE	Haninge Najaden	Handens stationsväg 27, 136 40, Handen	05:00-22:00	09:00-22:00	05:00-22:00	09:00-21:00	05:00-22:00	10:00-16:00	05:00-22:00	11:00-19:00	
Nordic Wellness	SE	Karlstad Strand	Våxnäsgatan 148, 65343, Karlstad	05:00-23:00	09:00-21:00	05:00-23:00	09:00-19:00	05:00-23:00	10:00-16:00	05:00-23:00	12:00-18:00	
Nordic Wellness	SE	Södra Änggården	Ebba Ljunggrens gata 8, 421 80, Västra Frölunda	05:00-22:00	09:00-21:00	05:00-22:00	09:00-19:00	05:00-22:00	10:00-16:00	05:00-22:00	11:00-19:00	
Nordic Wellness	SE	Solna Strand	Torggatan 8, 171 54, Solna	05:00-23:00	10:00-20:00	05:00-23:00	10:00-19:00	05:00-23:00	10:00-18:00	05:00-23:00	11:00-19:00	
Nordic Wellness	SE	Endorfin Lerum	Gråbovägen 13, 443 60, Stenkullen	06:00-22:00	06:00-22:00	06:00-20:00	06:00-20:00	08:00-18:00	08:00-18:00	08:00-21:00	08:00-21:00	
Nordic Wellness	SE	Vällingby Centrum	Ångermannagatan 151, 162 65, Vällingby	05:00-22:00	10:00-22:00	05:00-22:00	10:00-22:00	05:00-22:00	10:00-22:00	05:00-22:00	10:00-22:00	
Nordic Wellness	SE	Umeå City	Storgatan 55, 903 26, Umeå	05:00-22:00	10:00-20:00	05:00-22:00	10:00-18:00	05:00-22:00	10:00-15:00	05:00-22:00	14:00-18:00	
Nordic Wellness	SE	Umeå Sävar	Kungsvägen 5, 918 31, Sävar	00:00-24:00	12:00-20:00	00:00-24:00	10:00-18:00	00:00-24:00	10:00-13:00	00:00-24:00	15:00-18:00	
Nordic Wellness	SE	Uppsala Boländerna	Verkstadsgatan 10, 753 23, Uppsala	04:00-00:00	10:00-21:00	04:00-00:00	11:00-19:00	04:00-00:00	11:00-16:00	04:00-00:00	11:00-16:00	
Nordic Wellness	SE	Flen	Norra Kungsgatan 4, 642 37, Flen	04:00-23:00	10:00-20:00	04:00-23:00	10:00-19:00	04:00-23:00	10:00-14:00	04:00-23:00	15:00-19:00	
Nordic Wellness	SE	Floda Centrum	Rurik Holms väg 4, 448 30, Floda	04:00-23:00	16:00-20:00	04:00-23:00	16:00-19:00	04:00-23:00	STÄNGT	04:00-23:00	STÄNGT	
Nordic Wellness	SE	Frölunda Altplatsen	Gitarrgatan 2, 421 41, Västra Frölunda	04:30-23:00	16:00-21:00	04:30-23:00	11:00-19:00	04:30-23:00	10:00-13:00	04:30-23:00	15:00-18:00	Tue/Wed staffed 13:00-21:00
Nordic Wellness	SE	Frölunda Kontrabasgatan	Kontrabasgatan 9, 421 50, Västra Frölunda	04:00-22:00	08:00-21:00	04:00-21:00	08:00-20:00	04:00-20:00	10:00-16:00	04:00-20:00	11:00-19:00	
Nordic Wellness	SE	Frölunda Torg	Frölunda Torg, 421 44, Västra Frölunda	05:00-22:00	09:00-21:00	05:00-21:00	09:00-20:00	05:00-20:00	10:00-16:00	05:00-20:00	11:00-19:00	
Nordic Wellness	SE	Gotland Visby Galleria	Österväg 9, 621 45, Visby	05:00-22:00	10:00-20:00	05:00-22:00	10:00-18:00	05:00-22:00	10:00-14:00	05:00-22:00	12:00-16:00	
Nordic Wellness	SE	Gråbo Centrum	Mjörnbotorget, 443 42, Gråbo	05:00-22:00	16:00-20:00	05:00-22:00	16:00-19:00	05:00-22:00	STÄNGT	05:00-22:00	STÄNGT	
Nordic Wellness	SE	Göteborg Almedal	Falkenbergsgatan 3, 412 85, Göteborg	05:00-23:00	08:00-21:30	05:00-23:00	08:00-20:00	05:00-23:00	10:00-16:00	05:00-23:00	11:00-19:00	
Nordic Wellness	SE	Göteborg Backaplan	Gustaf Dalénsgatan 13, 417 05, Göteborg	05:00-22:00	08:00-21:00	05:00-22:00	08:00-20:00	05:00-22:00	09:00-19:00	05:00-22:00	09:00-19:00	
Nordic Wellness	SE	Göteborg Centralen	Odinsgatan 6, 411 03, Göteborg	05:00-22:00	09:00-21:00	05:00-21:00	09:00-20:00	05:00-20:00	10:00-14:00	05:00-20:00	11:00-19:00	
Nordic Wellness	SE	Göteborg Domkyrkan	Drottninggatan 16, 411 14, Göteborg	05:00-21:00	08:00-21:00	05:00-20:00	08:00-20:00	05:00-20:00	10:00-17:00	05:00-20:00	11:00-19:00	
Nordic Wellness	SE	Göteborg Eriksberg	Östra Eriksbergsgatan 46, 417 63, Göteborg	05:00-22:00	09:00-21:00	05:00-22:00	09:00-20:00	05:00-22:00	09:00-16:00	05:00-22:00	12:00-18:00	
Nordic Wellness	SE	Göteborg Fjällgatan	Fjällgatan 38, 413 17, Göteborg	07:00-21:00	16:00-20:00	07:00-21:00	09:00-13:00	08:00-20:00	STÄNGT	08:00-20:00	STÄNGT	
Nordic Wellness	SE	Göteborg Guldheden	Doktor Fries Torg 15, 413 23, Göteborg	06:00-22:00	16:00-20:00	06:00-22:00	STÄNGT	08:00-20:00	STÄNGT	08:00-20:00	STÄNGT	Mon+Thu staffed 16-20; Tue+Wed+Fri unstaffed
Nordic Wellness	SE	Göteborg Högsbo	Axel Dahlströms Torg 3, 418 80, Göteborg	05:00-23:00	16:00-20:00	05:00-23:00	16:00-19:00	05:00-23:00	10:00-13:00	05:00-23:00	15:00-18:00	Mon 15-20; Tue 09-20; Wed+Thu 16-20
Nordic Wellness	SE	Göteborg Järntorget	Olof Palmes Plats 1, 413 04, Göteborg	05:00-23:00	09:00-21:00	05:00-23:00	09:00-20:00	05:00-23:00	10:00-16:00	05:00-23:00	11:00-19:00	
Nordic Wellness	SE	Göteborg Kallebäck	Långfilsgatan 1, 412 77, Göteborg	05:00-23:00	09:00-21:00	05:00-23:00	09:00-20:00	05:00-23:00	10:00-16:00	05:00-23:00	11:00-19:00	
Nordic Wellness	SE	Göteborg Karl Johansgatan	Karl Johansgatan 94, 415 55, Göteborg	07:00-22:00	16:00-20:00	07:00-22:00	15:00-19:00	09:00-20:00	STÄNGT	09:00-20:00	STÄNGT	
Nordic Wellness	SE	Göteborg Kviberg	Krutvägen 2, 415 28, Göteborg	05:00-21:30	08:00-21:30	05:00-20:30	08:00-20:30	05:00-19:30	08:00-19:30	05:00-19:30	08:00-19:30	
Nordic Wellness	SE	Göteborg Lindholmen	Lindholmsallén 20, 417 55, Göteborg	05:00-22:00	09:00-21:00	05:00-22:00	09:00-20:00	05:00-22:00	10:00-15:00	05:00-22:00	11:00-19:00	
Nordic Wellness	SE	Göteborg Linnégatan	Linnégatan 61, 413 08, Göteborg	05:00-22:00	15:00-20:00	05:00-22:00	11:00-17:00	08:00-20:00	STÄNGT	08:00-20:00	STÄNGT	
Nordic Wellness	SE	Göteborg Lundby	Rödlönnsgången 44, 417 11, Göteborg	05:00-22:00	13:00-20:00	05:00-22:00	13:00-19:00	05:00-22:00	13:00-17:00	05:00-22:00	14:00-18:00	
Nordic Wellness	SE	Göteborg Lunden	Sankt Pauligatan 9, 416 60, Göteborg	05:00-22:00	09:00-21:00	05:00-22:00	09:00-19:00	05:00-22:00	09:00-15:00	05:00-22:00	13:00-19:00	
Nordic Wellness	SE	Göteborg Majorna	Såggatan 8, 414 58, Göteborg	05:00-23:00	08:30-21:00	05:00-23:00	08:30-20:00	05:00-23:00	10:00-16:00	05:00-23:00	11:00-19:00	
Nordic Wellness	SE	Göteborg Marklandsgatan	Marklandsgatan 3, 414 77, Göteborg	05:00-23:00	16:00-20:00	05:00-23:00	16:00-19:00	05:00-23:00	STÄNGT	05:00-23:00	STÄNGT	
Nordic Wellness	SE	Göteborg Olskroken	Redbergsvägen 2, 416 65, Göteborg	04:00-22:00	09:00-20:00	04:00-22:00	09:00-19:00	04:00-22:00	10:00-14:00	04:00-22:00	15:00-19:00	
Nordic Wellness	SE	Göteborg Stigs Center	Importgatan 7, 422 46, Hisings Backa	05:00-22:00	09:00-21:00	05:00-22:00	09:00-20:00	05:00-22:00	10:00-16:00	05:00-22:00	11:00-19:00	
Nordic Wellness	SE	Göteborg Tuve Torg	Tuve Torg 8, 417 45, Göteborg	05:00-23:00	09:00-21:00	05:00-23:00	09:00-20:00	05:00-23:00	10:00-14:00	05:00-23:00	15:00-19:00	
Nordic Wellness	SE	Göteborg Ullevi	Parkgatan 65, 411 38, Göteborg	05:00-22:00	10:00-21:00	05:00-20:30	10:00-20:00	05:00-20:30	10:00-16:00	05:00-20:30	13:00-19:00	
Nordic Wellness	SE	Göteborg Valhalla	Valhallagatan 3, 412 51, Göteborg	06:00-22:00	09:00-21:00	06:00-22:00	09:00-20:00	06:00-22:00	10:00-16:00	06:00-22:00	11:00-19:00	
Nordic Wellness	SE	Göteborg Vasagatan	Vasagatan 7, 411 24, Göteborg	04:00-23:00	16:00-20:00	04:00-23:00	14:00-18:00	04:00-23:00	10:00-13:00	04:00-23:00	STÄNGT	
Nordic Wellness	SE	Göteborg Vårväderstorget	Vårväderstorget 1, 418 31, Göteborg	05:00-21:00	16:00-21:00	05:00-20:00	16:00-20:00	05:00-18:00	10:00-13:00	05:00-18:00	14:00-18:00	
Nordic Wellness	SE	Göteborg Örgryte	Töpelsgatan 7, 416 55, Göteborg	06:00-23:00	09:00-21:00	06:00-20:00	09:00-18:00	08:00-18:00	10:00-16:00	08:00-23:00	10:00-19:00	
Nordic Wellness	SE	Hönö	Tärnvägen 17, 475 40, Hönö	04:30-23:00	08:00-20:00	04:30-23:00	08:00-19:00	04:30-23:00	09:00-12:00	04:30-23:00	16:00-20:00	
Nordic Wellness	SE	Hallstahammar Parkgatan	Parkgatan 8, 734 35, Hallstahammar	00:00-24:00	14:00-20:00	00:00-24:00	12:00-18:00	00:00-24:00	STÄNGT	00:00-24:00	STÄNGT	
Nordic Wellness	SE	Halmstad City	Storgatan 28-30, 302 43, Halmstad	05:00-22:00	09:00-21:00	05:00-20:00	09:00-19:00	05:00-20:00	08:00-14:00	05:00-20:00	12:00-18:00	
Nordic Wellness	SE	Halmstad Nässjögatan	Nässjögatan 6, 302 47, Halmstad	05:00-23:00	16:00-20:00	05:00-23:00	16:00-19:00	05:00-23:00	STÄNGT	05:00-23:00	09:00-12:00	
Nordic Wellness	SE	Halmstad Flygstaden	Kundvägen 6, 302 41, Halmstad	04:00-23:00	10:00-21:00	04:00-23:00	10:00-19:00	04:00-23:00	10:00-14:00	04:00-23:00	11:00-18:00	
Nordic Wellness	SE	Halmstad Hallarna	Prästvägen 1, 302 63, Halmstad	05:00-22:00	10:00-21:00	05:00-20:00	10:00-19:00	05:00-20:00	10:00-18:00	05:00-20:00	10:00-18:00	
Nordic Wellness	SE	Halmstad Kyrkogatan	Kyrkogatan 6, 302 42, Halmstad	04:00-23:00	16:00-20:00	04:00-23:00	16:00-19:00	04:00-23:00	STÄNGT	04:00-23:00	STÄNGT	
Nordic Wellness	SE	Halmstad Kärleken	Sperlingsholmsvägen 35, 302 31, Halmstad	04:00-23:00	12:00-20:00	04:00-23:00	12:00-19:00	04:00-23:00	10:00-14:00	04:00-23:00	15:00-19:00	
Nordic Wellness	SE	Halmstad Sannarp	Frennarpsvägen 8a, 302 44, Halmstad	05:00-23:00	12:00-20:00	05:00-23:00	12:00-19:00	05:00-23:00	09:00-13:00	05:00-23:00	12:00-16:00	
Nordic Wellness	SE	Halmstad Öster	Järnvägsgatan 4A, 302 49, Halmstad	05:00-22:00	10:00-21:00	05:00-21:00	10:00-19:00	05:00-21:00	10:00-15:00	05:00-21:00	14:00-19:00	
Nordic Wellness	SE	Krokslätts Fabriker	Bergskroken 3, 431 37, Mölndal	05:00-23:00	09:00-21:00	05:00-23:00	09:00-19:00	05:00-23:00	09:00-16:00	05:00-23:00	14:00-18:00	
Nordic Wellness	SE	Årsta Svärdlångsvägen	Svärdlångsvägen 44, 120 60, Årsta	05:00-23:00	12:00-20:00	05:00-23:00	12:00-18:00	05:00-23:00	STÄNGT	05:00-23:00	STÄNGT	
Nordic Wellness	SE	Kållered Ekenleden	Ekenleden 13 A, 428 36, Kållered	04:00-23:00	08:00-21:00	04:00-23:00	08:00-19:00	04:00-23:00	10:00-16:00	04:00-23:00	11:00-19:00	
Nordic Wellness	SE	Landvetter Centrum	Skansgränd 4, 438 32, Landvetter	04:30-23:00	09:00-21:00	04:30-23:00	09:00-18:00	04:30-23:00	10:00-15:00	04:30-23:00	11:00-19:00	
Nordic Wellness	SE	Lerum Göteborgsvägen	Göteborgsvägen 3, 443 30, Lerum	04:00-22:00	10:00-21:00	04:00-22:00	10:00-19:00	04:00-22:00	10:00-14:00	04:00-22:00	12:00-18:00	
Nordic Wellness	SE	Mölndal Galleria	Brogatan 17, 431 31, Mölndal	06:00-22:00	09:00-21:00	06:00-22:00	09:00-20:00	06:00-22:00	10:00-17:00	06:00-22:00	11:00-19:00	
Nordic Wellness	SE	Partille Mellbyvägen	Mellbyvägen 21-23, 433 30, Partille	05:00-23:00	08:00-21:00	05:00-23:00	08:00-19:00	05:00-20:00	10:00-17:00	05:00-20:00	11:00-19:00	
Nordic Wellness	SE	Sisjön 421	Otto Elanders Gata 6, 421 32, Västra Frölunda	04:00-23:00	09:00-21:00	04:00-23:00	09:00-20:00	04:00-23:00	09:00-16:00	04:00-23:00	11:00-19:00	
Nordic Wellness	SE	Sisjön Datavägen	Datavägen 4, 436 32, Askim	05:00-23:00	16:00-20:00	05:00-23:00	16:00-19:00	05:00-23:00	10:00-13:00	05:00-23:00	STÄNGT	
Nordic Wellness	SE	Torslanda Amhult	Gamla flygplatsvägen 26, 423 37, Torslanda	00:00-24:00	09:00-21:00	00:00-22:00	09:00-19:00	04:00-22:00	09:00-14:00	04:00-22:00	13:00-19:00	
Nordic Wellness	SE	Torslanda Torg	Torslanda Torg 1, 423 32, Torslanda	00:00-24:00	16:00-20:00	00:00-24:00	16:00-19:00	00:00-24:00	STÄNGT	00:00-24:00	STÄNGT	
Nordic Wellness	SE	Sävedalen Glashuset	Göteborgsvägen 88, 433 63, Sävedalen	05:00-23:00	16:00-21:00	05:00-23:00	15:00-19:00	05:00-23:00	10:00-13:00	05:00-23:00	15:00-19:00	
Nordic Wellness	SE	Selma Lagerlöf	Backadalen 17, 422 55, Hisings Backa	05:00-22:00	11:00-21:00	05:00-22:00	11:00-19:00	05:00-22:00	10:00-13:00	05:00-22:00	15:00-18:00	
Nordic Wellness	SE	Mölndal Pedagogen Park	Kunskapsgatan 17A, 431 44, Mölndal	05:00-23:00	16:00-20:00	05:00-23:00	16:00-19:00	05:00-23:00	10:00-13:00	05:00-23:00	15:00-18:00	
Nordic Wellness	SE	Mölnlycke Wendelstrand	Lakegatan 11, 435 33, Mölnlycke	05:00-23:00	10:00-21:00	05:00-23:00	10:00-20:00	05:00-23:00	10:00-17:00	05:00-23:00	12:00-19:00	
Nordic Wellness	SE	Lilla Edet Centrum	Göteborgsvägen 63, 463 31, Lilla Edet	00:00-24:00	16:00-20:00	00:00-24:00	16:00-19:00	00:00-24:00	STÄNGT	00:00-24:00	STÄNGT	
Nordic Wellness	SE	Lindome Centrum	Almåsgången 1, 437 30, Lindome	05:00-23:00	STÄNGT	05:00-23:00	STÄNGT	05:00-23:00	STÄNGT	05:00-23:00	STÄNGT	Bemannat mån+ons 16:00-20:00
Nordic Wellness	SE	Göteborg City	Drottninggatan 56, 411 07, Göteborg	05:00-23:00	08:00-21:00	05:00-23:00	08:00-20:00	05:00-23:00	10:00-16:00	05:00-23:00	11:00-19:00	
Nordic Wellness	SE	Göteborg Gamlestaden	Johan Gertssons Gata 8, 415 12, Göteborg	05:00-22:00	09:00-21:00	05:00-22:00	09:00-20:00	05:00-22:00	10:00-16:00	05:00-22:00	11:00-19:00	18-årsgräns
Nordic Wellness	SE	Göteborg Lilla Bommen	Lilla Bommen 5, 411 04, Göteborg	05:00-22:00	09:00-20:00	05:00-22:00	09:00-19:00	05:00-22:00	10:00-13:00	05:00-22:00	15:00-18:00	
Nordic Wellness	SE	Göteborg Chalmersgatan	Chalmersgatan 24, 411 35, Göteborg	05:00-22:00	16:00-20:00	05:00-22:00	09:00-13:00	05:00-22:00	10:00-13:00	05:00-22:00	15:00-18:00	18-årsgräns
Nordic Wellness	SE	Göteborg Gårda Torg	Gårdatorget 2, 412 50, Göteborg	05:00-23:00	09:00-21:00	05:00-23:00	09:00-20:00	05:00-23:00	10:00-16:00	05:00-23:00	11:00-19:00	
Nordic Wellness	SE	Göteborg Chapmans Torg	Karl Johansgatan 53, 414 55, Göteborg	05:00-24:00	STÄNGT	05:00-24:00	STÄNGT	05:00-24:00	STÄNGT	05:00-24:00	STÄNGT	Bemannat mån 16:00-20:00; 18-årsgräns
Nordic Wellness	SE	Kortedala Torg	Kortedala Torg, 415 35, Göteborg	05:00-21:00	16:00-21:00	05:00-21:00	16:00-21:00	05:00-18:00	15:00-18:00	05:00-20:00	16:00-20:00	
Nordic Wellness	SE	Habo Jönköpingsvägen	Jönköpingsvägen 12, 566 31, Habo	00:00-24:00	10:00-13:00+16:00-20:00	00:00-24:00	10:00-13:00+14:00-19:00	00:00-24:00	10:00-13:00	00:00-24:00	15:00-19:00	
Nordic Wellness	SE	Haninge Handenterminalen	Handenterminalen 4, 136 40, Handen	04:00-23:00	12:00-20:00	04:00-23:00	12:00-18:00	04:00-23:00	10:00-13:00	04:00-23:00	15:00-18:00	
Nordic Wellness	SE	Haninge Port 73	Nynäsvägen 21, 136 47, Haninge	05:00-22:00	08:00-22:00	05:00-22:00	08:00-22:00	05:00-22:00	08:00-21:00	05:00-22:00	08:00-21:00	
Nordic Wellness	SE	Hedemora Centrum	Stationsgatan 2, 776 35, Hedemora	00:00-24:00	14:00-20:00	00:00-24:00	12:00-18:00	00:00-24:00	STÄNGT	00:00-24:00	STÄNGT	
Nordic Wellness	SE	Helsingborg Berga	Lilla Garnisonsgatan 37, 254 67, Helsingborg	04:00-23:00	10:00-20:00	04:00-23:00	10:00-18:00	04:00-23:00	10:00-13:00	04:00-23:00	14:00-18:00	
Nordic Wellness	SE	Helsingborg Mariastaden	Grepgatan 10, 254 48, Helsingborg	05:00-23:00	10:00-20:00	05:00-23:00	10:00-19:00	05:00-23:00	10:00-13:00	05:00-23:00	14:00-18:00	
Nordic Wellness	SE	Helsingborg Ramlösa	Hortensiagatan 8, 256 68, Helsingborg	05:00-23:00	08:00-21:00	05:00-23:00	08:00-19:00	05:00-23:00	09:00-16:00	05:00-23:00	09:00-19:00	18-årsgräns obemannat
Nordic Wellness	SE	Helsingborg Rännarbanan	Landskronavägen 5, 252 32, Helsingborg	05:00-23:00	09:00-21:00	05:00-23:00	09:00-19:00	05:00-23:00	10:00-16:00	05:00-23:00	11:00-19:00	
Nordic Wellness	SE	Frillesås Padel	Rya Industriväg 41, 439 62, Frillesås	05:00-23:00	09:00-21:00	05:00-23:00	09:00-19:00	05:00-23:00	10:00-16:00	05:00-23:00	12:00-19:00	
Nordic Wellness	SE	Helsingborg Söder	Södergatan 32, 252 25, Helsingborg	05:00-22:00	09:00-22:00	05:00-22:00	09:00-19:00	05:00-22:00	09:00-16:00	05:00-22:00	10:00-19:00	16-årsgräns
Nordic Wellness	SE	Helsingborg Väla	Ekslingan 3B, 254 69, Helsingborg	05:00-22:00	09:00-21:00	05:00-22:00	09:00-19:00	05:00-22:00	09:00-16:00	05:00-22:00	10:00-19:00	
Nordic Wellness	SE	Herrljunga Centrum	Storgatan 24, 524 30, Herrljunga	05:00-23:00	11:00-20:00	05:00-23:00	12:00-19:00	05:00-23:00	10:00-15:00	05:00-23:00	15:00-18:00	Mån bemannat 16:00-20:00 (Ti-To 11:00-20:00)
Nordic Wellness	SE	Huddinge Centrum	Fullersta Torget 2, 141 35, Huddinge	05:00-23:00	12:00-20:00	05:00-23:00	10:00-18:00	05:00-23:00	STÄNGT	05:00-23:00	STÄNGT	16-årsgräns obemannade timmar
Nordic Wellness	SE	Huddinge Novavägen	Novavägen 2-4, 141 44, Huddinge	05:00-22:00	09:00-22:00	05:00-21:00	09:00-21:00	05:00-20:00	09:00-20:00	05:00-20:00	09:00-20:00	16-årsgräns
Nordic Wellness	SE	Hultsfred Padel/Gym Arena	Handelsvägen 3B, 577 39, Hultsfred	04:00-24:00	10:00-20:00	04:00-24:00	10:00-20:00	04:00-24:00	10:00-14:00	04:00-24:00	12:00-18:00	
Nordic Wellness	SE	Huskvarna Kungsgatan	Kungsgatan 35, 561 31, Huskvarna	04:00-23:00	10:00-21:00	04:00-23:00	10:00-19:00	04:00-23:00	10:00-14:00	04:00-23:00	14:00-19:00	13-årsgräns
Nordic Wellness	SE	Hägersten Fruängen	Elsa Brändströms gata 201, 129 52, Hägersten	05:00-23:00	12:00-20:00	05:00-23:00	10:00-18:00	05:00-23:00	STÄNGT	05:00-23:00	STÄNGT	16-årsgräns
Nordic Wellness	SE	Härnösand Grafgallerian	Köpmangatan 4B, 871 30, Härnösand	00:00-24:00	12:00-20:00	00:00-24:00	10:00-18:00	00:00-24:00	10:00-14:00	00:00-24:00	14:00-18:00	
Nordic Wellness	SE	Härnösand Gånsviksvägen	Gånsviksvägen 4, 871 60, Härnösand	00:00-24:00	16:00-20:00	00:00-24:00	14:00-18:00	00:00-24:00	STÄNGT	00:00-24:00	STÄNGT	
Nordic Wellness	SE	Hässleholm City	Första Avenyen 5-7, 281 31, Hässleholm	05:00-22:00	10:00-21:00	05:00-22:00	10:00-19:00	05:00-22:00	10:00-14:00	05:00-22:00	11:00-19:00	
Nordic Wellness	SE	Höganäs Sporthallsvägen	Sporthallsvägen 4C, 263 34, Höganäs	04:00-23:00	09:00-20:00	04:00-23:00	09:00-19:00	04:00-23:00	09:00-13:00	04:00-23:00	15:00-19:00	
Nordic Wellness	SE	Jakobsbergs Centrum	Tornérplatsen 10-12, 177 30, Järfälla	05:00-22:00	11:00-22:00	05:00-22:00	12:00-20:00	05:00-20:00	10:00-16:00	05:00-20:00	12:00-18:00	16-årsgräns
Nordic Wellness	SE	Jönköping Atlantis	Barnarpsgatan 12, 553 16, Jönköping	05:00-22:00	09:00-21:00	05:00-22:00	09:00-19:00	05:00-22:00	10:00-17:00	05:00-22:00	11:00-18:00	18-årsgräns
Nordic Wellness	SE	Jönköping Campus	Barnarpsgatan 39C, 553 33, Jönköping	05:00-23:00	10:00-20:00	05:00-23:00	10:00-19:00	05:00-23:00	10:00-14:00	05:00-23:00	14:00-19:00	13-årsgräns
Nordic Wellness	SE	Jönköping City	Östra Storgatan 34, 553 21, Jönköping	04:00-22:00	09:00-21:00	04:00-22:00	09:00-20:00	04:00-22:00	10:00-16:00	04:00-22:00	12:00-18:00	13-årsgräns
Nordic Wellness	SE	Jönköping Kungsängen	Tellusgatan 3, 554 62, Jönköping	05:00-21:45	10:00-20:00	05:00-21:45	10:00-19:00	05:00-21:45	10:00-13:00	05:00-21:45	16:00-19:00	13-årsgräns
Nordic Wellness	SE	Jönköping Solåsen	Solåsvägen 4, 553 03, Jönköping	05:00-23:00	11:00-20:00	05:00-23:00	11:00-19:00	05:00-23:00	10:00-15:00	05:00-23:00	12:00-17:00	13-årsgräns
Nordic Wellness	SE	Jönköping Strandängen	Ebba Ramsays väg 92, 555 94, Jönköping	05:00-23:00	10:00-13:00+16:00-20:00	05:00-23:00	10:00-13:00+16:00-19:00	05:00-23:00	10:00-13:00	05:00-23:00	15:00-19:00	13-årsgräns
Nordic Wellness	SE	Kalmar Baronen	Skeppsbrogatan 12, 392 31, Kalmar	05:00-23:00	11:30-20:00	05:00-23:00	11:30-19:00	05:00-23:00	10:00-13:00	05:00-23:00	15:00-18:00	13-årsgräns
Nordic Wellness	SE	Kalmar Berga Centrum	Rimsmedsvägen 23, 393 52, Kalmar	04:15-23:00	10:00-20:00	04:15-23:00	10:00-19:00	04:15-23:00	10:00-14:00	04:15-23:00	15:00-19:00	11-årsgräns
Nordic Wellness	SE	Kalmar Borgavägen	Borgavägen 5, 393 51, Kalmar	04:15-23:00	15:00-20:00	04:15-23:00	12:00-19:00	04:15-23:00	10:00-14:00	04:15-23:00	STÄNGT	
Nordic Wellness	SE	Kalmar Giraffen	Polhemsgatan 5B, 392 39, Kalmar	05:00-23:00	09:00-21:00	05:00-23:00	09:00-19:00	05:00-23:00	10:00-17:00	05:00-23:00	12:00-19:00	13-årsgräns
Nordic Wellness	SE	Karlskoga Häsängsvägen	Häsängsvägen 26, 691 42, Karlskoga	05:00-23:00	10:00-21:00	05:00-23:00	10:00-19:00	05:00-23:00	09:00-16:00	05:00-23:00	12:00-18:00	13-årsgräns
Nordic Wellness	SE	Karlskrona Loket	Blekingegatan 11, 371 34, Karlskrona	00:00-24:00	09:00-21:00	00:00-24:00	09:00-18:00	00:00-24:00	09:00-16:00	00:00-24:00	13:00-19:00	11-årsgräns
Nordic Wellness	SE	Karlstad Bergvik	Frykmans väg 1, 653 46, Karlstad	05:00-22:45	10:00-20:00	05:00-22:45	10:00-20:00	05:00-22:45	10:00-18:00	05:00-22:45	10:00-18:00	11-årsgräns
Nordic Wellness	SE	Karlstad Campus	Universitetsgatan 2, 656 37, Karlstad	05:00-23:00	10:00-21:00	05:00-23:00	10:00-18:00	05:00-23:00	10:00-14:00	05:00-23:00	14:00-18:00	
Nordic Wellness	SE	Karlstad City	Drottninggatan 28, 652 25, Karlstad	05:00-23:00	10:00-21:00	05:00-23:00	10:00-19:00	05:00-23:00	09:00-15:00	05:00-23:00	12:00-18:00	13-årsgräns
Nordic Wellness	SE	Karlstad Hammarö	Björkhagsgatan 5, 663 30, Karlstad	05:00-23:00	09:00-21:00	05:00-23:00	09:00-19:00	05:00-23:00	10:00-16:00	05:00-23:00	12:00-18:00	11-årsgräns
Nordic Wellness	SE	Karlstad Hamnen	Tullhusgatan 1B, 652 09, Karlstad	05:00-23:00	10:00-20:00	05:00-23:00	10:00-18:00	05:00-23:00	10:00-14:00	05:00-23:00	14:00-18:00	
Nordic Wellness	SE	Karlstad Karolinen	Våxnäsgatan 10, 653 40, Karlstad	05:00-23:00	11:00-19:00	05:00-23:00	11:00-16:00	05:00-23:00	10:00-13:00	05:00-23:00	14:00-17:00	11-årsgräns
Nordic Wellness	SE	Karlstad Strand	Våxnäsgatan 148, 65343, Karlstad	05:00-23:00	09:00-21:00	05:00-23:00	09:00-19:00	05:00-23:00	10:00-16:00	05:00-23:00	12:00-18:00	11-årsgräns
Nordic Wellness	SE	Kista Galleria	Hanstavägen 55 F, 164 53, Kista	06:30-22:00	10:00-22:00	06:30-22:00	10:00-21:00	09:00-21:00	09:00-21:00	09:00-21:00	09:00-21:00	18-årsgräns
Nordic Wellness	SE	Klippan Centrum	Järnvägsgatan 31, 264 33, Klippan	00:00-24:00	11:00-20:00	00:00-24:00	11:00-19:00	00:00-24:00	10:00-13:00	00:00-24:00	15:00-19:00	13-årsgräns
Nordic Wellness	SE	Kortedala Torg	Kortedala Torg, 415 35, Göteborg	05:00-21:00	16:00-21:00	05:00-21:00	16:00-21:00	05:00-18:00	15:00-18:00	05:00-20:00	16:00-20:00	13-årsgräns
Nordic Wellness	SE	Kramfors Gränsgatan	Gränsgatan 9, 872 30, Kramfors	05:00-22:00	12:00-20:00	05:00-22:00	12:00-18:00	05:00-22:00	10:00-14:00	05:00-22:00	14:00-18:00	13-årsgräns
Nordic Wellness	SE	Kristianstad C4	Fundationsvägen 9, 291 28, Kristianstad	04:00-22:00	09:00-21:00	04:00-20:00	09:00-19:00	04:00-20:00	10:00-16:00	04:00-20:00	11:00-19:00	
Nordic Wellness	SE	Kristianstad Härlöv	Herluf Trolles Väg 9, 29159, Kristianstad	04:00-22:00	09:00-21:00	04:00-20:00	09:00-19:00	04:00-20:00	10:00-16:00	04:00-20:00	11:00-19:00	13-årsgräns
Nordic Wellness	SE	Lidingö AGA	Ackumulatorvägen 2, 181 55, Lidingö	05:00-23:00	09:00-21:00	05:00-23:00	09:00-19:00	05:00-23:00	10:00-18:00	05:00-23:00	11:00-19:00	
Nordic Wellness	SE	Lidingö Käppala	Jupitervägen 30, 181 63, Lidingö	05:00-23:00	16:00-20:00	05:00-23:00	15:00-19:00	05:00-23:00	10:00-13:00	05:00-23:00	15:00-18:00	16-årsgräns
Nordic Wellness	SE	Lidingö Larsberg	Larsbergstorget 7, 181 39, Lidingö	05:00-23:00	10:00-20:00	05:00-23:00	10:00-18:00	05:00-23:00	09:00-14:00	05:00-23:00	12:00-16:00	11-årsgräns
Nordic Wellness	SE	Lidingö Näset	Källängstorget 4, 181 44, Lidingö	06:00-22:00	15:00-20:00	06:00-22:00	15:00-20:00	08:00-20:00	10:00-13:00	08:00-20:00	15:00-18:00	16-årsgräns
Nordic Wellness	SE	Lidingö Torsvik	Stockholmsvägen 33, 181 33, Lidingö	05:00-23:00	09:00-20:00	05:00-23:00	10:00-19:00	05:00-23:00	09:00-14:00	05:00-23:00	14:00-18:00	11-årsgräns
Nordic Wellness	SE	Liljeholmen	Årstaängsvägen 33B, 117 43, Stockholm	04:00-23:00	09:00-21:00	04:00-23:00	09:00-20:00	04:00-23:00	10:00-18:00	04:00-23:00	11:00-19:00	13-årsgräns
Nordic Wellness	SE	Livli Kungens Kurva	Modulvägen 6, 141 75, Kungens Kurva	06:30-21:30	06:30-21:30	06:30-21:30	06:30-21:30	09:00-19:00	09:00-19:00	09:00-19:00	09:00-19:00	13-årsgräns
Nordic Wellness	SE	Märsta Centrum	Nymärsta torg 2, 195 30, Märsta	05:00-22:00	09:00-21:00	05:00-22:00	09:00-20:00	05:00-22:00	10:00-16:00	05:00-22:00	12:00-18:00	
Nordic Wellness	SE	Nacka Gamla Landsvägen	Gamla Landsvägen 10, 131 47, Nacka	04:00-23:00	10:00-21:00	04:00-23:00	10:00-19:00	04:00-23:00	10:00-16:00	04:00-23:00	14:00-18:00	13-årsgräns
Nordic Wellness	SE	Orminge Centrum	Nygägre, 132 30, Saltsjö-boo	05:00-22:00	10:00-21:00	05:00-22:00	10:00-19:00	05:00-22:00	10:00-17:00	05:00-22:00	11:00-18:00	13-årsgräns
Nordic Wellness	SE	Skärholmen Centrum	Bredholmsgatan 5, 127 48, Skärholmen	07:00-21:00	07:00-21:00	07:00-21:00	07:00-21:00	08:00-20:00	08:00-20:00	08:00-20:00	08:00-20:00	16-årsgräns
Nordic Wellness	SE	Sköndal Sandåkra	Sköndalsvägen 5, 128 69, Stockholm	05:00-22:00	09:00-22:00	05:00-22:00	09:00-21:00	05:00-22:00	10:00-20:00	05:00-22:00	10:00-20:00	
Nordic Wellness	SE	Solna Business Park	Svetsarvägen 9B, 171 41, Solna	05:00-22:00	09:00-22:00	05:00-22:00	09:00-19:00	05:00-22:00	10:00-17:00	05:00-22:00	10:00-17:00	16-årsgräns
Nordic Wellness	SE	Solna Strand	Torggatan 8, 171 54, Solna	05:00-23:00	10:00-20:00	05:00-23:00	10:00-19:00	05:00-23:00	10:00-18:00	05:00-23:00	11:00-19:00	13-årsgräns
Nordic Wellness	SE	Solna Frösunda Port	Gustav III:s Boulevard 36, 169 73, Solna	05:00-23:00	09:00-21:00	05:00-23:00	09:00-20:00	05:00-23:00	10:00-18:00	05:00-23:00	10:00-18:00	11-årsgräns
Nordic Wellness	SE	Solna Ulriksdal	Kolonnvägen 55, 170 67, Solna	05:00-23:00	10:00-20:00	05:00-23:00	10:00-19:00	05:00-23:00	10:00-16:00	05:00-23:00	12:00-18:00	13-årsgräns
Nordic Wellness	SE	Solna Ulriksdal Station	Bagartorpsringen 51, 170 65, Solna	00:00-24:00	15:00-20:00	00:00-24:00	15:00-19:00	00:00-24:00	STÄNGT	00:00-24:00	STÄNGT	13-årsgräns
Nordic Wellness	SE	Sollentuna Häggvik	Norra Malmvägen 143, 191 65, Sollentuna	05:00-21:30	10:00-21:30	05:00-20:00	10:00-20:00	05:00-19:00	10:00-19:00	05:00-19:00	10:00-19:00	16-årsgräns
Nordic Wellness	SE	Stockholm Alvik Strand	Gustavslundsvägen 143, 167 51, Bromma	05:00-23:00	09:00-21:00	05:00-23:00	09:00-18:00	05:00-23:00	10:00-16:00	05:00-23:00	10:00-16:00	
Nordic Wellness	SE	Stockholm Arninge	Saluvägen 1, 187 66, Täby	05:00-23:00	08:00-21:00	05:00-23:00	09:00-19:00	05:00-23:00	10:00-17:00	05:00-23:00	11:00-18:00	
Nordic Wellness	SE	Stockholm Drottninggatan	Drottninggatan 24, 111 51, Stockholm	05:00-22:00	09:00-22:00	05:00-22:00	09:00-22:00	06:00-20:00	11:00-20:00	06:00-20:00	11:00-20:00	18-årsgräns
Nordic Wellness	SE	Stockholm Döbelnsgatan	Stockholm Döbelnsgatan, 113 52, Stockholm	06:00-22:00	10:00-21:00	06:00-22:00	10:00-19:00	06:00-22:00	10:00-16:00	06:00-22:00	11:00-19:00	18-årsgräns
Nordic Wellness	SE	Stockholm Fridhemsplan	Sankt Eriksgatan 50, 112 34, Stockholm	05:00-23:00	12:00-20:00	05:00-23:00	12:00-19:00	05:00-23:00	STÄNGT	05:00-23:00	14:00-18:00	11-årsgräns
Nordic Wellness	SE	Stockholm Gubbängen	Elin Falks gata 5-7, 122 46, Enskede	05:00-23:00	14:00-20:00	05:00-23:00	14:00-18:00	05:00-23:00	STÄNGT	05:00-23:00	STÄNGT	
Nordic Wellness	SE	Stockholm Gästrikegatan	Gästrikegatan 10, 113 62, Stockholm	06:00-22:00	11:00-21:00	06:00-22:00	11:00-19:00	06:00-22:00	10:00-14:00	06:00-22:00	12:00-18:00	13-årsgräns
Nordic Wellness	SE	Stockholm Hagastaden	Norra Stationsgatan 72, 113 66, Stockholm	06:00-22:00	12:00-20:00	06:00-22:00	12:00-19:00	06:00-22:00	10:00-14:00	06:00-22:00	15:00-18:00	
Nordic Wellness	SE	Stockholm Hammarby Sjöstad	Lugnets Allé 1, 120 65, Stockholm	05:00-23:00	09:00-21:00	05:00-23:00	09:00-18:00	05:00-23:00	10:00-16:00	05:00-23:00	11:00-18:00	13-årsgräns
Nordic Wellness	SE	Stockholm Hornsgatan	Hornsgatan 67, 118 49, Stockholm	05:00-22:00	12:00-20:00	05:00-22:00	12:00-18:00	08:00-20:00	STÄNGT	08:00-20:00	STÄNGT	11-årsgräns; Ons bemannat 09:00-20:00
Nordic Wellness	SE	Stockholm Hornstull	Långholmsgatan 9, 117 33, Stockholm	05:00-23:00	10:00-21:00	05:00-23:00	10:00-19:00	05:00-23:00	10:00-16:00	05:00-23:00	11:00-19:00	13-årsgräns
Nordic Wellness	SE	Stockholm Högbergsgatan	Högbergsgatan 48C, 118 26, Stockholm	06:00-22:00	09:00-21:00	06:00-22:00	09:00-20:00	08:00-20:00	10:00-18:00	08:00-20:00	11:00-19:00	11-årsgräns
Nordic Wellness	SE	Stockholm Karlavägen	Karlavägen 100 Garnisonen, 115 26, Stockholm	05:00-23:00	09:00-21:00	05:00-23:00	09:00-19:00	05:00-23:00	10:00-17:00	05:00-23:00	10:00-18:00	11-årsgräns
Nordic Wellness	SE	Stockholm KTH-hallen	Brinellvägen 38, 114 28, Stockholm	05:00-22:00	09:00-20:00	05:00-22:00	09:00-19:00	05:00-22:00	09:00-15:00	05:00-22:00	14:00-19:00	13-årsgräns
Nordic Wellness	SE	Stockholm Kungsängen Torg	Kyrkvägen 4, 196 30, Kungsängen	05:00-23:00	14:00-20:00	05:00-23:00	12:00-18:00	05:00-23:00	STÄNGT	05:00-23:00	STÄNGT	11-årsgräns
Nordic Wellness	SE	Stockholm Lindhagen	Lindhagensgatan 118, 112 51, Stockholm	05:00-23:00	08:00-21:00	05:00-23:00	08:00-19:00	05:00-23:00	10:00-16:00	05:00-23:00	10:00-17:00	11-årsgräns
Nordic Wellness	SE	Stockholm Odenplan	Västmannagatan 44a, 113 25, Stockholm	05:00-23:00	08:00-21:00	05:00-23:00	08:00-18:00	05:00-23:00	09:00-16:00	05:00-23:00	10:00-18:00	13-årsgräns
Nordic Wellness	SE	Stockholm Tegnérgatan	Tegnérgatan 21, 111 40, Stockholm	05:00-23:00	09:00-21:00	05:00-23:00	09:00-19:00	05:00-23:00	10:00-14:00	05:00-23:00	14:00-18:00	13-årsgräns
Nordic Wellness	SE	Sundbyberg Park	Odlingsgatan 7, 174 53, Sundbyberg	05:00-22:00	10:00-22:00	05:00-22:00	10:00-19:00	05:00-22:00	10:00-17:00	05:00-22:00	11:00-18:00	16-årsgräns
Nordic Wellness	SE	Sundbyberg Centrum	Sturegatan 9, 172 31, Sundbyberg	05:00-21:30	10:30-21:30	05:00-21:30	10:30-21:30	05:00-18:00	12:00-18:00	05:00-18:00	11:00-18:00	13-årsgräns
Nordic Wellness	SE	Sundbybergs Torg	Sturegatan 20, 172 68, Stockholm	04:00-00:00	14:00-21:00	04:00-00:00	10:00-16:00	04:00-00:00	10:00-14:00	04:00-00:00	10:00-14:00	11-årsgräns; Mån bemannat 12:00-21:00
Nordic Wellness	SE	Tyresö Centrum	Dalgränd 4, 135 40, Tyresö	05:00-23:00	13:00-20:00	05:00-23:00	12:00-18:00	05:00-23:00	STÄNGT	05:00-23:00	STÄNGT	16-årsgräns
Nordic Wellness	SE	Tyresö Älta	Örkroken 25, 138 40, Älta	05:00-23:00	09:00-21:00	05:00-23:00	09:00-19:00	05:00-23:00	10:00-17:00	05:00-23:00	10:00-17:00	11-årsgräns
Nordic Wellness	SE	Täby Pentavägen	Pentavägen 1, 187 30, Täby	05:00-23:00	09:00-21:00	05:00-23:00	09:00-19:00	05:00-23:00	09:00-15:00	05:00-23:00	09:00-17:00	13-årsgräns
Nordic Wellness	SE	Upplands-Bro Skällsta	Klövtorpsvägen 1, 197 40, Bro	05:00-22:00	09:00-21:00	05:00-22:00	09:00-20:00	05:00-22:00	10:00-16:00	05:00-22:00	09:00-18:00	13-årsgräns
Nordic Wellness	SE	Vallentuna Lindövägen	Lindövägen 8, 186 30, Vallentuna	05:00-23:00	09:00-20:00	05:00-23:00	10:00-18:00	05:00-23:00	10:00-17:00	05:00-23:00	11:00-18:00	
Nordic Wellness	SE	Vällingby Park	Funäsgatan 4, 162 54, Vällingby	05:00-22:00	10:00-22:00	05:00-22:00	10:00-20:00	05:00-22:00	11:00-19:00	05:00-22:00	11:00-19:00	13-årsgräns
Nordic Wellness	SE	Vällingby Råcksta	Östersundsgatan 7, 162 74, Vällingby	05:00-23:00	14:00-20:00	05:00-23:00	12:00-18:00	05:00-23:00	STÄNGT	05:00-23:00	STÄNGT	
Nordic Wellness	SE	Vällingby Centrum	Ångermannagatan 151, 162 65, Vällingby	05:00-22:00	10:00-22:00	05:00-22:00	10:00-22:00	05:00-22:00	10:00-22:00	05:00-22:00	10:00-22:00	16-årsgräns
Nordic Wellness	SE	Värmdö Centrum	Orions väg 4, 134 44, Gustavsberg	04:00-22:00	11:00-21:00	04:00-22:00	11:00-19:00	04:00-22:00	09:00-16:00	04:00-22:00	11:00-19:00	13-årsgräns
Nordic Wellness	SE	Värmdö Gustavsbergs hamn	Tyra Lundgrens väg 21, 134 40, Värmdö	04:00-00:00	12:00-21:00	04:00-00:00	12:00-19:00	04:00-00:00	10:00-14:00	04:00-00:00	14:00-18:00	
Nordic Wellness	SE	Värmdö Marknad	Gustavsbergsvägen 24, 134 39, Gustavsberg	05:00-23:00	09:00-21:00	05:00-23:00	09:00-18:00	05:00-23:00	10:00-18:00	05:00-23:00	10:00-18:00	
Nordic Wellness	SE	Väsby Centrum	Drabantvägen 4, 194 33, Upplands Väsby	05:00-21:00	10:00-21:00	05:00-21:00	10:00-21:00	05:00-18:00	10:00-18:00	05:00-18:00	11:00-18:00	
Nordic Wellness	SE	Åkersberga Centrum	Stationsgränd 8, 184 50, Åkersberga	04:00-22:00	10:00-21:00	04:00-22:00	10:00-19:00	04:00-22:00	10:00-13:00	04:00-22:00	15:00-18:00	18-årsgräns
Nordic Wellness	SE	Älvsjöstaden	Älvsjövägen 18, 125 45, Älvsjö	05:00-22:00	09:00-22:00	05:00-22:00	09:00-22:00	05:00-20:00	10:00-20:00	05:00-20:00	10:00-20:00	
Nordic Wellness	SE	Älta Torg	Ältavägen 222, 131 33, Älta	05:00-22:00	11:00-20:00	05:00-22:00	11:00-19:00	05:00-22:00	10:00-15:00	05:00-22:00	14:00-19:00	13-årsgräns
Nordic Wellness	SE	Årsta Svärdlångsvägen	Svärdlångsvägen 44, 120 60, Årsta	05:00-23:00	12:00-20:00	05:00-23:00	12:00-18:00	05:00-23:00	STÄNGT	05:00-23:00	STÄNGT	11-årsgräns
Nordic Wellness	SE	Åkersberga Rallarvägen	Rallarvägen 8, 184 40, Åkersberga	05:00-22:00	09:00-21:00	05:00-22:00	09:00-19:00	05:00-22:00	10:00-16:00	05:00-22:00	11:00-19:00	
Nordic Wellness	SE	Angered Centrum	Angereds Torg 1, 424 65, Angered	05:00-21:00	STÄNGT	05:00-21:00	STÄNGT	05:00-18:00	STÄNGT	05:00-18:00	STÄNGT	13-årsgräns
Nordic Wellness	SE	Billdal Skintebo	Lilla Skintebovägen 4, 42734, Billdal	05:00-23:00	09:00-20:00	05:00-23:00	09:00-19:00	05:00-23:00	10:00-16:00	05:00-23:00	11:00-19:00	11-årsgräns
Nordic Wellness	SE	Floda Centrum	Rurik Holms väg 4, 448 30, Floda	04:00-23:00	16:00-20:00	04:00-23:00	16:00-19:00	04:00-23:00	STÄNGT	04:00-23:00	STÄNGT	11-årsgräns
Nordic Wellness	SE	Frölunda Altplatsen	Gitarrgatan 2, 421 41, Västra Frölunda	04:30-23:00	16:00-21:00	04:30-23:00	11:00-19:00	04:30-23:00	10:00-13:00	04:30-23:00	15:00-18:00	Ti-On bemannat 13:00-21:00; 11-årsgräns
Nordic Wellness	SE	Frölunda Kontrabasgatan	Kontrabasgatan 9, 421 50, Västra Frölunda	04:00-22:00	08:00-21:00	04:00-21:00	08:00-20:00	04:00-20:00	10:00-16:00	04:00-20:00	11:00-19:00	13-årsgräns
Nordic Wellness	SE	Göteborg Almedal	Falkenbergsgatan 3, 412 85, Göteborg	05:00-23:00	08:00-21:30	05:00-23:00	08:00-20:00	05:00-23:00	10:00-16:00	05:00-23:00	11:00-19:00	13-årsgräns
Nordic Wellness	SE	Göteborg Backaplan	Gustaf Dalénsgatan 13, 417 05, Göteborg	05:00-22:00	08:00-21:00	05:00-22:00	08:00-20:00	05:00-22:00	09:00-19:00	05:00-22:00	09:00-19:00	13-årsgräns
Nordic Wellness	SE	Frölunda Torg	Frölunda Torg, 421 44, Västra Frölunda	05:00-22:00	09:00-21:00	05:00-21:00	09:00-20:00	05:00-20:00	10:00-16:00	05:00-20:00	11:00-19:00	13-årsgräns
Nordic Wellness	SE	Gråbo Centrum	Mjörnbotorget, 443 42, Gråbo	05:00-22:00	16:00-20:00	05:00-22:00	16:00-19:00	05:00-22:00	STÄNGT	05:00-22:00	STÄNGT	11-årsgräns
Nordic Wellness	SE	Göteborg Centralen	Odinsgatan 6, 411 03, Göteborg	05:00-22:00	09:00-21:00	05:00-21:00	09:00-20:00	05:00-20:00	10:00-14:00	05:00-20:00	11:00-19:00	13-årsgräns
Nordic Wellness	SE	Göteborg Chapmans Torg	Karl Johansgatan 53, 414 55, Göteborg	05:00-24:00	STÄNGT	05:00-24:00	STÄNGT	05:00-24:00	STÄNGT	05:00-24:00	STÄNGT	18-årsgräns; bemannat mån 16:00-20:00
Nordic Wellness	SE	Göteborg City	Drottninggatan 56, 411 07, Göteborg	05:00-23:00	08:00-21:00	05:00-23:00	08:00-20:00	05:00-23:00	10:00-16:00	05:00-23:00	11:00-19:00	18-årsgräns
Nordic Wellness	SE	Göteborg Domkyrkan	Drottninggatan 16, 411 14, Göteborg	05:00-21:00	08:00-21:00	05:00-20:00	08:00-20:00	05:00-20:00	10:00-17:00	05:00-20:00	11:00-19:00	13-årsgräns
Nordic Wellness	SE	Göteborg Eriksberg	Östra Eriksbergsgatan 46, 417 63, Göteborg	05:00-22:00	09:00-21:00	05:00-22:00	09:00-20:00	05:00-22:00	09:00-16:00	05:00-22:00	12:00-18:00	11-årsgräns
Nordic Wellness	SE	Göteborg Fjällgatan	Fjällgatan 38, 413 17, Göteborg	07:00-21:00	16:00-20:00	07:00-21:00	09:00-13:00	08:00-20:00	STÄNGT	08:00-20:00	STÄNGT	13-årsgräns
Nordic Wellness	SE	Göteborg Guldheden	Doktor Fries Torg 15, 413 23, Göteborg	06:00-22:00	STÄNGT	06:00-22:00	STÄNGT	06:00-22:00	STÄNGT	08:00-20:00	STÄNGT	13-årsgräns; bemannat mån+to 16:00-20:00
Nordic Wellness	SE	Göteborg Högsbo	Axel Dahlströms Torg 3, 418 80, Göteborg	05:00-23:00	STÄNGT	05:00-23:00	16:00-19:00	05:00-23:00	10:00-13:00	05:00-23:00	15:00-18:00	13-årsgräns; bemannat mån 15:00-20:00 ti 09:00-20:00 on+to 16:00-20:00
Nordic Wellness	SE	Göteborg Järntorget	Folkets hus, Olof Palmes Plats 1, 413 04, Göteborg	05:00-23:00	09:00-21:00	05:00-23:00	09:00-20:00	05:00-23:00	10:00-16:00	05:00-23:00	11:00-19:00	13-årsgräns
Nordic Wellness	SE	Göteborg Karl Johansgatan	Karl Johansgatan 94, 415 55, Göteborg	07:00-22:00	16:00-20:00	07:00-22:00	15:00-19:00	09:00-20:00	STÄNGT	09:00-20:00	STÄNGT	13-årsgräns
Nordic Wellness	SE	Göteborg Kviberg	Krutvägen 2, 415 28, Göteborg	05:00-21:30	08:00-21:30	05:00-20:30	08:00-20:30	05:00-19:30	08:00-19:30	05:00-19:30	08:00-19:30	13-årsgräns
Nordic Wellness	SE	Göteborg Lindholmen	Lindholmsallén 20, 417 55, Göteborg	05:00-22:00	09:00-21:00	05:00-22:00	09:00-20:00	05:00-22:00	10:00-15:00	05:00-22:00	11:00-19:00	13-årsgräns
Nordic Wellness	SE	Göteborg Linnégatan	Linnégatan 61, 413 08, Göteborg	05:00-22:00	15:00-20:00	05:00-22:00	11:00-17:00	08:00-20:00	STÄNGT	08:00-20:00	STÄNGT	13-årsgräns
Nordic Wellness	SE	Göteborg Lundby	Rödlönnsgången 44, 417 11, Göteborg	05:00-22:00	13:00-20:00	05:00-22:00	13:00-19:00	05:00-22:00	13:00-17:00	05:00-22:00	14:00-18:00	11-årsgräns
Nordic Wellness	SE	Göteborg Lunden	Sankt Pauligatan 9, 416 60, Göteborg	05:00-22:00	09:00-21:00	05:00-22:00	09:00-19:00	05:00-22:00	09:00-15:00	05:00-22:00	13:00-19:00	13-årsgräns
Nordic Wellness	SE	Göteborg Majorna	Såggatan 8, 414 58, Göteborg	05:00-23:00	08:30-21:00	05:00-23:00	08:30-20:00	05:00-23:00	10:00-16:00	05:00-23:00	11:00-19:00	13-årsgräns
Nordic Wellness	SE	Göteborg Marklandsgatan	Marklandsgatan 3, 414 77, Göteborg	05:00-23:00	16:00-20:00	05:00-23:00	16:00-19:00	05:00-23:00	STÄNGT	05:00-23:00	STÄNGT	13-årsgräns
Nordic Wellness	SE	Göteborg Olskroken	Redbergsvägen 2, 416 65, Göteborg	04:00-22:00	09:00-20:00	04:00-22:00	09:00-19:00	04:00-22:00	10:00-14:00	04:00-22:00	15:00-19:00	13-årsgräns
Nordic Wellness	SE	Göteborg Stigs Center	Importgatan 7, 422 46, Hisings Backa	05:00-22:00	09:00-21:00	05:00-22:00	09:00-20:00	05:00-22:00	10:00-16:00	05:00-22:00	11:00-19:00	11-årsgräns
Nordic Wellness	SE	Göteborg Tuve Torg	Tuve Torg 8, 417 45, Göteborg	05:00-23:00	09:00-21:00	05:00-23:00	09:00-20:00	05:00-23:00	10:00-14:00	05:00-23:00	15:00-19:00	13-årsgräns
Nordic Wellness	SE	Göteborg Ullevi	Parkgatan 65, 411 38, Göteborg	05:00-22:00	10:00-21:00	05:00-20:30	10:00-20:00	05:00-20:30	10:00-16:00	05:00-20:30	13:00-19:00	11-årsgräns
Nordic Wellness	SE	Göteborg Vasagatan	Vasagatan 7, 411 24, Göteborg	04:00-23:00	16:00-20:00	04:00-23:00	14:00-18:00	04:00-23:00	10:00-13:00	04:00-23:00	STÄNGT	13-årsgräns
Nordic Wellness	SE	Göteborg Vårväderstorget	Vårväderstorget 1, 418 31, Göteborg	05:00-21:00	16:00-21:00	05:00-20:00	16:00-20:00	05:00-18:00	10:00-13:00	05:00-18:00	14:00-18:00	13-årsgräns
Nordic Wellness	SE	Göteborg Örgryte	Töpelsgatan 7, 416 55, Göteborg	06:00-23:00	09:00-21:00	06:00-20:00	09:00-18:00	08:00-18:00	10:00-16:00	08:00-23:00	10:00-19:00	11-årsgräns
Nordic Wellness	SE	Hönö	Tärnvägen 17, 475 40, Hönö	04:30-23:00	08:00-20:00	04:30-23:00	08:00-19:00	04:30-23:00	09:00-12:00	04:30-23:00	16:00-20:00	13-årsgräns
Nordic Wellness	SE	Kållered Ekenleden	Ekenleden 13 A, 428 36, Kållered	04:00-23:00	08:00-21:00	04:00-23:00	08:00-19:00	04:00-23:00	10:00-16:00	04:00-23:00	11:00-19:00	11-årsgräns
Nordic Wellness	SE	Landvetter Centrum	Skansgränd 4, 438 32, Landvetter	04:30-23:00	09:00-21:00	04:30-23:00	09:00-18:00	04:30-23:00	10:00-12:00+12:30-15:00	04:30-23:00	11:00-19:00	13-årsgräns
Nordic Wellness	SE	Krokslätts Fabriker	Bergskroken 3, 431 37, Mölndal	05:00-23:00	09:00-21:00	05:00-23:00	09:00-19:00	05:00-23:00	09:00-16:00	05:00-23:00	14:00-18:00	13-årsgräns
Nordic Wellness	SE	Lerum Göteborgsvägen	Göteborgsvägen 3, 443 30, Lerum	04:00-22:00	10:00-21:00	04:00-22:00	10:00-19:00	04:00-22:00	10:00-14:00	04:00-22:00	12:00-18:00	11-årsgräns
Nordic Wellness	SE	Lindome Centrum	Almåsgången 1, 437 30, Lindome	05:00-23:00	STÄNGT	05:00-23:00	STÄNGT	05:00-23:00	STÄNGT	05:00-23:00	STÄNGT	13-årsgräns; Mån+Ons 16:00-20:00
Nordic Wellness	SE	Mölnlycke Wendelstrand	Lakegatan 11, 435 33, Mölnlycke	05:00-23:00	10:00-21:00	05:00-23:00	10:00-20:00	05:00-23:00	10:00-17:00	05:00-23:00	12:00-19:00	11-årsgräns
Nordic Wellness	SE	Partille Mellbyvägen	Mellbyvägen 21-23, 433 30, Partille	05:00-23:00	08:00-21:00	05:00-23:00	08:00-19:00	05:00-20:00	10:00-17:00	05:00-20:00	11:00-19:00	13-årsgräns
Nordic Wellness	SE	Selma Lagerlöf	Backadalen 17, 422 55, Hisings Backa	05:00-22:00	11:00-21:00	05:00-22:00	11:00-19:00	05:00-22:00	10:00-13:00	05:00-22:00	15:00-18:00	11-årsgräns
Nordic Wellness	SE	Sisjön Datavägen	Datavägen 4, 436 32, Askim	05:00-23:00	16:00-20:00	05:00-23:00	16:00-19:00	05:00-23:00	10:00-13:00	05:00-23:00	STÄNGT	13-årsgräns
Nordic Wellness	SE	Sävedalen Glashuset	Göteborgsvägen 88, 433 63, Sävedalen	05:00-23:00	16:00-21:00	05:00-23:00	15:00-19:00	05:00-23:00	10:00-13:00	05:00-23:00	15:00-19:00	13-årsgräns
Nordic Wellness	SE	Torslanda Amhult	Gamla flygplatsvägen 26, 423 37, Torslanda	00:00-24:00	09:00-21:00	00:00-22:00	09:00-19:00	04:00-22:00	09:00-14:00	04:00-22:00	13:00-19:00	13-årsgräns; Mån öppnar 04:00
Nordic Wellness	SE	Torslanda Torg	Torslanda Torg 1, 423 32, Torslanda	00:00-24:00	16:00-20:00	00:00-24:00	16:00-19:00	00:00-24:00	STÄNGT	00:00-24:00	STÄNGT	13-årsgräns
Nordic Wellness	SE	Malmö Central	Utställningsgatan 2, 211 20, Malmö	05:00-23:00	10:00-20:00	05:00-23:00	10:00-19:00	05:00-23:00	10:00-14:00	05:00-23:00	16:00-19:00	13-årsgräns
Nordic Wellness	SE	Malmö Baltzarsgatan	Baltzarsgatan 6, 211 36, Malmö	05:00-23:00	09:00-21:00	05:00-23:00	09:00-19:00	05:00-23:00	09:00-15:00	05:00-23:00	11:00-19:00	13-årsgräns
Nordic Wellness	SE	Malmö Emporia	Hyllie Stationsväg 26B, 215 32, Malmö	05:00-23:00	09:00-21:00	05:00-23:00	09:00-19:00	05:00-23:00	09:00-14:00	05:00-23:00	10:00-18:00	13-årsgräns
Nordic Wellness	SE	Malmö Fair Play Stadion	Trollenäsgatan 2, 217 73, Malmö	05:00-23:00	09:00-21:00	05:00-23:00	09:00-19:00	05:00-23:00	10:00-16:00	05:00-23:00	11:00-19:00	11-årsgräns
Nordic Wellness	SE	Malmö Folkets Park	Spångatan 37 C, 211 53, Malmö	05:00-23:00	10:00-21:00	05:00-23:00	10:00-19:00	05:00-23:00	09:00-15:00	05:00-23:00	10:00-18:00	13-årsgräns
Nordic Wellness	SE	Malmö Hyllie Lindeborg	Axel Danielssonsv. 261, 215 82, Malmö	05:00-22:00	12:00-20:00	05:00-22:00	11:00-19:00	05:00-22:00	10:00-14:00	05:00-22:00	15:00-19:00	11-årsgräns
Nordic Wellness	SE	Malmö Kronborg	Kronborgsvägen 5, 217 42, Malmö	05:00-23:00	09:00-21:00	05:00-23:00	09:00-19:00	05:00-23:00	09:00-16:00	05:00-23:00	12:00-19:00	11-årsgräns
Nordic Wellness	SE	Malmö Limhamn	Linnégatan 42, 216 14, Limhamn	05:00-23:00	STÄNGT	05:00-23:00	16:00-19:00	05:00-23:00	STÄNGT	05:00-23:00	STÄNGT	Bemannat: Mån 16:00-20:00; Ti 16:00-20:00; On STÄNGT; To 16:00-20:00
Nordic Wellness	SE	Malmö Nobel	Celsiusgatan 27 B, 212 52, Malmö	05:00-22:00	09:00-21:00	05:00-22:00	09:00-19:00	05:00-22:00	09:00-14:00	05:00-22:00	11:00-18:00	13-årsgräns
Nordic Wellness	SE	Malmö Rörsjöstaden	Drottninggatan 10c, 211 49, Malmö	05:00-23:00	16:00-20:00	05:00-23:00	16:00-19:00	05:00-23:00	STÄNGT	05:00-23:00	STÄNGT	18-årsgräns
Nordic Wellness	SE	Malmö Svågertorp	Drakagatan 10, 215 86, Malmö	05:00-22:00	10:00-21:00	05:00-22:00	10:00-19:00	05:00-22:00	10:00-16:00	05:00-22:00	09:00-19:00	15-årsgräns
Nordic Wellness	SE	Malmö Toftanäs	Topplocksgatan 10, 212 41, Malmö	05:00-21:30	09:00-21:30	05:00-20:00	09:00-20:00	05:00-20:00	09:00-17:00	05:00-20:00	11:00-20:00	13-årsgräns
Nordic Wellness	SE	Malmö Värnhemstorget	Föreningsgatan 72, 212 14, Malmö	05:00-22:00	10:00-21:00	05:00-22:00	11:00-19:00	05:00-20:00	10:00-15:00	05:00-20:00	15:00-19:00	18-årsgräns
Nordic Wellness	SE	Malmö Västra Hamnen	Riggaregatan 37, 211 13, Malmö	06:00-22:00	16:00-20:00	06:00-22:00	11:00-16:00	07:00-22:00	STÄNGT	07:00-22:00	STÄNGT	
Nordic Wellness	SE	Malmö Jägersro	Jägersrovägen 151, 213 75, Malmö	05:00-21:30	09:00-21:30	05:00-20:00	09:00-19:00	05:00-20:00	09:00-17:00	05:00-20:00	12:00-20:00	18-årsgräns
Nordic Wellness	SE	Malmö Skeppsgatan	Skeppsgatan 5, 211 11, Malmö	05:00-22:00	09:00-21:00	05:00-22:00	09:00-19:00	05:00-22:00	10:00-16:00	05:00-22:00	11:00-19:00	
Nordic Wellness	SE	Lund Lilla Fiskaregatan	Lilla fiskaregatan 21, 222 22, Lund	05:00-22:00	10:00-21:00	05:00-22:00	10:00-19:00	05:00-22:00	10:00-13:00	05:00-22:00	16:00-19:00	11-årsgräns
Nordic Wellness	SE	Lund Södra Sandby	Revingevägen 2, 247 31, Södra Sandby	06:00-22:00	10:00-21:00	06:00-22:00	10:00-19:00	06:00-22:00	10:00-14:00	06:00-22:00	12:00-19:00	13-årsgräns
Nordic Wellness	SE	Lund St Lars Sportcenter	St Lars väg 92, 222 70, Lund	05:00-22:00	09:00-22:00	05:00-22:00	09:00-20:00	05:00-22:00	09:00-18:00	05:00-22:00	10:00-18:00	11-årsgräns; sommar v26-32: Mån-To bemannat 09-21 Fr 09-19 Lö 09-17 Sö 09-18
Nordic Wellness	SE	Lund Medicon Village	Scheelevägen 4, 22381, Lund	05:00-23:00	09:00-21:00	05:00-23:00	09:00-19:00	05:00-23:00	10:00-15:00	05:00-23:00	14:00-19:00	11-årsgräns
Nordic Wellness	SE	Linköping Arena	Fastes gata 2B, 582 78, Linköping	05:00-23:00	15:00-20:00	05:00-23:00	15:00-19:00	05:00-23:00	10:00-13:00	05:00-23:00	16:00-19:00	13-årsgräns
Nordic Wellness	SE	Linköping Central	S:t Larsgatan 3, 582 24, Linköping	04:00-23:00	10:00-21:00	04:00-23:00	10:00-19:00	04:00-23:00	10:00-16:00	04:00-23:00	12:00-18:00	
Nordic Wellness	SE	Linköping City	Göran Dyks Gata 1, 582 24, Linköping	05:00-22:00	10:00-21:00	05:00-21:00	10:00-19:00	07:00-21:00	10:00-16:00	07:00-21:00	12:00-18:00	13-årsgräns
Nordic Wellness	SE	Linköping Djurgården	Åsmestadsgatan 6, 58338, Linköping	05:00-23:00	09:00-21:00	05:00-23:00	09:00-19:00	05:00-23:00	09:00-16:00	05:00-23:00	10:00-18:00	13-årsgräns
Nordic Wellness	SE	Linköping Ekkällan	Garnisonsvägen 50, 587 50, Linköping	05:00-23:00	09:00-21:00	05:00-23:00	09:00-19:00	05:00-23:00	09:00-16:00	05:00-23:00	10:00-18:00	13-årsgräns
Nordic Wellness	SE	Linköping Johannelund	Skogsgatan 85, 587 32, Linköping	04:00-23:00	10:00-20:00	04:00-23:00	10:00-19:00	04:00-23:00	10:00-13:00	04:00-23:00	16:00-19:00	
Nordic Wellness	SE	Linköping Tannefors	Gelbgjutaregatan 2, 582 54, Linköping	05:00-23:00	10:00-21:00	05:00-23:00	10:00-19:00	05:00-23:00	10:00-16:00	05:00-23:00	12:00-18:00	
Nordic Wellness	SE	Linköping Tornby	Östra Svedengatan 29, 582 73, Linköping	05:00-23:00	09:00-21:00	05:00-23:00	09:00-19:00	05:00-23:00	09:00-16:00	05:00-23:00	10:00-18:00	11-årsgräns
Nordic Wellness	SE	Örebro Adolfsberg	Adolf Mörners plan 4, 702 28, Örebro	05:00-23:00	10:00-20:00	05:00-23:00	10:00-18:00	05:00-23:00	10:00-14:00	05:00-23:00	12:00-18:00	11-årsgräns
Nordic Wellness	SE	Örebro Arena	Isgatan 6, 70225, Örebro	05:00-23:00	10:00-21:00	05:00-23:00	10:00-19:00	05:00-23:00	10:00-15:00	05:00-23:00	12:00-18:00	11-årsgräns
Nordic Wellness	SE	Örebro Central	Östra Bangatan 40, 703 39, Örebro	05:00-23:00	09:00-21:00	05:00-23:00	09:00-19:00	05:00-23:00	10:00-16:00	05:00-23:00	12:00-18:00	11-årsgräns
Nordic Wellness	SE	Örebro City	Köpmangatan 31, 702 23, Örebro	05:00-23:00	10:00-21:00	05:00-23:00	10:00-19:00	05:00-23:00	10:00-14:00	05:00-23:00	15:00-18:00	13-årsgräns
Nordic Wellness	SE	Örebro Marieberg	Säljarevägen 8D, 702 36, Örebro	05:00-23:00	10:00-21:00	05:00-23:00	10:00-19:00	05:00-23:00	09:00-15:00	05:00-23:00	13:00-18:00	11-årsgräns
Nordic Wellness	SE	Örebro Örnsro	Idrottsvägen 31 B, 702 32, Örebro	05:00-23:00	11:00-20:00	05:00-23:00	11:00-17:00	05:00-23:00	09:00-13:00	05:00-23:00	09:00-13:00	11-årsgräns
Nordic Wellness	SE	Örebro Österporten	Förmansgatan 15A, 702 14, Örebro	05:00-23:00	10:00-21:00	05:00-23:00	10:00-19:00	05:00-23:00	10:00-14:00	05:00-23:00	14:00-18:00	11-årsgräns
Nordic Wellness	SE	Västerås Bäckby Park	Kokillgatan 8, 721 33, Västerås	04:00-23:00	14:00-20:00	04:00-23:00	12:00-18:00	04:00-23:00	STÄNGT	04:00-23:00	STÄNGT	11-årsgräns
Nordic Wellness	SE	Västerås City	Stora gatan 33, 722 12, Västerås	04:00-22:00	09:00-21:00	04:00-22:00	09:00-19:00	04:00-22:00	09:00-15:00	04:00-22:00	12:00-18:00	11-årsgräns
Nordic Wellness	SE	Västerås Erikslund	Löpkranegatan 6, 721 38, Västerås	04:00-23:00	09:00-21:00	04:00-23:00	09:00-19:00	04:00-23:00	10:00-16:00	04:00-23:00	12:00-18:00	11-årsgräns
Nordic Wellness	SE	Västerås Hälla	Fältmätargatan 22, 721 35, Västerås	00:00-24:00	11:00-20:00	00:00-24:00	11:00-17:00	00:00-24:00	STÄNGT	00:00-24:00	15:00-19:00	
Nordic Wellness	SE	Västerås Stenby	Stenbygatan 3D, 721 36, Västerås	04:00-23:00	09:00-21:00	04:00-23:00	09:00-19:00	04:00-23:00	09:00-17:00	04:00-23:00	09:00-17:00	11-årsgräns
Nordic Wellness	SE	Västerås Öster Mälarstrand	Öster Mälarstrands Allé 20-22, 721 31, Västerås	04:00-23:00	09:00-21:00	04:00-23:00	09:00-19:00	04:00-23:00	09:00-15:00	04:00-23:00	12:00-18:00	11-årsgräns
Nordic Wellness	SE	Västerås Skiljebo Centrum	Skiljeboplatsen 2, 723 41, Västerås	05:00-23:00	11:00-20:00	05:00-23:00	11:00-17:00	05:00-23:00	STÄNGT	05:00-23:00	15:00-19:00	
Nordic Wellness	SE	Västerås Hässlö	Flottiljgatan 69, 721 31, Västerås	05:00-00:00	STÄNGT	05:00-00:00	09:30-11:30	05:00-00:00	STÄNGT	05:00-00:00	09:00-11:30	Bemannat: Mån 08:30-10:30+16:30-19:00; Ti 08:30-10:30+17:00-19:00; On 08:30-10:30+16:30-19:00; To 08:30-10:30+16:30-19:00
Nordic Wellness	SE	Västerås Sigmatorget	Torggatan 4, 722 15, Västerås	04:00-00:00	STÄNGT	04:00-00:00	09:30-11:30	04:00-00:00	09:00-11:30	04:00-00:00	09:00-11:30	Bemannat: Mån 16:30-19:00; Ti 09:30-11:30+16:30-19:00; On 16:30-19:00; To 16:30-19:00
Nordic Wellness	SE	Sundsvall Alnö	Raholmsvägen 100B, 865 92, Sundsvall	00:00-24:00	16:00-20:00	00:00-24:00	16:00-19:00	00:00-24:00	STÄNGT	00:00-24:00	STÄNGT	
Nordic Wellness	SE	Sundsvall Birsta	Gesällvägen 5, 857 53, Sundsvall	05:00-22:00	09:00-21:00	05:00-22:00	09:00-19:00	05:00-22:00	10:00-16:00	05:00-22:00	11:00-19:00	11-årsgräns
Nordic Wellness	SE	Sundsvall Björneborgsgatan	Björneborgsgatan 41, 85460, Sundsvall								Öppettider ej angivna på hemsidan	
Nordic Wellness	SE	Sundsvall City	Köpmangatan 14, 852 31, Sundsvall	00:00-24:00	09:00-21:00	00:00-24:00	09:00-19:00	00:00-24:00	10:00-16:00	00:00-24:00	12:00-18:00	11-årsgräns
Nordic Wellness	SE	Sundsvall Johannedal	Ekenäsvägen 1, 863 36, Sundsvall	00:00-24:00	STÄNGT	00:00-24:00	STÄNGT	00:00-24:00	STÄNGT	00:00-24:00	STÄNGT	
Nordic Wellness	SE	Sundsvall Kvissleby	Affärsgatan 18, 862 31, Sundsvall	00:00-24:00	12:00-20:00	00:00-24:00	10:00-18:00	00:00-24:00	STÄNGT	00:00-24:00	STÄNGT	11-årsgräns
Nordic Wellness	SE	Sundsvall Matfors	Rännovägen 1, 864 31, Sundsvall	00:00-24:00	STÄNGT	00:00-24:00	STÄNGT	00:00-24:00	STÄNGT	00:00-24:00	STÄNGT	
Nordic Wellness	SE	Sundsvall Nacksta	Axvägen 16, 853 50, Sundsvall	00:00-24:00	16:00-20:00	00:00-24:00	16:00-19:00	00:00-24:00	STÄNGT	00:00-24:00	STÄNGT	13-årsgräns
Nordic Wellness	SE	Sundsvall Skönsberg	Ortviksvägen 2, 856 33, Sundsvall	00:00-24:00	11:00-20:00	00:00-24:00	11:00-19:00	00:00-24:00	10:00-14:00	00:00-24:00	15:00-19:00	11-årsgräns
Nordic Wellness	SE	Sundsvall Varbergsvägen	Varbergsvägen 6, 857 32, Sundsvall	00:00-24:00	16:00-20:00	00:00-24:00	16:00-19:00	00:00-24:00	STÄNGT	00:00-24:00	STÄNGT	
Nordic Wellness	SE	Norrköping City	Drottninggatan 64, 602 32, Norrköping	05:00-23:00	10:00-21:00	05:00-23:00	10:00-19:00	05:00-23:00	10:00-17:00	05:00-23:00	11:00-17:00	16-årsgräns
Nordic Wellness	SE	Norrköping Mirum Galleria	Mirum Galleria, 603 59, Norrköping	05:00-22:00	10:00-22:00	05:00-22:00	10:00-22:00	05:00-20:00	12:00-20:00	05:00-20:00	12:00-20:00	11-årsgräns
Nordic Wellness	SE	Norrköping Pronova	S:t Persgatan 19, 60233, Norrköping	06:00-22:00	08:00-22:00	06:00-22:00	08:00-20:00	06:00-21:00	10:00-16:00	06:00-21:00	12:00-18:00	
Nordic Wellness	SE	Norrköping Ingelsta	Koppargatan 30A, 602 23, Norrköping	05:00-22:00	09:00-22:00	05:00-22:00	09:00-22:00	05:00-20:00	10:00-20:00	05:00-20:00	10:00-20:00	
Nordic Wellness	SE	Växjö Arena	Storgatan 88, 352 36, Växjö	04:30-22:30	12:00-20:00	04:30-22:30	12:00-19:00	04:30-22:30	09:00-14:00	04:30-22:30	14:00-19:00	
Nordic Wellness	SE	Växjö City	Klostergatan 10B, 352 31, Växjö	05:00-22:00	10:00-21:00	05:00-20:00	10:00-20:00	05:00-20:00	11:00-18:00	05:00-20:00	15:00-20:00	13-årsgräns; sommar v.25-32: reception öppnar 10:00 mån-fre / 11:00 lör
Nordic Wellness	SE	Växjö Norremark	Grusåsvägen 5, 352 45, Växjö	05:00-23:00	11:00-20:00	05:00-23:00	11:00-19:00	05:00-23:00	09:00-14:00	05:00-23:00	11:00-18:00	13-årsgräns
Nordic Wellness	SE	Växjö Teleborg	Smedsvängen 70, 352 54, Växjö	05:00-23:00	10:00-20:30	05:00-20:00	10:00-19:00	05:00-20:00	10:00-16:00	05:00-20:00	12:00-18:00	sommar 22 jun-17 aug: reception mån-to 11:00-20:30 / fre 11:00-19:00 / lör 11:00-16:00 / sön 13:00-18:00
Nordic Wellness	SE	Luleå Porsön	Universitetsvägen 8, 977 54, Luleå	05:00-23:00	09:00-21:00	05:00-23:00	09:00-20:00	05:00-23:00	10:00-17:00	05:00-23:00	11:00-19:00	11-årsgräns
Nordic Wellness	SE	Luleå Gammelstad	Stadsötorget 9, 954 31, Luleå	00:00-24:00	STÄNGT	00:00-24:00	STÄNGT	00:00-24:00	STÄNGT	00:00-24:00	STÄNGT	obemannad
Nordic Wellness	SE	Luleå Björkskatan	Väderleden 43-45, 976 33, Luleå	00:00-24:00	STÄNGT	00:00-24:00	STÄNGT	00:00-24:00	STÄNGT	00:00-24:00	STÄNGT	obemannad
Nordic Wellness	SE	Skellefteå Solbacken	Varugatan 23, 931 76, Skellefteå	05:00-23:00	09:00-21:00	05:00-23:00	09:00-19:00	05:00-23:00	10:00-16:00	05:00-23:00	11:00-19:00	11-årsgräns
Nordic Wellness	SE	Skellefteå City	Nygatan 46, 931 30, Skellefteå	00:00-24:00	10:00-20:00	00:00-24:00	10:00-18:00	00:00-24:00	10:00-13:00	00:00-24:00	15:00-18:00	juli fre bemannat 10:00-14:00
Nordic Wellness	SE	Skellefteå Anderstorp	Gymnasievägen 14c, 931 57, Skellefteå	00:00-24:00	11:00-19:00	00:00-24:00	09:00-17:00	00:00-24:00	09:00-13:00	00:00-24:00	STÄNGT	
Nordic Wellness	SE	Skellefteå Stationsgatan	Stationsgatan 9, 931 31, Skellefteå	00:00-24:00	10:00-18:00	00:00-24:00	09:00-17:00	00:00-24:00	STÄNGT	00:00-24:00	STÄNGT	
Nordic Wellness	SE	Örnsköldsvik Bjästa	Nätragatan 28, 893 30, Bjästa	04:00-23:00	Mån/On 12:00-15:00	04:00-23:00	12:00-15:00	04:00-23:00	STÄNGT	04:00-23:00	STÄNGT	
Nordic Wellness	SE	Örnsköldsvik City	Storgatan 5, 891 33, Örnsköldsvik	05:00-23:00	09:00-21:00	05:00-23:00	09:00-19:00	05:00-23:00	10:00-16:00	05:00-23:00	12:00-18:00	13-årsgräns
Nordic Wellness	SE	Örnsköldsvik Gullänget	Karosserivägen 2Y, 891 41, Örnsköldsvik	00:00-24:00	09:00-21:00	00:00-24:00	09:00-19:00	00:00-24:00	10:00-16:00	00:00-24:00	12:00-18:00	
Nordic Wellness	SE	Örnsköldsvik Strandgatan	Strandgatan 11, 891 39, Örnsköldsvik	00:00-24:00	09:00-21:00	00:00-24:00	09:00-19:00	00:00-24:00	10:00-16:00	00:00-24:00	12:00-18:00	13-årsgräns
Nordic Wellness	SE	Örnsköldsvik Stenhamra	Torsvägen 2, 891 38, Örnsköldsvik	00:00-24:00	16:00-20:00	00:00-24:00	16:00-19:00	00:00-24:00	STÄNGT	00:00-24:00	STÄNGT	
Nordic Wellness	SE	Örnsköldsvik Sund	Åkarevägen 4B, 892 32, Domsjö	00:00-24:00	16:00-20:00	00:00-24:00	16:00-19:00	00:00-24:00	STÄNGT	00:00-24:00	STÄNGT	
Fitness24Seven	SE	Boden Centrum	Kungsgatan 43 961 34 Boden	00:00-24:00	16:00-17:00	00:00-24:00	STÄNGT	00:00-24:00	STÄNGT	00:00-24:00	STÄNGT	Tis:16:00-17:00
Fitness24Seven	SE	Borlänge Centrum	Borganäsvägen 38 784 33 Borlänge	00:00-24:00	16:00-17:00	00:00-24:00	STÄNGT	00:00-24:00	STÄNGT	00:00-24:00	STÄNGT	Mån:16:00-17:00
Fitness24Seven	SE	Borås Centrum	Västerbrogatan 5 503 30 Borås	00:00-24:00	16:00-17:00	00:00-24:00	STÄNGT	00:00-24:00	STÄNGT	00:00-24:00	STÄNGT	Mån:16:00-17:00
Fitness24Seven	SE	Borås Knalleland Group	Lundbygatan 1 506 30 Borås	00:00-24:00	16:00-17:00	00:00-24:00	STÄNGT	00:00-24:00	STÄNGT	00:00-24:00	STÄNGT	Tis:16:00-17:00
Fitness24Seven	SE	Botkyrka Hallunda Centrum	Borgvägen 2 145 68 Stockholm	00:00-24:00	16:00-18:00	00:00-24:00	STÄNGT	00:00-24:00	STÄNGT	00:00-24:00	STÄNGT	Tis:16:00-18:00
Fitness24Seven	SE	Bromma Mariehäll	Bällstavägen 28 168 65 Stockholm	00:00-24:00	18:00-19:00	00:00-24:00	STÄNGT	00:00-24:00	STÄNGT	00:00-24:00	STÄNGT	Ons:18:00-19:00
Fitness24Seven	SE	Burlöv Arlöv Centrum	Dalbyvägen 51 23233 Burlöv	00:00-24:00	17:00-18:00	00:00-24:00	STÄNGT	00:00-24:00	STÄNGT	00:00-24:00	STÄNGT	Tis:17:00-18:00
Fitness24Seven	SE	Danderyd Stocksund C	Stockholmsvägen 43 18278 Danderyd	00:00-24:00	16:00-17:00	00:00-24:00	STÄNGT	00:00-24:00	STÄNGT	00:00-24:00	STÄNGT	Ons:16:00-17:00
Fitness24Seven	SE	Eskilstuna Centrum Group	J A Selanders gata 1 632 20 Eskilstuna	00:00-24:00	17:00-19:00	00:00-24:00	STÄNGT	00:00-24:00	STÄNGT	00:00-24:00	STÄNGT	Tis:17:00-19:00
Fitness24Seven	SE	Eskilstuna Munktellstaden	Munktellsgatan 2C 63360 Eskilstuna	00:00-24:00	STÄNGT	00:00-24:00	STÄNGT	00:00-24:00	STÄNGT	00:00-24:00	STÄNGT	
Fitness24Seven	SE	Eskilstuna Nyfors	Västra Åsgatan 27 632 25 Eskilstuna	00:00-24:00	16:00-18:00	00:00-24:00	STÄNGT	00:00-24:00	STÄNGT	00:00-24:00	STÄNGT	Ons:16:00-18:00
Fitness24Seven	SE	Eskilstuna Torshälla	Eskilstunavägen 34 632 39 Eskilstuna	00:00-24:00	17:00-18:00	00:00-24:00	STÄNGT	00:00-24:00	STÄNGT	00:00-24:00	STÄNGT	Ons:17:00-18:00
Fitness24Seven	SE	Eslöv Stationen	Järnvägsgatan 2 241 38 Eslöv	00:00-24:00	15:30-16:30	00:00-24:00	STÄNGT	00:00-24:00	STÄNGT	00:00-24:00	STÄNGT	Mån:15:30-16:30
Fitness24Seven	SE	Fagersta Centrum	Västmannavägen 2 737 40 Fagersta	00:00-24:00	17:00-18:00	00:00-24:00	STÄNGT	00:00-24:00	STÄNGT	00:00-24:00	STÄNGT	Ons:17:00-18:00
Fitness24Seven	SE	Falkenberg	Nygatan 25 311 30 Falkenberg	00:00-24:00	16:00-19:00	00:00-24:00	STÄNGT	00:00-24:00	STÄNGT	00:00-24:00	STÄNGT	Ons:16:00-19:00
Fitness24Seven	SE	Finspång C	Bergslagsvägen 9 612 30 Finspång	00:00-24:00	16:00-18:00	00:00-24:00	STÄNGT	00:00-24:00	STÄNGT	00:00-24:00	STÄNGT	Tis:16:00-18:00
Fitness24Seven	SE	Fisksätra Centrum	Fisksätra Torg 20 133 41 Saltsjöbaden	00:00-24:00	17:00-18:00	00:00-24:00	STÄNGT	00:00-24:00	STÄNGT	00:00-24:00	STÄNGT	Tis:17:00-18:00
Fitness24Seven	SE	Göteborg Almedal	Mölndalsvägen 17 412 63 Göteborg	00:00-24:00	16:30-17:30	00:00-24:00	STÄNGT	00:00-24:00	STÄNGT	00:00-24:00	STÄNGT	Tis:16:30-17:30
Fitness24Seven	SE	Göteborg Frölunda	Lergöksgatan 6 421 50 Västra Frölunda	00:00-24:00	16:00-17:30	00:00-24:00	STÄNGT	00:00-24:00	STÄNGT	00:00-24:00	STÄNGT	Mån:16:00-17:30
Fitness24Seven	SE	Göteborg Gamlestaden	Rullagergatan 4 41526 Göteborg	00:00-24:00	15:00-16:00	00:00-24:00	STÄNGT	00:00-24:00	STÄNGT	00:00-24:00	STÄNGT	Ons:15:00-16:00
Fitness24Seven	SE	Göteborg Kungsgatan Group	Kungsgatan 15 41119 Göteborg	00:00-24:00	16:00-18:00	00:00-24:00	STÄNGT	00:00-24:00	STÄNGT	00:00-24:00	STÄNGT	Mån:16:00-18:00+Ons:16:00-18:00
Fitness24Seven	SE	Göteborg Kviberg	Anna Branzells Gata 415 28 Göteborg	00:00-24:00	17:00-18:00	00:00-24:00	STÄNGT	00:00-24:00	STÄNGT	00:00-24:00	STÄNGT	Mån:17:00-18:00
Fitness24Seven	SE	Göteborg Kvilletorget	Kvilletorget 15 417 04 Göteborg	00:00-24:00	17:00-18:00	00:00-24:00	STÄNGT	00:00-24:00	STÄNGT	00:00-24:00	STÄNGT	Tis:17:00-18:00
Fitness24Seven	SE	Göteborg Länsmanstorget	Klimatgatan 3, 418 40 Göteborg	00:00-24:00	17:00-18:00	00:00-24:00	STÄNGT	00:00-24:00	STÄNGT	00:00-24:00	STÄNGT	Ons:17:00-18:00
Fitness24Seven	SE	Göteborg Majorna	Karl Johansgatan 27 414 59 Göteborg	00:00-24:00	17:00-18:00	00:00-24:00	STÄNGT	00:00-24:00	STÄNGT	00:00-24:00	STÄNGT	Mån:17:00-18:00
Fitness24Seven	SE	Göteborg Masthugget	Masthuggstorget 2 413 27 Göteborg	00:00-24:00	17:00-18:00	00:00-24:00	STÄNGT	00:00-24:00	STÄNGT	00:00-24:00	STÄNGT	Tor:17:00-18:00
Fitness24Seven	SE	Göteborg Sannegården	Vintergatan 4 417 58 Göteborg	00:00-24:00	16:00-17:00	00:00-24:00	STÄNGT	00:00-24:00	STÄNGT	00:00-24:00	STÄNGT	Mån:16:00-17:00
Fitness24Seven	SE	Göteborg Stampen	Friggagatan 16 411 01 Göteborg	00:00-24:00	17:00-18:00	00:00-24:00	STÄNGT	00:00-24:00	STÄNGT	00:00-24:00	STÄNGT	Ons:17:00-18:00
Fitness24Seven	SE	Göteborg Ullevi Group	Skånegatan 1-3 411 40 Göteborg	00:00-24:00	15:00-19:00	00:00-24:00	STÄNGT	00:00-24:00	STÄNGT	00:00-24:00	STÄNGT	
Fitness24Seven	SE	Halmstad Gamletull Group	Gamletullsgatan 12 302 27 Halmstad	00:00-24:00	16:00-17:45+15:30-17:30	00:00-24:00	STÄNGT	00:00-24:00	STÄNGT	00:00-24:00	STÄNGT	Mån:16:00-17:45+Ons:15:30-17:30
Fitness24Seven	SE	Halmstad Rundan	Nyhem Klackerupsgatan 7 302 51 Halmstad	00:00-24:00	16:30-17:30	00:00-24:00	STÄNGT	00:00-24:00	STÄNGT	00:00-24:00	STÄNGT	Tor:16:30-17:30
Fitness24Seven	SE	Halmstad Vallås	Vallås Torg 24 302 58 Halmstad	00:00-24:00	15:30-17:45	00:00-24:00	STÄNGT	00:00-24:00	STÄNGT	00:00-24:00	STÄNGT	Tis:15:30-17:45
Fitness24Seven	SE	Helsingborg Elineberg	Elinebergsplatsen 5 25658 Helsingborg	00:00-24:00	STÄNGT	00:00-24:00	09:00-11:00	00:00-24:00	STÄNGT	00:00-24:00	STÄNGT	
Fitness24Seven	SE	Helsingborg Kullagatan Group	Kullagatan 12 252 20 Helsingborg	00:00-24:00	15:00-17:00	00:00-24:00	STÄNGT	00:00-24:00	STÄNGT	00:00-24:00	STÄNGT	Mån:15:00-17:00
Fitness24Seven	SE	Helsingborg Rosengården	Skaragatan 80 252 63 Helsingborg	00:00-24:00	15:00-16:00	00:00-24:00	STÄNGT	00:00-24:00	STÄNGT	00:00-24:00	STÄNGT	Ons:15:00-16:00
Fitness24Seven	SE	Helsingborg Söder	Södergatan 39 252 25 Helsingborg	00:00-24:00	14:00-15:00	00:00-24:00	STÄNGT	00:00-24:00	STÄNGT	00:00-24:00	STÄNGT	Tor:14:00-15:00
Fitness24Seven	SE	Huddinge Flemingsberg	Hälsovägen 20 141 52 Huddinge	00:00-24:00	16:00-18:00	00:00-24:00	STÄNGT	00:00-24:00	STÄNGT	00:00-24:00	STÄNGT	Tor:16:00-18:00
Fitness24Seven	SE	Håbo Bålsta	Centrumstråket 1 746 32 Bålsta	00:00-24:00	17:00-18:00	00:00-24:00	STÄNGT	00:00-24:00	STÄNGT	00:00-24:00	STÄNGT	Ons:17:00-18:00
Fitness24Seven	SE	Hässleholm Centrum Group	Andra avenyn 3 281 31 Hässleholm	00:00-24:00	17:00-18:00+18:00-18:30	00:00-24:00	STÄNGT	00:00-24:00	STÄNGT	00:00-24:00	STÄNGT	Tis:17:00-18:00+Ons:18:00-18:30
Fitness24Seven	SE	Järfälla Barkarbystaden Group	Barkarbyvägen 51 177 38 Järfälla	00:00-24:00	17:00-18:00	00:00-24:00	STÄNGT	00:00-24:00	STÄNGT	00:00-24:00	STÄNGT	Tis:17:00-18:00+Tor:17:00-18:00
Fitness24Seven	SE	Järfälla Jakobsberg	Riddarplatsen 43 17730 Järfälla	00:00-24:00	17:00-18:00	00:00-24:00	STÄNGT	00:00-24:00	STÄNGT	00:00-24:00	STÄNGT	Mån:17:00-18:00
Fitness24Seven	SE	Jönköping Väster	Västra Storgatan 12 553 15 Jönköping	00:00-24:00	16:00-18:00	00:00-24:00	STÄNGT	00:00-24:00	STÄNGT	00:00-24:00	STÄNGT	Tis:16:00-18:00+Tor:16:00-18:00
Fitness24Seven	SE	Kalmar Centrum	Norra långgatan 30 392 32 Kalmar	00:00-24:00	17:00-18:00	00:00-24:00	STÄNGT	00:00-24:00	STÄNGT	00:00-24:00	STÄNGT	Mån:17:00-18:00
Fitness24Seven	SE	Karlskrona Centrum	Ronnebygatan 44 371 33 Karlskrona	00:00-24:00	17:00-18:00	00:00-24:00	12:00-13:00	00:00-24:00	STÄNGT	00:00-24:00	STÄNGT	Mån:17:00-18:00
Fitness24Seven	SE	Karlstad Duvan	Järnvägsgatan 6 652 25 Karlstad	00:00-24:00	16:00-18:00	00:00-24:00	STÄNGT	00:00-24:00	STÄNGT	00:00-24:00	STÄNGT	Ons:16:00-18:00
Fitness24Seven	SE	Karlstad Fanfaren Group	Gustaf Anders gata 13 653 40 Karlstad	00:00-24:00	16:00-18:00+11:00-13:00	00:00-24:00	STÄNGT	00:00-24:00	STÄNGT	00:00-24:00	STÄNGT	Mån:16:00-18:00+Ons:11:00-13:00
Friskis & Svettis	SE	Stockholm Abrahamsberg	Registervägen 38, 168 31 Bromma	05:00-24:00	09:30-20:00	05:00-21:00	09:30-18:00	05:00-21:00	09:30-14:00	05:00-24:00	09:30-18:00	
Friskis & Svettis	SE	Stockholm Barkarby	Veddestabron 14, 177 45 Järfälla	05:00-24:00	15:00-19:30	05:00-24:00	15:00-18:00	05:00-24:00	09:00-12:00	05:00-24:00	09:00-12:00	
Friskis & Svettis	SE	Stockholm City	Mäster Samuelsgatan 20, 111 44 Stockholm	05:00-24:00	09:00-19:00	05:00-21:00	09:00-17:00	05:00-21:00	09:00-13:00	05:00-24:00	14:00-18:00	
Friskis & Svettis	SE	Stockholm Farsta	Storforsplan 44, 123 47 Farsta	06:30-22:00	STÄNGT	06:30-20:00	STÄNGT	08:30-18:00	STÄNGT	08:30-20:00	STÄNGT	
Friskis & Svettis	SE	Stockholm Hagastan	Norra Stationsgatan 75, 113 64 Stockholm	05:00-24:00	14:30-19:00	05:00-21:00	12:30-17:00	05:00-21:00	09:00-13:00	05:00-24:00	09:00-13:00	
Friskis & Svettis	SE	Stockholm Haninge	Kilowattvägen 9, 136 44 Handen	05:00-24:00	09:00-19:00	05:00-21:00	09:00-17:00	05:00-21:00	08:30-13:00	05:00-24:00	08:30-13:15+14:15-17:00	
Friskis & Svettis	SE	Stockholm Hornstull	Långholmsgatan 38, 117 33 Stockholm	06:30-22:00	STÄNGT	06:30-20:00	STÄNGT	08:30-18:00	STÄNGT	08:30-20:00	STÄNGT	
Friskis & Svettis	SE	Stockholm Huddinge	Dalhemsvägen 33A, 141 46 Huddinge	06:00-21:30	STÄNGT	06:00-20:00	STÄNGT	08:00-17:30	STÄNGT	08:30-20:00	STÄNGT	
Friskis & Svettis	SE	Stockholm Häggvik	Glimmervägen 10-12, 191 62 Sollentuna	05:00-23:00	08:00-21:00	05:00-23:00	08:00-20:00	05:00-23:00	08:30-15:00	05:00-23:00	09:30-18:00	
Friskis & Svettis	SE	Stockholm Jakobsberg	Järfällavägen 106, 177 41 Järfälla	06:30-22:00	STÄNGT	06:30-20:00	STÄNGT	09:00-19:00	STÄNGT	09:00-20:00	STÄNGT	
Friskis & Svettis	SE	Stockholm Kallhäll	Gjutmästare Rosbergs väg 8, 176 69 Kallhäll	05:00-24:00	09:00-12:00+15:30-20:00	05:00-24:00	09:00-12:00+15:30-18:00	05:00-24:00	09:00-13:00+14:00-16:00	05:00-24:00	09:00-13:00+14:00-17:00	
Friskis & Svettis	SE	Stockholm Kungsholmen	Sankt Eriksgatan 54, 112 34 Stockholm	06:00-22:00	STÄNGT	06:00-21:00	STÄNGT	08:00-18:00	STÄNGT	08:00-21:00	STÄNGT	
Friskis & Svettis	SE	Stockholm Lidingö	Stockholmsvägen 70, 181 42 Lidingö	05:00-23:00	08:00-20:00	05:00-21:00	08:00-17:00	05:00-21:00	09:00-13:30	05:00-23:00	09:00-13:30	Ons-Tor Bemannat:08:00-19:00
Friskis & Svettis	SE	Stockholm Lindhagen	Ulriksborgsgatan 5C, 112 18 Stockholm	05:00-24:00	10:00-13:15+14:15-19:00	05:00-21:00	10:00-13:15+15:30-17:00	05:00-21:00	10:00-14:30	05:00-24:00	10:00-14:30	
Friskis & Svettis	SE	Stockholm Orminge	Sandövägen 11, 132 32 Saltsjö-Boo	05:00-24:00	09:00-19:30	05:00-21:00	09:00-13:00+14:00-17:00	05:00-21:00	09:00-13:00+14:00-16:00	05:00-24:00	09:00-13:00+14:00-16:00	Tor Bemannat:09:00-13:00+14:00-19:30
Friskis & Svettis	SE	Stockholm Ringen	Ringvägen 111, 118 60 Stockholm	06:30-22:00	STÄNGT	06:30-19:00	STÄNGT	09:00-17:00	STÄNGT	09:00-19:00	STÄNGT	
Friskis & Svettis	SE	Stockholm Rotsunda	Bollstanäsvägen 3, 192 78 Sollentuna	05:00-23:00	10:00-19:00	05:00-21:00	10:00-17:00	05:00-21:00	10:00-15:00	05:00-23:00	10:00-15:00	
Friskis & Svettis	SE	Stockholm Sickla	Smedjegatan 14, 131 54 Nacka	05:00-24:00	09:00-19:30	05:00-24:00	09:00-18:00	05:00-24:00	09:00-13:00+14:00-16:00	05:00-24:00	09:00-17:00	
Friskis & Svettis	SE	Stockholm Skanstull	Skansbrogatan 5B, 118 60 Stockholm	06:30-22:00	STÄNGT	06:30-20:00	STÄNGT	08:00-18:00	STÄNGT	08:00-19:00	STÄNGT	
Friskis & Svettis	SE	Stockholm Skrapan	Götgatan 78, 118 30 Stockholm	05:00-24:00	09:45-13:30+14:30-19:00	05:00-24:00	09:45-13:30+14:30-18:00	05:00-24:00	10:00-14:30	05:00-24:00	10:00-13:30+14:30-17:00	
Friskis & Svettis	SE	Stockholm Skärholmen	Bodholmsgången 1, 127 48 Skärholmen	05:00-22:00	09:00-20:00	05:00-20:00	09:00-20:00	05:00-18:00	10:00-14:00+15:00-18:00	05:00-20:00	11:00-15:00+16:00-20:00	
Friskis & Svettis	SE	Stockholm Solna	Solna torg 11B, 171 45 Solna	05:00-24:00	10:00-19:00	05:00-21:00	10:00-19:00	05:00-21:00	10:00-17:00	05:00-24:00	11:00-17:00	
Friskis & Svettis	SE	Stockholm Sundbyberg	Löfströms allé 5, 172 66 Sundbyberg	04:30-24:00	10:00-13:15+14:15-19:00	04:30-21:00	10:00-13:15+14:15-16:00	04:30-21:00	09:00-13:15+14:15-15:00	04:30-24:00	09:00-13:15+14:15-15:00	
Friskis & Svettis	SE	Stockholm Sveavägen	Sveavägen 63, 113 59 Stockholm	05:00-24:00	09:00-19:00	05:00-21:00	09:00-17:00	05:00-21:00	09:30-13:30	05:00-24:00	09:30-13:30	
Friskis & Svettis	SE	Stockholm Åkersberga	Storängstorget 26, 184 30 Åkersberga	05:00-23:00	09:30-13:00+14:00-19:00	05:00-21:00	09:30-13:00+14:00-17:00	05:00-21:00	10:00-13:00+14:00-15:00	05:00-23:00	10:00-13:00+14:00-15:00	
Friskis & Svettis	SE	Stockholm Årsta	Bränningevägen 12, 120 54 Årsta	05:00-24:00	TBD	05:00-24:00	TBD	05:00-24:00	TBD	05:00-24:00	TBD	Öppnar 19 sep 2026 - bemannade öppettider ej bekräftade
Friskis & Svettis	SE	Stockholm Södertälje	Svalängsvägen 1, 151 38 Södertälje	05:00-24:00	08:45-19:30	05:00-21:00	08:45-17:00	05:00-21:00	08:45-13:00	05:00-24:00	09:30-13:30+14:30-18:00	
Friskis & Svettis	SE	Göteborg Eriksberg	Eriksbergsgatan 75, 417 62 Göteborg	04:30-23:00	08:30-20:00	04:30-23:00	08:30-18:00	04:30-23:00	10:00-14:00	04:30-23:00	10:00-14:00	
Friskis & Svettis	SE	Göteborg Frölunda	Lergöksgatan 8, 421 50 Västra Frölunda	04:30-23:00	08:30-20:00	04:30-23:00	08:30-18:00	04:30-23:00	09:00-13:00	04:30-23:00	10:00-18:30	
Friskis & Svettis	SE	Göteborg Gårda	Södra Gubberogatan 4, 416 64 Göteborg	04:30-23:00	08:00-20:00	04:30-23:00	08:00-18:30	04:30-23:00	09:00-13:00	04:30-23:00	09:00-19:00	
Friskis & Svettis	SE	Göteborg Johanneberg	Gibraltargatan 3, 412 58 Göteborg	04:30-23:00	07:30-20:00	04:30-23:00	07:30-18:00	04:30-23:00	09:00-13:00	04:30-23:00	14:00-19:00	
Friskis & Svettis	SE	Göteborg Kvillebäcken	Borstbindaregatan 12b, 417 22 Göteborg	06:00-21:30	STÄNGT	06:00-19:30	STÄNGT	08:30-17:30	STÄNGT	09:00-19:00	STÄNGT	
Friskis & Svettis	SE	Göteborg Majorna	Karl Johansgatan 152, 414 50 Göteborg	04:30-23:00	08:30-20:00	04:30-23:00	08:30-18:00	04:30-23:00	09:00-14:00	04:30-23:00	10:00-19:00	
Friskis & Svettis	SE	Göteborg Medicinareberget	Medicinaregatan 18 a-b, 413 90 Göteborg	TBD	TBD	TBD	TBD	TBD	TBD	TBD	TBD	Öppnar december 2026
Friskis & Svettis	SE	Göteborg Mölnlycke	Bruksgatan 21, 435 35 Mölnlycke	04:30-23:00	09:00-20:00	04:30-23:00	09:00-18:00	04:30-23:00	09:00-13:00	04:30-23:00	15:00-19:00	
Friskis & Svettis	SE	Göteborg Nya Hovås	Hedtångsvägen 20, 436 53 Hovås	04:30-23:00	07:30-20:00	04:30-23:00	07:30-18:00	04:30-23:00	09:00-13:00	04:30-23:00	14:00-19:00	
Friskis & Svettis	SE	Göteborg Torslanda	Postflyget 4, 423 37 Torslanda	04:30-23:00	08:30-20:00	04:30-23:00	08:30-18:00	04:30-23:00	09:00-13:00	04:30-23:00	14:00-19:00	
Friskis & Svettis	SE	Göteborg Valhalla	Valhallagatan 3, 412 51 Göteborg	04:30-23:00	15:00-19:00	04:30-23:00	09:00-13:00	04:30-23:00	STÄNGT	04:30-23:00	09:00-13:00	Bemannat varierar: Mån+Ons 15:00-19:00; Tis+Tor 09:00-13:00
Friskis & Svettis	SE	Göteborg Västra Hamngatan	Västra Hamngatan 7, 411 17 Göteborg	06:00-20:30	STÄNGT	06:00-18:30	STÄNGT	08:00-16:00	STÄNGT	09:00-19:00	STÄNGT	
Friskis & Svettis	SE	Göteborg Åby Arena	Åbyvägen 12, 431 62 Mölndal	04:30-23:00	08:30-20:00	04:30-23:00	08:30-18:00	04:30-23:00	09:00-13:00	04:30-23:00	15:00-19:00
